{
    "ID": "6845765C-4749-4C76-A021-AAF4E4566A42",
    "Type": "Workstep",
    "Data": {
        "version": 1,
        "state": {
            "stores": {
                "sqTrendSeriesStore": {
                    "items": []
                },
                "sqTrendCapsuleSetStore": {
                    "items": []
                },
                "sqTrendScalarStore": {
                    "items": []
                },
                "sqTrendMetricStore": {
                    "items": []
                },
                "sqTrendTableStore": {
                    "items": []
                },
                "sqDurationStore": {
                    "autoUpdate": {
                        "offset": 17999995
                    },
                    "displayRange": {
                        "start": 1730920019699,
                        "end": 1731006419699
                    },
                    "investigateRange": {
                        "start": 1730398019703,
                        "end": 1731006419703
                    }
                },
                "sqWorksheetStore": {
                    "viewKey": "TREND"
                }
            }
        }
    }
}