{
  "749E80FE-EBF0-44A6-89B6-D336CDEA48EC": {
    "Definition": {
      "Datasource ID": "trainingData",
      "Source Value Unit Of Measure": "",
      "Datasource Name": "trainingData",
      "Sync Token": "2023-02-16T00:00:00.365541947Z",
      "Number Format": "auto",
      "Enabled": true,
      "Key Unit Of Measure": "ns",
      "Archived": false,
      "Cache ID": "0EE41485-ED91-75C0-AC35-1BD9FDEBEC53",
      "Datasource Class": "Time Series CSV Files",
      "Cache Enabled": false,
      "Data ID": "[Tag] Grade_Code.sim.ts.csv",
      "Value Unit Of Measure": "",
      "Interpolation Method": "Step",
      "Stored Series Cache Version": 1,
      "Unsearchable": false,
      "Source Maximum Interpolation": "1h",
      "Locked": false,
      "Maximum Interpolation": "1h",
      "ID": "749E80FE-EBF0-44A6-89B6-D336CDEA48EC",
      "Name": "Grade_Code",
      "Type": "StoredSignal"
    },
    "Periods": [
      {
        "Start": "2018-08-30T11:38:00+00:00",
        "End": "2019-02-28T23:38:00+00:00"
      },
      {
        "Start": "2018-06-30T15:38:00+00:00",
        "End": "2019-04-30T19:38:00+00:00",
        "Added by User": true
      }
    ]
  },
  "5D23359B-5653-419D-A205-6151B17F11CF": {
    "Definition": {
      "Datasource ID": "trainingData",
      "Source Value Unit Of Measure": "",
      "Sync Token": "2023-02-16T00:00:00.365541947Z",
      "Enabled": true,
      "Key Unit Of Measure": "ns",
      "Archived": false,
      "Cache ID": "84425D24-66C2-4BED-980F-E98D0157BD66",
      "Datasource Class": "Time Series CSV Files",
      "Cache Enabled": false,
      "Data ID": "[Tag] Product_Viscosity.sim.ts.csv",
      "Value Unit Of Measure": "",
      "Interpolation Method": "Step",
      "Stored Series Cache Version": 1,
      "Unsearchable": false,
      "Source Maximum Interpolation": "4h",
      "Locked": false,
      "Maximum Interpolation": "4h",
      "ID": "5D23359B-5653-419D-A205-6151B17F11CF",
      "Name": "Product_Viscosity",
      "Type": "StoredSignal"
    },
    "Periods": [
      {
        "Start": "2018-08-30T11:38:00+00:00",
        "End": "2019-02-28T23:38:00+00:00"
      },
      {
        "Start": "2018-06-30T15:38:00+00:00",
        "End": "2019-04-30T19:38:00+00:00",
        "Added by User": true
      }
    ]
  },
  "6829229D-F222-4611-9F9D-F70F600BCB12": {
    "Definition": {
      "Datasource ID": "trainingData",
      "Source Value Unit Of Measure": "%",
      "Sync Token": "2023-02-16T00:00:00.365541947Z",
      "Enabled": true,
      "Key Unit Of Measure": "ns",
      "Archived": false,
      "Cache ID": "C102CBD0-FA7A-4BBE-A346-E16DE41280E3",
      "Datasource Class": "Time Series CSV Files",
      "Cache Enabled": false,
      "Data ID": "[Tag] Rxtr_Conversion.sim.ts.csv",
      "Value Unit Of Measure": "%",
      "Interpolation Method": "Linear",
      "Stored Series Cache Version": 1,
      "Unsearchable": false,
      "Source Maximum Interpolation": "1h",
      "Locked": false,
      "Maximum Interpolation": "1h",
      "ID": "6829229D-F222-4611-9F9D-F70F600BCB12",
      "Name": "Rxtr_Conversion",
      "Type": "StoredSignal"
    },
    "Periods": [
      {
        "Start": "2018-08-30T11:38:00+00:00",
        "End": "2019-02-28T23:38:00+00:00"
      },
      {
        "Start": "2018-06-30T15:38:00+00:00",
        "End": "2019-04-30T19:38:00+00:00",
        "Added by User": true
      }
    ]
  },
  "59EFE199-8FF6-46D2-AA45-E27EE937F5E4": {
    "Definition": {
      "Datasource ID": "trainingData",
      "Source Value Unit Of Measure": "lb/hr",
      "Sync Token": "2023-02-16T00:00:00.365541947Z",
      "Enabled": true,
      "Key Unit Of Measure": "ns",
      "Archived": false,
      "Cache ID": "F5C359A5-3CEE-4E59-8FAA-3867561AB4AA",
      "Datasource Class": "Time Series CSV Files",
      "Cache Enabled": false,
      "Data ID": "[Tag] Modifier_Flow.sim.ts.csv",
      "Value Unit Of Measure": "lb/h",
      "Interpolation Method": "Linear",
      "Stored Series Cache Version": 1,
      "Unsearchable": false,
      "Source Maximum Interpolation": "1h",
      "Locked": false,
      "Maximum Interpolation": "1h",
      "ID": "59EFE199-8FF6-46D2-AA45-E27EE937F5E4",
      "Name": "Modifier_Flow",
      "Type": "StoredSignal"
    },
    "Periods": [
      {
        "Start": "2018-08-30T11:38:00+00:00",
        "End": "2019-02-28T23:38:00+00:00"
      },
      {
        "Start": "2018-06-30T15:38:00+00:00",
        "End": "2019-04-30T19:38:00+00:00",
        "Added by User": true
      }
    ]
  },
  "88D0468D-6327-49E6-9B15-3400DA99DCCE": {
    "Definition": {
      "Datasource ID": "trainingData",
      "Source Value Unit Of Measure": "F",
      "Sync Token": "2023-02-16T00:00:00.365541947Z",
      "Enabled": true,
      "Key Unit Of Measure": "ns",
      "Archived": false,
      "Cache ID": "07F1070E-35BF-48F1-BB09-B893F35E8D3C",
      "Datasource Class": "Time Series CSV Files",
      "Cache Enabled": false,
      "Data ID": "[Tag] Rxtr_Temp.sim.ts.csv",
      "Value Unit Of Measure": "\u00b0F",
      "Interpolation Method": "Linear",
      "Stored Series Cache Version": 1,
      "Unsearchable": false,
      "Source Maximum Interpolation": "1h",
      "Locked": false,
      "Maximum Interpolation": "1h",
      "ID": "88D0468D-6327-49E6-9B15-3400DA99DCCE",
      "Name": "Rxtr_Temp",
      "Type": "StoredSignal"
    },
    "Periods": [
      {
        "Start": "2018-08-30T11:38:00+00:00",
        "End": "2019-02-28T23:38:00+00:00"
      },
      {
        "Start": "2018-06-30T15:38:00+00:00",
        "End": "2019-04-30T19:38:00+00:00",
        "Added by User": true
      }
    ]
  },
  "B4847133-2205-4E9F-9214-177E02A84CB3": {
    "Definition": {
      "Datasource ID": "trainingData",
      "Source Value Unit Of Measure": "klb/hr",
      "Sync Token": "2023-02-16T00:00:00.365541947Z",
      "Enabled": true,
      "Key Unit Of Measure": "ns",
      "Archived": false,
      "Cache ID": "FF98823D-D6FF-4238-A618-68B1BC4C8964",
      "Datasource Class": "Time Series CSV Files",
      "Cache Enabled": false,
      "Data ID": "[Tag] Rxtr_Rate.sim.ts.csv",
      "Value Unit Of Measure": "klb/h",
      "Interpolation Method": "Linear",
      "Stored Series Cache Version": 1,
      "Unsearchable": false,
      "Source Maximum Interpolation": "1h",
      "Locked": false,
      "Maximum Interpolation": "1h",
      "ID": "B4847133-2205-4E9F-9214-177E02A84CB3",
      "Name": "Rxtr_Rate",
      "Type": "StoredSignal"
    },
    "Periods": [
      {
        "Start": "2018-08-30T11:38:00+00:00",
        "End": "2019-02-28T23:38:00+00:00"
      },
      {
        "Start": "2018-06-30T15:38:00+00:00",
        "End": "2019-04-30T19:38:00+00:00",
        "Added by User": true
      }
    ]
  }
}