{
  "503B5AE9-86A9-4852-B676-B2B9D02F5561": {
    "Definition": {
      "Datasource ID": "trainingData",
      "Source Value Unit Of Measure": "",
      "Sync Token": "2023-02-16T00:00:00.365541947Z",
      "Enabled": true,
      "Key Unit Of Measure": "ns",
      "Archived": false,
      "Cache ID": "E2FE4FCB-A608-48AA-AF0C-D8944FAC362C",
      "Datasource Class": "Time Series CSV Files",
      "Cache Enabled": false,
      "Data ID": "[Tag] Chrom_Flow_Rate.sim.ts.csv",
      "Value Unit Of Measure": "",
      "Interpolation Method": "Linear",
      "Stored Series Cache Version": 1,
      "Unsearchable": false,
      "Source Maximum Interpolation": "40h",
      "Locked": false,
      "Maximum Interpolation": "40h",
      "ID": "503B5AE9-86A9-4852-B676-B2B9D02F5561",
      "Name": "Chrom_Flow_Rate",
      "Type": "StoredSignal"
    },
    "Periods": [
      {
        "Start": "2023-01-29T10:54:00+00:00",
        "End": "2023-01-31T10:54:00+00:00"
      },
      {
        "Start": "2023-01-22T10:54:00+00:00",
        "End": "2023-02-07T10:54:00+00:00",
        "Added by User": true
      }
    ]
  },
  "3FBF8E7E-5A88-4F63-85ED-8A1E1C821503": {
    "Definition": {
      "Datasource ID": "trainingData",
      "Source Value Unit Of Measure": "string",
      "Sync Token": "2023-02-16T00:00:00.365541947Z",
      "Enabled": true,
      "Key Unit Of Measure": "ns",
      "Archived": false,
      "Cache ID": "F1730458-1E42-40AB-BC46-7DCC08953885",
      "Datasource Class": "Time Series CSV Files",
      "Cache Enabled": false,
      "Data ID": "[Tag] Reactor 1 Product.sim.ts.csv",
      "Value Unit Of Measure": "string",
      "Interpolation Method": "Step",
      "Stored Series Cache Version": 1,
      "Unsearchable": false,
      "Source Maximum Interpolation": "1min",
      "Locked": false,
      "Maximum Interpolation": "1min",
      "ID": "3FBF8E7E-5A88-4F63-85ED-8A1E1C821503",
      "Name": "Reactor 1 Product",
      "Type": "StoredSignal"
    },
    "Periods": [
      {
        "Start": "2023-01-29T10:54:00+00:00",
        "End": "2023-01-31T10:54:00+00:00"
      },
      {
        "Start": "2023-01-22T10:54:00+00:00",
        "End": "2023-02-07T10:54:00+00:00",
        "Added by User": true
      }
    ]
  },
  "76CCE191-E0DD-4CD2-B9B8-B895FE5763DC": {
    "Definition": {
      "Datasource ID": "trainingData",
      "Source Value Unit Of Measure": "",
      "Sync Token": "2023-02-16T00:00:00.365541947Z",
      "Enabled": true,
      "Key Unit Of Measure": "ns",
      "Archived": false,
      "Cache ID": "9FE5B6C9-0FC3-446A-82AB-73D2C5049B07",
      "Datasource Class": "Time Series CSV Files",
      "Cache Enabled": false,
      "Data ID": "[Tag] Chrom_Conductivity.sim.ts.csv",
      "Value Unit Of Measure": "",
      "Interpolation Method": "Linear",
      "Stored Series Cache Version": 1,
      "Unsearchable": false,
      "Source Maximum Interpolation": "40h",
      "Locked": false,
      "Maximum Interpolation": "40h",
      "ID": "76CCE191-E0DD-4CD2-B9B8-B895FE5763DC",
      "Name": "Chrom_Conductivity",
      "Type": "StoredSignal"
    },
    "Periods": [
      {
        "Start": "2023-01-29T10:54:00+00:00",
        "End": "2023-01-31T10:54:00+00:00"
      },
      {
        "Start": "2023-01-22T10:54:00+00:00",
        "End": "2023-02-07T10:54:00+00:00",
        "Added by User": true
      }
    ]
  }
}