{
    "0EFA6A0B-4C9B-71B0-ADCE-2000B1F79638": {
        "Access Control": [
            {
                "ID": "0efa6a0b-4c9b-71b0-832f-2cb144107853",
                "Identity": {
                    "Datasource Class": "OAuth 2.0",
                    "Datasource ID": "9ecc7e74-4c32-436d-9af0-70d8aa99386b",
                    "Datasource Name": "Seeq Azure SSO",
                    "Email": "Joseph.Reckamp@seeq.com",
                    "First Name": "Joe",
                    "ID": "C9FD5B90-17F3-4CA7-8C37-CD9B7D9B85D2",
                    "Is Admin": true,
                    "Last Name": "Reckamp",
                    "Name": "Joe Reckamp",
                    "Type": "User",
                    "Username": "DEg3Lh5pLS4-lG84EjGXXXdzxhd1450vkLgiu8he2l8"
                },
                "Origin": null,
                "Permissions": {
                    "Manage": true,
                    "Read": true,
                    "Write": true
                },
                "Redacted": false,
                "Role": "OWNER"
            },
            {
                "ID": "0efa6a0b-4cc7-60d0-a44e-06a6b1da5301",
                "Identity": {
                    "Datasource Class": "OAuth 2.0",
                    "Datasource ID": "9ecc7e74-4c32-436d-9af0-70d8aa99386b",
                    "Datasource Name": "Seeq Azure SSO",
                    "Email": "Joseph.Reckamp@seeq.com",
                    "First Name": "Joe",
                    "ID": "C9FD5B90-17F3-4CA7-8C37-CD9B7D9B85D2",
                    "Is Admin": true,
                    "Last Name": "Reckamp",
                    "Name": "Joe Reckamp",
                    "Type": "User",
                    "Username": "DEg3Lh5pLS4-lG84EjGXXXdzxhd1450vkLgiu8he2l8"
                },
                "Origin": "905A3390-CCA6-489B-89A3-492EC9F7FF26",
                "Permissions": {
                    "Manage": true,
                    "Read": true,
                    "Write": true
                },
                "Redacted": false,
                "Role": null
            }
        ],
        "Ancestors": [
            "__Users__",
            "905A3390-CCA6-489B-89A3-492EC9F7FF26"
        ],
        "Archived": false,
        "Cache Enabled": false,
        "Created At": "1732039462987374025",
        "Enabled": true,
        "ID": "0EFA6A0B-4C9B-71B0-ADCE-2000B1F79638",
        "Locked": false,
        "Name": "DO NOT USE (Please!)",
        "Owner": {
            "Datasource Class": "OAuth 2.0",
            "Datasource ID": "9ecc7e74-4c32-436d-9af0-70d8aa99386b",
            "Datasource Name": "Seeq Azure SSO",
            "Email": "Joseph.Reckamp@seeq.com",
            "First Name": "Joe",
            "ID": "C9FD5B90-17F3-4CA7-8C37-CD9B7D9B85D2",
            "Is Admin": true,
            "Last Name": "Reckamp",
            "Name": "Joe Reckamp",
            "Type": "User",
            "Username": "DEg3Lh5pLS4-lG84EjGXXXdzxhd1450vkLgiu8he2l8"
        },
        "Type": "Folder",
        "Unsearchable": false,
        "Updated At": "1732135031904791904"
    },
    "0EFA6ACE-0A63-7770-808A-D7913E2B2B31": {
        "Archived": false,
        "Cache Enabled": true,
        "Cache ID": "0EFA6ACE-0A9E-60F0-9CAB-85B0093D1751",
        "Data ID": "0EFA6ACE-0A63-7770-808A-D7913E2B2B31",
        "Datasource Class": "Seeq Calculations",
        "Datasource ID": "Seeq Calculations",
        "Enabled": true,
        "Formula": "$brfl.move(2.5h)",
        "Formula Parameters": {
            "brfl": "B2AB32DC-4CF1-432F-95C5-4B0D7D0AC4E8"
        },
        "Formula Version": 31,
        "ID": "0EFA6ACE-0A63-7770-808A-D7913E2B2B31",
        "Interpolation Method": "Linear",
        "Locked": false,
        "Maximum Interpolation": {
            "Unit Of Measure": "s",
            "Value": 120.0
        },
        "Name": "Batch Reactor Fill Level 2",
        "Scoped To": "0EFA6AC1-1A47-7130-A816-A3F0F64F3CA1",
        "Type": "CalculatedSignal",
        "UIConfig": {
            "advancedParametersCollapsed": true,
            "configVersion": 11,
            "localFormula": "",
            "scopedTo": "0EFA6AC1-1A47-7130-A816-A3F0F64F3CA1",
            "tabTransitioning": false,
            "type": "formula"
        },
        "Unsearchable": false,
        "Value Unit Of Measure": "%"
    },
    "0EFA6ACE-D940-6020-A59F-8BF3D25A0EEA": {
        "Archived": false,
        "Cache Enabled": true,
        "Cache ID": "0EFA6ACE-D958-66C0-93A0-9CCD541A2A75",
        "Data ID": "0EFA6ACE-D940-6020-A59F-8BF3D25A0EEA",
        "Datasource Class": "Seeq Calculations",
        "Datasource ID": "Seeq Calculations",
        "Enabled": true,
        "Formula": "$brfl.move(2.5h)",
        "Formula Parameters": {
            "brfl": "70629BEA-A780-4595-8678-00093700A8C1"
        },
        "Formula Version": 31,
        "ID": "0EFA6ACE-D940-6020-A59F-8BF3D25A0EEA",
        "Interpolation Method": "Linear",
        "Locked": false,
        "Maximum Interpolation": {
            "Unit Of Measure": "s",
            "Value": 120.0
        },
        "Name": "Batch Reactor Catalyst Feed Rate 2",
        "Scoped To": "0EFA6AC1-1A47-7130-A816-A3F0F64F3CA1",
        "Type": "CalculatedSignal",
        "UIConfig": {
            "advancedParametersCollapsed": true,
            "configVersion": 11,
            "localFormula": "",
            "scopedTo": "0EFA6AC1-1A47-7130-A816-A3F0F64F3CA1",
            "tabTransitioning": false,
            "type": "formula"
        },
        "Unsearchable": false,
        "Value Unit Of Measure": "kg/h"
    },
    "0EFA6AD8-E419-7370-A769-7D54075AEE6B": {
        "Archived": false,
        "Cache Enabled": true,
        "Cache ID": "0EFA6AD8-E4A6-FD10-B793-DE0441D130AF",
        "Data ID": "0EFA6AD8-E419-7370-A769-7D54075AEE6B",
        "Datasource Class": "Seeq Calculations",
        "Datasource ID": "Seeq Calculations",
        "Enabled": true,
        "Formula": "$brfl.move(2.5h)",
        "Formula Parameters": {
            "brfl": "CABA126B-BA56-4ED7-8211-4ED4AB419E15"
        },
        "Formula Version": 31,
        "ID": "0EFA6AD8-E419-7370-A769-7D54075AEE6B",
        "Interpolation Method": "Linear",
        "Locked": false,
        "Maximum Interpolation": {
            "Unit Of Measure": "s",
            "Value": 120.0
        },
        "Name": "Batch Reactor Temperature 2",
        "Scoped To": "0EFA6AC1-1A47-7130-A816-A3F0F64F3CA1",
        "Type": "CalculatedSignal",
        "UIConfig": {
            "advancedParametersCollapsed": true,
            "configVersion": 11,
            "localFormula": "",
            "scopedTo": "0EFA6AC1-1A47-7130-A816-A3F0F64F3CA1",
            "tabTransitioning": false,
            "type": "formula"
        },
        "Unsearchable": false,
        "Value Unit Of Measure": "\u00b0F"
    },
    "0EFA6ADD-AD85-FB60-B2F2-C5314DFC4353": {
        "Archived": false,
        "Cache Enabled": true,
        "Cache ID": "0EFA6ADD-AD94-75C0-AD34-923393D045EB",
        "Data ID": "0EFA6ADD-AD85-FB60-B2F2-C5314DFC4353",
        "Datasource Class": "Seeq Calculations",
        "Datasource ID": "Seeq Calculations",
        "Enabled": true,
        "Formula": "$brfl.move(2.5h)",
        "Formula Parameters": {
            "brfl": "65954CDF-D113-46C0-9175-C13A8CFF9619"
        },
        "Formula Version": 31,
        "ID": "0EFA6ADD-AD85-FB60-B2F2-C5314DFC4353",
        "Interpolation Method": "Step",
        "Locked": false,
        "Maximum Interpolation": {
            "Unit Of Measure": "s",
            "Value": 120.0
        },
        "Name": "Batch Product Code 2",
        "Scoped To": "0EFA6AC1-1A47-7130-A816-A3F0F64F3CA1",
        "Type": "CalculatedSignal",
        "UIConfig": {
            "advancedParametersCollapsed": true,
            "configVersion": 11,
            "localFormula": "",
            "scopedTo": "0EFA6AC1-1A47-7130-A816-A3F0F64F3CA1",
            "tabTransitioning": false,
            "type": "formula"
        },
        "Unsearchable": false,
        "Value Unit Of Measure": "string"
    },
    "0EFA6ADE-9EE3-6430-A307-D38B3FFDC4CC": {
        "Archived": false,
        "Cache Enabled": true,
        "Cache ID": "0EFA6ADE-9EEA-F960-8688-E37BB3743B60",
        "Data ID": "0EFA6ADE-9EE3-6430-A307-D38B3FFDC4CC",
        "Datasource Class": "Seeq Calculations",
        "Datasource ID": "Seeq Calculations",
        "Enabled": true,
        "Formula": "$brfl.move(3h)",
        "Formula Parameters": {
            "brfl": "B2AB32DC-4CF1-432F-95C5-4B0D7D0AC4E8"
        },
        "Formula Version": 31,
        "ID": "0EFA6ADE-9EE3-6430-A307-D38B3FFDC4CC",
        "Interpolation Method": "Linear",
        "Locked": false,
        "Maximum Interpolation": {
            "Unit Of Measure": "s",
            "Value": 120.0
        },
        "Name": "Batch Reactor Fill Level 3",
        "Scoped To": "0EFA6AC1-1A47-7130-A816-A3F0F64F3CA1",
        "Type": "CalculatedSignal",
        "UIConfig": {
            "advancedParametersCollapsed": true,
            "configVersion": 11,
            "localFormula": "",
            "scopedTo": "0EFA6AC1-1A47-7130-A816-A3F0F64F3CA1",
            "tabTransitioning": false,
            "type": "formula"
        },
        "Unsearchable": false,
        "Value Unit Of Measure": "%"
    },
    "0EFA6ADF-0770-6660-B2EB-76A112687431": {
        "Archived": false,
        "Cache Enabled": true,
        "Cache ID": "0EFA6ADF-0777-FB90-9CDB-D2A7021D3D5F",
        "Data ID": "0EFA6ADF-0770-6660-B2EB-76A112687431",
        "Datasource Class": "Seeq Calculations",
        "Datasource ID": "Seeq Calculations",
        "Enabled": true,
        "Formula": "$brfl.move(3h)",
        "Formula Parameters": {
            "brfl": "70629BEA-A780-4595-8678-00093700A8C1"
        },
        "Formula Version": 31,
        "ID": "0EFA6ADF-0770-6660-B2EB-76A112687431",
        "Interpolation Method": "Linear",
        "Locked": false,
        "Maximum Interpolation": {
            "Unit Of Measure": "s",
            "Value": 120.0
        },
        "Name": "Batch Reactor Catalyst Feed Rate 3",
        "Scoped To": "0EFA6AC1-1A47-7130-A816-A3F0F64F3CA1",
        "Type": "CalculatedSignal",
        "UIConfig": {
            "advancedParametersCollapsed": true,
            "configVersion": 11,
            "localFormula": "",
            "scopedTo": "0EFA6AC1-1A47-7130-A816-A3F0F64F3CA1",
            "tabTransitioning": false,
            "type": "formula"
        },
        "Unsearchable": false,
        "Value Unit Of Measure": "kg/h"
    },
    "0EFA6ADF-5B72-FBF0-AF31-8D6FD98E677B": {
        "Archived": false,
        "Cache Enabled": true,
        "Cache ID": "0EFA6ADF-5B81-6650-BD69-B475495F6DAF",
        "Data ID": "0EFA6ADF-5B72-FBF0-AF31-8D6FD98E677B",
        "Datasource Class": "Seeq Calculations",
        "Datasource ID": "Seeq Calculations",
        "Enabled": true,
        "Formula": "$brfl.move(3h)",
        "Formula Parameters": {
            "brfl": "CABA126B-BA56-4ED7-8211-4ED4AB419E15"
        },
        "Formula Version": 31,
        "ID": "0EFA6ADF-5B72-FBF0-AF31-8D6FD98E677B",
        "Interpolation Method": "Linear",
        "Locked": false,
        "Maximum Interpolation": {
            "Unit Of Measure": "s",
            "Value": 120.0
        },
        "Name": "Batch Reactor Temperature 3",
        "Scoped To": "0EFA6AC1-1A47-7130-A816-A3F0F64F3CA1",
        "Type": "CalculatedSignal",
        "UIConfig": {
            "advancedParametersCollapsed": true,
            "configVersion": 11,
            "localFormula": "",
            "scopedTo": "0EFA6AC1-1A47-7130-A816-A3F0F64F3CA1",
            "tabTransitioning": false,
            "type": "formula"
        },
        "Unsearchable": false,
        "Value Unit Of Measure": "\u00b0F"
    },
    "0EFA6ADF-AAC3-EEC0-A260-C7490E4BAAE4": {
        "Archived": false,
        "Cache Enabled": true,
        "Cache ID": "0EFA6ADF-AACB-73F0-9BD3-5A60B32E3152",
        "Data ID": "0EFA6ADF-AAC3-EEC0-A260-C7490E4BAAE4",
        "Datasource Class": "Seeq Calculations",
        "Datasource ID": "Seeq Calculations",
        "Enabled": true,
        "Formula": "$brfl.move(3h)",
        "Formula Parameters": {
            "brfl": "65954CDF-D113-46C0-9175-C13A8CFF9619"
        },
        "Formula Version": 31,
        "ID": "0EFA6ADF-AAC3-EEC0-A260-C7490E4BAAE4",
        "Interpolation Method": "Step",
        "Locked": false,
        "Maximum Interpolation": {
            "Unit Of Measure": "s",
            "Value": 120.0
        },
        "Name": "Batch Product Code 3",
        "Scoped To": "0EFA6AC1-1A47-7130-A816-A3F0F64F3CA1",
        "Type": "CalculatedSignal",
        "UIConfig": {
            "advancedParametersCollapsed": true,
            "configVersion": 11,
            "localFormula": "",
            "scopedTo": "0EFA6AC1-1A47-7130-A816-A3F0F64F3CA1",
            "tabTransitioning": false,
            "type": "formula"
        },
        "Unsearchable": false,
        "Value Unit Of Measure": "string"
    },
    "0EFA6AE3-9330-7520-B7D7-90D357F27ADC": {
        "Archived": false,
        "Asset": "Batch Reactors",
        "Asset Group Member": true,
        "Cache Enabled": false,
        "Created By": "C9FD5B90-17F3-4CA7-8C37-CD9B7D9B85D2",
        "Data ID": "0EFA6AE3-9330-7520-B7D7-90D357F27ADC",
        "Datasource Class": "Seeq Metadata",
        "Datasource ID": "Seeq Metadata",
        "Enabled": true,
        "ID": "0EFA6AE3-9330-7520-B7D7-90D357F27ADC",
        "Locked": false,
        "Name": "Batch Reactors",
        "Old Asset Format": false,
        "Parent ID": "<root>",
        "Path": "",
        "Scoped To": "0EFA6AC1-1A47-7130-A816-A3F0F64F3CA1",
        "Tree Type": "Seeq Workbench",
        "Type": "Asset",
        "Unsearchable": false
    },
    "0EFA6AE3-98F7-FD00-AC46-FF849C80392D": {
        "Archived": false,
        "Asset": "Reactor 1",
        "Asset Group Member": true,
        "Cache Enabled": false,
        "Data ID": "0EFA6AE3-98F7-FD00-AC46-FF849C80392D",
        "Datasource Class": "Seeq Metadata",
        "Datasource ID": "Seeq Metadata",
        "Enabled": true,
        "ID": "0EFA6AE3-98F7-FD00-AC46-FF849C80392D",
        "Locked": false,
        "Name": "Reactor 1",
        "Old Asset Format": false,
        "Parent ID": "0EFA6AE3-9330-7520-B7D7-90D357F27ADC",
        "Path": "Batch Reactors",
        "Scoped To": "0EFA6AC1-1A47-7130-A816-A3F0F64F3CA1",
        "Tree Type": "Seeq Workbench",
        "Type": "Asset",
        "Unsearchable": false,
        "manuallyAdded": "C9FD5B90-17F3-4CA7-8C37-CD9B7D9B85D2"
    },
    "0EFA6AE3-990D-EC90-BAB2-F7CE8EC682CB": {
        "Archived": false,
        "Asset": "Reactor 1",
        "Asset Group Member": true,
        "Cache Enabled": true,
        "Cache ID": "0EFA6AE3-9915-71C0-97F3-306DB0F2CDC1",
        "Data ID": "0EFA6AE3-990D-EC90-BAB2-F7CE8EC682CB",
        "Datasource Class": "Seeq Calculations",
        "Datasource ID": "Seeq Calculations",
        "Enabled": true,
        "Formula": "$signal",
        "Formula Parameters": {
            "signal": "70629BEA-A780-4595-8678-00093700A8C1"
        },
        "Formula Version": 31,
        "ID": "0EFA6AE3-990D-EC90-BAB2-F7CE8EC682CB",
        "Interpolation Method": "Linear",
        "Locked": false,
        "Maximum Interpolation": {
            "Unit Of Measure": "s",
            "Value": 120.0
        },
        "Name": "Catalyst Feed Rate",
        "Parent ID": "0EFA6AE3-98F7-FD00-AC46-FF849C80392D",
        "Path": "Batch Reactors",
        "Scoped To": "0EFA6AC1-1A47-7130-A816-A3F0F64F3CA1",
        "Tree Type": "Seeq Workbench",
        "Type": "CalculatedSignal",
        "Unsearchable": false,
        "Value Unit Of Measure": "kg/h",
        "manuallyAdded": "C9FD5B90-17F3-4CA7-8C37-CD9B7D9B85D2"
    },
    "0EFA6AE3-9926-7330-8C25-ED49690C8E12": {
        "Archived": false,
        "Asset": "Reactor 1",
        "Asset Group Member": true,
        "Cache Enabled": true,
        "Cache ID": "0EFA6AE3-992D-E860-ACEE-C0292B1C16E1",
        "Data ID": "0EFA6AE3-9926-7330-8C25-ED49690C8E12",
        "Datasource Class": "Seeq Calculations",
        "Datasource ID": "Seeq Calculations",
        "Enabled": true,
        "Formula": "$signal",
        "Formula Parameters": {
            "signal": "65954CDF-D113-46C0-9175-C13A8CFF9619"
        },
        "Formula Version": 31,
        "ID": "0EFA6AE3-9926-7330-8C25-ED49690C8E12",
        "Interpolation Method": "Step",
        "Locked": false,
        "Maximum Interpolation": {
            "Unit Of Measure": "s",
            "Value": 120.0
        },
        "Name": "Product Code",
        "Parent ID": "0EFA6AE3-98F7-FD00-AC46-FF849C80392D",
        "Path": "Batch Reactors",
        "Scoped To": "0EFA6AC1-1A47-7130-A816-A3F0F64F3CA1",
        "Tree Type": "Seeq Workbench",
        "Type": "CalculatedSignal",
        "Unsearchable": false,
        "Value Unit Of Measure": "string",
        "manuallyAdded": "C9FD5B90-17F3-4CA7-8C37-CD9B7D9B85D2"
    },
    "0EFA6AE3-993C-62C0-8FB2-DF4B21953DC3": {
        "Archived": false,
        "Asset": "Reactor 1",
        "Asset Group Member": true,
        "Cache Enabled": true,
        "Cache ID": "0EFA6AE3-9943-77F0-957A-F575BE6D9B55",
        "Data ID": "0EFA6AE3-993C-62C0-8FB2-DF4B21953DC3",
        "Datasource Class": "Seeq Calculations",
        "Datasource ID": "Seeq Calculations",
        "Enabled": true,
        "Formula": "$signal",
        "Formula Parameters": {
            "signal": "B2AB32DC-4CF1-432F-95C5-4B0D7D0AC4E8"
        },
        "Formula Version": 31,
        "ID": "0EFA6AE3-993C-62C0-8FB2-DF4B21953DC3",
        "Interpolation Method": "Linear",
        "Locked": false,
        "Maximum Interpolation": {
            "Unit Of Measure": "s",
            "Value": 120.0
        },
        "Name": "Reactor Fill Level",
        "Parent ID": "0EFA6AE3-98F7-FD00-AC46-FF849C80392D",
        "Path": "Batch Reactors",
        "Scoped To": "0EFA6AC1-1A47-7130-A816-A3F0F64F3CA1",
        "Tree Type": "Seeq Workbench",
        "Type": "CalculatedSignal",
        "Unsearchable": false,
        "Value Unit Of Measure": "%",
        "manuallyAdded": "C9FD5B90-17F3-4CA7-8C37-CD9B7D9B85D2"
    },
    "0EFA6AE3-9952-6250-892A-00B23D9598F0": {
        "Archived": false,
        "Asset": "Reactor 1",
        "Asset Group Member": true,
        "Cache Enabled": true,
        "Cache ID": "0EFA6AE3-995E-75A0-B875-B5414012DFE8",
        "Data ID": "0EFA6AE3-9952-6250-892A-00B23D9598F0",
        "Datasource Class": "Seeq Calculations",
        "Datasource ID": "Seeq Calculations",
        "Enabled": true,
        "Formula": "$signal",
        "Formula Parameters": {
            "signal": "CABA126B-BA56-4ED7-8211-4ED4AB419E15"
        },
        "Formula Version": 31,
        "ID": "0EFA6AE3-9952-6250-892A-00B23D9598F0",
        "Interpolation Method": "Linear",
        "Locked": false,
        "Maximum Interpolation": {
            "Unit Of Measure": "s",
            "Value": 120.0
        },
        "Name": "Reactor Temperature",
        "Parent ID": "0EFA6AE3-98F7-FD00-AC46-FF849C80392D",
        "Path": "Batch Reactors",
        "Scoped To": "0EFA6AC1-1A47-7130-A816-A3F0F64F3CA1",
        "Tree Type": "Seeq Workbench",
        "Type": "CalculatedSignal",
        "Unsearchable": false,
        "Value Unit Of Measure": "\u00b0F",
        "manuallyAdded": "C9FD5B90-17F3-4CA7-8C37-CD9B7D9B85D2"
    },
    "0EFA6AE3-9963-73C0-8D32-B3B2E1ABF195": {
        "Archived": false,
        "Asset": "Reactor 2",
        "Asset Group Member": true,
        "Cache Enabled": false,
        "Data ID": "0EFA6AE3-9963-73C0-8D32-B3B2E1ABF195",
        "Datasource Class": "Seeq Metadata",
        "Datasource ID": "Seeq Metadata",
        "Enabled": true,
        "ID": "0EFA6AE3-9963-73C0-8D32-B3B2E1ABF195",
        "Locked": false,
        "Name": "Reactor 2",
        "Old Asset Format": false,
        "Parent ID": "0EFA6AE3-9330-7520-B7D7-90D357F27ADC",
        "Path": "Batch Reactors",
        "Scoped To": "0EFA6AC1-1A47-7130-A816-A3F0F64F3CA1",
        "Tree Type": "Seeq Workbench",
        "Type": "Asset",
        "Unsearchable": false,
        "manuallyAdded": "C9FD5B90-17F3-4CA7-8C37-CD9B7D9B85D2"
    },
    "0EFA6AE3-9987-FDB0-B66F-310260C570E2": {
        "Archived": false,
        "Asset": "Reactor 2",
        "Asset Group Member": true,
        "Cache Enabled": true,
        "Cache ID": "0EFA6AE3-998A-64C0-BA2F-C4207C299AD0",
        "Data ID": "0EFA6AE3-9987-FDB0-B66F-310260C570E2",
        "Datasource Class": "Seeq Calculations",
        "Datasource ID": "Seeq Calculations",
        "Enabled": true,
        "Formula": "$signal",
        "Formula Parameters": {
            "signal": "0EFA6ACE-D940-6020-A59F-8BF3D25A0EEA"
        },
        "Formula Version": 31,
        "ID": "0EFA6AE3-9987-FDB0-B66F-310260C570E2",
        "Interpolation Method": "Linear",
        "Locked": false,
        "Maximum Interpolation": {
            "Unit Of Measure": "s",
            "Value": 120.0
        },
        "Name": "Catalyst Feed Rate",
        "Parent ID": "0EFA6AE3-9963-73C0-8D32-B3B2E1ABF195",
        "Path": "Batch Reactors",
        "Scoped To": "0EFA6AC1-1A47-7130-A816-A3F0F64F3CA1",
        "Tree Type": "Seeq Workbench",
        "Type": "CalculatedSignal",
        "Unsearchable": false,
        "Value Unit Of Measure": "kg/h",
        "manuallyAdded": "C9FD5B90-17F3-4CA7-8C37-CD9B7D9B85D2"
    },
    "0EFA6AE3-99A7-F980-97CF-BA7C6FE2EF90": {
        "Archived": false,
        "Asset": "Reactor 2",
        "Asset Group Member": true,
        "Cache Enabled": true,
        "Cache ID": "0EFA6AE3-99AA-6090-A3E2-40FC2D6E0CC4",
        "Data ID": "0EFA6AE3-99A7-F980-97CF-BA7C6FE2EF90",
        "Datasource Class": "Seeq Calculations",
        "Datasource ID": "Seeq Calculations",
        "Enabled": true,
        "Formula": "$signal",
        "Formula Parameters": {
            "signal": "0EFA6ADD-AD85-FB60-B2F2-C5314DFC4353"
        },
        "Formula Version": 31,
        "ID": "0EFA6AE3-99A7-F980-97CF-BA7C6FE2EF90",
        "Interpolation Method": "Step",
        "Locked": false,
        "Maximum Interpolation": {
            "Unit Of Measure": "s",
            "Value": 120.0
        },
        "Name": "Product Code",
        "Parent ID": "0EFA6AE3-9963-73C0-8D32-B3B2E1ABF195",
        "Path": "Batch Reactors",
        "Scoped To": "0EFA6AC1-1A47-7130-A816-A3F0F64F3CA1",
        "Tree Type": "Seeq Workbench",
        "Type": "CalculatedSignal",
        "Unsearchable": false,
        "Value Unit Of Measure": "string",
        "manuallyAdded": "C9FD5B90-17F3-4CA7-8C37-CD9B7D9B85D2"
    },
    "0EFA6AE3-99C7-7550-B46D-A57821AE5874": {
        "Archived": false,
        "Asset": "Reactor 2",
        "Asset Group Member": true,
        "Cache Enabled": true,
        "Cache ID": "0EFA6AE3-99C9-EC60-9D7E-68A390F363C7",
        "Data ID": "0EFA6AE3-99C7-7550-B46D-A57821AE5874",
        "Datasource Class": "Seeq Calculations",
        "Datasource ID": "Seeq Calculations",
        "Enabled": true,
        "Formula": "$signal",
        "Formula Parameters": {
            "signal": "0EFA6ACE-0A63-7770-808A-D7913E2B2B31"
        },
        "Formula Version": 31,
        "ID": "0EFA6AE3-99C7-7550-B46D-A57821AE5874",
        "Interpolation Method": "Linear",
        "Locked": false,
        "Maximum Interpolation": {
            "Unit Of Measure": "s",
            "Value": 120.0
        },
        "Name": "Reactor Fill Level",
        "Parent ID": "0EFA6AE3-9963-73C0-8D32-B3B2E1ABF195",
        "Path": "Batch Reactors",
        "Scoped To": "0EFA6AC1-1A47-7130-A816-A3F0F64F3CA1",
        "Tree Type": "Seeq Workbench",
        "Type": "CalculatedSignal",
        "Unsearchable": false,
        "Value Unit Of Measure": "%",
        "manuallyAdded": "C9FD5B90-17F3-4CA7-8C37-CD9B7D9B85D2"
    },
    "0EFA6AE3-9A1C-EC80-8AD2-C28C15832FAC": {
        "Archived": false,
        "Asset": "Reactor 2",
        "Asset Group Member": true,
        "Cache Enabled": true,
        "Cache ID": "0EFA6AE3-9A21-EAA0-84BA-D81A3723CB0D",
        "Data ID": "0EFA6AE3-9A1C-EC80-8AD2-C28C15832FAC",
        "Datasource Class": "Seeq Calculations",
        "Datasource ID": "Seeq Calculations",
        "Enabled": true,
        "Formula": "$signal",
        "Formula Parameters": {
            "signal": "0EFA6AD8-E419-7370-A769-7D54075AEE6B"
        },
        "Formula Version": 31,
        "ID": "0EFA6AE3-9A1C-EC80-8AD2-C28C15832FAC",
        "Interpolation Method": "Linear",
        "Locked": false,
        "Maximum Interpolation": {
            "Unit Of Measure": "s",
            "Value": 120.0
        },
        "Name": "Reactor Temperature",
        "Parent ID": "0EFA6AE3-9963-73C0-8D32-B3B2E1ABF195",
        "Path": "Batch Reactors",
        "Scoped To": "0EFA6AC1-1A47-7130-A816-A3F0F64F3CA1",
        "Tree Type": "Seeq Workbench",
        "Type": "CalculatedSignal",
        "Unsearchable": false,
        "Value Unit Of Measure": "\u00b0F",
        "manuallyAdded": "C9FD5B90-17F3-4CA7-8C37-CD9B7D9B85D2"
    },
    "0EFA6AE3-9A28-FFD0-9A2D-F46F0E8CB59E": {
        "Archived": false,
        "Asset": "Reactor 3",
        "Asset Group Member": true,
        "Cache Enabled": false,
        "Data ID": "0EFA6AE3-9A28-FFD0-9A2D-F46F0E8CB59E",
        "Datasource Class": "Seeq Metadata",
        "Datasource ID": "Seeq Metadata",
        "Enabled": true,
        "ID": "0EFA6AE3-9A28-FFD0-9A2D-F46F0E8CB59E",
        "Locked": false,
        "Name": "Reactor 3",
        "Old Asset Format": false,
        "Parent ID": "0EFA6AE3-9330-7520-B7D7-90D357F27ADC",
        "Path": "Batch Reactors",
        "Scoped To": "0EFA6AC1-1A47-7130-A816-A3F0F64F3CA1",
        "Tree Type": "Seeq Workbench",
        "Type": "Asset",
        "Unsearchable": false,
        "manuallyAdded": "C9FD5B90-17F3-4CA7-8C37-CD9B7D9B85D2"
    },
    "0EFA6AE3-9A41-6670-9CB9-4BCC30B083FF": {
        "Archived": false,
        "Asset": "Reactor 3",
        "Asset Group Member": true,
        "Cache Enabled": true,
        "Cache ID": "0EFA6AE3-9A43-FD80-85A6-23B97A4B21BE",
        "Data ID": "0EFA6AE3-9A41-6670-9CB9-4BCC30B083FF",
        "Datasource Class": "Seeq Calculations",
        "Datasource ID": "Seeq Calculations",
        "Enabled": true,
        "Formula": "$signal",
        "Formula Parameters": {
            "signal": "0EFA6ADF-0770-6660-B2EB-76A112687431"
        },
        "Formula Version": 31,
        "ID": "0EFA6AE3-9A41-6670-9CB9-4BCC30B083FF",
        "Interpolation Method": "Linear",
        "Locked": false,
        "Maximum Interpolation": {
            "Unit Of Measure": "s",
            "Value": 120.0
        },
        "Name": "Catalyst Feed Rate",
        "Parent ID": "0EFA6AE3-9A28-FFD0-9A2D-F46F0E8CB59E",
        "Path": "Batch Reactors",
        "Scoped To": "0EFA6AC1-1A47-7130-A816-A3F0F64F3CA1",
        "Tree Type": "Seeq Workbench",
        "Type": "CalculatedSignal",
        "Unsearchable": false,
        "Value Unit Of Measure": "kg/h",
        "manuallyAdded": "C9FD5B90-17F3-4CA7-8C37-CD9B7D9B85D2"
    },
    "0EFA6AE3-9A5C-6420-B593-762B33457A95": {
        "Archived": false,
        "Asset": "Reactor 3",
        "Asset Group Member": true,
        "Cache Enabled": true,
        "Cache ID": "0EFA6AE3-9A5E-FB30-B597-F7B6505FAE0C",
        "Data ID": "0EFA6AE3-9A5C-6420-B593-762B33457A95",
        "Datasource Class": "Seeq Calculations",
        "Datasource ID": "Seeq Calculations",
        "Enabled": true,
        "Formula": "$signal",
        "Formula Parameters": {
            "signal": "0EFA6ADF-AAC3-EEC0-A260-C7490E4BAAE4"
        },
        "Formula Version": 31,
        "ID": "0EFA6AE3-9A5C-6420-B593-762B33457A95",
        "Interpolation Method": "Step",
        "Locked": false,
        "Maximum Interpolation": {
            "Unit Of Measure": "s",
            "Value": 120.0
        },
        "Name": "Product Code",
        "Parent ID": "0EFA6AE3-9A28-FFD0-9A2D-F46F0E8CB59E",
        "Path": "Batch Reactors",
        "Scoped To": "0EFA6AC1-1A47-7130-A816-A3F0F64F3CA1",
        "Tree Type": "Seeq Workbench",
        "Type": "CalculatedSignal",
        "Unsearchable": false,
        "Value Unit Of Measure": "string",
        "manuallyAdded": "C9FD5B90-17F3-4CA7-8C37-CD9B7D9B85D2"
    },
    "0EFA6AE3-9A74-EAC0-9175-1D6B738ECFB3": {
        "Archived": false,
        "Asset": "Reactor 3",
        "Asset Group Member": true,
        "Cache Enabled": true,
        "Cache ID": "0EFA6AE3-9A77-71D0-B839-DC8DB5DDE1DB",
        "Data ID": "0EFA6AE3-9A74-EAC0-9175-1D6B738ECFB3",
        "Datasource Class": "Seeq Calculations",
        "Datasource ID": "Seeq Calculations",
        "Enabled": true,
        "Formula": "$signal",
        "Formula Parameters": {
            "signal": "0EFA6ADE-9EE3-6430-A307-D38B3FFDC4CC"
        },
        "Formula Version": 31,
        "ID": "0EFA6AE3-9A74-EAC0-9175-1D6B738ECFB3",
        "Interpolation Method": "Linear",
        "Locked": false,
        "Maximum Interpolation": {
            "Unit Of Measure": "s",
            "Value": 120.0
        },
        "Name": "Reactor Fill Level",
        "Parent ID": "0EFA6AE3-9A28-FFD0-9A2D-F46F0E8CB59E",
        "Path": "Batch Reactors",
        "Scoped To": "0EFA6AC1-1A47-7130-A816-A3F0F64F3CA1",
        "Tree Type": "Seeq Workbench",
        "Type": "CalculatedSignal",
        "Unsearchable": false,
        "Value Unit Of Measure": "%",
        "manuallyAdded": "C9FD5B90-17F3-4CA7-8C37-CD9B7D9B85D2"
    },
    "0EFA6AE3-9A8D-7160-BF91-229270FD520F": {
        "Archived": false,
        "Asset": "Reactor 3",
        "Asset Group Member": true,
        "Cache Enabled": true,
        "Cache ID": "0EFA6AE3-9A8F-E870-9DAD-C80C47AB78EF",
        "Data ID": "0EFA6AE3-9A8D-7160-BF91-229270FD520F",
        "Datasource Class": "Seeq Calculations",
        "Datasource ID": "Seeq Calculations",
        "Enabled": true,
        "Formula": "$signal",
        "Formula Parameters": {
            "signal": "0EFA6ADF-5B72-FBF0-AF31-8D6FD98E677B"
        },
        "Formula Version": 31,
        "ID": "0EFA6AE3-9A8D-7160-BF91-229270FD520F",
        "Interpolation Method": "Linear",
        "Locked": false,
        "Maximum Interpolation": {
            "Unit Of Measure": "s",
            "Value": 120.0
        },
        "Name": "Reactor Temperature",
        "Parent ID": "0EFA6AE3-9A28-FFD0-9A2D-F46F0E8CB59E",
        "Path": "Batch Reactors",
        "Scoped To": "0EFA6AC1-1A47-7130-A816-A3F0F64F3CA1",
        "Tree Type": "Seeq Workbench",
        "Type": "CalculatedSignal",
        "Unsearchable": false,
        "Value Unit Of Measure": "\u00b0F",
        "manuallyAdded": "C9FD5B90-17F3-4CA7-8C37-CD9B7D9B85D2"
    },
    "0EFA6AE7-9114-7530-B742-7D973DD9599D": {
        "Archived": false,
        "Cache Enabled": true,
        "Cache ID": "0EFA6AE7-9119-7350-B26A-101CF03B3F19",
        "Capsule ID Property": "start",
        "Capsule Property Units": {},
        "Data ID": "0EFA6AE7-9114-7530-B742-7D973DD9599D",
        "Datasource Class": "Seeq Calculations",
        "Datasource ID": "Seeq Calculations",
        "Enabled": true,
        "Formula": [
            "($a > .5)",
            ".merge(3min)",
            ".removeShorterThan(20min)"
        ],
        "Formula Parameters": {
            "a": "0EFA6AE3-993C-62C0-8FB2-DF4B21953DC3"
        },
        "Formula Version": 31,
        "ID": "0EFA6AE7-9114-7530-B742-7D973DD9599D",
        "Locked": false,
        "Name": "Batches",
        "Scoped To": "0EFA6AC1-1A47-7130-A816-A3F0F64F3CA1",
        "Type": "CalculatedCondition",
        "UIConfig": {
            "advancedEntryDuration": {
                "units": "min",
                "value": 0
            },
            "advancedEntryLowerValue": null,
            "advancedEntryValue": null,
            "advancedExitDuration": {
                "units": "min",
                "value": 0
            },
            "advancedExitValue": null,
            "advancedParametersCollapsed": true,
            "configVersion": 11,
            "isCleansing": true,
            "isMigratedDeviationSearch": false,
            "isSimple": true,
            "mergeDuration": {
                "units": "min",
                "valid": true,
                "value": 3
            },
            "minDuration": {
                "units": "min",
                "valid": true,
                "value": 20
            },
            "simpleLowerValue": null,
            "simpleOperator": ">",
            "simpleValue": ".5",
            "type": "value-search",
            "useValidValues": false,
            "version": "V3"
        },
        "Unsearchable": false
    },
    "0EFA6AE8-4301-EA40-9BDB-18B7FE3F9C26": {
        "Archived": false,
        "Cache Enabled": true,
        "Cache ID": "0EFA6AE8-4306-E860-AF91-85EC636AF80F",
        "Capsule ID Property": "start",
        "Capsule Property Units": {
            "Batch ID": "string"
        },
        "Data ID": "0EFA6AE8-4301-EA40-9BDB-18B7FE3F9C26",
        "Datasource Class": "Seeq Calculations",
        "Datasource ID": "Seeq Calculations",
        "Enabled": true,
        "Formula": "$b.removelongerthan(7d).setProperty('Batch ID', $pc, startValue())",
        "Formula Parameters": {
            "b": "0EFA6AE7-9114-7530-B742-7D973DD9599D",
            "pc": "0EFA6AE3-9926-7330-8C25-ED49690C8E12"
        },
        "Formula Version": 31,
        "ID": "0EFA6AE8-4301-EA40-9BDB-18B7FE3F9C26",
        "Locked": false,
        "Maximum Duration": {
            "Unit Of Measure": "d",
            "Value": 7
        },
        "Name": "Batches",
        "Scoped To": "0EFA6AC1-1A47-7130-A816-A3F0F64F3CA1",
        "Type": "CalculatedCondition",
        "UIConfig": {
            "advancedParametersCollapsed": true,
            "configVersion": 11,
            "localFormula": "",
            "tabTransitioning": false,
            "type": "formula"
        },
        "Unsearchable": false
    },
    "0EFA6AEB-FBEF-FD60-A34C-5D0F15A08FCD": {
        "Archived": false,
        "Cache Enabled": true,
        "Cache ID": "0EFA6AEB-FBF2-6470-9E25-36B7977B956C",
        "Data ID": "0EFA6AEB-FBEF-FD60-A34C-5D0F15A08FCD",
        "Datasource Class": "Seeq Calculations",
        "Datasource ID": "Seeq Calculations",
        "Enabled": true,
        "Formula": "$inputSignal.agileFilter(36s,20min)",
        "Formula Parameters": {
            "inputSignal": "0EFA6AE3-993C-62C0-8FB2-DF4B21953DC3"
        },
        "Formula Version": 31,
        "ID": "0EFA6AEB-FBEF-FD60-A34C-5D0F15A08FCD",
        "Interpolation Method": "Linear",
        "Locked": false,
        "Maximum Interpolation": {
            "Unit Of Measure": "s",
            "Value": 36.0
        },
        "Name": "Reactor Fill Level Smooth",
        "Scoped To": "0EFA6AC1-1A47-7130-A816-A3F0F64F3CA1",
        "Type": "CalculatedSignal",
        "UIConfig": {
            "advancedParametersCollapsed": true,
            "algorithmSelectedValue": "seeq-agile",
            "alpha": 0.9,
            "color": "#9D248F",
            "configVersion": 11,
            "cutoff": {},
            "isCutoffAuto": true,
            "isMigratedLowPassFilter": false,
            "isSamplingRateAuto": true,
            "isTau": true,
            "polynomialFactor": 2,
            "samplingRate": {
                "units": "s",
                "valid": true,
                "value": 36
            },
            "smoothingWindow": {
                "units": "min",
                "valid": true,
                "value": 20
            },
            "tau": {
                "units": "min",
                "value": 10
            },
            "type": "signal-smoothing"
        },
        "Unsearchable": false,
        "Value Unit Of Measure": "%"
    },
    "0EFA6AED-5958-7140-ABA8-4B80B78F3034": {
        "Archived": false,
        "Cache Enabled": true,
        "Cache ID": "0EFA6AED-595C-FF60-93CE-E5894A150F11",
        "Data ID": "0EFA6AED-5958-7140-ABA8-4B80B78F3034",
        "Datasource Class": "Seeq Calculations",
        "Datasource ID": "Seeq Calculations",
        "Enabled": true,
        "Formula": "$rfls.derivative()",
        "Formula Parameters": {
            "rfl": "0EFA6AE3-993C-62C0-8FB2-DF4B21953DC3",
            "rfls": "0EFA6AEB-FBEF-FD60-A34C-5D0F15A08FCD"
        },
        "Formula Version": 31,
        "ID": "0EFA6AED-5958-7140-ABA8-4B80B78F3034",
        "Interpolation Method": "Linear",
        "Locked": false,
        "Maximum Interpolation": {
            "Unit Of Measure": "s",
            "Value": 36.0
        },
        "Name": "Derivative of Reactor Fill Level Smooth",
        "Scoped To": "0EFA6AC1-1A47-7130-A816-A3F0F64F3CA1",
        "Type": "CalculatedSignal",
        "UIConfig": {
            "advancedParametersCollapsed": true,
            "configVersion": 11,
            "localFormula": "",
            "tabTransitioning": false,
            "type": "formula"
        },
        "Unsearchable": false,
        "Value Unit Of Measure": "%/s"
    },
    "0EFA6AF1-2B62-77F0-AE00-F789E39DB533": {
        "Archived": false,
        "Cache Enabled": true,
        "Cache ID": "0EFA6AF1-2B67-6610-938B-04BDA1E1E486",
        "Capsule ID Property": "start",
        "Capsule Property Units": {},
        "Data ID": "0EFA6AF1-2B62-77F0-AE00-F789E39DB533",
        "Datasource Class": "Seeq Calculations",
        "Datasource ID": "Seeq Calculations",
        "Enabled": true,
        "Formula": [
            "($a > 0.01)",
            ".merge(10min)"
        ],
        "Formula Parameters": {
            "a": "0EFA6AED-5958-7140-ABA8-4B80B78F3034"
        },
        "Formula Version": 31,
        "ID": "0EFA6AF1-2B62-77F0-AE00-F789E39DB533",
        "Locked": false,
        "Name": "Pump In",
        "Scoped To": "0EFA6AC1-1A47-7130-A816-A3F0F64F3CA1",
        "Type": "CalculatedCondition",
        "UIConfig": {
            "advancedEntryDuration": {
                "units": "min",
                "value": 0
            },
            "advancedEntryLowerValue": null,
            "advancedEntryValue": null,
            "advancedExitDuration": {
                "units": "min",
                "value": 0
            },
            "advancedExitValue": null,
            "advancedParametersCollapsed": true,
            "configVersion": 11,
            "isCleansing": true,
            "isMigratedDeviationSearch": false,
            "isSimple": true,
            "mergeDuration": {
                "units": "min",
                "valid": true,
                "value": 10
            },
            "minDuration": {
                "units": "min",
                "value": 0
            },
            "simpleLowerValue": null,
            "simpleOperator": ">",
            "simpleValue": "0.01",
            "type": "value-search",
            "useValidValues": false,
            "version": "V3"
        },
        "Unsearchable": false
    },
    "0EFA6AF2-24C2-FD40-8B2D-40885C6D707A": {
        "Archived": false,
        "Cache Enabled": true,
        "Cache ID": "0EFA6AF2-24C5-6450-809A-86C4D96D416E",
        "Capsule ID Property": "start",
        "Capsule Property Units": {},
        "Data ID": "0EFA6AF2-24C2-FD40-8B2D-40885C6D707A",
        "Datasource Class": "Seeq Calculations",
        "Datasource ID": "Seeq Calculations",
        "Enabled": true,
        "Formula": [
            "($a < -0.01)",
            ".merge(10min)"
        ],
        "Formula Parameters": {
            "a": "0EFA6AED-5958-7140-ABA8-4B80B78F3034"
        },
        "Formula Version": 31,
        "ID": "0EFA6AF2-24C2-FD40-8B2D-40885C6D707A",
        "Locked": false,
        "Name": "Pump Out",
        "Scoped To": "0EFA6AC1-1A47-7130-A816-A3F0F64F3CA1",
        "Type": "CalculatedCondition",
        "UIConfig": {
            "advancedEntryDuration": {
                "units": "min",
                "value": 0
            },
            "advancedEntryLowerValue": null,
            "advancedEntryValue": null,
            "advancedExitDuration": {
                "units": "min",
                "value": 0
            },
            "advancedExitValue": null,
            "advancedParametersCollapsed": true,
            "configVersion": 11,
            "isCleansing": true,
            "isMigratedDeviationSearch": false,
            "isSimple": true,
            "mergeDuration": {
                "units": "min",
                "valid": true,
                "value": 10
            },
            "minDuration": {
                "units": "min",
                "value": 0
            },
            "simpleLowerValue": null,
            "simpleOperator": "<",
            "simpleValue": "-0.01",
            "type": "value-search",
            "useValidValues": false,
            "version": "V3"
        },
        "Unsearchable": false
    },
    "0EFA6AF7-ABBF-6280-BEC5-70D262AF0AE0": {
        "Archived": false,
        "Cache Enabled": true,
        "Cache ID": "0EFA6AF7-ABC6-77B0-B513-B915F7279F3C",
        "Capsule ID Property": "start",
        "Capsule Property Units": {},
        "Data ID": "0EFA6AF7-ABBF-6280-BEC5-70D262AF0AE0",
        "Datasource Class": "Seeq Calculations",
        "Datasource ID": "Seeq Calculations",
        "Enabled": true,
        "Formula": [
            "($a > 0)",
            ".merge(0min)",
            ".removeShorterThan(10min)"
        ],
        "Formula Parameters": {
            "a": "0EFA6AE3-990D-EC90-BAB2-F7CE8EC682CB"
        },
        "Formula Version": 31,
        "ID": "0EFA6AF7-ABBF-6280-BEC5-70D262AF0AE0",
        "Locked": false,
        "Name": "Catalyst Addition",
        "Scoped To": "0EFA6AC1-1A47-7130-A816-A3F0F64F3CA1",
        "Type": "CalculatedCondition",
        "UIConfig": {
            "advancedEntryDuration": {
                "units": "min",
                "value": 0
            },
            "advancedEntryLowerValue": null,
            "advancedEntryValue": null,
            "advancedExitDuration": {
                "units": "min",
                "value": 0
            },
            "advancedExitValue": null,
            "advancedParametersCollapsed": true,
            "configVersion": 11,
            "isCleansing": true,
            "isMigratedDeviationSearch": false,
            "isSimple": true,
            "mergeDuration": {
                "units": "min",
                "value": 0
            },
            "minDuration": {
                "units": "min",
                "valid": true,
                "value": 10
            },
            "simpleLowerValue": null,
            "simpleOperator": ">",
            "simpleValue": "0",
            "type": "value-search",
            "useValidValues": false,
            "version": "V3"
        },
        "Unsearchable": false
    },
    "0EFA6AF8-F9AA-E8E0-85A7-EA2550A44E46": {
        "Archived": false,
        "Cache Enabled": true,
        "Cache ID": "0EFA6AF8-F9AC-FFF0-B4A5-DE11330295E6",
        "Capsule ID Property": "start",
        "Capsule Property Units": {},
        "Data ID": "0EFA6AF8-F9AA-E8E0-85A7-EA2550A44E46",
        "Datasource Class": "Seeq Calculations",
        "Datasource ID": "Seeq Calculations",
        "Enabled": true,
        "Formula": [
            "($a > 0)",
            ".merge(0min)",
            ".removeShorterThan(10min)"
        ],
        "Formula Parameters": {
            "a": "0EFA6AE3-990D-EC90-BAB2-F7CE8EC682CB"
        },
        "Formula Version": 31,
        "ID": "0EFA6AF8-F9AA-E8E0-85A7-EA2550A44E46",
        "Locked": false,
        "Name": "Catalyst Addition 2",
        "Scoped To": "0EFA6AC1-1A47-7130-A816-A3F0F64F3CA1",
        "Type": "CalculatedCondition",
        "UIConfig": {
            "advancedEntryDuration": {
                "units": "min",
                "value": 0
            },
            "advancedEntryLowerValue": null,
            "advancedEntryValue": null,
            "advancedExitDuration": {
                "units": "min",
                "value": 0
            },
            "advancedExitValue": null,
            "advancedParametersCollapsed": true,
            "configVersion": 11,
            "isCleansing": true,
            "isMigratedDeviationSearch": false,
            "isSimple": true,
            "mergeDuration": {
                "units": "min",
                "value": 0
            },
            "minDuration": {
                "units": "min",
                "valid": true,
                "value": 10
            },
            "scopedTo": "0EFA6AC1-1A47-7130-A816-A3F0F64F3CA1",
            "simpleLowerValue": null,
            "simpleOperator": ">",
            "simpleValue": "0",
            "type": "value-search",
            "useValidValues": false,
            "version": "V3"
        },
        "Unsearchable": false
    },
    "0EFA6AFB-6BCA-EA40-B275-0A685BD7E977": {
        "Archived": false,
        "Cache Enabled": true,
        "Cache ID": "0EFA6AFB-6BCF-E860-82F2-1E538F2F3A2E",
        "Data ID": "0EFA6AFB-6BCA-EA40-B275-0A685BD7E977",
        "Datasource Class": "Seeq Calculations",
        "Datasource ID": "Seeq Calculations",
        "Enabled": true,
        "Formula": "$inputSignal.agileFilter(55s,30min)",
        "Formula Parameters": {
            "inputSignal": "0EFA6AE3-9952-6250-892A-00B23D9598F0"
        },
        "Formula Version": 31,
        "ID": "0EFA6AFB-6BCA-EA40-B275-0A685BD7E977",
        "Interpolation Method": "Linear",
        "Locked": false,
        "Maximum Interpolation": {
            "Unit Of Measure": "s",
            "Value": 55.0
        },
        "Name": "Smooth Reactor Temperature",
        "Scoped To": "0EFA6AC1-1A47-7130-A816-A3F0F64F3CA1",
        "Type": "CalculatedSignal",
        "UIConfig": {
            "advancedParametersCollapsed": true,
            "algorithmSelectedValue": "seeq-agile",
            "alpha": 0.9,
            "color": "#996442",
            "configVersion": 11,
            "cutoff": {},
            "isCutoffAuto": true,
            "isMigratedLowPassFilter": false,
            "isSamplingRateAuto": true,
            "isTau": true,
            "polynomialFactor": 2,
            "samplingRate": {
                "units": "s",
                "valid": true,
                "value": 55
            },
            "smoothingWindow": {
                "units": "min",
                "valid": true,
                "value": 30
            },
            "tau": {
                "units": "min",
                "value": 10
            },
            "type": "signal-smoothing"
        },
        "Unsearchable": false,
        "Value Unit Of Measure": "\u00b0F"
    },
    "0EFA6AFC-37DB-FDA0-8E84-E76BD59A9D4C": {
        "Archived": false,
        "Cache Enabled": true,
        "Cache ID": "0EFA6AFC-37DE-64B0-80CE-3ECFAAF1256E",
        "Data ID": "0EFA6AFC-37DB-FDA0-8E84-E76BD59A9D4C",
        "Datasource Class": "Seeq Calculations",
        "Datasource ID": "Seeq Calculations",
        "Enabled": true,
        "Formula": "$srt.derivative()",
        "Formula Parameters": {
            "srt": "0EFA6AFB-6BCA-EA40-B275-0A685BD7E977"
        },
        "Formula Version": 31,
        "ID": "0EFA6AFC-37DB-FDA0-8E84-E76BD59A9D4C",
        "Interpolation Method": "Linear",
        "Locked": false,
        "Maximum Interpolation": {
            "Unit Of Measure": "s",
            "Value": 55.0
        },
        "Name": "Reactor Temperature Derivative",
        "Scoped To": "0EFA6AC1-1A47-7130-A816-A3F0F64F3CA1",
        "Type": "CalculatedSignal",
        "UIConfig": {
            "advancedParametersCollapsed": true,
            "configVersion": 11,
            "localFormula": "",
            "tabTransitioning": false,
            "type": "formula"
        },
        "Unsearchable": false,
        "Value Unit Of Measure": "\u00b0F/s"
    },
    "0EFA6AFD-A277-6000-B274-7DCDA7B74529": {
        "Archived": false,
        "Cache Enabled": true,
        "Cache ID": "0EFA6AFD-A27B-EE20-B4B2-B7161E9BB9FE",
        "Capsule ID Property": "start",
        "Capsule Property Units": {},
        "Data ID": "0EFA6AFD-A277-6000-B274-7DCDA7B74529",
        "Datasource Class": "Seeq Calculations",
        "Datasource ID": "Seeq Calculations",
        "Enabled": true,
        "Formula": [
            "($a > .001)",
            ".merge(15min)",
            ".removeShorterThan(20min)"
        ],
        "Formula Parameters": {
            "a": "0EFA6AFC-37DB-FDA0-8E84-E76BD59A9D4C"
        },
        "Formula Version": 31,
        "ID": "0EFA6AFD-A277-6000-B274-7DCDA7B74529",
        "Locked": false,
        "Name": "Increasing Temperature",
        "Scoped To": "0EFA6AC1-1A47-7130-A816-A3F0F64F3CA1",
        "Type": "CalculatedCondition",
        "UIConfig": {
            "advancedEntryDuration": {
                "units": "min",
                "value": 0
            },
            "advancedEntryLowerValue": null,
            "advancedEntryValue": null,
            "advancedExitDuration": {
                "units": "min",
                "value": 0
            },
            "advancedExitValue": null,
            "advancedParametersCollapsed": true,
            "configVersion": 11,
            "isCleansing": true,
            "isMigratedDeviationSearch": false,
            "isSimple": true,
            "mergeDuration": {
                "units": "min",
                "valid": true,
                "value": 15
            },
            "minDuration": {
                "units": "min",
                "valid": true,
                "value": 20
            },
            "simpleLowerValue": null,
            "simpleOperator": ">",
            "simpleValue": ".001",
            "type": "value-search",
            "useValidValues": false,
            "version": "V3"
        },
        "Unsearchable": false
    },
    "0EFA6AFE-98FD-75A0-B67B-2F04852C2216": {
        "Archived": false,
        "Cache Enabled": true,
        "Cache ID": "0EFA6AFE-9902-73C0-B092-528B4B89C579",
        "Capsule Property Units": {},
        "Data ID": "0EFA6AFE-98FD-75A0-B67B-2F04852C2216",
        "Datasource Class": "Seeq Calculations",
        "Datasource ID": "Seeq Calculations",
        "Enabled": true,
        "Formula": "$a.subtract($b)",
        "Formula Parameters": {
            "a": "0EFA6AFD-A277-6000-B274-7DCDA7B74529",
            "b": "0EFA6AF1-2B62-77F0-AE00-F789E39DB533"
        },
        "Formula Version": 31,
        "ID": "0EFA6AFE-98FD-75A0-B67B-2F04852C2216",
        "Locked": false,
        "Name": "Increasing Temp after Pump In",
        "Scoped To": "0EFA6AC1-1A47-7130-A816-A3F0F64F3CA1",
        "Type": "CalculatedCondition",
        "UIConfig": {
            "advancedParametersCollapsed": true,
            "configVersion": 11,
            "type": "composite-search"
        },
        "Unsearchable": false
    },
    "0EFA6B00-29D1-EA80-9D2D-C04E1967EEAD": {
        "Archived": false,
        "Cache Enabled": true,
        "Cache ID": "0EFA6B00-29D4-7190-A65A-E4B467BF7462",
        "Capsule Property Units": {},
        "Data ID": "0EFA6B00-29D1-EA80-9D2D-C04E1967EEAD",
        "Datasource Class": "Seeq Calculations",
        "Datasource ID": "Seeq Calculations",
        "Enabled": true,
        "Formula": "$a.subtract($b)",
        "Formula Parameters": {
            "a": "0EFA6AFE-98FD-75A0-B67B-2F04852C2216",
            "b": "0EFA6AF7-ABBF-6280-BEC5-70D262AF0AE0"
        },
        "Formula Version": 31,
        "ID": "0EFA6B00-29D1-EA80-9D2D-C04E1967EEAD",
        "Locked": false,
        "Name": "Heat Up",
        "Scoped To": "0EFA6AC1-1A47-7130-A816-A3F0F64F3CA1",
        "Type": "CalculatedCondition",
        "UIConfig": {
            "advancedParametersCollapsed": true,
            "configVersion": 11,
            "type": "composite-search"
        },
        "Unsearchable": false
    },
    "0EFA6B05-021E-FBF0-A85B-11F471BE6DEF": {
        "Archived": false,
        "Cache Enabled": true,
        "Cache ID": "0EFA6B05-0223-EA10-9AE1-DEAA3C26AEC1",
        "Capsule ID Property": "start",
        "Capsule Property Units": {
            "Batch ID": "string"
        },
        "Data ID": "0EFA6B05-021E-FBF0-A85B-11F471BE6DEF",
        "Datasource Class": "Seeq Calculations",
        "Datasource ID": "Seeq Calculations",
        "Enabled": true,
        "Formula": "$b.inverse()",
        "Formula Parameters": {
            "b": "0EFA6AE8-4301-EA40-9BDB-18B7FE3F9C26"
        },
        "Formula Version": 31,
        "ID": "0EFA6B05-021E-FBF0-A85B-11F471BE6DEF",
        "Locked": false,
        "Name": "Turnaround",
        "Scoped To": "0EFA6AC1-1A47-7130-A816-A3F0F64F3CA1",
        "Type": "CalculatedCondition",
        "UIConfig": {
            "advancedParametersCollapsed": true,
            "configVersion": 11,
            "localFormula": "",
            "tabTransitioning": false,
            "type": "formula"
        },
        "Unsearchable": false
    },
    "0EFA6B06-5B7E-6460-8DD6-BA658FE84D98": {
        "Archived": false,
        "Cache Enabled": true,
        "Cache ID": "0EFA6B06-5B85-F990-AFEF-A3604A3FA0F9",
        "Capsule Property Units": {
            "Batch ID": "string"
        },
        "Data ID": "0EFA6B06-5B7E-6460-8DD6-BA658FE84D98",
        "Datasource Class": "Seeq Calculations",
        "Datasource ID": "Seeq Calculations",
        "Enabled": true,
        "Formula": "$batch - $pumpIn - $heatUp - $catalystAddition - $pumpOut",
        "Formula Parameters": {
            "batch": "0EFA6AE8-4301-EA40-9BDB-18B7FE3F9C26",
            "catalystAddition": "0EFA6AF7-ABBF-6280-BEC5-70D262AF0AE0",
            "heatUp": "0EFA6B00-29D1-EA80-9D2D-C04E1967EEAD",
            "pumpIn": "0EFA6AF1-2B62-77F0-AE00-F789E39DB533",
            "pumpOut": "0EFA6AF2-24C2-FD40-8B2D-40885C6D707A"
        },
        "Formula Version": 31,
        "ID": "0EFA6B06-5B7E-6460-8DD6-BA658FE84D98",
        "Locked": false,
        "Maximum Duration": {
            "Unit Of Measure": "d",
            "Value": 7
        },
        "Name": "Downtime",
        "Scoped To": "0EFA6AC1-1A47-7130-A816-A3F0F64F3CA1",
        "Type": "CalculatedCondition",
        "UIConfig": {
            "advancedParametersCollapsed": true,
            "configVersion": 11,
            "localFormula": "",
            "tabTransitioning": false,
            "type": "formula"
        },
        "Unsearchable": false
    },
    "0EFA6B08-1417-73E0-A96D-BC28F7C13CBC": {
        "Archived": false,
        "Cache Enabled": true,
        "Cache ID": "0EFA6B08-1419-EAF0-9D9E-C0A4212CEF71",
        "Data ID": "0EFA6B08-1417-73E0-A96D-BC28F7C13CBC",
        "Datasource Class": "Seeq Calculations",
        "Datasource ID": "Seeq Calculations",
        "Enabled": true,
        "Formula": "$series.aggregate(totalDuration(\"h\"), $capsules, middleKey(), 0s)",
        "Formula Parameters": {
            "capsules": "0EFA6AE8-4301-EA40-9BDB-18B7FE3F9C26",
            "series": "0EFA6AE8-4301-EA40-9BDB-18B7FE3F9C26"
        },
        "Formula Version": 31,
        "ID": "0EFA6B08-1417-73E0-A96D-BC28F7C13CBC",
        "Interpolation Method": "None",
        "Locked": false,
        "Maximum Interpolation": {
            "Unit Of Measure": "s",
            "Value": 0
        },
        "Name": "Cycle Time",
        "Scoped To": "0EFA6AC1-1A47-7130-A816-A3F0F64F3CA1",
        "Type": "CalculatedSignal",
        "UIConfig": {
            "advancedParametersCollapsed": true,
            "configVersion": 11,
            "type": "signal-from-condition"
        },
        "Unsearchable": false,
        "Value Unit Of Measure": "h"
    },
    "0EFA6B0F-9189-FF10-9965-4C630C45F285": {
        "Archived": false,
        "Cache Enabled": true,
        "Cache ID": "0EFA6B0F-9193-FB50-A054-485AED05AEF6",
        "Capsule Property Units": {
            "Batch ID": "string",
            "Phase": "string"
        },
        "Data ID": "0EFA6B0F-9189-FF10-9965-4C630C45F285",
        "Datasource Class": "Seeq Calculations",
        "Datasource ID": "Seeq Calculations",
        "Enabled": true,
        "Formula": [
            "$downtime = $d.setProperty('Phase', 'Downtime')",
            "$catAdd = $ca.setProperty('Phase', 'Catalyst Addition')",
            "$heatUp = $h.setProperty('Phase', 'Heat Up')",
            "$pumpIn = $pi.setProperty('Phase', 'Pump In')",
            "$pumpOut = $po.setProperty('Phase', 'Pump Out')",
            "combinewith($downtime, $catAdd, $heatUp, $pumpIn, $pumpOut)",
            ""
        ],
        "Formula Parameters": {
            "ca": "0EFA6AF7-ABBF-6280-BEC5-70D262AF0AE0",
            "d": "0EFA6B06-5B7E-6460-8DD6-BA658FE84D98",
            "h": "0EFA6B00-29D1-EA80-9D2D-C04E1967EEAD",
            "pi": "0EFA6AF1-2B62-77F0-AE00-F789E39DB533",
            "po": "0EFA6AF2-24C2-FD40-8B2D-40885C6D707A"
        },
        "Formula Version": 31,
        "ID": "0EFA6B0F-9189-FF10-9965-4C630C45F285",
        "Locked": false,
        "Name": "All Phases",
        "Scoped To": "0EFA6AC1-1A47-7130-A816-A3F0F64F3CA1",
        "Type": "CalculatedCondition",
        "UIConfig": {
            "advancedParametersCollapsed": true,
            "configVersion": 11,
            "localFormula": "",
            "tabTransitioning": false,
            "type": "formula"
        },
        "Unsearchable": false
    },
    "0EFA6B11-94DD-EC50-B5EF-F8881F017A9A": {
        "Archived": false,
        "Cache Enabled": false,
        "Data ID": "0EFA6B11-94DD-EC50-B5EF-F8881F017A9A",
        "Datasource Class": "Seeq Calculations",
        "Datasource ID": "Seeq Calculations",
        "Enabled": true,
        "ExpectedProvidedType": "Table",
        "Formula": "conditionTable($condition1.toGroup($viewCapsule, CapsuleBoundary.EnclosedBy), \"Batch ID\", $condition2.toGroup($viewCapsule, CapsuleBoundary.EnclosedBy), \"Phase\").addStatColumn(\"signalToAggregate\", $signalToAggregate, totalDuration(\"h\"))",
        "Formula Parameters": {
            "condition1": "0EFA6AE8-4301-EA40-9BDB-18B7FE3F9C26",
            "condition2": "0EFA6B0F-9189-FF10-9965-4C630C45F285",
            "signalToAggregate": "0EFA6B0F-9189-FF10-9965-4C630C45F285",
            "viewCapsule": "capsule(\"2023-03-19T03:38:00.000Z\", \"2023-03-20T20:26:00.000Z\")"
        },
        "Formula Version": 31,
        "ID": "0EFA6B11-94DD-EC50-B5EF-F8881F017A9A",
        "Locked": false,
        "Name": "Duration of Each Phase",
        "Scoped To": "0EFA6AC1-1A47-7130-A816-A3F0F64F3CA1",
        "Type": "Chart",
        "UIConfig": {
            "aggregationConfigs": [
                {
                    "capsuleMode": "enclosedBy",
                    "conditionProperty": "Batch ID",
                    "id": 1,
                    "mode": "by_condition",
                    "valid": true,
                    "yValueBinMode": "size"
                },
                {
                    "capsuleMode": "enclosedBy",
                    "conditionProperty": "Phase",
                    "id": 2,
                    "mode": "by_condition",
                    "valid": true,
                    "yValueBinMode": "size"
                }
            ],
            "includeEmptyBuckets": false,
            "mode": "by_y_value",
            "stat": {
                "key": "totalDuration",
                "timeUnits": "h"
            },
            "type": "aggregation-bins-table",
            "yValueSignal": ""
        },
        "Unsearchable": false
    },
    "0EFA6B19-810B-EA30-A85F-363FA43E1955": {
        "Archived": false,
        "Cache Enabled": true,
        "Cache ID": "0EFA6B19-810E-7140-860D-7894D4743ECE",
        "Capsule ID Property": "start",
        "Capsule Property Units": {
            "Week": "string"
        },
        "Data ID": "0EFA6B19-810B-EA30-A85F-363FA43E1955",
        "Datasource Class": "Seeq Calculations",
        "Datasource ID": "Seeq Calculations",
        "Enabled": true,
        "Formula": "weeks(Day.Sunday, \"US/Central\")",
        "Formula Parameters": {},
        "Formula Version": 31,
        "ID": "0EFA6B19-810B-EA30-A85F-363FA43E1955",
        "Locked": false,
        "Maximum Duration": {
            "Unit Of Measure": "wk",
            "Value": 1.005952380952381
        },
        "Maximum Interpolation": {
            "Unit Of Measure": "s",
            "Value": 608400.0
        },
        "Name": "Weekly 1",
        "Scoped To": "0EFA6AC1-1A47-7130-A816-A3F0F64F3CA1",
        "Type": "CalculatedCondition",
        "UIConfig": {
            "advancedParametersCollapsed": true,
            "configVersion": 11,
            "customDuration": {
                "units": "h",
                "value": 0
            },
            "customPeriod": {
                "units": "h",
                "value": 0
            },
            "customPeriodDisable": true,
            "duration": "weeks",
            "frequencies": [],
            "offset": {
                "units": "min",
                "value": 0
            },
            "quarterStart": {
                "day": 1,
                "month": "Month.January"
            },
            "shift": {
                "duration": 8,
                "offset": 8
            },
            "timezone": "US/Central",
            "type": "periodic-condition",
            "weekStart": "Day.Sunday"
        },
        "Unsearchable": false
    },
    "0EFA6B1A-B4F7-EC30-8818-DCDA699F5217": {
        "Archived": false,
        "Cache Enabled": true,
        "Cache ID": "0EFA6B1A-B4FC-EA50-A82B-435F0A35AE97",
        "Data ID": "0EFA6B1A-B4F7-EC30-8818-DCDA699F5217",
        "Datasource Class": "Seeq Calculations",
        "Datasource ID": "Seeq Calculations",
        "Enabled": true,
        "Formula": "$series.aggregate(count(), $capsules, durationKey())",
        "Formula Parameters": {
            "capsules": "0EFA6B19-810B-EA30-A85F-363FA43E1955",
            "series": "0EFA6B06-5B7E-6460-8DD6-BA658FE84D98"
        },
        "Formula Version": 31,
        "ID": "0EFA6B1A-B4F7-EC30-8818-DCDA699F5217",
        "Interpolation Method": "Step",
        "Locked": false,
        "Maximum Interpolation": {
            "Unit Of Measure": "s",
            "Value": 608400.0
        },
        "Name": "Count of Downtime Events",
        "Scoped To": "0EFA6AC1-1A47-7130-A816-A3F0F64F3CA1",
        "Type": "CalculatedSignal",
        "UIConfig": {
            "advancedParametersCollapsed": true,
            "configVersion": 11,
            "type": "signal-from-condition"
        },
        "Unsearchable": false,
        "Value Unit Of Measure": ""
    },
    "0EFA6B1B-C937-FFA0-9C43-645BA1CC490B": {
        "Archived": false,
        "Cache Enabled": true,
        "Cache ID": "0EFA6B1B-C93A-66B0-AF3B-E459C9FF664C",
        "Data ID": "0EFA6B1B-C937-FFA0-9C43-645BA1CC490B",
        "Datasource Class": "Seeq Calculations",
        "Datasource ID": "Seeq Calculations",
        "Enabled": true,
        "Formula": "$series.aggregate(totalDuration(\"min\"), $capsules, durationKey())",
        "Formula Parameters": {
            "capsules": "0EFA6B06-5B7E-6460-8DD6-BA658FE84D98",
            "series": "0EFA6B06-5B7E-6460-8DD6-BA658FE84D98"
        },
        "Formula Version": 31,
        "ID": "0EFA6B1B-C937-FFA0-9C43-645BA1CC490B",
        "Interpolation Method": "Step",
        "Locked": false,
        "Maximum Interpolation": {
            "Unit Of Measure": "h",
            "Value": 40
        },
        "Name": "Duration of Downtime Events",
        "Scoped To": "0EFA6AC1-1A47-7130-A816-A3F0F64F3CA1",
        "Type": "CalculatedSignal",
        "UIConfig": {
            "advancedParametersCollapsed": true,
            "configVersion": 11,
            "type": "signal-from-condition"
        },
        "Unsearchable": false,
        "Value Unit Of Measure": "min"
    },
    "0EFA6B1C-A8C7-66C0-9D51-6CC893FB1D76": {
        "Archived": false,
        "Cache Enabled": true,
        "Cache ID": "0EFA6B1C-A8CC-64E0-A432-AD62041CA98F",
        "Data ID": "0EFA6B1C-A8C7-66C0-9D51-6CC893FB1D76",
        "Datasource Class": "Seeq Calculations",
        "Datasource ID": "Seeq Calculations",
        "Enabled": true,
        "Formula": "$series.aggregate(totalDuration(\"h\"), $capsules, durationKey())",
        "Formula Parameters": {
            "capsules": "0EFA6B19-810B-EA30-A85F-363FA43E1955",
            "series": "0EFA6B06-5B7E-6460-8DD6-BA658FE84D98"
        },
        "Formula Version": 31,
        "ID": "0EFA6B1C-A8C7-66C0-9D51-6CC893FB1D76",
        "Interpolation Method": "Step",
        "Locked": false,
        "Maximum Interpolation": {
            "Unit Of Measure": "s",
            "Value": 608400.0
        },
        "Name": "Weekly Downtime",
        "Scoped To": "0EFA6AC1-1A47-7130-A816-A3F0F64F3CA1",
        "Type": "CalculatedSignal",
        "UIConfig": {
            "advancedParametersCollapsed": true,
            "configVersion": 11,
            "type": "signal-from-condition"
        },
        "Unsearchable": false,
        "Value Unit Of Measure": "h"
    },
    "0EFA6B1D-7B3E-FD10-844A-199E5008C05D": {
        "Archived": false,
        "Cache Enabled": true,
        "Cache ID": "0EFA6B1D-7B43-FB30-88FA-714EBF1D969E",
        "Data ID": "0EFA6B1D-7B3E-FD10-844A-199E5008C05D",
        "Datasource Class": "Seeq Calculations",
        "Datasource ID": "Seeq Calculations",
        "Enabled": true,
        "Formula": "$wd*3800.setunits('$/hr') //cost of each hour of downtime",
        "Formula Parameters": {
            "wd": "0EFA6B1C-A8C7-66C0-9D51-6CC893FB1D76"
        },
        "Formula Version": 31,
        "ID": "0EFA6B1D-7B3E-FD10-844A-199E5008C05D",
        "Interpolation Method": "Step",
        "Locked": false,
        "Maximum Interpolation": {
            "Unit Of Measure": "s",
            "Value": 608400.0
        },
        "Name": "Total Weekly Downtime Cost",
        "Scoped To": "0EFA6AC1-1A47-7130-A816-A3F0F64F3CA1",
        "Type": "CalculatedSignal",
        "UIConfig": {
            "advancedParametersCollapsed": true,
            "configVersion": 11,
            "localFormula": "",
            "tabTransitioning": false,
            "type": "formula"
        },
        "Unsearchable": false,
        "Value Unit Of Measure": "$"
    },
    "0EFA6B1E-AF34-FB50-9B7F-E9FD300915BF": {
        "Archived": false,
        "Cache Enabled": false,
        "Data ID": "0EFA6B1E-AF34-FB50-9B7F-E9FD300915BF",
        "Datasource Class": "Seeq Calculations",
        "Datasource ID": "Seeq Calculations",
        "Enabled": true,
        "Formula": "<ThresholdMetric>",
        "Formula Parameters": {
            "Aggregation Condition": "0efa6b1e-af96-75d0-a58b-b734f8b61a28",
            "Aggregation Function": "endValue(true)",
            "Bounding Condition": "0EFA6B19-810B-EA30-A85F-363FA43E1955",
            "Measured Item": "0EFA6B1D-7B3E-FD10-844A-199E5008C05D",
            "Metric Neutral Color": "#ffffff",
            "Process Type": "Condition",
            "Thresholds": [
                {
                    "Priority": {
                        "Color": "#ff0000",
                        "Level": 3,
                        "Name": "HiHiHi"
                    },
                    "Value": {
                        "Unit Of Measure": "",
                        "Value": 25000
                    }
                },
                {
                    "Priority": {
                        "Color": "#ffdd52",
                        "Level": 2,
                        "Name": "HiHi"
                    },
                    "Value": {
                        "Unit Of Measure": "",
                        "Value": 20000
                    }
                }
            ]
        },
        "ID": "0EFA6B1E-AF34-FB50-9B7F-E9FD300915BF",
        "Locked": false,
        "MetricReconfigurationMigration": true,
        "Name": "Weekly Downtime Costs",
        "Scoped To": "0EFA6AC1-1A47-7130-A816-A3F0F64F3CA1",
        "Type": "ThresholdMetric",
        "UIConfig": {
            "advancedParametersCollapsed": true,
            "type": "threshold-metric"
        },
        "Unsearchable": false
    },
    "65954CDF-D113-46C0-9175-C13A8CFF9619": {
        "Archived": false,
        "Cache Enabled": false,
        "Cache ID": "12EF1DC9-4244-4725-8D1D-204433F6C0F5",
        "Data ID": "[Tag] Batch Product Code.sim.ts.csv",
        "Datasource Class": "Time Series CSV Files",
        "Datasource ID": "trainingData",
        "Enabled": true,
        "ID": "65954CDF-D113-46C0-9175-C13A8CFF9619",
        "Interpolation Method": "Step",
        "Key Unit Of Measure": "ns",
        "Locked": false,
        "Maximum Interpolation": "120.0s",
        "Name": "Batch Product Code",
        "Source Maximum Interpolation": "120000000000ns",
        "Source Value Unit Of Measure": "string",
        "Stored Series Cache Version": 1,
        "Sync Token": "2023-02-16T00:00:00.365541947Z",
        "Type": "StoredSignal",
        "Unsearchable": false,
        "Value Unit Of Measure": "string"
    },
    "70629BEA-A780-4595-8678-00093700A8C1": {
        "Archived": false,
        "Cache Enabled": false,
        "Cache ID": "9C45C435-E1E0-48E6-AC2A-A877EFBE799D",
        "Data ID": "[Tag] Batch Reactor Catalyst Feed Rate.sim.ts.csv",
        "Datasource Class": "Time Series CSV Files",
        "Datasource ID": "trainingData",
        "Enabled": true,
        "ID": "70629BEA-A780-4595-8678-00093700A8C1",
        "Interpolation Method": "Linear",
        "Key Unit Of Measure": "ns",
        "Locked": false,
        "Maximum Interpolation": "120.0s",
        "Name": "Batch Reactor Catalyst Feed Rate",
        "Source Maximum Interpolation": "120000000000ns",
        "Source Value Unit Of Measure": "kg/h",
        "Stored Series Cache Version": 1,
        "Sync Token": "2023-02-16T00:00:00.365541947Z",
        "Type": "StoredSignal",
        "Unsearchable": false,
        "Value Unit Of Measure": "kg/h"
    },
    "905A3390-CCA6-489B-89A3-492EC9F7FF26": {
        "Access Control": [
            {
                "ID": "726694d8-3949-4a40-aa59-e01b172690cd",
                "Identity": {
                    "Datasource Class": "OAuth 2.0",
                    "Datasource ID": "9ecc7e74-4c32-436d-9af0-70d8aa99386b",
                    "Datasource Name": "Seeq Azure SSO",
                    "Email": "Joseph.Reckamp@seeq.com",
                    "First Name": "Joe",
                    "ID": "C9FD5B90-17F3-4CA7-8C37-CD9B7D9B85D2",
                    "Is Admin": true,
                    "Last Name": "Reckamp",
                    "Name": "Joe Reckamp",
                    "Type": "User",
                    "Username": "DEg3Lh5pLS4-lG84EjGXXXdzxhd1450vkLgiu8he2l8"
                },
                "Origin": null,
                "Permissions": {
                    "Manage": true,
                    "Read": true,
                    "Write": true
                },
                "Redacted": false,
                "Role": "OWNER"
            }
        ],
        "Ancestors": [
            "__Users__"
        ],
        "Archived": false,
        "Cache Enabled": false,
        "Created At": "1605736826077625600",
        "Enabled": true,
        "ID": "905A3390-CCA6-489B-89A3-492EC9F7FF26",
        "Locked": false,
        "Name": "Joseph Reckamp",
        "Owner": {
            "Datasource Class": "OAuth 2.0",
            "Datasource ID": "9ecc7e74-4c32-436d-9af0-70d8aa99386b",
            "Datasource Name": "Seeq Azure SSO",
            "Email": "Joseph.Reckamp@seeq.com",
            "First Name": "Joe",
            "ID": "C9FD5B90-17F3-4CA7-8C37-CD9B7D9B85D2",
            "Is Admin": true,
            "Last Name": "Reckamp",
            "Name": "Joe Reckamp",
            "Type": "User",
            "Username": "DEg3Lh5pLS4-lG84EjGXXXdzxhd1450vkLgiu8he2l8"
        },
        "Permission Inheritance Disabled": true,
        "Type": "Folder",
        "Unmodifiable": true,
        "Unsearchable": true,
        "Updated At": "1605736826077625600"
    },
    "B2AB32DC-4CF1-432F-95C5-4B0D7D0AC4E8": {
        "Archived": false,
        "Cache Enabled": false,
        "Cache ID": "40E4763D-2239-420A-B625-3E0E55683E48",
        "Data ID": "[Tag] Batch Reactor Fill Level.sim.ts.csv",
        "Datasource Class": "Time Series CSV Files",
        "Datasource ID": "trainingData",
        "Enabled": true,
        "ID": "B2AB32DC-4CF1-432F-95C5-4B0D7D0AC4E8",
        "Interpolation Method": "Linear",
        "Key Unit Of Measure": "ns",
        "Locked": false,
        "Maximum Interpolation": "120.0s",
        "Name": "Batch Reactor Fill Level",
        "Source Maximum Interpolation": "120000000000ns",
        "Source Value Unit Of Measure": "%",
        "Stored Series Cache Version": 1,
        "Sync Token": "2023-02-16T00:00:00.365541947Z",
        "Type": "StoredSignal",
        "Unsearchable": false,
        "Value Unit Of Measure": "%"
    },
    "CABA126B-BA56-4ED7-8211-4ED4AB419E15": {
        "Archived": false,
        "Cache Enabled": false,
        "Cache ID": "C6E68EB5-EDBC-4B11-8596-21FAF1D03E7E",
        "Data ID": "[Tag] Batch Reactor Temperature.sim.ts.csv",
        "Datasource Class": "Time Series CSV Files",
        "Datasource ID": "trainingData",
        "Enabled": true,
        "ID": "CABA126B-BA56-4ED7-8211-4ED4AB419E15",
        "Interpolation Method": "Linear",
        "Key Unit Of Measure": "ns",
        "Locked": false,
        "Maximum Interpolation": "120.0s",
        "Name": "Batch Reactor Temperature",
        "Source Maximum Interpolation": "120000000000ns",
        "Source Value Unit Of Measure": "\u00b0F",
        "Stored Series Cache Version": 1,
        "Sync Token": "2023-02-16T00:00:00.365541947Z",
        "Type": "StoredSignal",
        "Unsearchable": false,
        "Value Unit Of Measure": "\u00b0F"
    }
}