{
    "Definition": {
        "Archived": false,
        "Cache Enabled": false,
        "Created At": "1732044346444462364",
        "Description": "Solvay optimized batch cycle time with Seeq resulting in 6-8 more batches per year in two reactors. Learn more here ! Batch Cycle Time - Downtime Identification Solution: Access raw data , bringing in key reactor tags . ( Do it! Navigate to the asset group 'Batch Reactors' and add",
        "Document": "<h2 style=\"text-align:center;\"><strong>Batch Cycle Time Optimization</strong></h2><figure class=\"table\" style=\"width:100%;\"><table class=\"ck-table-resized\" style=\"border-color:hsl(0, 0%, 100%);border-style:solid;\"><colgroup><col style=\"width:25.53%;\" /><col style=\"width:74.47%;\" /></colgroup><tbody><tr><td style=\"border-color:hsl(0, 0%, 100%);border-style:solid;\"><figure class=\"image\"><img src=\"/api/annotations/0EFA6AC1-389D-7300-8645-90AA3A82C4C2/images/image_v1.png\"></figure></td><td style=\"border-color:hsl(0, 0%, 100%);border-style:solid;\"><h4><i>Solvay optimized batch cycle time with Seeq resulting in<strong> 6-8 more batches per year </strong>in two reactors. Learn more </i><a target=\"_blank\" href=\"https://www.solvay.com/sites/g/files/srpend221/files/2023-05/solvay-2022-annual-integrated-report.pdf\" rel=\"nofollow noopener noreferrer\"><i>here</i></a><i>!</i></h4></td></tr></tbody></table></figure><h4><a href=\"/links?type&#61;workstep&amp;workbook&#61;0EFA6AC1-1A47-7130-A816-A3F0F64F3CA1&amp;worksheet&#61;0EFA6AC1-2144-EA00-B88D-02BD625C75DD&amp;workstep&#61;0EFA6B17-6ACC-60F0-A990-F0DB4E4401E6\" rel=\"nofollow noopener noreferrer\">Batch Cycle Time - Downtime Identification</a></h4><h3><strong>Solution:</strong></h3><p><strong>Access raw data</strong>, bringing in <a href=\"/links?type&#61;workstep&amp;workbook&#61;0EFA6AC1-1A47-7130-A816-A3F0F64F3CA1&amp;worksheet&#61;0EFA6AC1-2144-EA00-B88D-02BD625C75DD&amp;workstep&#61;0EFA6AE5-9101-6040-A53A-30A2B46BBEBF\" rel=\"nofollow noopener noreferrer\">key reactor tags</a>. <i>(<strong>Do it! </strong>Navigate to the asset group &#39;Batch Reactors&#39; and add Catalyst Feed Rate and Reactor Temperature.)\u00a0</i></p><p><strong>Identify when each batch is active </strong>using <a href=\"/links?type&#61;workstep&amp;workbook&#61;0EFA6AC1-1A47-7130-A816-A3F0F64F3CA1&amp;worksheet&#61;0EFA6AC1-2144-EA00-B88D-02BD625C75DD&amp;workstep&#61;0EFA6AE8-F1E4-6260-8DEB-9F4C7F0AC3C7\" rel=\"nofollow noopener noreferrer\">reactor fill level to identify batches</a>. <i>(<strong>Do it! </strong>Use Value Search to create a condition for when Reactor Fill Level is greater than 5, ignore capsules shorter than 5 minutes)</i></p><p><strong>Identify the pump in and pump out phases </strong>by finding <a href=\"/links?type&#61;workstep&amp;workbook&#61;0EFA6AC1-1A47-7130-A816-A3F0F64F3CA1&amp;worksheet&#61;0EFA6AC1-2144-EA00-B88D-02BD625C75DD&amp;workstep&#61;0EFA6AF4-C7E2-FDC0-9ACE-CD69BF972A24\" rel=\"nofollow noopener noreferrer\">when the derivative is increasing and decreasing</a>.</p><p><a href=\"/links?type&#61;workstep&amp;workbook&#61;0EFA6AC1-1A47-7130-A816-A3F0F64F3CA1&amp;worksheet&#61;0EFA6AC1-2144-EA00-B88D-02BD625C75DD&amp;workstep&#61;0EFA6B01-FF30-7590-A87A-696902CF424C\" rel=\"nofollow noopener noreferrer\">Identify heat up and catalyst addition phases</a> <i><strong>(Do it!</strong> Use composite condition where A &#61; Increasing Temp after Pump In and B &#61; Catalyst Addition 2 and use A minus B, heat up identified, in lane)</i></p><p><a href=\"/links?type&#61;workstep&amp;workbook&#61;0EFA6AC1-1A47-7130-A816-A3F0F64F3CA1&amp;worksheet&#61;0EFA6AC1-2144-EA00-B88D-02BD625C75DD&amp;workstep&#61;0EFA6B0B-3100-6080-8838-74BB45768A98\" rel=\"nofollow noopener noreferrer\">Identify downtime and quantify batch cycle time</a><i> (<strong>Do it! </strong>Create a notification for when downtime occurs.)</i></p><p><a href=\"/links?type&#61;workstep&amp;workbook&#61;0EFA6AC1-1A47-7130-A816-A3F0F64F3CA1&amp;worksheet&#61;0EFA6AC1-2144-EA00-B88D-02BD625C75DD&amp;workstep&#61;0EFA6B13-1478-EE50-9BBA-9B9C06D114D1\" rel=\"nofollow noopener noreferrer\">Analyze cycle time of batch phases with Histogram</a> (<a href=\"/links?type&#61;workstep&amp;workbook&#61;0EFA6AC1-1A47-7130-A816-A3F0F64F3CA1&amp;worksheet&#61;0EFA6AC1-2144-EA00-B88D-02BD625C75DD&amp;workstep&#61;0EFA6B17-6ACC-60F0-A990-F0DB4E4401E6\" rel=\"nofollow noopener noreferrer\">Analyze with Histogram and visualize the phases</a>)</p><p><strong>Quantify cost impact </strong>of downtime<strong> and scale over all three reactors.</strong> <a href=\"/links?type&#61;workstep&amp;workbook&#61;0EFA6AC1-1A47-7130-A816-A3F0F64F3CA1&amp;worksheet&#61;0EFA6AC1-2144-EA00-B88D-02BD625C75DD&amp;workstep&#61;0EFA6B22-B47C-ECD0-BFD6-C5735BA6CC73\" rel=\"nofollow noopener noreferrer\">Table of downtime events for each reactor</a></p>",
        "DocumentBackup\u02c9DEg3Lh5pLS4-lG84EjGXXXdzxhd1450vkLgiu8he2l8\u02c92024-11-19T19:26:00Z": "<h2 style=\"text-align:center;\"><strong>Batch Cycle Time Optimization</strong></h2><figure class=\"table\"><table class=\"ck-table-resized\" style=\"border-color:hsl(0, 0%, 100%);border-style:solid;\"><colgroup><col style=\"width:25.52%;\" /><col style=\"width:74.48%;\" /></colgroup><tbody><tr><td style=\"border-color:hsl(0, 0%, 100%);border-style:solid;\"><figure class=\"image\"><img src=\"/api/annotations/0EFA6AC1-389D-7300-8645-90AA3A82C4C2/images/image_v1.png\"></figure></td><td style=\"border-color:hsl(0, 0%, 100%);border-style:solid;\"><h4><i>Solvay optimized batch cycle time with Seeq resulting in<strong> 6-8 more batches per year </strong>in two reactors. Learn more </i><a target=\"_blank\" href=\"https://www.solvay.com/sites/g/files/srpend221/files/2023-05/solvay-2022-annual-integrated-report.pdf\" rel=\"nofollow noopener noreferrer\"><i>here</i></a><i>!</i></h4></td></tr></tbody></table></figure><h4><a href=\"/links?type&#61;workstep&amp;workbook&#61;0EE6DD2B-8CFF-6420-A7F0-AA0043EA25A1&amp;worksheet&#61;0EE6DD2B-9011-6640-AAFD-C206A8C98E4E&amp;workstep&#61;0EE6DE8C-8BBB-E890-BFC6-FF0AF9054E02\" rel=\"nofollow noopener noreferrer\">Batch Cycle Time - Downtime Identification</a></h4><h3><strong>Solution:</strong></h3><p><strong>Access raw data</strong>, bringing in <a href=\"/links?type&#61;workstep&amp;workbook&#61;0EE6DD2B-8CFF-6420-A7F0-AA0043EA25A1&amp;worksheet&#61;0EE6DD2B-9011-6640-AAFD-C206A8C98E4E&amp;workstep&#61;0EE6DD3D-7FE2-EC30-9CA4-C1F43AC302B0\" rel=\"nofollow noopener noreferrer\">key reactor tags</a>. <i>(<strong>Do it! </strong></i><a href=\"/links?type&#61;workstep&amp;workbook&#61;0EE6DD2B-8CFF-6420-A7F0-AA0043EA25A1&amp;worksheet&#61;0EE6DD2B-9011-6640-AAFD-C206A8C98E4E&amp;workstep&#61;0EE6DD3D-FD99-6610-9C8B-84D4A48AC718\" rel=\"nofollow noopener noreferrer\"><i>start</i></a><i> Navigate to the asset group &#39;Batch Reactors&#39; and add Catalyst Feed Rate and Reactor Temperature.)\u00a0</i></p><p><strong>Identify when each batch is active </strong>using <a href=\"/links?type&#61;workstep&amp;workbook&#61;0EE6DD2B-8CFF-6420-A7F0-AA0043EA25A1&amp;worksheet&#61;0EE6DD2B-9011-6640-AAFD-C206A8C98E4E&amp;workstep&#61;0EE6DD70-D079-7120-88DF-8090FD33FB58\" rel=\"nofollow noopener noreferrer\">reactor fill level to identify batches</a>. <i>(<strong>Do it! </strong></i><a href=\"/links?type&#61;workstep&amp;workbook&#61;0EE6DD2B-8CFF-6420-A7F0-AA0043EA25A1&amp;worksheet&#61;0EE6DD2B-9011-6640-AAFD-C206A8C98E4E&amp;workstep&#61;0EE6DD3D-FD99-6610-9C8B-84D4A48AC718\" rel=\"nofollow noopener noreferrer\"><i>start</i></a><i> use Value Search to create a condition for when Reactor Fill Level is greater than 5, ignore capsules shorter than 5 minutes)</i></p><p><strong>Identify the pump in and pump out phases </strong>by finding <a href=\"/links?type&#61;workstep&amp;workbook&#61;0EE6DD2B-8CFF-6420-A7F0-AA0043EA25A1&amp;worksheet&#61;0EE6DD2B-9011-6640-AAFD-C206A8C98E4E&amp;workstep&#61;0EE6DE29-04D5-EE10-9E68-EA39FB376A5B\" rel=\"nofollow noopener noreferrer\">when the derivative is increasing and decreasing</a>.</p><p><a href=\"/links?type&#61;workstep&amp;workbook&#61;0EE6DD2B-8CFF-6420-A7F0-AA0043EA25A1&amp;worksheet&#61;0EE6DD2B-9011-6640-AAFD-C206A8C98E4E&amp;workstep&#61;0EE6DE41-2413-FB20-B31F-8D29898C454A\" rel=\"nofollow noopener noreferrer\">Identify heat up and catalyst addition phases</a> <i><strong>(Do it!</strong> </i><a href=\"/links?type&#61;workstep&amp;workbook&#61;0EE6DD2B-8CFF-6420-A7F0-AA0043EA25A1&amp;worksheet&#61;0EE6DD2B-9011-6640-AAFD-C206A8C98E4E&amp;workstep&#61;0EE6DE52-F5E1-FF60-83F5-E3D055A3E8B8\" rel=\"nofollow noopener noreferrer\"><i>start</i></a><i> Use composite condition where A &#61; Increasing Temp after Pump In and B &#61; Catalyst Addition 2 and use A minus B, </i><a href=\"/links?type&#61;workstep&amp;workbook&#61;0EE6DD2B-8CFF-6420-A7F0-AA0043EA25A1&amp;worksheet&#61;0EE6DD2B-9011-6640-AAFD-C206A8C98E4E&amp;workstep&#61;0EE6DE41-2413-FB20-B31F-8D29898C454A\" rel=\"nofollow noopener noreferrer\"><i>heat up identified, in lane</i></a><i>)</i></p><p><a href=\"/links?type&#61;workstep&amp;workbook&#61;0EE6DD2B-8CFF-6420-A7F0-AA0043EA25A1&amp;worksheet&#61;0EE6DD2B-9011-6640-AAFD-C206A8C98E4E&amp;workstep&#61;0EE6DE76-B71D-E800-8524-FB770694DEC0\" rel=\"nofollow noopener noreferrer\">Identify downtime and quantify batch cycle time</a><i> (<strong>Do it! </strong>Create a notification for when downtime occurs.)</i></p><p><a href=\"/links?type&#61;workstep&amp;workbook&#61;0EE6DD2B-8CFF-6420-A7F0-AA0043EA25A1&amp;worksheet&#61;0EE6DD2B-9011-6640-AAFD-C206A8C98E4E&amp;workstep&#61;0EE6DE82-9177-EEF0-962A-699093CD7E86\" rel=\"nofollow noopener noreferrer\">Analyze cycle time of batch phases with Histogram</a> (<a href=\"/links?type&#61;workstep&amp;workbook&#61;0EE6DD2B-8CFF-6420-A7F0-AA0043EA25A1&amp;worksheet&#61;0EE6DD2B-9011-6640-AAFD-C206A8C98E4E&amp;workstep&#61;0EE6DE8C-8BBB-E890-BFC6-FF0AF9054E02\" rel=\"nofollow noopener noreferrer\">Analyze with Histogram and visualize the phases</a>)</p><p><strong>Quantify cost impact </strong>of downtime<strong> and scale over all three reactors.</strong> <a href=\"/links?type&#61;workstep&amp;workbook&#61;0EE6DD2B-8CFF-6420-A7F0-AA0043EA25A1&amp;worksheet&#61;0EE6DD2B-9011-6640-AAFD-C206A8C98E4E&amp;workstep&#61;0EE71C80-C666-E8A0-8128-9424ECB4E2D9\" rel=\"nofollow noopener noreferrer\">Table of downtime events for each reactor</a></p>",
        "DocumentBackup\u02c9DEg3Lh5pLS4-lG84EjGXXXdzxhd1450vkLgiu8he2l8\u02c92024-11-19T19:27:00Z": "<h2 style=\"text-align:center;\"><strong>Batch Cycle Time Optimization</strong></h2><figure class=\"table\" style=\"width:100%;\"><table class=\"ck-table-resized\" style=\"border-color:hsl(0, 0%, 100%);border-style:solid;\"><colgroup><col style=\"width:25.53%;\" /><col style=\"width:74.47%;\" /></colgroup><tbody><tr><td style=\"border-color:hsl(0, 0%, 100%);border-style:solid;\"><figure class=\"image\"><img src=\"/api/annotations/0EFA6AC1-389D-7300-8645-90AA3A82C4C2/images/image_v1.png\"></figure></td><td style=\"border-color:hsl(0, 0%, 100%);border-style:solid;\"><h4><i>Solvay optimized batch cycle time with Seeq resulting in<strong> 6-8 more batches per year </strong>in two reactors. Learn more </i><a target=\"_blank\" href=\"https://www.solvay.com/sites/g/files/srpend221/files/2023-05/solvay-2022-annual-integrated-report.pdf\" rel=\"nofollow noopener noreferrer\"><i>here</i></a><i>!</i></h4></td></tr></tbody></table></figure><h4>Batch Cycle Time - Downtime Identification</h4><h3><strong>Solution:</strong></h3><p><strong>Access raw data</strong>, bringing in key reactor tags. <i>(<strong>Do it! </strong>Navigate to the asset group &#39;Batch Reactors&#39; and add Catalyst Feed Rate and Reactor Temperature.)\u00a0</i></p><p><strong>Identify when each batch is active </strong>using reactor fill level to identify batches. <i>(<strong>Do it! </strong>Use Value Search to create a condition for when Reactor Fill Level is greater than 5, ignore capsules shorter than 5 minutes)</i></p><p><strong>Identify the pump in and pump out phases </strong>by finding when the derivative is increasing and decreasing.</p><p>Identify heat up and catalyst addition phases <i><strong>(Do it!</strong> Use composite condition where A &#61; Increasing Temp after Pump In and B &#61; Catalyst Addition 2 and use A minus B, heat up identified, in lane)</i></p><p>Identify downtime and quantify batch cycle time<i> (<strong>Do it! </strong>Create a notification for when downtime occurs.)</i></p><p>Analyze cycle time of batch phases with Histogram (Analyze with Histogram and visualize the phases)</p><p><strong>Quantify cost impact </strong>of downtime<strong> and scale over all three reactors.</strong> Table of downtime events for each reactor</p>",
        "DocumentBackup\u02c9DEg3Lh5pLS4-lG84EjGXXXdzxhd1450vkLgiu8he2l8\u02c92024-11-19T19:41:00Z": "<h2 style=\"text-align:center;\"><strong>Batch Cycle Time Optimization</strong></h2><figure class=\"table\" style=\"width:100%;\"><table class=\"ck-table-resized\" style=\"border-color:hsl(0, 0%, 100%);border-style:solid;\"><colgroup><col style=\"width:25.53%;\" /><col style=\"width:74.47%;\" /></colgroup><tbody><tr><td style=\"border-color:hsl(0, 0%, 100%);border-style:solid;\"><figure class=\"image\"><img src=\"/api/annotations/0EFA6AC1-389D-7300-8645-90AA3A82C4C2/images/image_v1.png\"></figure></td><td style=\"border-color:hsl(0, 0%, 100%);border-style:solid;\"><h4><i>Solvay optimized batch cycle time with Seeq resulting in<strong> 6-8 more batches per year </strong>in two reactors. Learn more </i><a target=\"_blank\" href=\"https://www.solvay.com/sites/g/files/srpend221/files/2023-05/solvay-2022-annual-integrated-report.pdf\" rel=\"nofollow noopener noreferrer\"><i>here</i></a><i>!</i></h4></td></tr></tbody></table></figure><h4>Batch Cycle Time - Downtime Identification</h4><h3><strong>Solution:</strong></h3><p><strong>Access raw data</strong>, bringing in <a href=\"/links?type&#61;workstep&amp;workbook&#61;0EFA6AC1-1A47-7130-A816-A3F0F64F3CA1&amp;worksheet&#61;0EFA6AC1-2144-EA00-B88D-02BD625C75DD&amp;workstep&#61;0EFA6AE4-A529-60A0-A600-4C3C844DB1C5\" rel=\"nofollow noopener noreferrer\">key reactor tags</a>. <i>(<strong>Do it! </strong>Navigate to the asset group &#39;Batch Reactors&#39; and add Catalyst Feed Rate and Reactor Temperature.)\u00a0</i></p><p><strong>Identify when each batch is active </strong>using reactor fill level to identify batches. <i>(<strong>Do it! </strong>Use Value Search to create a condition for when Reactor Fill Level is greater than 5, ignore capsules shorter than 5 minutes)</i></p><p><strong>Identify the pump in and pump out phases </strong>by finding when the derivative is increasing and decreasing.</p><p>Identify heat up and catalyst addition phases <i><strong>(Do it!</strong> Use composite condition where A &#61; Increasing Temp after Pump In and B &#61; Catalyst Addition 2 and use A minus B, heat up identified, in lane)</i></p><p>Identify downtime and quantify batch cycle time<i> (<strong>Do it! </strong>Create a notification for when downtime occurs.)</i></p><p>Analyze cycle time of batch phases with Histogram (Analyze with Histogram and visualize the phases)</p><p><strong>Quantify cost impact </strong>of downtime<strong> and scale over all three reactors.</strong> Table of downtime events for each reactor</p>",
        "DocumentBackup\u02c9DEg3Lh5pLS4-lG84EjGXXXdzxhd1450vkLgiu8he2l8\u02c92024-11-19T19:42:00Z": "<h2 style=\"text-align:center;\"><strong>Batch Cycle Time Optimization</strong></h2><figure class=\"table\" style=\"width:100%;\"><table class=\"ck-table-resized\" style=\"border-color:hsl(0, 0%, 100%);border-style:solid;\"><colgroup><col style=\"width:25.53%;\" /><col style=\"width:74.47%;\" /></colgroup><tbody><tr><td style=\"border-color:hsl(0, 0%, 100%);border-style:solid;\"><figure class=\"image\"><img src=\"/api/annotations/0EFA6AC1-389D-7300-8645-90AA3A82C4C2/images/image_v1.png\"></figure></td><td style=\"border-color:hsl(0, 0%, 100%);border-style:solid;\"><h4><i>Solvay optimized batch cycle time with Seeq resulting in<strong> 6-8 more batches per year </strong>in two reactors. Learn more </i><a target=\"_blank\" href=\"https://www.solvay.com/sites/g/files/srpend221/files/2023-05/solvay-2022-annual-integrated-report.pdf\" rel=\"nofollow noopener noreferrer\"><i>here</i></a><i>!</i></h4></td></tr></tbody></table></figure><h4>Batch Cycle Time - Downtime Identification</h4><h3><strong>Solution:</strong></h3><p><strong>Access raw data</strong>, bringing in <a href=\"/links?type&#61;workstep&amp;workbook&#61;0EFA6AC1-1A47-7130-A816-A3F0F64F3CA1&amp;worksheet&#61;0EFA6AC1-2144-EA00-B88D-02BD625C75DD&amp;workstep&#61;0EFA6AE5-9101-6040-A53A-30A2B46BBEBF\" rel=\"nofollow noopener noreferrer\">key reactor tags</a>. <i>(<strong>Do it! </strong>Navigate to the asset group &#39;Batch Reactors&#39; and add Catalyst Feed Rate and Reactor Temperature.)\u00a0</i></p><p><strong>Identify when each batch is active </strong>using reactor fill level to identify batches. <i>(<strong>Do it! </strong>Use Value Search to create a condition for when Reactor Fill Level is greater than 5, ignore capsules shorter than 5 minutes)</i></p><p><strong>Identify the pump in and pump out phases </strong>by finding when the derivative is increasing and decreasing.</p><p>Identify heat up and catalyst addition phases <i><strong>(Do it!</strong> Use composite condition where A &#61; Increasing Temp after Pump In and B &#61; Catalyst Addition 2 and use A minus B, heat up identified, in lane)</i></p><p>Identify downtime and quantify batch cycle time<i> (<strong>Do it! </strong>Create a notification for when downtime occurs.)</i></p><p>Analyze cycle time of batch phases with Histogram (Analyze with Histogram and visualize the phases)</p><p><strong>Quantify cost impact </strong>of downtime<strong> and scale over all three reactors.</strong> Table of downtime events for each reactor</p>",
        "DocumentBackup\u02c9DEg3Lh5pLS4-lG84EjGXXXdzxhd1450vkLgiu8he2l8\u02c92024-11-19T19:43:00Z": "<h2 style=\"text-align:center;\"><strong>Batch Cycle Time Optimization</strong></h2><figure class=\"table\" style=\"width:100%;\"><table class=\"ck-table-resized\" style=\"border-color:hsl(0, 0%, 100%);border-style:solid;\"><colgroup><col style=\"width:25.53%;\" /><col style=\"width:74.47%;\" /></colgroup><tbody><tr><td style=\"border-color:hsl(0, 0%, 100%);border-style:solid;\"><figure class=\"image\"><img src=\"/api/annotations/0EFA6AC1-389D-7300-8645-90AA3A82C4C2/images/image_v1.png\"></figure></td><td style=\"border-color:hsl(0, 0%, 100%);border-style:solid;\"><h4><i>Solvay optimized batch cycle time with Seeq resulting in<strong> 6-8 more batches per year </strong>in two reactors. Learn more </i><a target=\"_blank\" href=\"https://www.solvay.com/sites/g/files/srpend221/files/2023-05/solvay-2022-annual-integrated-report.pdf\" rel=\"nofollow noopener noreferrer\"><i>here</i></a><i>!</i></h4></td></tr></tbody></table></figure><h4>Batch Cycle Time - Downtime Identification</h4><h3><strong>Solution:</strong></h3><p><strong>Access raw data</strong>, bringing in <a href=\"/links?type&#61;workstep&amp;workbook&#61;0EFA6AC1-1A47-7130-A816-A3F0F64F3CA1&amp;worksheet&#61;0EFA6AC1-2144-EA00-B88D-02BD625C75DD&amp;workstep&#61;0EFA6AE5-9101-6040-A53A-30A2B46BBEBF\" rel=\"nofollow noopener noreferrer\">key reactor tags</a>. <i>(<strong>Do it! </strong>Navigate to the asset group &#39;Batch Reactors&#39; and add Catalyst Feed Rate and Reactor Temperature.)\u00a0</i></p><p><strong>Identify when each batch is active </strong>using <a href=\"/links?type&#61;workstep&amp;workbook&#61;0EFA6AC1-1A47-7130-A816-A3F0F64F3CA1&amp;worksheet&#61;0EFA6AC1-2144-EA00-B88D-02BD625C75DD&amp;workstep&#61;0EFA6AE8-F1E4-6260-8DEB-9F4C7F0AC3C7\" rel=\"nofollow noopener noreferrer\">reactor fill level to identify batches</a>. <i>(<strong>Do it! </strong>Use Value Search to create a condition for when Reactor Fill Level is greater than 5, ignore capsules shorter than 5 minutes)</i></p><p><strong>Identify the pump in and pump out phases </strong>by finding when the derivative is increasing and decreasing.</p><p>Identify heat up and catalyst addition phases <i><strong>(Do it!</strong> Use composite condition where A &#61; Increasing Temp after Pump In and B &#61; Catalyst Addition 2 and use A minus B, heat up identified, in lane)</i></p><p>Identify downtime and quantify batch cycle time<i> (<strong>Do it! </strong>Create a notification for when downtime occurs.)</i></p><p>Analyze cycle time of batch phases with Histogram (Analyze with Histogram and visualize the phases)</p><p><strong>Quantify cost impact </strong>of downtime<strong> and scale over all three reactors.</strong> Table of downtime events for each reactor</p>",
        "DocumentBackup\u02c9DEg3Lh5pLS4-lG84EjGXXXdzxhd1450vkLgiu8he2l8\u02c92024-11-19T19:49:00Z": "<h2 style=\"text-align:center;\"><strong>Batch Cycle Time Optimization</strong></h2><figure class=\"table\" style=\"width:100%;\"><table class=\"ck-table-resized\" style=\"border-color:hsl(0, 0%, 100%);border-style:solid;\"><colgroup><col style=\"width:25.53%;\" /><col style=\"width:74.47%;\" /></colgroup><tbody><tr><td style=\"border-color:hsl(0, 0%, 100%);border-style:solid;\"><figure class=\"image\"><img src=\"/api/annotations/0EFA6AC1-389D-7300-8645-90AA3A82C4C2/images/image_v1.png\"></figure></td><td style=\"border-color:hsl(0, 0%, 100%);border-style:solid;\"><h4><i>Solvay optimized batch cycle time with Seeq resulting in<strong> 6-8 more batches per year </strong>in two reactors. Learn more </i><a target=\"_blank\" href=\"https://www.solvay.com/sites/g/files/srpend221/files/2023-05/solvay-2022-annual-integrated-report.pdf\" rel=\"nofollow noopener noreferrer\"><i>here</i></a><i>!</i></h4></td></tr></tbody></table></figure><h4>Batch Cycle Time - Downtime Identification</h4><h3><strong>Solution:</strong></h3><p><strong>Access raw data</strong>, bringing in <a href=\"/links?type&#61;workstep&amp;workbook&#61;0EFA6AC1-1A47-7130-A816-A3F0F64F3CA1&amp;worksheet&#61;0EFA6AC1-2144-EA00-B88D-02BD625C75DD&amp;workstep&#61;0EFA6AE5-9101-6040-A53A-30A2B46BBEBF\" rel=\"nofollow noopener noreferrer\">key reactor tags</a>. <i>(<strong>Do it! </strong>Navigate to the asset group &#39;Batch Reactors&#39; and add Catalyst Feed Rate and Reactor Temperature.)\u00a0</i></p><p><strong>Identify when each batch is active </strong>using <a href=\"/links?type&#61;workstep&amp;workbook&#61;0EFA6AC1-1A47-7130-A816-A3F0F64F3CA1&amp;worksheet&#61;0EFA6AC1-2144-EA00-B88D-02BD625C75DD&amp;workstep&#61;0EFA6AE8-F1E4-6260-8DEB-9F4C7F0AC3C7\" rel=\"nofollow noopener noreferrer\">reactor fill level to identify batches</a>. <i>(<strong>Do it! </strong>Use Value Search to create a condition for when Reactor Fill Level is greater than 5, ignore capsules shorter than 5 minutes)</i></p><p><strong>Identify the pump in and pump out phases </strong>by finding <a href=\"/links?type&#61;workstep&amp;workbook&#61;0EFA6AC1-1A47-7130-A816-A3F0F64F3CA1&amp;worksheet&#61;0EFA6AC1-2144-EA00-B88D-02BD625C75DD&amp;workstep&#61;0EFA6AF4-C7E2-FDC0-9ACE-CD69BF972A24\" rel=\"nofollow noopener noreferrer\">when the derivative is increasing and decreasing</a>.</p><p>Identify heat up and catalyst addition phases <i><strong>(Do it!</strong> Use composite condition where A &#61; Increasing Temp after Pump In and B &#61; Catalyst Addition 2 and use A minus B, heat up identified, in lane)</i></p><p>Identify downtime and quantify batch cycle time<i> (<strong>Do it! </strong>Create a notification for when downtime occurs.)</i></p><p>Analyze cycle time of batch phases with Histogram (Analyze with Histogram and visualize the phases)</p><p><strong>Quantify cost impact </strong>of downtime<strong> and scale over all three reactors.</strong> Table of downtime events for each reactor</p>",
        "DocumentBackup\u02c9DEg3Lh5pLS4-lG84EjGXXXdzxhd1450vkLgiu8he2l8\u02c92024-11-19T19:54:00Z": "<h2 style=\"text-align:center;\"><strong>Batch Cycle Time Optimization</strong></h2><figure class=\"table\" style=\"width:100%;\"><table class=\"ck-table-resized\" style=\"border-color:hsl(0, 0%, 100%);border-style:solid;\"><colgroup><col style=\"width:25.53%;\" /><col style=\"width:74.47%;\" /></colgroup><tbody><tr><td style=\"border-color:hsl(0, 0%, 100%);border-style:solid;\"><figure class=\"image\"><img src=\"/api/annotations/0EFA6AC1-389D-7300-8645-90AA3A82C4C2/images/image_v1.png\"></figure></td><td style=\"border-color:hsl(0, 0%, 100%);border-style:solid;\"><h4><i>Solvay optimized batch cycle time with Seeq resulting in<strong> 6-8 more batches per year </strong>in two reactors. Learn more </i><a target=\"_blank\" href=\"https://www.solvay.com/sites/g/files/srpend221/files/2023-05/solvay-2022-annual-integrated-report.pdf\" rel=\"nofollow noopener noreferrer\"><i>here</i></a><i>!</i></h4></td></tr></tbody></table></figure><h4>Batch Cycle Time - Downtime Identification</h4><h3><strong>Solution:</strong></h3><p><strong>Access raw data</strong>, bringing in <a href=\"/links?type&#61;workstep&amp;workbook&#61;0EFA6AC1-1A47-7130-A816-A3F0F64F3CA1&amp;worksheet&#61;0EFA6AC1-2144-EA00-B88D-02BD625C75DD&amp;workstep&#61;0EFA6AE5-9101-6040-A53A-30A2B46BBEBF\" rel=\"nofollow noopener noreferrer\">key reactor tags</a>. <i>(<strong>Do it! </strong>Navigate to the asset group &#39;Batch Reactors&#39; and add Catalyst Feed Rate and Reactor Temperature.)\u00a0</i></p><p><strong>Identify when each batch is active </strong>using <a href=\"/links?type&#61;workstep&amp;workbook&#61;0EFA6AC1-1A47-7130-A816-A3F0F64F3CA1&amp;worksheet&#61;0EFA6AC1-2144-EA00-B88D-02BD625C75DD&amp;workstep&#61;0EFA6AE8-F1E4-6260-8DEB-9F4C7F0AC3C7\" rel=\"nofollow noopener noreferrer\">reactor fill level to identify batches</a>. <i>(<strong>Do it! </strong>Use Value Search to create a condition for when Reactor Fill Level is greater than 5, ignore capsules shorter than 5 minutes)</i></p><p><strong>Identify the pump in and pump out phases </strong>by finding <a href=\"/links?type&#61;workstep&amp;workbook&#61;0EFA6AC1-1A47-7130-A816-A3F0F64F3CA1&amp;worksheet&#61;0EFA6AC1-2144-EA00-B88D-02BD625C75DD&amp;workstep&#61;0EFA6AF4-C7E2-FDC0-9ACE-CD69BF972A24\" rel=\"nofollow noopener noreferrer\">when the derivative is increasing and decreasing</a>.</p><p><a href=\"/links?type&#61;workstep&amp;workbook&#61;0EFA6AC1-1A47-7130-A816-A3F0F64F3CA1&amp;worksheet&#61;0EFA6AC1-2144-EA00-B88D-02BD625C75DD&amp;workstep&#61;0EFA6B01-FF30-7590-A87A-696902CF424C\" rel=\"nofollow noopener noreferrer\">Identify heat up and catalyst addition phases</a> <i><strong>(Do it!</strong> Use composite condition where A &#61; Increasing Temp after Pump In and B &#61; Catalyst Addition 2 and use A minus B, heat up identified, in lane)</i></p><p>Identify downtime and quantify batch cycle time<i> (<strong>Do it! </strong>Create a notification for when downtime occurs.)</i></p><p>Analyze cycle time of batch phases with Histogram (Analyze with Histogram and visualize the phases)</p><p><strong>Quantify cost impact </strong>of downtime<strong> and scale over all three reactors.</strong> Table of downtime events for each reactor</p>",
        "DocumentBackup\u02c9DEg3Lh5pLS4-lG84EjGXXXdzxhd1450vkLgiu8he2l8\u02c92024-11-19T19:59:00Z": "<h2 style=\"text-align:center;\"><strong>Batch Cycle Time Optimization</strong></h2><figure class=\"table\" style=\"width:100%;\"><table class=\"ck-table-resized\" style=\"border-color:hsl(0, 0%, 100%);border-style:solid;\"><colgroup><col style=\"width:25.53%;\" /><col style=\"width:74.47%;\" /></colgroup><tbody><tr><td style=\"border-color:hsl(0, 0%, 100%);border-style:solid;\"><figure class=\"image\"><img src=\"/api/annotations/0EFA6AC1-389D-7300-8645-90AA3A82C4C2/images/image_v1.png\"></figure></td><td style=\"border-color:hsl(0, 0%, 100%);border-style:solid;\"><h4><i>Solvay optimized batch cycle time with Seeq resulting in<strong> 6-8 more batches per year </strong>in two reactors. Learn more </i><a target=\"_blank\" href=\"https://www.solvay.com/sites/g/files/srpend221/files/2023-05/solvay-2022-annual-integrated-report.pdf\" rel=\"nofollow noopener noreferrer\"><i>here</i></a><i>!</i></h4></td></tr></tbody></table></figure><h4>Batch Cycle Time - Downtime Identification</h4><h3><strong>Solution:</strong></h3><p><strong>Access raw data</strong>, bringing in <a href=\"/links?type&#61;workstep&amp;workbook&#61;0EFA6AC1-1A47-7130-A816-A3F0F64F3CA1&amp;worksheet&#61;0EFA6AC1-2144-EA00-B88D-02BD625C75DD&amp;workstep&#61;0EFA6AE5-9101-6040-A53A-30A2B46BBEBF\" rel=\"nofollow noopener noreferrer\">key reactor tags</a>. <i>(<strong>Do it! </strong>Navigate to the asset group &#39;Batch Reactors&#39; and add Catalyst Feed Rate and Reactor Temperature.)\u00a0</i></p><p><strong>Identify when each batch is active </strong>using <a href=\"/links?type&#61;workstep&amp;workbook&#61;0EFA6AC1-1A47-7130-A816-A3F0F64F3CA1&amp;worksheet&#61;0EFA6AC1-2144-EA00-B88D-02BD625C75DD&amp;workstep&#61;0EFA6AE8-F1E4-6260-8DEB-9F4C7F0AC3C7\" rel=\"nofollow noopener noreferrer\">reactor fill level to identify batches</a>. <i>(<strong>Do it! </strong>Use Value Search to create a condition for when Reactor Fill Level is greater than 5, ignore capsules shorter than 5 minutes)</i></p><p><strong>Identify the pump in and pump out phases </strong>by finding <a href=\"/links?type&#61;workstep&amp;workbook&#61;0EFA6AC1-1A47-7130-A816-A3F0F64F3CA1&amp;worksheet&#61;0EFA6AC1-2144-EA00-B88D-02BD625C75DD&amp;workstep&#61;0EFA6AF4-C7E2-FDC0-9ACE-CD69BF972A24\" rel=\"nofollow noopener noreferrer\">when the derivative is increasing and decreasing</a>.</p><p><a href=\"/links?type&#61;workstep&amp;workbook&#61;0EFA6AC1-1A47-7130-A816-A3F0F64F3CA1&amp;worksheet&#61;0EFA6AC1-2144-EA00-B88D-02BD625C75DD&amp;workstep&#61;0EFA6B01-FF30-7590-A87A-696902CF424C\" rel=\"nofollow noopener noreferrer\">Identify heat up and catalyst addition phases</a> <i><strong>(Do it!</strong> Use composite condition where A &#61; Increasing Temp after Pump In and B &#61; Catalyst Addition 2 and use A minus B, heat up identified, in lane)</i></p><p><a href=\"/links?type&#61;workstep&amp;workbook&#61;0EFA6AC1-1A47-7130-A816-A3F0F64F3CA1&amp;worksheet&#61;0EFA6AC1-2144-EA00-B88D-02BD625C75DD&amp;workstep&#61;0EFA6B0B-3100-6080-8838-74BB45768A98\" rel=\"nofollow noopener noreferrer\">Identify downtime and quantify batch cycle time</a><i> (<strong>Do it! </strong>Create a notification for when downtime occurs.)</i></p><p>Analyze cycle time of batch phases with Histogram (Analyze with Histogram and visualize the phases)</p><p><strong>Quantify cost impact </strong>of downtime<strong> and scale over all three reactors.</strong> Table of downtime events for each reactor</p>",
        "DocumentBackup\u02c9DEg3Lh5pLS4-lG84EjGXXXdzxhd1450vkLgiu8he2l8\u02c92024-11-19T20:02:00Z": "<h2 style=\"text-align:center;\"><strong>Batch Cycle Time Optimization</strong></h2><figure class=\"table\" style=\"width:100%;\"><table class=\"ck-table-resized\" style=\"border-color:hsl(0, 0%, 100%);border-style:solid;\"><colgroup><col style=\"width:25.53%;\" /><col style=\"width:74.47%;\" /></colgroup><tbody><tr><td style=\"border-color:hsl(0, 0%, 100%);border-style:solid;\"><figure class=\"image\"><img src=\"/api/annotations/0EFA6AC1-389D-7300-8645-90AA3A82C4C2/images/image_v1.png\"></figure></td><td style=\"border-color:hsl(0, 0%, 100%);border-style:solid;\"><h4><i>Solvay optimized batch cycle time with Seeq resulting in<strong> 6-8 more batches per year </strong>in two reactors. Learn more </i><a target=\"_blank\" href=\"https://www.solvay.com/sites/g/files/srpend221/files/2023-05/solvay-2022-annual-integrated-report.pdf\" rel=\"nofollow noopener noreferrer\"><i>here</i></a><i>!</i></h4></td></tr></tbody></table></figure><h4>Batch Cycle Time - Downtime Identification</h4><h3><strong>Solution:</strong></h3><p><strong>Access raw data</strong>, bringing in <a href=\"/links?type&#61;workstep&amp;workbook&#61;0EFA6AC1-1A47-7130-A816-A3F0F64F3CA1&amp;worksheet&#61;0EFA6AC1-2144-EA00-B88D-02BD625C75DD&amp;workstep&#61;0EFA6AE5-9101-6040-A53A-30A2B46BBEBF\" rel=\"nofollow noopener noreferrer\">key reactor tags</a>. <i>(<strong>Do it! </strong>Navigate to the asset group &#39;Batch Reactors&#39; and add Catalyst Feed Rate and Reactor Temperature.)\u00a0</i></p><p><strong>Identify when each batch is active </strong>using <a href=\"/links?type&#61;workstep&amp;workbook&#61;0EFA6AC1-1A47-7130-A816-A3F0F64F3CA1&amp;worksheet&#61;0EFA6AC1-2144-EA00-B88D-02BD625C75DD&amp;workstep&#61;0EFA6AE8-F1E4-6260-8DEB-9F4C7F0AC3C7\" rel=\"nofollow noopener noreferrer\">reactor fill level to identify batches</a>. <i>(<strong>Do it! </strong>Use Value Search to create a condition for when Reactor Fill Level is greater than 5, ignore capsules shorter than 5 minutes)</i></p><p><strong>Identify the pump in and pump out phases </strong>by finding <a href=\"/links?type&#61;workstep&amp;workbook&#61;0EFA6AC1-1A47-7130-A816-A3F0F64F3CA1&amp;worksheet&#61;0EFA6AC1-2144-EA00-B88D-02BD625C75DD&amp;workstep&#61;0EFA6AF4-C7E2-FDC0-9ACE-CD69BF972A24\" rel=\"nofollow noopener noreferrer\">when the derivative is increasing and decreasing</a>.</p><p><a href=\"/links?type&#61;workstep&amp;workbook&#61;0EFA6AC1-1A47-7130-A816-A3F0F64F3CA1&amp;worksheet&#61;0EFA6AC1-2144-EA00-B88D-02BD625C75DD&amp;workstep&#61;0EFA6B01-FF30-7590-A87A-696902CF424C\" rel=\"nofollow noopener noreferrer\">Identify heat up and catalyst addition phases</a> <i><strong>(Do it!</strong> Use composite condition where A &#61; Increasing Temp after Pump In and B &#61; Catalyst Addition 2 and use A minus B, heat up identified, in lane)</i></p><p><a href=\"/links?type&#61;workstep&amp;workbook&#61;0EFA6AC1-1A47-7130-A816-A3F0F64F3CA1&amp;worksheet&#61;0EFA6AC1-2144-EA00-B88D-02BD625C75DD&amp;workstep&#61;0EFA6B0B-3100-6080-8838-74BB45768A98\" rel=\"nofollow noopener noreferrer\">Identify downtime and quantify batch cycle time</a><i> (<strong>Do it! </strong>Create a notification for when downtime occurs.)</i></p><p><a href=\"/links?type&#61;workstep&amp;workbook&#61;0EFA6AC1-1A47-7130-A816-A3F0F64F3CA1&amp;worksheet&#61;0EFA6AC1-2144-EA00-B88D-02BD625C75DD&amp;workstep&#61;0EFA6B13-1478-EE50-9BBA-9B9C06D114D1\" rel=\"nofollow noopener noreferrer\">Analyze cycle time of batch phases with Histogram</a> (Analyze with Histogram and visualize the phases)</p><p><strong>Quantify cost impact </strong>of downtime<strong> and scale over all three reactors.</strong> Table of downtime events for each reactor</p>",
        "DocumentBackup\u02c9DEg3Lh5pLS4-lG84EjGXXXdzxhd1450vkLgiu8he2l8\u02c92024-11-19T20:04:00Z": "<h2 style=\"text-align:center;\"><strong>Batch Cycle Time Optimization</strong></h2><figure class=\"table\" style=\"width:100%;\"><table class=\"ck-table-resized\" style=\"border-color:hsl(0, 0%, 100%);border-style:solid;\"><colgroup><col style=\"width:25.53%;\" /><col style=\"width:74.47%;\" /></colgroup><tbody><tr><td style=\"border-color:hsl(0, 0%, 100%);border-style:solid;\"><figure class=\"image\"><img src=\"/api/annotations/0EFA6AC1-389D-7300-8645-90AA3A82C4C2/images/image_v1.png\"></figure></td><td style=\"border-color:hsl(0, 0%, 100%);border-style:solid;\"><h4><i>Solvay optimized batch cycle time with Seeq resulting in<strong> 6-8 more batches per year </strong>in two reactors. Learn more </i><a target=\"_blank\" href=\"https://www.solvay.com/sites/g/files/srpend221/files/2023-05/solvay-2022-annual-integrated-report.pdf\" rel=\"nofollow noopener noreferrer\"><i>here</i></a><i>!</i></h4></td></tr></tbody></table></figure><h4>Batch Cycle Time - Downtime Identification</h4><h3><strong>Solution:</strong></h3><p><strong>Access raw data</strong>, bringing in <a href=\"/links?type&#61;workstep&amp;workbook&#61;0EFA6AC1-1A47-7130-A816-A3F0F64F3CA1&amp;worksheet&#61;0EFA6AC1-2144-EA00-B88D-02BD625C75DD&amp;workstep&#61;0EFA6AE5-9101-6040-A53A-30A2B46BBEBF\" rel=\"nofollow noopener noreferrer\">key reactor tags</a>. <i>(<strong>Do it! </strong>Navigate to the asset group &#39;Batch Reactors&#39; and add Catalyst Feed Rate and Reactor Temperature.)\u00a0</i></p><p><strong>Identify when each batch is active </strong>using <a href=\"/links?type&#61;workstep&amp;workbook&#61;0EFA6AC1-1A47-7130-A816-A3F0F64F3CA1&amp;worksheet&#61;0EFA6AC1-2144-EA00-B88D-02BD625C75DD&amp;workstep&#61;0EFA6AE8-F1E4-6260-8DEB-9F4C7F0AC3C7\" rel=\"nofollow noopener noreferrer\">reactor fill level to identify batches</a>. <i>(<strong>Do it! </strong>Use Value Search to create a condition for when Reactor Fill Level is greater than 5, ignore capsules shorter than 5 minutes)</i></p><p><strong>Identify the pump in and pump out phases </strong>by finding <a href=\"/links?type&#61;workstep&amp;workbook&#61;0EFA6AC1-1A47-7130-A816-A3F0F64F3CA1&amp;worksheet&#61;0EFA6AC1-2144-EA00-B88D-02BD625C75DD&amp;workstep&#61;0EFA6AF4-C7E2-FDC0-9ACE-CD69BF972A24\" rel=\"nofollow noopener noreferrer\">when the derivative is increasing and decreasing</a>.</p><p><a href=\"/links?type&#61;workstep&amp;workbook&#61;0EFA6AC1-1A47-7130-A816-A3F0F64F3CA1&amp;worksheet&#61;0EFA6AC1-2144-EA00-B88D-02BD625C75DD&amp;workstep&#61;0EFA6B01-FF30-7590-A87A-696902CF424C\" rel=\"nofollow noopener noreferrer\">Identify heat up and catalyst addition phases</a> <i><strong>(Do it!</strong> Use composite condition where A &#61; Increasing Temp after Pump In and B &#61; Catalyst Addition 2 and use A minus B, heat up identified, in lane)</i></p><p><a href=\"/links?type&#61;workstep&amp;workbook&#61;0EFA6AC1-1A47-7130-A816-A3F0F64F3CA1&amp;worksheet&#61;0EFA6AC1-2144-EA00-B88D-02BD625C75DD&amp;workstep&#61;0EFA6B0B-3100-6080-8838-74BB45768A98\" rel=\"nofollow noopener noreferrer\">Identify downtime and quantify batch cycle time</a><i> (<strong>Do it! </strong>Create a notification for when downtime occurs.)</i></p><p><a href=\"/links?type&#61;workstep&amp;workbook&#61;0EFA6AC1-1A47-7130-A816-A3F0F64F3CA1&amp;worksheet&#61;0EFA6AC1-2144-EA00-B88D-02BD625C75DD&amp;workstep&#61;0EFA6B13-1478-EE50-9BBA-9B9C06D114D1\" rel=\"nofollow noopener noreferrer\">Analyze cycle time of batch phases with Histogram</a> (<a href=\"/links?type&#61;workstep&amp;workbook&#61;0EFA6AC1-1A47-7130-A816-A3F0F64F3CA1&amp;worksheet&#61;0EFA6AC1-2144-EA00-B88D-02BD625C75DD&amp;workstep&#61;0EFA6B17-6ACC-60F0-A990-F0DB4E4401E6\" rel=\"nofollow noopener noreferrer\">Analyze with Histogram and visualize the phases</a>)</p><p><strong>Quantify cost impact </strong>of downtime<strong> and scale over all three reactors.</strong> Table of downtime events for each reactor</p>",
        "Enabled": true,
        "ID": "0EFA6AC1-389D-7300-8645-90AA3A82C4C2",
        "Is CK Enabled": true,
        "Locked": false,
        "Name": "Batch Cycle Time Optimization",
        "Plain Text Document": "Batch Cycle Time OptimizationSolvay optimized batch cycle time with Seeq resulting in 6-8 more batches per year in two reactors. Learn more here!Batch Cycle Time - Downtime IdentificationSolution:Access raw data, bringing in key reactor tags. (Do it! Navigate to the asset group &#39;Batch Reactors&#39; and add Catalyst Feed Rate and Reactor Temperature.)\u00a0Identify when each batch is active using reactor fill level to identify batches. (Do it! Use Value Search to create a condition for when Reactor Fill Level is greater than 5, ignore capsules shorter than 5 minutes)Identify the pump in and pump out phases by finding when the derivative is increasing and decreasing.Identify heat up and catalyst addition phases (Do it! Use composite condition where A &#61; Increasing Temp after Pump In and B &#61; Catalyst Addition 2 and use A minus B, heat up identified, in lane)Identify downtime and quantify batch cycle time (Do it! Create a notification for when downtime occurs.)Analyze cycle time of batch phases with Histogram (Analyze with Histogram and visualize the phases)Quantify cost impact of downtime and scale over all three reactors. Table of downtime events for each reactor",
        "Type": "Journal",
        "Unsearchable": false,
        "Updated At": "1732046970109526085"
    }
}