{
    "Definition": {
        "Archived": false,
        "Cache Enabled": false,
        "Created At": "1732046983422739430",
        "Description": "Solvay optimized batch cycle time with Seeq resulting in 6-8 more batches per year in two reactors. Learn more here ! Batch Cycle Time - Downtime Identification Solution: Access raw data , bringing in key reactor tags . ( Do it! Navigate to the asset group 'Batch Reactors' and add",
        "Document": "<h2 style=\"text-align:center;\"><strong>Batch Cycle Time Optimization</strong></h2><figure class=\"table\" style=\"width:100%;\"><table class=\"ck-table-resized\" style=\"border-color:hsl(0, 0%, 100%);border-style:solid;\"><colgroup><col style=\"width:25.53%;\" /><col style=\"width:74.47%;\" /></colgroup><tbody><tr><td style=\"border-color:hsl(0, 0%, 100%);border-style:solid;\"><figure class=\"image\"><img src=\"/api/annotations/0EFA6B23-74C4-66F0-A472-5CA79A555309/images/image_v1.png\"></figure></td><td style=\"border-color:hsl(0, 0%, 100%);border-style:solid;\"><h4><i>Solvay optimized batch cycle time with Seeq resulting in<strong> 6-8 more batches per year </strong>in two reactors. Learn more </i><a target=\"_blank\" href=\"https://www.solvay.com/sites/g/files/srpend221/files/2023-05/solvay-2022-annual-integrated-report.pdf\" rel=\"nofollow noopener noreferrer\"><i>here</i></a><i>!</i></h4></td></tr></tbody></table></figure><h4><a href=\"/links?type&#61;workstep&amp;workbook&#61;0EFA6AC1-1A47-7130-A816-A3F0F64F3CA1&amp;worksheet&#61;0EFA6B23-7484-FF50-ABE7-035567A330F9&amp;workstep&#61;0EFA6B23-74BF-E8D0-AA85-FEACAAE0C59D\" rel=\"nofollow noopener noreferrer\">Batch Cycle Time - Downtime Identification</a></h4><h3><strong>Solution:</strong></h3><p><strong>Access raw data</strong>, bringing in <a href=\"/links?type&#61;workstep&amp;workbook&#61;0EFA6AC1-1A47-7130-A816-A3F0F64F3CA1&amp;worksheet&#61;0EFA6B23-7484-FF50-ABE7-035567A330F9&amp;workstep&#61;0EFA6B23-74B0-EE70-B4F4-11B898CB0AC5\" rel=\"nofollow noopener noreferrer\">key reactor tags</a>. <i>(<strong>Do it! </strong>Navigate to the asset group &#39;Batch Reactors&#39; and add Catalyst Feed Rate and Reactor Temperature.)\u00a0</i></p><p><strong>Identify when each batch is active </strong>using <a href=\"/links?type&#61;workstep&amp;workbook&#61;0EFA6AC1-1A47-7130-A816-A3F0F64F3CA1&amp;worksheet&#61;0EFA6B23-7484-FF50-ABE7-035567A330F9&amp;workstep&#61;0EFA6B23-74B3-7580-B654-4C1C553322A0\" rel=\"nofollow noopener noreferrer\">reactor fill level to identify batches</a>. <i>(<strong>Do it! </strong>Use Value Search to create a condition for when Reactor Fill Level is greater than 5, ignore capsules shorter than 5 minutes)</i></p><p><strong>Identify the pump in and pump out phases </strong>by finding <a href=\"/links?type&#61;workstep&amp;workbook&#61;0EFA6AC1-1A47-7130-A816-A3F0F64F3CA1&amp;worksheet&#61;0EFA6B23-7484-FF50-ABE7-035567A330F9&amp;workstep&#61;0EFA6B23-74B5-EC90-AA51-3A912C866D01\" rel=\"nofollow noopener noreferrer\">when the derivative is increasing and decreasing</a>.</p><p><a href=\"/links?type&#61;workstep&amp;workbook&#61;0EFA6AC1-1A47-7130-A816-A3F0F64F3CA1&amp;worksheet&#61;0EFA6B23-7484-FF50-ABE7-035567A330F9&amp;workstep&#61;0EFA6B23-74B5-EC90-9EDE-751A4F49EEAE\" rel=\"nofollow noopener noreferrer\">Identify heat up and catalyst addition phases</a> <i><strong>(Do it!</strong> Use composite condition where A &#61; Increasing Temp after Pump In and B &#61; Catalyst Addition 2 and use A minus B, heat up identified, in lane)</i></p><ul><li><a href=\"/links?type&#61;workstep&amp;workbook&#61;0EFA6AC1-1A47-7130-A816-A3F0F64F3CA1&amp;worksheet&#61;0EFA6B23-7484-FF50-ABE7-035567A330F9&amp;workstep&#61;0EFA6B26-44D6-FD00-A5B6-BA8256F63428\" rel=\"nofollow noopener noreferrer\">Identify the Catalyst Addition phase</a> using the catalyst flow rate.\u00a0</li><li>Take the derivative of temperature to find when temperature is increasing, remove time included in the Pump In phase. \u00a0<a href=\"/links?type&#61;workstep&amp;workbook&#61;0EFA6AC1-1A47-7130-A816-A3F0F64F3CA1&amp;worksheet&#61;0EFA6B23-7484-FF50-ABE7-035567A330F9&amp;workstep&#61;0EFA6B28-8363-EC60-8ECD-40CECBDA72E4\" rel=\"nofollow noopener noreferrer\">Identify Temperature Increasing</a>\u00a0</li><li>Combine Catalyst Addition and Increasing Temperature after Pump in using Composite Condition and &#39;A minus B&#39;. <a href=\"/links?type&#61;workstep&amp;workbook&#61;0EFA6AC1-1A47-7130-A816-A3F0F64F3CA1&amp;worksheet&#61;0EFA6B23-7484-FF50-ABE7-035567A330F9&amp;workstep&#61;0EFA6B2A-1223-FDA0-8D75-FD9C30437855\" rel=\"nofollow noopener noreferrer\">Identify Heat Up\u00a0</a></li><li><a href=\"/links?type&#61;workstep&amp;workbook&#61;0EFA6AC1-1A47-7130-A816-A3F0F64F3CA1&amp;worksheet&#61;0EFA6B23-7484-FF50-ABE7-035567A330F9&amp;workstep&#61;0EFA6B23-74B5-EC90-9EDE-751A4F49EEAE\" rel=\"nofollow noopener noreferrer\">All Batch Phases</a></li></ul><p><a href=\"/links?type&#61;workstep&amp;workbook&#61;0EFA6AC1-1A47-7130-A816-A3F0F64F3CA1&amp;worksheet&#61;0EFA6B23-7484-FF50-ABE7-035567A330F9&amp;workstep&#61;0EFA6B23-74B8-73A0-BC0D-6975B5135065\" rel=\"nofollow noopener noreferrer\">Identify downtime and quantify batch cycle time</a><i> (<strong>Do it! </strong>Create a notification for when downtime occurs.)</i></p><ul><li><a href=\"/links?type&#61;workstep&amp;workbook&#61;0EFA6AC1-1A47-7130-A816-A3F0F64F3CA1&amp;worksheet&#61;0EFA6B23-7484-FF50-ABE7-035567A330F9&amp;workstep&#61;0EFA6B2C-100A-E850-953C-57BF4F0D5C1E\" rel=\"nofollow noopener noreferrer\">Identify downtime</a> by subtracting all batch phases from the overall batch condition.\u00a0</li><li><a href=\"/links?type&#61;workstep&amp;workbook&#61;0EFA6AC1-1A47-7130-A816-A3F0F64F3CA1&amp;worksheet&#61;0EFA6B23-7484-FF50-ABE7-035567A330F9&amp;workstep&#61;0EFA6B2C-819A-EC90-A95B-E85C5B71F745\" rel=\"nofollow noopener noreferrer\">Identify Turnaround time</a> using Formula Tool and the inverse() function.</li><li>Use Signal From Condition to <a href=\"/links?type&#61;workstep&amp;workbook&#61;0EFA6AC1-1A47-7130-A816-A3F0F64F3CA1&amp;worksheet&#61;0EFA6B23-7484-FF50-ABE7-035567A330F9&amp;workstep&#61;0EFA6B23-74B8-73A0-BC0D-6975B5135065\" rel=\"nofollow noopener noreferrer\">quantify Cycle Time</a>\u00a0</li></ul><p><a href=\"/links?type&#61;workstep&amp;workbook&#61;0EFA6AC1-1A47-7130-A816-A3F0F64F3CA1&amp;worksheet&#61;0EFA6B23-7484-FF50-ABE7-035567A330F9&amp;workstep&#61;0EFA6B23-74BD-71C0-8A93-0B8509AE01F9\" rel=\"nofollow noopener noreferrer\">Analyze cycle time of batch phases with Histogram</a> (<a href=\"/links?type&#61;workstep&amp;workbook&#61;0EFA6AC1-1A47-7130-A816-A3F0F64F3CA1&amp;worksheet&#61;0EFA6B23-7484-FF50-ABE7-035567A330F9&amp;workstep&#61;0EFA6B23-74BF-E8D0-AA85-FEACAAE0C59D\" rel=\"nofollow noopener noreferrer\">Analyze with Histogram and visualize the phases</a>)</p><ul><li><a href=\"/links?type&#61;workstep&amp;workbook&#61;0EFA6AC1-1A47-7130-A816-A3F0F64F3CA1&amp;worksheet&#61;0EFA6B23-7484-FF50-ABE7-035567A330F9&amp;workstep&#61;0EFA6B32-9339-FD60-B42D-45F33A5457E4\" rel=\"nofollow noopener noreferrer\">Combine all conditions into one</a> and set capsule properties for each phase using Formula Tool.\u00a0</li><li><a href=\"/links?type&#61;workstep&amp;workbook&#61;0EFA6AC1-1A47-7130-A816-A3F0F64F3CA1&amp;worksheet&#61;0EFA6B23-7484-FF50-ABE7-035567A330F9&amp;workstep&#61;0EFA6B23-74BD-71C0-8A93-0B8509AE01F9\" rel=\"nofollow noopener noreferrer\">Create a histogram</a> measuring the duration of each phase</li></ul><p><strong>Quantify cost impact </strong>of downtime<strong> and scale over all three reactors.</strong> <a href=\"/links?type&#61;workstep&amp;workbook&#61;0EFA6AC1-1A47-7130-A816-A3F0F64F3CA1&amp;worksheet&#61;0EFA6B23-7484-FF50-ABE7-035567A330F9&amp;workstep&#61;0EFA6B23-74C1-FFE0-BCAB-8C9912C73BA3\" rel=\"nofollow noopener noreferrer\">Table of downtime events for each reactor</a></p><ul><li>Create an asset group to scale calculations.</li><li><a href=\"/links?type&#61;workstep&amp;workbook&#61;0EFA6AC1-1A47-7130-A816-A3F0F64F3CA1&amp;worksheet&#61;0EFA6B23-7484-FF50-ABE7-035567A330F9&amp;workstep&#61;0EFA6B34-D91C-73D0-B2F2-5A21329EC058\" rel=\"nofollow noopener noreferrer\">Quantify the total weekly downtime cost</a>, create a weekly condition and use signal from condition to create a signal for the duration of each downtime event and sum over a week. Multiply that by the cost of downtime.</li><li>Use a scorecard metric to display in a <a href=\"/links?type&#61;workstep&amp;workbook&#61;0EFA6AC1-1A47-7130-A816-A3F0F64F3CA1&amp;worksheet&#61;0EFA6B23-7484-FF50-ABE7-035567A330F9&amp;workstep&#61;0EFA6B23-74C1-FFE0-BCAB-8C9912C73BA3\" rel=\"nofollow noopener noreferrer\">table</a> and the asset button to display over every reactor in the asset group.</li></ul>",
        "DocumentBackup\u02c9DEg3Lh5pLS4-lG84EjGXXXdzxhd1450vkLgiu8he2l8\u02c92024-11-19T20:09:00Z": "<h2 style=\"text-align:center;\"><strong>Batch Cycle Time Optimization</strong></h2>\n<figure class=\"table\" style=\"width:100%;\">\n <table class=\"ck-table-resized\" style=\"border-color:hsl(0, 0%, 100%);border-style:solid;\"><colgroup><col style=\"width:25.53%;\" /><col style=\"width:74.47%;\" /></colgroup><tbody><tr><td style=\"border-color:hsl(0, 0%, 100%);border-style:solid;\">\n     <figure class=\"image\">\n      <img src=\"/api/annotations/0EFA6B23-74C4-66F0-A472-5CA79A555309/images/image_v1.png\">\n     </figure></td><td style=\"border-color:hsl(0, 0%, 100%);border-style:solid;\">\n     <h4><i>Solvay optimized batch cycle time with Seeq resulting in<strong> 6-8 more batches per year </strong>in two reactors. Learn more </i><a target=\"_blank\" href=\"https://www.solvay.com/sites/g/files/srpend221/files/2023-05/solvay-2022-annual-integrated-report.pdf\" rel=\"nofollow noopener noreferrer\"><i>here</i></a><i>!</i></h4></td></tr></tbody></table>\n</figure>\n<h4><a href=\"/links?type&#61;workstep&amp;workbook&#61;0EFA6AC1-1A47-7130-A816-A3F0F64F3CA1&amp;worksheet&#61;0EFA6B23-7484-FF50-ABE7-035567A330F9&amp;workstep&#61;0EFA6B23-74BF-E8D0-AA85-FEACAAE0C59D\" rel=\"nofollow noopener noreferrer\">Batch Cycle Time - Downtime Identification</a></h4>\n<h3><strong>Solution:</strong></h3>\n<p><strong>Access raw data</strong>, bringing in <a href=\"/links?type&#61;workstep&amp;workbook&#61;0EFA6AC1-1A47-7130-A816-A3F0F64F3CA1&amp;worksheet&#61;0EFA6B23-7484-FF50-ABE7-035567A330F9&amp;workstep&#61;0EFA6B23-74B0-EE70-B4F4-11B898CB0AC5\" rel=\"nofollow noopener noreferrer\">key reactor tags</a>. <i>(<strong>Do it! </strong>Navigate to the asset group &#39;Batch Reactors&#39; and add Catalyst Feed Rate and Reactor Temperature.)\u00a0</i></p>\n<p><strong>Identify when each batch is active </strong>using <a href=\"/links?type&#61;workstep&amp;workbook&#61;0EFA6AC1-1A47-7130-A816-A3F0F64F3CA1&amp;worksheet&#61;0EFA6B23-7484-FF50-ABE7-035567A330F9&amp;workstep&#61;0EFA6B23-74B3-7580-B654-4C1C553322A0\" rel=\"nofollow noopener noreferrer\">reactor fill level to identify batches</a>. <i>(<strong>Do it! </strong>Use Value Search to create a condition for when Reactor Fill Level is greater than 5, ignore capsules shorter than 5 minutes)</i></p>\n<p><strong>Identify the pump in and pump out phases </strong>by finding <a href=\"/links?type&#61;workstep&amp;workbook&#61;0EFA6AC1-1A47-7130-A816-A3F0F64F3CA1&amp;worksheet&#61;0EFA6B23-7484-FF50-ABE7-035567A330F9&amp;workstep&#61;0EFA6B23-74B5-EC90-AA51-3A912C866D01\" rel=\"nofollow noopener noreferrer\">when the derivative is increasing and decreasing</a>.</p>\n<p><a href=\"/links?type&#61;workstep&amp;workbook&#61;0EFA6AC1-1A47-7130-A816-A3F0F64F3CA1&amp;worksheet&#61;0EFA6B23-7484-FF50-ABE7-035567A330F9&amp;workstep&#61;0EFA6B23-74B5-EC90-9EDE-751A4F49EEAE\" rel=\"nofollow noopener noreferrer\">Identify heat up and catalyst addition phases</a> <i><strong>(Do it!</strong> Use composite condition where A &#61; Increasing Temp after Pump In and B &#61; Catalyst Addition 2 and use A minus B, heat up identified, in lane)</i></p>\n<p><a href=\"/links?type&#61;workstep&amp;workbook&#61;0EFA6AC1-1A47-7130-A816-A3F0F64F3CA1&amp;worksheet&#61;0EFA6B23-7484-FF50-ABE7-035567A330F9&amp;workstep&#61;0EFA6B23-74B8-73A0-BC0D-6975B5135065\" rel=\"nofollow noopener noreferrer\">Identify downtime and quantify batch cycle time</a><i> (<strong>Do it! </strong>Create a notification for when downtime occurs.)</i></p>\n<p><a href=\"/links?type&#61;workstep&amp;workbook&#61;0EFA6AC1-1A47-7130-A816-A3F0F64F3CA1&amp;worksheet&#61;0EFA6B23-7484-FF50-ABE7-035567A330F9&amp;workstep&#61;0EFA6B23-74BD-71C0-8A93-0B8509AE01F9\" rel=\"nofollow noopener noreferrer\">Analyze cycle time of batch phases with Histogram</a> (<a href=\"/links?type&#61;workstep&amp;workbook&#61;0EFA6AC1-1A47-7130-A816-A3F0F64F3CA1&amp;worksheet&#61;0EFA6B23-7484-FF50-ABE7-035567A330F9&amp;workstep&#61;0EFA6B23-74BF-E8D0-AA85-FEACAAE0C59D\" rel=\"nofollow noopener noreferrer\">Analyze with Histogram and visualize the phases</a>)</p>\n<p><strong>Quantify cost impact </strong>of downtime<strong> and scale over all three reactors.</strong> <a href=\"/links?type&#61;workstep&amp;workbook&#61;0EFA6AC1-1A47-7130-A816-A3F0F64F3CA1&amp;worksheet&#61;0EFA6B23-7484-FF50-ABE7-035567A330F9&amp;workstep&#61;0EFA6B23-74C1-FFE0-BCAB-8C9912C73BA3\" rel=\"nofollow noopener noreferrer\">Table of downtime events for each reactor</a></p>",
        "DocumentBackup\u02c9DEg3Lh5pLS4-lG84EjGXXXdzxhd1450vkLgiu8he2l8\u02c92024-11-19T20:10:00Z": "<h2 style=\"text-align:center;\"><strong>Batch Cycle Time Optimization</strong></h2><figure class=\"table\" style=\"width:100%;\"><table class=\"ck-table-resized\" style=\"border-color:hsl(0, 0%, 100%);border-style:solid;\"><colgroup><col style=\"width:25.53%;\" /><col style=\"width:74.47%;\" /></colgroup><tbody><tr><td style=\"border-color:hsl(0, 0%, 100%);border-style:solid;\"><figure class=\"image\"><img src=\"/api/annotations/0EFA6B23-74C4-66F0-A472-5CA79A555309/images/image_v1.png\"></figure></td><td style=\"border-color:hsl(0, 0%, 100%);border-style:solid;\"><h4><i>Solvay optimized batch cycle time with Seeq resulting in<strong> 6-8 more batches per year </strong>in two reactors. Learn more </i><a target=\"_blank\" href=\"https://www.solvay.com/sites/g/files/srpend221/files/2023-05/solvay-2022-annual-integrated-report.pdf\" rel=\"nofollow noopener noreferrer\"><i>here</i></a><i>!</i></h4></td></tr></tbody></table></figure><h4><a href=\"/links?type&#61;workstep&amp;workbook&#61;0EFA6AC1-1A47-7130-A816-A3F0F64F3CA1&amp;worksheet&#61;0EFA6B23-7484-FF50-ABE7-035567A330F9&amp;workstep&#61;0EFA6B23-74BF-E8D0-AA85-FEACAAE0C59D\" rel=\"nofollow noopener noreferrer\">Batch Cycle Time - Downtime Identification</a></h4><h3><strong>Solution:</strong></h3><p><strong>Access raw data</strong>, bringing in <a href=\"/links?type&#61;workstep&amp;workbook&#61;0EFA6AC1-1A47-7130-A816-A3F0F64F3CA1&amp;worksheet&#61;0EFA6B23-7484-FF50-ABE7-035567A330F9&amp;workstep&#61;0EFA6B23-74B0-EE70-B4F4-11B898CB0AC5\" rel=\"nofollow noopener noreferrer\">key reactor tags</a>. <i>(<strong>Do it! </strong>Navigate to the asset group &#39;Batch Reactors&#39; and add Catalyst Feed Rate and Reactor Temperature.)\u00a0</i></p><p><strong>Identify when each batch is active </strong>using <a href=\"/links?type&#61;workstep&amp;workbook&#61;0EFA6AC1-1A47-7130-A816-A3F0F64F3CA1&amp;worksheet&#61;0EFA6B23-7484-FF50-ABE7-035567A330F9&amp;workstep&#61;0EFA6B23-74B3-7580-B654-4C1C553322A0\" rel=\"nofollow noopener noreferrer\">reactor fill level to identify batches</a>. <i>(<strong>Do it! </strong>Use Value Search to create a condition for when Reactor Fill Level is greater than 5, ignore capsules shorter than 5 minutes)</i></p><p><strong>Identify the pump in and pump out phases </strong>by finding <a href=\"/links?type&#61;workstep&amp;workbook&#61;0EFA6AC1-1A47-7130-A816-A3F0F64F3CA1&amp;worksheet&#61;0EFA6B23-7484-FF50-ABE7-035567A330F9&amp;workstep&#61;0EFA6B23-74B5-EC90-AA51-3A912C866D01\" rel=\"nofollow noopener noreferrer\">when the derivative is increasing and decreasing</a>.</p><p><a href=\"/links?type&#61;workstep&amp;workbook&#61;0EFA6AC1-1A47-7130-A816-A3F0F64F3CA1&amp;worksheet&#61;0EFA6B23-7484-FF50-ABE7-035567A330F9&amp;workstep&#61;0EFA6B23-74B5-EC90-9EDE-751A4F49EEAE\" rel=\"nofollow noopener noreferrer\">Identify heat up and catalyst addition phases</a> <i><strong>(Do it!</strong> Use composite condition where A &#61; Increasing Temp after Pump In and B &#61; Catalyst Addition 2 and use A minus B, heat up identified, in lane)</i></p><ul><li><a href=\"/links?type&#61;workstep&amp;workbook&#61;0EE6DD2B-8CFF-6420-A7F0-AA0043EA25A1&amp;worksheet&#61;0EE71C8A-1249-6070-B9A4-5CA906709410&amp;workstep&#61;0EE71C98-3C93-71B0-881E-FF3500717CC4\" rel=\"nofollow noopener noreferrer\">Identify the Catalyst Addition phase</a> using the catalyst flow rate.\u00a0</li><li>Take the derivative of temperature to find when temperature is increasing, remove time included in the Pump In phase. \u00a0<a href=\"/links?type&#61;workstep&amp;workbook&#61;0EE6DD2B-8CFF-6420-A7F0-AA0043EA25A1&amp;worksheet&#61;0EE71C8A-1249-6070-B9A4-5CA906709410&amp;workstep&#61;0EE71CA2-F366-7310-8C23-3FBBE948D44A\" rel=\"nofollow noopener noreferrer\">Identify Temperature Increasing</a>\u00a0</li><li>Combine Catalyst Addition and Increasing Temperature after Pump in using Composite Condition and &#39;A minus B&#39;. <a href=\"/links?type&#61;workstep&amp;workbook&#61;0EE6DD2B-8CFF-6420-A7F0-AA0043EA25A1&amp;worksheet&#61;0EE71C8A-1249-6070-B9A4-5CA906709410&amp;workstep&#61;0EE71CA4-4C6D-FD40-9289-CD3D165361CD\" rel=\"nofollow noopener noreferrer\">Identify Heat Up\u00a0</a></li><li><a href=\"/links?type&#61;workstep&amp;workbook&#61;0EE6DD2B-8CFF-6420-A7F0-AA0043EA25A1&amp;worksheet&#61;0EE71C8A-1249-6070-B9A4-5CA906709410&amp;workstep&#61;0EE6DE41-2413-FB20-B31F-8D29898C454A\" rel=\"nofollow noopener noreferrer\">All Batch Phases</a></li></ul><p><a href=\"/links?type&#61;workstep&amp;workbook&#61;0EFA6AC1-1A47-7130-A816-A3F0F64F3CA1&amp;worksheet&#61;0EFA6B23-7484-FF50-ABE7-035567A330F9&amp;workstep&#61;0EFA6B23-74B8-73A0-BC0D-6975B5135065\" rel=\"nofollow noopener noreferrer\">Identify downtime and quantify batch cycle time</a><i> (<strong>Do it! </strong>Create a notification for when downtime occurs.)</i></p><p><a href=\"/links?type&#61;workstep&amp;workbook&#61;0EFA6AC1-1A47-7130-A816-A3F0F64F3CA1&amp;worksheet&#61;0EFA6B23-7484-FF50-ABE7-035567A330F9&amp;workstep&#61;0EFA6B23-74BD-71C0-8A93-0B8509AE01F9\" rel=\"nofollow noopener noreferrer\">Analyze cycle time of batch phases with Histogram</a> (<a href=\"/links?type&#61;workstep&amp;workbook&#61;0EFA6AC1-1A47-7130-A816-A3F0F64F3CA1&amp;worksheet&#61;0EFA6B23-7484-FF50-ABE7-035567A330F9&amp;workstep&#61;0EFA6B23-74BF-E8D0-AA85-FEACAAE0C59D\" rel=\"nofollow noopener noreferrer\">Analyze with Histogram and visualize the phases</a>)</p><p><strong>Quantify cost impact </strong>of downtime<strong> and scale over all three reactors.</strong> <a href=\"/links?type&#61;workstep&amp;workbook&#61;0EFA6AC1-1A47-7130-A816-A3F0F64F3CA1&amp;worksheet&#61;0EFA6B23-7484-FF50-ABE7-035567A330F9&amp;workstep&#61;0EFA6B23-74C1-FFE0-BCAB-8C9912C73BA3\" rel=\"nofollow noopener noreferrer\">Table of downtime events for each reactor</a></p>",
        "DocumentBackup\u02c9DEg3Lh5pLS4-lG84EjGXXXdzxhd1450vkLgiu8he2l8\u02c92024-11-19T20:11:00Z": "<h2 style=\"text-align:center;\"><strong>Batch Cycle Time Optimization</strong></h2><figure class=\"table\" style=\"width:100%;\"><table class=\"ck-table-resized\" style=\"border-color:hsl(0, 0%, 100%);border-style:solid;\"><colgroup><col style=\"width:25.53%;\" /><col style=\"width:74.47%;\" /></colgroup><tbody><tr><td style=\"border-color:hsl(0, 0%, 100%);border-style:solid;\"><figure class=\"image\"><img src=\"/api/annotations/0EFA6B23-74C4-66F0-A472-5CA79A555309/images/image_v1.png\"></figure></td><td style=\"border-color:hsl(0, 0%, 100%);border-style:solid;\"><h4><i>Solvay optimized batch cycle time with Seeq resulting in<strong> 6-8 more batches per year </strong>in two reactors. Learn more </i><a target=\"_blank\" href=\"https://www.solvay.com/sites/g/files/srpend221/files/2023-05/solvay-2022-annual-integrated-report.pdf\" rel=\"nofollow noopener noreferrer\"><i>here</i></a><i>!</i></h4></td></tr></tbody></table></figure><h4><a href=\"/links?type&#61;workstep&amp;workbook&#61;0EFA6AC1-1A47-7130-A816-A3F0F64F3CA1&amp;worksheet&#61;0EFA6B23-7484-FF50-ABE7-035567A330F9&amp;workstep&#61;0EFA6B23-74BF-E8D0-AA85-FEACAAE0C59D\" rel=\"nofollow noopener noreferrer\">Batch Cycle Time - Downtime Identification</a></h4><h3><strong>Solution:</strong></h3><p><strong>Access raw data</strong>, bringing in <a href=\"/links?type&#61;workstep&amp;workbook&#61;0EFA6AC1-1A47-7130-A816-A3F0F64F3CA1&amp;worksheet&#61;0EFA6B23-7484-FF50-ABE7-035567A330F9&amp;workstep&#61;0EFA6B23-74B0-EE70-B4F4-11B898CB0AC5\" rel=\"nofollow noopener noreferrer\">key reactor tags</a>. <i>(<strong>Do it! </strong>Navigate to the asset group &#39;Batch Reactors&#39; and add Catalyst Feed Rate and Reactor Temperature.)\u00a0</i></p><p><strong>Identify when each batch is active </strong>using <a href=\"/links?type&#61;workstep&amp;workbook&#61;0EFA6AC1-1A47-7130-A816-A3F0F64F3CA1&amp;worksheet&#61;0EFA6B23-7484-FF50-ABE7-035567A330F9&amp;workstep&#61;0EFA6B23-74B3-7580-B654-4C1C553322A0\" rel=\"nofollow noopener noreferrer\">reactor fill level to identify batches</a>. <i>(<strong>Do it! </strong>Use Value Search to create a condition for when Reactor Fill Level is greater than 5, ignore capsules shorter than 5 minutes)</i></p><p><strong>Identify the pump in and pump out phases </strong>by finding <a href=\"/links?type&#61;workstep&amp;workbook&#61;0EFA6AC1-1A47-7130-A816-A3F0F64F3CA1&amp;worksheet&#61;0EFA6B23-7484-FF50-ABE7-035567A330F9&amp;workstep&#61;0EFA6B23-74B5-EC90-AA51-3A912C866D01\" rel=\"nofollow noopener noreferrer\">when the derivative is increasing and decreasing</a>.</p><p><a href=\"/links?type&#61;workstep&amp;workbook&#61;0EFA6AC1-1A47-7130-A816-A3F0F64F3CA1&amp;worksheet&#61;0EFA6B23-7484-FF50-ABE7-035567A330F9&amp;workstep&#61;0EFA6B23-74B5-EC90-9EDE-751A4F49EEAE\" rel=\"nofollow noopener noreferrer\">Identify heat up and catalyst addition phases</a> <i><strong>(Do it!</strong> Use composite condition where A &#61; Increasing Temp after Pump In and B &#61; Catalyst Addition 2 and use A minus B, heat up identified, in lane)</i></p><ul><li><a href=\"/links?type&#61;workstep&amp;workbook&#61;0EFA6AC1-1A47-7130-A816-A3F0F64F3CA1&amp;worksheet&#61;0EFA6B23-7484-FF50-ABE7-035567A330F9&amp;workstep&#61;0EFA6B26-44D6-FD00-A5B6-BA8256F63428\" rel=\"nofollow noopener noreferrer\">Identify the Catalyst Addition phase</a> using the catalyst flow rate.\u00a0</li><li>Take the derivative of temperature to find when temperature is increasing, remove time included in the Pump In phase. \u00a0Identify Temperature Increasing\u00a0</li><li>Combine Catalyst Addition and Increasing Temperature after Pump in using Composite Condition and &#39;A minus B&#39;. Identify Heat Up\u00a0</li><li>All Batch Phases</li></ul><p><a href=\"/links?type&#61;workstep&amp;workbook&#61;0EFA6AC1-1A47-7130-A816-A3F0F64F3CA1&amp;worksheet&#61;0EFA6B23-7484-FF50-ABE7-035567A330F9&amp;workstep&#61;0EFA6B23-74B8-73A0-BC0D-6975B5135065\" rel=\"nofollow noopener noreferrer\">Identify downtime and quantify batch cycle time</a><i> (<strong>Do it! </strong>Create a notification for when downtime occurs.)</i></p><p><a href=\"/links?type&#61;workstep&amp;workbook&#61;0EFA6AC1-1A47-7130-A816-A3F0F64F3CA1&amp;worksheet&#61;0EFA6B23-7484-FF50-ABE7-035567A330F9&amp;workstep&#61;0EFA6B23-74BD-71C0-8A93-0B8509AE01F9\" rel=\"nofollow noopener noreferrer\">Analyze cycle time of batch phases with Histogram</a> (<a href=\"/links?type&#61;workstep&amp;workbook&#61;0EFA6AC1-1A47-7130-A816-A3F0F64F3CA1&amp;worksheet&#61;0EFA6B23-7484-FF50-ABE7-035567A330F9&amp;workstep&#61;0EFA6B23-74BF-E8D0-AA85-FEACAAE0C59D\" rel=\"nofollow noopener noreferrer\">Analyze with Histogram and visualize the phases</a>)</p><p><strong>Quantify cost impact </strong>of downtime<strong> and scale over all three reactors.</strong> <a href=\"/links?type&#61;workstep&amp;workbook&#61;0EFA6AC1-1A47-7130-A816-A3F0F64F3CA1&amp;worksheet&#61;0EFA6B23-7484-FF50-ABE7-035567A330F9&amp;workstep&#61;0EFA6B23-74C1-FFE0-BCAB-8C9912C73BA3\" rel=\"nofollow noopener noreferrer\">Table of downtime events for each reactor</a></p>",
        "DocumentBackup\u02c9DEg3Lh5pLS4-lG84EjGXXXdzxhd1450vkLgiu8he2l8\u02c92024-11-19T20:12:00Z": "<h2 style=\"text-align:center;\"><strong>Batch Cycle Time Optimization</strong></h2><figure class=\"table\" style=\"width:100%;\"><table class=\"ck-table-resized\" style=\"border-color:hsl(0, 0%, 100%);border-style:solid;\"><colgroup><col style=\"width:25.53%;\" /><col style=\"width:74.47%;\" /></colgroup><tbody><tr><td style=\"border-color:hsl(0, 0%, 100%);border-style:solid;\"><figure class=\"image\"><img src=\"/api/annotations/0EFA6B23-74C4-66F0-A472-5CA79A555309/images/image_v1.png\"></figure></td><td style=\"border-color:hsl(0, 0%, 100%);border-style:solid;\"><h4><i>Solvay optimized batch cycle time with Seeq resulting in<strong> 6-8 more batches per year </strong>in two reactors. Learn more </i><a target=\"_blank\" href=\"https://www.solvay.com/sites/g/files/srpend221/files/2023-05/solvay-2022-annual-integrated-report.pdf\" rel=\"nofollow noopener noreferrer\"><i>here</i></a><i>!</i></h4></td></tr></tbody></table></figure><h4><a href=\"/links?type&#61;workstep&amp;workbook&#61;0EFA6AC1-1A47-7130-A816-A3F0F64F3CA1&amp;worksheet&#61;0EFA6B23-7484-FF50-ABE7-035567A330F9&amp;workstep&#61;0EFA6B23-74BF-E8D0-AA85-FEACAAE0C59D\" rel=\"nofollow noopener noreferrer\">Batch Cycle Time - Downtime Identification</a></h4><h3><strong>Solution:</strong></h3><p><strong>Access raw data</strong>, bringing in <a href=\"/links?type&#61;workstep&amp;workbook&#61;0EFA6AC1-1A47-7130-A816-A3F0F64F3CA1&amp;worksheet&#61;0EFA6B23-7484-FF50-ABE7-035567A330F9&amp;workstep&#61;0EFA6B23-74B0-EE70-B4F4-11B898CB0AC5\" rel=\"nofollow noopener noreferrer\">key reactor tags</a>. <i>(<strong>Do it! </strong>Navigate to the asset group &#39;Batch Reactors&#39; and add Catalyst Feed Rate and Reactor Temperature.)\u00a0</i></p><p><strong>Identify when each batch is active </strong>using <a href=\"/links?type&#61;workstep&amp;workbook&#61;0EFA6AC1-1A47-7130-A816-A3F0F64F3CA1&amp;worksheet&#61;0EFA6B23-7484-FF50-ABE7-035567A330F9&amp;workstep&#61;0EFA6B23-74B3-7580-B654-4C1C553322A0\" rel=\"nofollow noopener noreferrer\">reactor fill level to identify batches</a>. <i>(<strong>Do it! </strong>Use Value Search to create a condition for when Reactor Fill Level is greater than 5, ignore capsules shorter than 5 minutes)</i></p><p><strong>Identify the pump in and pump out phases </strong>by finding <a href=\"/links?type&#61;workstep&amp;workbook&#61;0EFA6AC1-1A47-7130-A816-A3F0F64F3CA1&amp;worksheet&#61;0EFA6B23-7484-FF50-ABE7-035567A330F9&amp;workstep&#61;0EFA6B23-74B5-EC90-AA51-3A912C866D01\" rel=\"nofollow noopener noreferrer\">when the derivative is increasing and decreasing</a>.</p><p><a href=\"/links?type&#61;workstep&amp;workbook&#61;0EFA6AC1-1A47-7130-A816-A3F0F64F3CA1&amp;worksheet&#61;0EFA6B23-7484-FF50-ABE7-035567A330F9&amp;workstep&#61;0EFA6B23-74B5-EC90-9EDE-751A4F49EEAE\" rel=\"nofollow noopener noreferrer\">Identify heat up and catalyst addition phases</a> <i><strong>(Do it!</strong> Use composite condition where A &#61; Increasing Temp after Pump In and B &#61; Catalyst Addition 2 and use A minus B, heat up identified, in lane)</i></p><ul><li><a href=\"/links?type&#61;workstep&amp;workbook&#61;0EFA6AC1-1A47-7130-A816-A3F0F64F3CA1&amp;worksheet&#61;0EFA6B23-7484-FF50-ABE7-035567A330F9&amp;workstep&#61;0EFA6B26-44D6-FD00-A5B6-BA8256F63428\" rel=\"nofollow noopener noreferrer\">Identify the Catalyst Addition phase</a> using the catalyst flow rate.\u00a0</li><li>Take the derivative of temperature to find when temperature is increasing, remove time included in the Pump In phase. \u00a0<a href=\"/links?type&#61;workstep&amp;workbook&#61;0EFA6AC1-1A47-7130-A816-A3F0F64F3CA1&amp;worksheet&#61;0EFA6B23-7484-FF50-ABE7-035567A330F9&amp;workstep&#61;0EFA6B28-8363-EC60-8ECD-40CECBDA72E4\" rel=\"nofollow noopener noreferrer\">Identify Temperature Increasing</a>\u00a0</li><li>Combine Catalyst Addition and Increasing Temperature after Pump in using Composite Condition and &#39;A minus B&#39;. Identify Heat Up\u00a0</li><li>All Batch Phases</li></ul><p><a href=\"/links?type&#61;workstep&amp;workbook&#61;0EFA6AC1-1A47-7130-A816-A3F0F64F3CA1&amp;worksheet&#61;0EFA6B23-7484-FF50-ABE7-035567A330F9&amp;workstep&#61;0EFA6B23-74B8-73A0-BC0D-6975B5135065\" rel=\"nofollow noopener noreferrer\">Identify downtime and quantify batch cycle time</a><i> (<strong>Do it! </strong>Create a notification for when downtime occurs.)</i></p><p><a href=\"/links?type&#61;workstep&amp;workbook&#61;0EFA6AC1-1A47-7130-A816-A3F0F64F3CA1&amp;worksheet&#61;0EFA6B23-7484-FF50-ABE7-035567A330F9&amp;workstep&#61;0EFA6B23-74BD-71C0-8A93-0B8509AE01F9\" rel=\"nofollow noopener noreferrer\">Analyze cycle time of batch phases with Histogram</a> (<a href=\"/links?type&#61;workstep&amp;workbook&#61;0EFA6AC1-1A47-7130-A816-A3F0F64F3CA1&amp;worksheet&#61;0EFA6B23-7484-FF50-ABE7-035567A330F9&amp;workstep&#61;0EFA6B23-74BF-E8D0-AA85-FEACAAE0C59D\" rel=\"nofollow noopener noreferrer\">Analyze with Histogram and visualize the phases</a>)</p><p><strong>Quantify cost impact </strong>of downtime<strong> and scale over all three reactors.</strong> <a href=\"/links?type&#61;workstep&amp;workbook&#61;0EFA6AC1-1A47-7130-A816-A3F0F64F3CA1&amp;worksheet&#61;0EFA6B23-7484-FF50-ABE7-035567A330F9&amp;workstep&#61;0EFA6B23-74C1-FFE0-BCAB-8C9912C73BA3\" rel=\"nofollow noopener noreferrer\">Table of downtime events for each reactor</a></p>",
        "DocumentBackup\u02c9DEg3Lh5pLS4-lG84EjGXXXdzxhd1450vkLgiu8he2l8\u02c92024-11-19T20:13:00Z": "<h2 style=\"text-align:center;\"><strong>Batch Cycle Time Optimization</strong></h2><figure class=\"table\" style=\"width:100%;\"><table class=\"ck-table-resized\" style=\"border-color:hsl(0, 0%, 100%);border-style:solid;\"><colgroup><col style=\"width:25.53%;\" /><col style=\"width:74.47%;\" /></colgroup><tbody><tr><td style=\"border-color:hsl(0, 0%, 100%);border-style:solid;\"><figure class=\"image\"><img src=\"/api/annotations/0EFA6B23-74C4-66F0-A472-5CA79A555309/images/image_v1.png\"></figure></td><td style=\"border-color:hsl(0, 0%, 100%);border-style:solid;\"><h4><i>Solvay optimized batch cycle time with Seeq resulting in<strong> 6-8 more batches per year </strong>in two reactors. Learn more </i><a target=\"_blank\" href=\"https://www.solvay.com/sites/g/files/srpend221/files/2023-05/solvay-2022-annual-integrated-report.pdf\" rel=\"nofollow noopener noreferrer\"><i>here</i></a><i>!</i></h4></td></tr></tbody></table></figure><h4><a href=\"/links?type&#61;workstep&amp;workbook&#61;0EFA6AC1-1A47-7130-A816-A3F0F64F3CA1&amp;worksheet&#61;0EFA6B23-7484-FF50-ABE7-035567A330F9&amp;workstep&#61;0EFA6B23-74BF-E8D0-AA85-FEACAAE0C59D\" rel=\"nofollow noopener noreferrer\">Batch Cycle Time - Downtime Identification</a></h4><h3><strong>Solution:</strong></h3><p><strong>Access raw data</strong>, bringing in <a href=\"/links?type&#61;workstep&amp;workbook&#61;0EFA6AC1-1A47-7130-A816-A3F0F64F3CA1&amp;worksheet&#61;0EFA6B23-7484-FF50-ABE7-035567A330F9&amp;workstep&#61;0EFA6B23-74B0-EE70-B4F4-11B898CB0AC5\" rel=\"nofollow noopener noreferrer\">key reactor tags</a>. <i>(<strong>Do it! </strong>Navigate to the asset group &#39;Batch Reactors&#39; and add Catalyst Feed Rate and Reactor Temperature.)\u00a0</i></p><p><strong>Identify when each batch is active </strong>using <a href=\"/links?type&#61;workstep&amp;workbook&#61;0EFA6AC1-1A47-7130-A816-A3F0F64F3CA1&amp;worksheet&#61;0EFA6B23-7484-FF50-ABE7-035567A330F9&amp;workstep&#61;0EFA6B23-74B3-7580-B654-4C1C553322A0\" rel=\"nofollow noopener noreferrer\">reactor fill level to identify batches</a>. <i>(<strong>Do it! </strong>Use Value Search to create a condition for when Reactor Fill Level is greater than 5, ignore capsules shorter than 5 minutes)</i></p><p><strong>Identify the pump in and pump out phases </strong>by finding <a href=\"/links?type&#61;workstep&amp;workbook&#61;0EFA6AC1-1A47-7130-A816-A3F0F64F3CA1&amp;worksheet&#61;0EFA6B23-7484-FF50-ABE7-035567A330F9&amp;workstep&#61;0EFA6B23-74B5-EC90-AA51-3A912C866D01\" rel=\"nofollow noopener noreferrer\">when the derivative is increasing and decreasing</a>.</p><p><a href=\"/links?type&#61;workstep&amp;workbook&#61;0EFA6AC1-1A47-7130-A816-A3F0F64F3CA1&amp;worksheet&#61;0EFA6B23-7484-FF50-ABE7-035567A330F9&amp;workstep&#61;0EFA6B23-74B5-EC90-9EDE-751A4F49EEAE\" rel=\"nofollow noopener noreferrer\">Identify heat up and catalyst addition phases</a> <i><strong>(Do it!</strong> Use composite condition where A &#61; Increasing Temp after Pump In and B &#61; Catalyst Addition 2 and use A minus B, heat up identified, in lane)</i></p><ul><li><a href=\"/links?type&#61;workstep&amp;workbook&#61;0EFA6AC1-1A47-7130-A816-A3F0F64F3CA1&amp;worksheet&#61;0EFA6B23-7484-FF50-ABE7-035567A330F9&amp;workstep&#61;0EFA6B26-44D6-FD00-A5B6-BA8256F63428\" rel=\"nofollow noopener noreferrer\">Identify the Catalyst Addition phase</a> using the catalyst flow rate.\u00a0</li><li>Take the derivative of temperature to find when temperature is increasing, remove time included in the Pump In phase. \u00a0<a href=\"/links?type&#61;workstep&amp;workbook&#61;0EFA6AC1-1A47-7130-A816-A3F0F64F3CA1&amp;worksheet&#61;0EFA6B23-7484-FF50-ABE7-035567A330F9&amp;workstep&#61;0EFA6B28-8363-EC60-8ECD-40CECBDA72E4\" rel=\"nofollow noopener noreferrer\">Identify Temperature Increasing</a>\u00a0</li><li>Combine Catalyst Addition and Increasing Temperature after Pump in using Composite Condition and &#39;A minus B&#39;. <a href=\"/links?type&#61;workstep&amp;workbook&#61;0EFA6AC1-1A47-7130-A816-A3F0F64F3CA1&amp;worksheet&#61;0EFA6B23-7484-FF50-ABE7-035567A330F9&amp;workstep&#61;0EFA6B2A-1223-FDA0-8D75-FD9C30437855\" rel=\"nofollow noopener noreferrer\">Identify Heat Up\u00a0</a></li><li><a href=\"/links?type&#61;workstep&amp;workbook&#61;0EFA6AC1-1A47-7130-A816-A3F0F64F3CA1&amp;worksheet&#61;0EFA6B23-7484-FF50-ABE7-035567A330F9&amp;workstep&#61;0EFA6B23-74B5-EC90-9EDE-751A4F49EEAE\" rel=\"nofollow noopener noreferrer\">All Batch Phases</a></li></ul><p><a href=\"/links?type&#61;workstep&amp;workbook&#61;0EFA6AC1-1A47-7130-A816-A3F0F64F3CA1&amp;worksheet&#61;0EFA6B23-7484-FF50-ABE7-035567A330F9&amp;workstep&#61;0EFA6B23-74B8-73A0-BC0D-6975B5135065\" rel=\"nofollow noopener noreferrer\">Identify downtime and quantify batch cycle time</a><i> (<strong>Do it! </strong>Create a notification for when downtime occurs.)</i></p><p><a href=\"/links?type&#61;workstep&amp;workbook&#61;0EFA6AC1-1A47-7130-A816-A3F0F64F3CA1&amp;worksheet&#61;0EFA6B23-7484-FF50-ABE7-035567A330F9&amp;workstep&#61;0EFA6B23-74BD-71C0-8A93-0B8509AE01F9\" rel=\"nofollow noopener noreferrer\">Analyze cycle time of batch phases with Histogram</a> (<a href=\"/links?type&#61;workstep&amp;workbook&#61;0EFA6AC1-1A47-7130-A816-A3F0F64F3CA1&amp;worksheet&#61;0EFA6B23-7484-FF50-ABE7-035567A330F9&amp;workstep&#61;0EFA6B23-74BF-E8D0-AA85-FEACAAE0C59D\" rel=\"nofollow noopener noreferrer\">Analyze with Histogram and visualize the phases</a>)</p><p><strong>Quantify cost impact </strong>of downtime<strong> and scale over all three reactors.</strong> <a href=\"/links?type&#61;workstep&amp;workbook&#61;0EFA6AC1-1A47-7130-A816-A3F0F64F3CA1&amp;worksheet&#61;0EFA6B23-7484-FF50-ABE7-035567A330F9&amp;workstep&#61;0EFA6B23-74C1-FFE0-BCAB-8C9912C73BA3\" rel=\"nofollow noopener noreferrer\">Table of downtime events for each reactor</a></p>",
        "DocumentBackup\u02c9DEg3Lh5pLS4-lG84EjGXXXdzxhd1450vkLgiu8he2l8\u02c92024-11-19T20:14:00Z": "<h2 style=\"text-align:center;\"><strong>Batch Cycle Time Optimization</strong></h2><figure class=\"table\" style=\"width:100%;\"><table class=\"ck-table-resized\" style=\"border-color:hsl(0, 0%, 100%);border-style:solid;\"><colgroup><col style=\"width:25.53%;\" /><col style=\"width:74.47%;\" /></colgroup><tbody><tr><td style=\"border-color:hsl(0, 0%, 100%);border-style:solid;\"><figure class=\"image\"><img src=\"/api/annotations/0EFA6B23-74C4-66F0-A472-5CA79A555309/images/image_v1.png\"></figure></td><td style=\"border-color:hsl(0, 0%, 100%);border-style:solid;\"><h4><i>Solvay optimized batch cycle time with Seeq resulting in<strong> 6-8 more batches per year </strong>in two reactors. Learn more </i><a target=\"_blank\" href=\"https://www.solvay.com/sites/g/files/srpend221/files/2023-05/solvay-2022-annual-integrated-report.pdf\" rel=\"nofollow noopener noreferrer\"><i>here</i></a><i>!</i></h4></td></tr></tbody></table></figure><h4><a href=\"/links?type&#61;workstep&amp;workbook&#61;0EFA6AC1-1A47-7130-A816-A3F0F64F3CA1&amp;worksheet&#61;0EFA6B23-7484-FF50-ABE7-035567A330F9&amp;workstep&#61;0EFA6B23-74BF-E8D0-AA85-FEACAAE0C59D\" rel=\"nofollow noopener noreferrer\">Batch Cycle Time - Downtime Identification</a></h4><h3><strong>Solution:</strong></h3><p><strong>Access raw data</strong>, bringing in <a href=\"/links?type&#61;workstep&amp;workbook&#61;0EFA6AC1-1A47-7130-A816-A3F0F64F3CA1&amp;worksheet&#61;0EFA6B23-7484-FF50-ABE7-035567A330F9&amp;workstep&#61;0EFA6B23-74B0-EE70-B4F4-11B898CB0AC5\" rel=\"nofollow noopener noreferrer\">key reactor tags</a>. <i>(<strong>Do it! </strong>Navigate to the asset group &#39;Batch Reactors&#39; and add Catalyst Feed Rate and Reactor Temperature.)\u00a0</i></p><p><strong>Identify when each batch is active </strong>using <a href=\"/links?type&#61;workstep&amp;workbook&#61;0EFA6AC1-1A47-7130-A816-A3F0F64F3CA1&amp;worksheet&#61;0EFA6B23-7484-FF50-ABE7-035567A330F9&amp;workstep&#61;0EFA6B23-74B3-7580-B654-4C1C553322A0\" rel=\"nofollow noopener noreferrer\">reactor fill level to identify batches</a>. <i>(<strong>Do it! </strong>Use Value Search to create a condition for when Reactor Fill Level is greater than 5, ignore capsules shorter than 5 minutes)</i></p><p><strong>Identify the pump in and pump out phases </strong>by finding <a href=\"/links?type&#61;workstep&amp;workbook&#61;0EFA6AC1-1A47-7130-A816-A3F0F64F3CA1&amp;worksheet&#61;0EFA6B23-7484-FF50-ABE7-035567A330F9&amp;workstep&#61;0EFA6B23-74B5-EC90-AA51-3A912C866D01\" rel=\"nofollow noopener noreferrer\">when the derivative is increasing and decreasing</a>.</p><p><a href=\"/links?type&#61;workstep&amp;workbook&#61;0EFA6AC1-1A47-7130-A816-A3F0F64F3CA1&amp;worksheet&#61;0EFA6B23-7484-FF50-ABE7-035567A330F9&amp;workstep&#61;0EFA6B23-74B5-EC90-9EDE-751A4F49EEAE\" rel=\"nofollow noopener noreferrer\">Identify heat up and catalyst addition phases</a> <i><strong>(Do it!</strong> Use composite condition where A &#61; Increasing Temp after Pump In and B &#61; Catalyst Addition 2 and use A minus B, heat up identified, in lane)</i></p><ul><li><a href=\"/links?type&#61;workstep&amp;workbook&#61;0EFA6AC1-1A47-7130-A816-A3F0F64F3CA1&amp;worksheet&#61;0EFA6B23-7484-FF50-ABE7-035567A330F9&amp;workstep&#61;0EFA6B26-44D6-FD00-A5B6-BA8256F63428\" rel=\"nofollow noopener noreferrer\">Identify the Catalyst Addition phase</a> using the catalyst flow rate.\u00a0</li><li>Take the derivative of temperature to find when temperature is increasing, remove time included in the Pump In phase. \u00a0<a href=\"/links?type&#61;workstep&amp;workbook&#61;0EFA6AC1-1A47-7130-A816-A3F0F64F3CA1&amp;worksheet&#61;0EFA6B23-7484-FF50-ABE7-035567A330F9&amp;workstep&#61;0EFA6B28-8363-EC60-8ECD-40CECBDA72E4\" rel=\"nofollow noopener noreferrer\">Identify Temperature Increasing</a>\u00a0</li><li>Combine Catalyst Addition and Increasing Temperature after Pump in using Composite Condition and &#39;A minus B&#39;. <a href=\"/links?type&#61;workstep&amp;workbook&#61;0EFA6AC1-1A47-7130-A816-A3F0F64F3CA1&amp;worksheet&#61;0EFA6B23-7484-FF50-ABE7-035567A330F9&amp;workstep&#61;0EFA6B2A-1223-FDA0-8D75-FD9C30437855\" rel=\"nofollow noopener noreferrer\">Identify Heat Up\u00a0</a></li><li><a href=\"/links?type&#61;workstep&amp;workbook&#61;0EFA6AC1-1A47-7130-A816-A3F0F64F3CA1&amp;worksheet&#61;0EFA6B23-7484-FF50-ABE7-035567A330F9&amp;workstep&#61;0EFA6B23-74B5-EC90-9EDE-751A4F49EEAE\" rel=\"nofollow noopener noreferrer\">All Batch Phases</a></li></ul><p><a href=\"/links?type&#61;workstep&amp;workbook&#61;0EFA6AC1-1A47-7130-A816-A3F0F64F3CA1&amp;worksheet&#61;0EFA6B23-7484-FF50-ABE7-035567A330F9&amp;workstep&#61;0EFA6B23-74B8-73A0-BC0D-6975B5135065\" rel=\"nofollow noopener noreferrer\">Identify downtime and quantify batch cycle time</a><i> (<strong>Do it! </strong>Create a notification for when downtime occurs.)</i></p><ul><li><a href=\"/links?type&#61;workstep&amp;workbook&#61;0EFA6AC1-1A47-7130-A816-A3F0F64F3CA1&amp;worksheet&#61;0EFA6B23-7484-FF50-ABE7-035567A330F9&amp;workstep&#61;0EFA6B2C-100A-E850-953C-57BF4F0D5C1E\" rel=\"nofollow noopener noreferrer\">Identify downtime</a> by subtracting all batch phases from the overall batch condition.\u00a0</li><li><a href=\"/links?type&#61;workstep&amp;workbook&#61;0EFA6AC1-1A47-7130-A816-A3F0F64F3CA1&amp;worksheet&#61;0EFA6B23-7484-FF50-ABE7-035567A330F9&amp;workstep&#61;0EFA6B2C-819A-EC90-A95B-E85C5B71F745\" rel=\"nofollow noopener noreferrer\">Identify Turnaround time</a> using Formula Tool and the inverse() function.</li><li>Use Signal From Condition to <a href=\"/links?type&#61;workstep&amp;workbook&#61;0EFA6AC1-1A47-7130-A816-A3F0F64F3CA1&amp;worksheet&#61;0EFA6B23-7484-FF50-ABE7-035567A330F9&amp;workstep&#61;0EFA6B23-74B8-73A0-BC0D-6975B5135065\" rel=\"nofollow noopener noreferrer\">quantify Cycle Time</a>\u00a0</li></ul><p><a href=\"/links?type&#61;workstep&amp;workbook&#61;0EFA6AC1-1A47-7130-A816-A3F0F64F3CA1&amp;worksheet&#61;0EFA6B23-7484-FF50-ABE7-035567A330F9&amp;workstep&#61;0EFA6B23-74BD-71C0-8A93-0B8509AE01F9\" rel=\"nofollow noopener noreferrer\">Analyze cycle time of batch phases with Histogram</a> (<a href=\"/links?type&#61;workstep&amp;workbook&#61;0EFA6AC1-1A47-7130-A816-A3F0F64F3CA1&amp;worksheet&#61;0EFA6B23-7484-FF50-ABE7-035567A330F9&amp;workstep&#61;0EFA6B23-74BF-E8D0-AA85-FEACAAE0C59D\" rel=\"nofollow noopener noreferrer\">Analyze with Histogram and visualize the phases</a>)</p><p><strong>Quantify cost impact </strong>of downtime<strong> and scale over all three reactors.</strong> <a href=\"/links?type&#61;workstep&amp;workbook&#61;0EFA6AC1-1A47-7130-A816-A3F0F64F3CA1&amp;worksheet&#61;0EFA6B23-7484-FF50-ABE7-035567A330F9&amp;workstep&#61;0EFA6B23-74C1-FFE0-BCAB-8C9912C73BA3\" rel=\"nofollow noopener noreferrer\">Table of downtime events for each reactor</a></p>",
        "DocumentBackup\u02c9DEg3Lh5pLS4-lG84EjGXXXdzxhd1450vkLgiu8he2l8\u02c92024-11-19T20:16:00Z": "<h2 style=\"text-align:center;\"><strong>Batch Cycle Time Optimization</strong></h2><figure class=\"table\" style=\"width:100%;\"><table class=\"ck-table-resized\" style=\"border-color:hsl(0, 0%, 100%);border-style:solid;\"><colgroup><col style=\"width:25.53%;\" /><col style=\"width:74.47%;\" /></colgroup><tbody><tr><td style=\"border-color:hsl(0, 0%, 100%);border-style:solid;\"><figure class=\"image\"><img src=\"/api/annotations/0EFA6B23-74C4-66F0-A472-5CA79A555309/images/image_v1.png\"></figure></td><td style=\"border-color:hsl(0, 0%, 100%);border-style:solid;\"><h4><i>Solvay optimized batch cycle time with Seeq resulting in<strong> 6-8 more batches per year </strong>in two reactors. Learn more </i><a target=\"_blank\" href=\"https://www.solvay.com/sites/g/files/srpend221/files/2023-05/solvay-2022-annual-integrated-report.pdf\" rel=\"nofollow noopener noreferrer\"><i>here</i></a><i>!</i></h4></td></tr></tbody></table></figure><h4><a href=\"/links?type&#61;workstep&amp;workbook&#61;0EFA6AC1-1A47-7130-A816-A3F0F64F3CA1&amp;worksheet&#61;0EFA6B23-7484-FF50-ABE7-035567A330F9&amp;workstep&#61;0EFA6B23-74BF-E8D0-AA85-FEACAAE0C59D\" rel=\"nofollow noopener noreferrer\">Batch Cycle Time - Downtime Identification</a></h4><h3><strong>Solution:</strong></h3><p><strong>Access raw data</strong>, bringing in <a href=\"/links?type&#61;workstep&amp;workbook&#61;0EFA6AC1-1A47-7130-A816-A3F0F64F3CA1&amp;worksheet&#61;0EFA6B23-7484-FF50-ABE7-035567A330F9&amp;workstep&#61;0EFA6B23-74B0-EE70-B4F4-11B898CB0AC5\" rel=\"nofollow noopener noreferrer\">key reactor tags</a>. <i>(<strong>Do it! </strong>Navigate to the asset group &#39;Batch Reactors&#39; and add Catalyst Feed Rate and Reactor Temperature.)\u00a0</i></p><p><strong>Identify when each batch is active </strong>using <a href=\"/links?type&#61;workstep&amp;workbook&#61;0EFA6AC1-1A47-7130-A816-A3F0F64F3CA1&amp;worksheet&#61;0EFA6B23-7484-FF50-ABE7-035567A330F9&amp;workstep&#61;0EFA6B23-74B3-7580-B654-4C1C553322A0\" rel=\"nofollow noopener noreferrer\">reactor fill level to identify batches</a>. <i>(<strong>Do it! </strong>Use Value Search to create a condition for when Reactor Fill Level is greater than 5, ignore capsules shorter than 5 minutes)</i></p><p><strong>Identify the pump in and pump out phases </strong>by finding <a href=\"/links?type&#61;workstep&amp;workbook&#61;0EFA6AC1-1A47-7130-A816-A3F0F64F3CA1&amp;worksheet&#61;0EFA6B23-7484-FF50-ABE7-035567A330F9&amp;workstep&#61;0EFA6B23-74B5-EC90-AA51-3A912C866D01\" rel=\"nofollow noopener noreferrer\">when the derivative is increasing and decreasing</a>.</p><p><a href=\"/links?type&#61;workstep&amp;workbook&#61;0EFA6AC1-1A47-7130-A816-A3F0F64F3CA1&amp;worksheet&#61;0EFA6B23-7484-FF50-ABE7-035567A330F9&amp;workstep&#61;0EFA6B23-74B5-EC90-9EDE-751A4F49EEAE\" rel=\"nofollow noopener noreferrer\">Identify heat up and catalyst addition phases</a> <i><strong>(Do it!</strong> Use composite condition where A &#61; Increasing Temp after Pump In and B &#61; Catalyst Addition 2 and use A minus B, heat up identified, in lane)</i></p><ul><li><a href=\"/links?type&#61;workstep&amp;workbook&#61;0EFA6AC1-1A47-7130-A816-A3F0F64F3CA1&amp;worksheet&#61;0EFA6B23-7484-FF50-ABE7-035567A330F9&amp;workstep&#61;0EFA6B26-44D6-FD00-A5B6-BA8256F63428\" rel=\"nofollow noopener noreferrer\">Identify the Catalyst Addition phase</a> using the catalyst flow rate.\u00a0</li><li>Take the derivative of temperature to find when temperature is increasing, remove time included in the Pump In phase. \u00a0<a href=\"/links?type&#61;workstep&amp;workbook&#61;0EFA6AC1-1A47-7130-A816-A3F0F64F3CA1&amp;worksheet&#61;0EFA6B23-7484-FF50-ABE7-035567A330F9&amp;workstep&#61;0EFA6B28-8363-EC60-8ECD-40CECBDA72E4\" rel=\"nofollow noopener noreferrer\">Identify Temperature Increasing</a>\u00a0</li><li>Combine Catalyst Addition and Increasing Temperature after Pump in using Composite Condition and &#39;A minus B&#39;. <a href=\"/links?type&#61;workstep&amp;workbook&#61;0EFA6AC1-1A47-7130-A816-A3F0F64F3CA1&amp;worksheet&#61;0EFA6B23-7484-FF50-ABE7-035567A330F9&amp;workstep&#61;0EFA6B2A-1223-FDA0-8D75-FD9C30437855\" rel=\"nofollow noopener noreferrer\">Identify Heat Up\u00a0</a></li><li><a href=\"/links?type&#61;workstep&amp;workbook&#61;0EFA6AC1-1A47-7130-A816-A3F0F64F3CA1&amp;worksheet&#61;0EFA6B23-7484-FF50-ABE7-035567A330F9&amp;workstep&#61;0EFA6B23-74B5-EC90-9EDE-751A4F49EEAE\" rel=\"nofollow noopener noreferrer\">All Batch Phases</a></li></ul><p><a href=\"/links?type&#61;workstep&amp;workbook&#61;0EFA6AC1-1A47-7130-A816-A3F0F64F3CA1&amp;worksheet&#61;0EFA6B23-7484-FF50-ABE7-035567A330F9&amp;workstep&#61;0EFA6B23-74B8-73A0-BC0D-6975B5135065\" rel=\"nofollow noopener noreferrer\">Identify downtime and quantify batch cycle time</a><i> (<strong>Do it! </strong>Create a notification for when downtime occurs.)</i></p><ul><li><a href=\"/links?type&#61;workstep&amp;workbook&#61;0EFA6AC1-1A47-7130-A816-A3F0F64F3CA1&amp;worksheet&#61;0EFA6B23-7484-FF50-ABE7-035567A330F9&amp;workstep&#61;0EFA6B2C-100A-E850-953C-57BF4F0D5C1E\" rel=\"nofollow noopener noreferrer\">Identify downtime</a> by subtracting all batch phases from the overall batch condition.\u00a0</li><li><a href=\"/links?type&#61;workstep&amp;workbook&#61;0EFA6AC1-1A47-7130-A816-A3F0F64F3CA1&amp;worksheet&#61;0EFA6B23-7484-FF50-ABE7-035567A330F9&amp;workstep&#61;0EFA6B2C-819A-EC90-A95B-E85C5B71F745\" rel=\"nofollow noopener noreferrer\">Identify Turnaround time</a> using Formula Tool and the inverse() function.</li><li>Use Signal From Condition to <a href=\"/links?type&#61;workstep&amp;workbook&#61;0EFA6AC1-1A47-7130-A816-A3F0F64F3CA1&amp;worksheet&#61;0EFA6B23-7484-FF50-ABE7-035567A330F9&amp;workstep&#61;0EFA6B23-74B8-73A0-BC0D-6975B5135065\" rel=\"nofollow noopener noreferrer\">quantify Cycle Time</a>\u00a0</li></ul><p><a href=\"/links?type&#61;workstep&amp;workbook&#61;0EFA6AC1-1A47-7130-A816-A3F0F64F3CA1&amp;worksheet&#61;0EFA6B23-7484-FF50-ABE7-035567A330F9&amp;workstep&#61;0EFA6B23-74BD-71C0-8A93-0B8509AE01F9\" rel=\"nofollow noopener noreferrer\">Analyze cycle time of batch phases with Histogram</a> (<a href=\"/links?type&#61;workstep&amp;workbook&#61;0EFA6AC1-1A47-7130-A816-A3F0F64F3CA1&amp;worksheet&#61;0EFA6B23-7484-FF50-ABE7-035567A330F9&amp;workstep&#61;0EFA6B23-74BF-E8D0-AA85-FEACAAE0C59D\" rel=\"nofollow noopener noreferrer\">Analyze with Histogram and visualize the phases</a>)</p><ul><li><a href=\"/links?type&#61;workstep&amp;workbook&#61;0EFA6AC1-1A47-7130-A816-A3F0F64F3CA1&amp;worksheet&#61;0EFA6B23-7484-FF50-ABE7-035567A330F9&amp;workstep&#61;0EFA6B32-9339-FD60-B42D-45F33A5457E4\" rel=\"nofollow noopener noreferrer\">Combine all conditions into one</a> and set capsule properties for each phase using Formula Tool.\u00a0</li><li>Create a histogram measuring the duration of each phase</li></ul><p><strong>Quantify cost impact </strong>of downtime<strong> and scale over all three reactors.</strong> <a href=\"/links?type&#61;workstep&amp;workbook&#61;0EFA6AC1-1A47-7130-A816-A3F0F64F3CA1&amp;worksheet&#61;0EFA6B23-7484-FF50-ABE7-035567A330F9&amp;workstep&#61;0EFA6B23-74C1-FFE0-BCAB-8C9912C73BA3\" rel=\"nofollow noopener noreferrer\">Table of downtime events for each reactor</a></p>",
        "DocumentBackup\u02c9DEg3Lh5pLS4-lG84EjGXXXdzxhd1450vkLgiu8he2l8\u02c92024-11-19T20:17:00Z": "<h2 style=\"text-align:center;\"><strong>Batch Cycle Time Optimization</strong></h2><figure class=\"table\" style=\"width:100%;\"><table class=\"ck-table-resized\" style=\"border-color:hsl(0, 0%, 100%);border-style:solid;\"><colgroup><col style=\"width:25.53%;\" /><col style=\"width:74.47%;\" /></colgroup><tbody><tr><td style=\"border-color:hsl(0, 0%, 100%);border-style:solid;\"><figure class=\"image\"><img src=\"/api/annotations/0EFA6B23-74C4-66F0-A472-5CA79A555309/images/image_v1.png\"></figure></td><td style=\"border-color:hsl(0, 0%, 100%);border-style:solid;\"><h4><i>Solvay optimized batch cycle time with Seeq resulting in<strong> 6-8 more batches per year </strong>in two reactors. Learn more </i><a target=\"_blank\" href=\"https://www.solvay.com/sites/g/files/srpend221/files/2023-05/solvay-2022-annual-integrated-report.pdf\" rel=\"nofollow noopener noreferrer\"><i>here</i></a><i>!</i></h4></td></tr></tbody></table></figure><h4><a href=\"/links?type&#61;workstep&amp;workbook&#61;0EFA6AC1-1A47-7130-A816-A3F0F64F3CA1&amp;worksheet&#61;0EFA6B23-7484-FF50-ABE7-035567A330F9&amp;workstep&#61;0EFA6B23-74BF-E8D0-AA85-FEACAAE0C59D\" rel=\"nofollow noopener noreferrer\">Batch Cycle Time - Downtime Identification</a></h4><h3><strong>Solution:</strong></h3><p><strong>Access raw data</strong>, bringing in <a href=\"/links?type&#61;workstep&amp;workbook&#61;0EFA6AC1-1A47-7130-A816-A3F0F64F3CA1&amp;worksheet&#61;0EFA6B23-7484-FF50-ABE7-035567A330F9&amp;workstep&#61;0EFA6B23-74B0-EE70-B4F4-11B898CB0AC5\" rel=\"nofollow noopener noreferrer\">key reactor tags</a>. <i>(<strong>Do it! </strong>Navigate to the asset group &#39;Batch Reactors&#39; and add Catalyst Feed Rate and Reactor Temperature.)\u00a0</i></p><p><strong>Identify when each batch is active </strong>using <a href=\"/links?type&#61;workstep&amp;workbook&#61;0EFA6AC1-1A47-7130-A816-A3F0F64F3CA1&amp;worksheet&#61;0EFA6B23-7484-FF50-ABE7-035567A330F9&amp;workstep&#61;0EFA6B23-74B3-7580-B654-4C1C553322A0\" rel=\"nofollow noopener noreferrer\">reactor fill level to identify batches</a>. <i>(<strong>Do it! </strong>Use Value Search to create a condition for when Reactor Fill Level is greater than 5, ignore capsules shorter than 5 minutes)</i></p><p><strong>Identify the pump in and pump out phases </strong>by finding <a href=\"/links?type&#61;workstep&amp;workbook&#61;0EFA6AC1-1A47-7130-A816-A3F0F64F3CA1&amp;worksheet&#61;0EFA6B23-7484-FF50-ABE7-035567A330F9&amp;workstep&#61;0EFA6B23-74B5-EC90-AA51-3A912C866D01\" rel=\"nofollow noopener noreferrer\">when the derivative is increasing and decreasing</a>.</p><p><a href=\"/links?type&#61;workstep&amp;workbook&#61;0EFA6AC1-1A47-7130-A816-A3F0F64F3CA1&amp;worksheet&#61;0EFA6B23-7484-FF50-ABE7-035567A330F9&amp;workstep&#61;0EFA6B23-74B5-EC90-9EDE-751A4F49EEAE\" rel=\"nofollow noopener noreferrer\">Identify heat up and catalyst addition phases</a> <i><strong>(Do it!</strong> Use composite condition where A &#61; Increasing Temp after Pump In and B &#61; Catalyst Addition 2 and use A minus B, heat up identified, in lane)</i></p><ul><li><a href=\"/links?type&#61;workstep&amp;workbook&#61;0EFA6AC1-1A47-7130-A816-A3F0F64F3CA1&amp;worksheet&#61;0EFA6B23-7484-FF50-ABE7-035567A330F9&amp;workstep&#61;0EFA6B26-44D6-FD00-A5B6-BA8256F63428\" rel=\"nofollow noopener noreferrer\">Identify the Catalyst Addition phase</a> using the catalyst flow rate.\u00a0</li><li>Take the derivative of temperature to find when temperature is increasing, remove time included in the Pump In phase. \u00a0<a href=\"/links?type&#61;workstep&amp;workbook&#61;0EFA6AC1-1A47-7130-A816-A3F0F64F3CA1&amp;worksheet&#61;0EFA6B23-7484-FF50-ABE7-035567A330F9&amp;workstep&#61;0EFA6B28-8363-EC60-8ECD-40CECBDA72E4\" rel=\"nofollow noopener noreferrer\">Identify Temperature Increasing</a>\u00a0</li><li>Combine Catalyst Addition and Increasing Temperature after Pump in using Composite Condition and &#39;A minus B&#39;. <a href=\"/links?type&#61;workstep&amp;workbook&#61;0EFA6AC1-1A47-7130-A816-A3F0F64F3CA1&amp;worksheet&#61;0EFA6B23-7484-FF50-ABE7-035567A330F9&amp;workstep&#61;0EFA6B2A-1223-FDA0-8D75-FD9C30437855\" rel=\"nofollow noopener noreferrer\">Identify Heat Up\u00a0</a></li><li><a href=\"/links?type&#61;workstep&amp;workbook&#61;0EFA6AC1-1A47-7130-A816-A3F0F64F3CA1&amp;worksheet&#61;0EFA6B23-7484-FF50-ABE7-035567A330F9&amp;workstep&#61;0EFA6B23-74B5-EC90-9EDE-751A4F49EEAE\" rel=\"nofollow noopener noreferrer\">All Batch Phases</a></li></ul><p><a href=\"/links?type&#61;workstep&amp;workbook&#61;0EFA6AC1-1A47-7130-A816-A3F0F64F3CA1&amp;worksheet&#61;0EFA6B23-7484-FF50-ABE7-035567A330F9&amp;workstep&#61;0EFA6B23-74B8-73A0-BC0D-6975B5135065\" rel=\"nofollow noopener noreferrer\">Identify downtime and quantify batch cycle time</a><i> (<strong>Do it! </strong>Create a notification for when downtime occurs.)</i></p><ul><li><a href=\"/links?type&#61;workstep&amp;workbook&#61;0EFA6AC1-1A47-7130-A816-A3F0F64F3CA1&amp;worksheet&#61;0EFA6B23-7484-FF50-ABE7-035567A330F9&amp;workstep&#61;0EFA6B2C-100A-E850-953C-57BF4F0D5C1E\" rel=\"nofollow noopener noreferrer\">Identify downtime</a> by subtracting all batch phases from the overall batch condition.\u00a0</li><li><a href=\"/links?type&#61;workstep&amp;workbook&#61;0EFA6AC1-1A47-7130-A816-A3F0F64F3CA1&amp;worksheet&#61;0EFA6B23-7484-FF50-ABE7-035567A330F9&amp;workstep&#61;0EFA6B2C-819A-EC90-A95B-E85C5B71F745\" rel=\"nofollow noopener noreferrer\">Identify Turnaround time</a> using Formula Tool and the inverse() function.</li><li>Use Signal From Condition to <a href=\"/links?type&#61;workstep&amp;workbook&#61;0EFA6AC1-1A47-7130-A816-A3F0F64F3CA1&amp;worksheet&#61;0EFA6B23-7484-FF50-ABE7-035567A330F9&amp;workstep&#61;0EFA6B23-74B8-73A0-BC0D-6975B5135065\" rel=\"nofollow noopener noreferrer\">quantify Cycle Time</a>\u00a0</li></ul><p><a href=\"/links?type&#61;workstep&amp;workbook&#61;0EFA6AC1-1A47-7130-A816-A3F0F64F3CA1&amp;worksheet&#61;0EFA6B23-7484-FF50-ABE7-035567A330F9&amp;workstep&#61;0EFA6B23-74BD-71C0-8A93-0B8509AE01F9\" rel=\"nofollow noopener noreferrer\">Analyze cycle time of batch phases with Histogram</a> (<a href=\"/links?type&#61;workstep&amp;workbook&#61;0EFA6AC1-1A47-7130-A816-A3F0F64F3CA1&amp;worksheet&#61;0EFA6B23-7484-FF50-ABE7-035567A330F9&amp;workstep&#61;0EFA6B23-74BF-E8D0-AA85-FEACAAE0C59D\" rel=\"nofollow noopener noreferrer\">Analyze with Histogram and visualize the phases</a>)</p><ul><li><a href=\"/links?type&#61;workstep&amp;workbook&#61;0EFA6AC1-1A47-7130-A816-A3F0F64F3CA1&amp;worksheet&#61;0EFA6B23-7484-FF50-ABE7-035567A330F9&amp;workstep&#61;0EFA6B32-9339-FD60-B42D-45F33A5457E4\" rel=\"nofollow noopener noreferrer\">Combine all conditions into one</a> and set capsule properties for each phase using Formula Tool.\u00a0</li><li><a href=\"/links?type&#61;workstep&amp;workbook&#61;0EFA6AC1-1A47-7130-A816-A3F0F64F3CA1&amp;worksheet&#61;0EFA6B23-7484-FF50-ABE7-035567A330F9&amp;workstep&#61;0EFA6B23-74BD-71C0-8A93-0B8509AE01F9\" rel=\"nofollow noopener noreferrer\">Create a histogram</a> measuring the duration of each phase</li></ul><p><strong>Quantify cost impact </strong>of downtime<strong> and scale over all three reactors.</strong> <a href=\"/links?type&#61;workstep&amp;workbook&#61;0EFA6AC1-1A47-7130-A816-A3F0F64F3CA1&amp;worksheet&#61;0EFA6B23-7484-FF50-ABE7-035567A330F9&amp;workstep&#61;0EFA6B23-74C1-FFE0-BCAB-8C9912C73BA3\" rel=\"nofollow noopener noreferrer\">Table of downtime events for each reactor</a></p><ul><li>Create an asset group to scale calculations.</li><li><a href=\"/links?type&#61;workstep&amp;workbook&#61;0EE6DD2B-8CFF-6420-A7F0-AA0043EA25A1&amp;worksheet&#61;0EE71C8A-1249-6070-B9A4-5CA906709410&amp;workstep&#61;0EE71CB0-927F-FF20-BCE7-A7352B50225B\" rel=\"nofollow noopener noreferrer\">Quantify the total weekly downtime cost</a>, create a weekly condition and use signal from condition to create a signal for the duration of each downtime event and sum over a week. Multiply that by the cost of downtime.</li><li>Use a scorecard metric to display in a <a href=\"/links?type&#61;workstep&amp;workbook&#61;0EE6DD2B-8CFF-6420-A7F0-AA0043EA25A1&amp;worksheet&#61;0EE71C8A-1249-6070-B9A4-5CA906709410&amp;workstep&#61;0EE71CAF-C110-7390-898B-AB5AE1F1DAB9\" rel=\"nofollow noopener noreferrer\">table</a> and the asset button to display over every reactor in the asset group.</li></ul>",
        "DocumentBackup\u02c9system\u02c92024-11-19T20:09:00Z": "<h2 style=\"text-align:center;\"><strong>Batch Cycle Time Optimization</strong></h2><figure class=\"table\" style=\"width:100%;\"><table class=\"ck-table-resized\" style=\"border-color:hsl(0, 0%, 100%);border-style:solid;\"><colgroup><col style=\"width:25.53%;\" /><col style=\"width:74.47%;\" /></colgroup><tbody><tr><td style=\"border-color:hsl(0, 0%, 100%);border-style:solid;\"><figure class=\"image\"><img src=\"/api/annotations/0EFA6B23-74C4-66F0-A472-5CA79A555309/images/image_v1.png\"></figure></td><td style=\"border-color:hsl(0, 0%, 100%);border-style:solid;\"><h4><i>Solvay optimized batch cycle time with Seeq resulting in<strong> 6-8 more batches per year </strong>in two reactors. Learn more </i><a target=\"_blank\" href=\"https://www.solvay.com/sites/g/files/srpend221/files/2023-05/solvay-2022-annual-integrated-report.pdf\" rel=\"nofollow noopener noreferrer\"><i>here</i></a><i>!</i></h4></td></tr></tbody></table></figure><h4><a href=\"/links?type&#61;workstep&amp;workbook&#61;0EFA6AC1-1A47-7130-A816-A3F0F64F3CA1&amp;worksheet&#61;0EFA6AC1-2144-EA00-B88D-02BD625C75DD&amp;workstep&#61;0EFA6B17-6ACC-60F0-A990-F0DB4E4401E6\" rel=\"nofollow noopener noreferrer\">Batch Cycle Time - Downtime Identification</a></h4><h3><strong>Solution:</strong></h3><p><strong>Access raw data</strong>, bringing in <a href=\"/links?type&#61;workstep&amp;workbook&#61;0EFA6AC1-1A47-7130-A816-A3F0F64F3CA1&amp;worksheet&#61;0EFA6AC1-2144-EA00-B88D-02BD625C75DD&amp;workstep&#61;0EFA6AE5-9101-6040-A53A-30A2B46BBEBF\" rel=\"nofollow noopener noreferrer\">key reactor tags</a>. <i>(<strong>Do it! </strong>Navigate to the asset group &#39;Batch Reactors&#39; and add Catalyst Feed Rate and Reactor Temperature.)\u00a0</i></p><p><strong>Identify when each batch is active </strong>using <a href=\"/links?type&#61;workstep&amp;workbook&#61;0EFA6AC1-1A47-7130-A816-A3F0F64F3CA1&amp;worksheet&#61;0EFA6AC1-2144-EA00-B88D-02BD625C75DD&amp;workstep&#61;0EFA6AE8-F1E4-6260-8DEB-9F4C7F0AC3C7\" rel=\"nofollow noopener noreferrer\">reactor fill level to identify batches</a>. <i>(<strong>Do it! </strong>Use Value Search to create a condition for when Reactor Fill Level is greater than 5, ignore capsules shorter than 5 minutes)</i></p><p><strong>Identify the pump in and pump out phases </strong>by finding <a href=\"/links?type&#61;workstep&amp;workbook&#61;0EFA6AC1-1A47-7130-A816-A3F0F64F3CA1&amp;worksheet&#61;0EFA6AC1-2144-EA00-B88D-02BD625C75DD&amp;workstep&#61;0EFA6AF4-C7E2-FDC0-9ACE-CD69BF972A24\" rel=\"nofollow noopener noreferrer\">when the derivative is increasing and decreasing</a>.</p><p><a href=\"/links?type&#61;workstep&amp;workbook&#61;0EFA6AC1-1A47-7130-A816-A3F0F64F3CA1&amp;worksheet&#61;0EFA6AC1-2144-EA00-B88D-02BD625C75DD&amp;workstep&#61;0EFA6B01-FF30-7590-A87A-696902CF424C\" rel=\"nofollow noopener noreferrer\">Identify heat up and catalyst addition phases</a> <i><strong>(Do it!</strong> Use composite condition where A &#61; Increasing Temp after Pump In and B &#61; Catalyst Addition 2 and use A minus B, heat up identified, in lane)</i></p><p><a href=\"/links?type&#61;workstep&amp;workbook&#61;0EFA6AC1-1A47-7130-A816-A3F0F64F3CA1&amp;worksheet&#61;0EFA6AC1-2144-EA00-B88D-02BD625C75DD&amp;workstep&#61;0EFA6B0B-3100-6080-8838-74BB45768A98\" rel=\"nofollow noopener noreferrer\">Identify downtime and quantify batch cycle time</a><i> (<strong>Do it! </strong>Create a notification for when downtime occurs.)</i></p><p><a href=\"/links?type&#61;workstep&amp;workbook&#61;0EFA6AC1-1A47-7130-A816-A3F0F64F3CA1&amp;worksheet&#61;0EFA6AC1-2144-EA00-B88D-02BD625C75DD&amp;workstep&#61;0EFA6B13-1478-EE50-9BBA-9B9C06D114D1\" rel=\"nofollow noopener noreferrer\">Analyze cycle time of batch phases with Histogram</a> (<a href=\"/links?type&#61;workstep&amp;workbook&#61;0EFA6AC1-1A47-7130-A816-A3F0F64F3CA1&amp;worksheet&#61;0EFA6AC1-2144-EA00-B88D-02BD625C75DD&amp;workstep&#61;0EFA6B17-6ACC-60F0-A990-F0DB4E4401E6\" rel=\"nofollow noopener noreferrer\">Analyze with Histogram and visualize the phases</a>)</p><p><strong>Quantify cost impact </strong>of downtime<strong> and scale over all three reactors.</strong> <a href=\"/links?type&#61;workstep&amp;workbook&#61;0EFA6AC1-1A47-7130-A816-A3F0F64F3CA1&amp;worksheet&#61;0EFA6AC1-2144-EA00-B88D-02BD625C75DD&amp;workstep&#61;0EFA6B22-B47C-ECD0-BFD6-C5735BA6CC73\" rel=\"nofollow noopener noreferrer\">Table of downtime events for each reactor</a></p>",
        "Enabled": true,
        "ID": "0EFA6B23-74C4-66F0-A472-5CA79A555309",
        "Is CK Enabled": true,
        "Locked": false,
        "Name": "Batch Cycle Time Optimization",
        "Plain Text Document": "Batch Cycle Time OptimizationSolvay optimized batch cycle time with Seeq resulting in 6-8 more batches per year in two reactors. Learn more here!Batch Cycle Time - Downtime IdentificationSolution:Access raw data, bringing in key reactor tags. (Do it! Navigate to the asset group &#39;Batch Reactors&#39; and add Catalyst Feed Rate and Reactor Temperature.)\u00a0Identify when each batch is active using reactor fill level to identify batches. (Do it! Use Value Search to create a condition for when Reactor Fill Level is greater than 5, ignore capsules shorter than 5 minutes)Identify the pump in and pump out phases by finding when the derivative is increasing and decreasing.Identify heat up and catalyst addition phases (Do it! Use composite condition where A &#61; Increasing Temp after Pump In and B &#61; Catalyst Addition 2 and use A minus B, heat up identified, in lane)Identify the Catalyst Addition phase using the catalyst flow rate.\u00a0Take the derivative of temperature to find when temperature is increasing, remove time included in the Pump In phase. \u00a0Identify Temperature Increasing\u00a0Combine Catalyst Addition and Increasing Temperature after Pump in using Composite Condition and &#39;A minus B&#39;. Identify Heat Up\u00a0All Batch PhasesIdentify downtime and quantify batch cycle time (Do it! Create a notification for when downtime occurs.)Identify downtime by subtracting all batch phases from the overall batch condition.\u00a0Identify Turnaround time using Formula Tool and the inverse() function.Use Signal From Condition to quantify Cycle Time\u00a0Analyze cycle time of batch phases with Histogram (Analyze with Histogram and visualize the phases)Combine all conditions into one and set capsule properties for each phase using Formula Tool.\u00a0Create a histogram measuring the duration of each phaseQuantify cost impact of downtime and scale over all three reactors. Table of downtime events for each reactorCreate an asset group to scale calculations.Quantify the total weekly downtime cost, create a weekly condition and use signal from condition to create a signal for the duration of each downtime event and sum over a week. Multiply that by the cost of downtime.Use a scorecard metric to display in a table and the asset button to display over every reactor in the asset group.",
        "Type": "Journal",
        "Unsearchable": false,
        "Updated At": "1732047469139050234"
    }
}