{
    "ID": "FC834F23-8E6E-4687-A195-78B92536DDA9",
    "Type": "Workstep",
    "Data": {
        "version": 1,
        "state": {
            "stores": {
                "sqTrendSeriesStore": {
                    "items": []
                },
                "sqTrendCapsuleSetStore": {
                    "items": []
                },
                "sqTrendScalarStore": {
                    "items": []
                },
                "sqTrendMetricStore": {
                    "items": []
                },
                "sqTrendTableStore": {
                    "items": []
                },
                "sqDurationStore": {
                    "autoUpdate": {
                        "offset": 17999997
                    },
                    "displayRange": {
                        "start": 1730938543620,
                        "end": 1731024943620
                    },
                    "investigateRange": {
                        "start": 1730416543622,
                        "end": 1731024943622
                    }
                },
                "sqWorksheetStore": {
                    "viewKey": "TREND"
                }
            }
        }
    }
}