{
    "Access Control": [
        {
            "ID": "0ee1502e-7cb4-73c0-93c9-d786d2bcd0fe",
            "Identity": {
                "Datasource Class": "OAuth 2.0",
                "Datasource ID": "9ecc7e74-4c32-436d-9af0-70d8aa99386b",
                "Datasource Name": "Seeq Azure SSO",
                "Email": "katherine.nguyen@seeq.com",
                "First Name": "Katherine",
                "ID": "0EE112B1-1ADE-E8E0-B8E8-82C53FAB8136",
                "Is Admin": false,
                "Last Name": "Nguyen",
                "Name": "Katherine Nguyen",
                "Type": "User",
                "Username": "YBhRsa0RSUnWwmmFOdoFyNFBMD1dyV2dUhh_qsLVMgY"
            },
            "Origin": null,
            "Permissions": {
                "Manage": false,
                "Read": true,
                "Write": true
            },
            "Redacted": false,
            "Role": null
        },
        {
            "ID": "1b09095e-3969-4e22-a327-eeca363c8855",
            "Identity": {
                "Datasource Class": "OAuth 2.0",
                "Datasource ID": "9ecc7e74-4c32-436d-9af0-70d8aa99386b",
                "Datasource Name": "Seeq Azure SSO",
                "Email": "synjen.marrocco@seeq.com",
                "First Name": "Synjen",
                "ID": "107E8E60-F060-422D-9CA4-462E4AC989C8",
                "Is Admin": false,
                "Last Name": "Marrocco",
                "Name": "Synjen Marrocco",
                "Type": "User",
                "Username": "-jPWuY9WzL6sLEmpYVGBOvvRkburuy3tFLazPSnGtwc"
            },
            "Origin": null,
            "Permissions": {
                "Manage": true,
                "Read": true,
                "Write": true
            },
            "Redacted": false,
            "Role": "OWNER"
        },
        {
            "ID": "0ee15042-491c-7710-9fae-dd83abe9b500",
            "Identity": {
                "Datasource Class": "Auth",
                "Datasource ID": "Seeq",
                "Datasource Name": "Seeq",
                "ID": "3B804F82-9378-4C52-81D5-E7BD0AC5F076",
                "Name": "Partner Demo Access",
                "Type": "UserGroup"
            },
            "Origin": "EC7489B9-56B7-4F6F-9429-BD2145EEA8C2",
            "Permissions": {
                "Manage": false,
                "Read": true,
                "Write": true
            },
            "Redacted": false,
            "Role": null
        },
        {
            "ID": "0ee15042-491c-7710-8d3b-c9a0aee6d7a1",
            "Identity": {
                "Datasource Class": "Auth",
                "Datasource ID": "Seeq",
                "Datasource Name": "Seeq",
                "ID": "72A9F0E9-1878-40F6-A368-D520591C6BFC",
                "Name": "Everyone",
                "Type": "UserGroup"
            },
            "Origin": "EC7489B9-56B7-4F6F-9429-BD2145EEA8C2",
            "Permissions": {
                "Manage": false,
                "Read": true,
                "Write": false
            },
            "Redacted": false,
            "Role": null
        },
        {
            "ID": "0ee15042-491c-7710-a0d1-23a048133a96",
            "Identity": {
                "Datasource Class": "OAuth 2.0",
                "Datasource ID": "9ecc7e74-4c32-436d-9af0-70d8aa99386b",
                "Datasource Name": "Seeq Azure SSO",
                "Email": "shamus.cunningham@seeq.com",
                "First Name": "Shamus",
                "ID": "849F6252-B8A4-495C-B1B5-73CD38B8A066",
                "Is Admin": true,
                "Last Name": "Cunningham",
                "Name": "Shamus Cunningham",
                "Type": "User",
                "Username": "DMH0KFzkCvN1pJbDdJgkrUvR4vPhL0QTDxpDD1Oy_rk"
            },
            "Origin": "EC7489B9-56B7-4F6F-9429-BD2145EEA8C2",
            "Permissions": {
                "Manage": true,
                "Read": true,
                "Write": true
            },
            "Redacted": false,
            "Role": null
        },
        {
            "ID": "0ee15042-491c-7710-9816-15dc5110f911",
            "Identity": {
                "Datasource Class": "OAuth 2.0",
                "Datasource ID": "9ecc7e74-4c32-436d-9af0-70d8aa99386b",
                "Datasource Name": "Seeq Azure SSO",
                "Email": "Joseph.Reckamp@seeq.com",
                "First Name": "Joe",
                "ID": "C9FD5B90-17F3-4CA7-8C37-CD9B7D9B85D2",
                "Is Admin": true,
                "Last Name": "Reckamp",
                "Name": "Joe Reckamp",
                "Type": "User",
                "Username": "DEg3Lh5pLS4-lG84EjGXXXdzxhd1450vkLgiu8he2l8"
            },
            "Origin": "EC7489B9-56B7-4F6F-9429-BD2145EEA8C2",
            "Permissions": {
                "Manage": true,
                "Read": true,
                "Write": true
            },
            "Redacted": false,
            "Role": null
        },
        {
            "ID": "0ee15042-491c-7710-8709-c0af41bdefeb",
            "Identity": {
                "Datasource Class": "Auth",
                "Datasource ID": "Seeq",
                "Datasource Name": "Seeq",
                "ID": "E4730C48-1672-447F-B48B-F77C95580062",
                "Name": "Seeq Internal",
                "Type": "UserGroup"
            },
            "Origin": "EC7489B9-56B7-4F6F-9429-BD2145EEA8C2",
            "Permissions": {
                "Manage": true,
                "Read": true,
                "Write": true
            },
            "Redacted": false,
            "Role": null
        }
    ],
    "Ancestors": [
        "__Corporate__",
        "E49ED507-46F8-41D9-A968-EBA66A0B4DFD",
        "EC7489B9-56B7-4F6F-9429-BD2145EEA8C2"
    ],
    "Archived": false,
    "Cache Enabled": false,
    "Created At": "1675122440901449400",
    "Enabled": true,
    "ID": "705F6DB7-1B1A-45AA-B4AA-FCC7913A7981",
    "Locked": false,
    "Name": "Chromatography Transition Analysis",
    "Original Server URL": "http://seeq-server",
    "Owner": {
        "Datasource Class": "OAuth 2.0",
        "Datasource ID": "9ecc7e74-4c32-436d-9af0-70d8aa99386b",
        "Datasource Name": "Seeq Azure SSO",
        "Email": "synjen.marrocco@seeq.com",
        "First Name": "Synjen",
        "ID": "107E8E60-F060-422D-9CA4-462E4AC989C8",
        "Is Admin": false,
        "Last Name": "Marrocco",
        "Name": "Synjen Marrocco",
        "Type": "User",
        "Username": "-jPWuY9WzL6sLEmpYVGBOvvRkburuy3tFLazPSnGtwc"
    },
    "Path": "Corporate folder >> Industry Use Cases >> Quality",
    "Search Folder ID": "EC7489B9-56B7-4F6F-9429-BD2145EEA8C2",
    "Type": "Workbook",
    "URL": "https://demo.seeq.dev/EC7489B9-56B7-4F6F-9429-BD2145EEA8C2/workbook/705F6DB7-1B1A-45AA-B4AA-FCC7913A7981/worksheet/3F7B3546-DB06-4942-9302-5CF44803A4E1",
    "Unsearchable": false,
    "Updated At": "1726634761068166504",
    "Workbook Type": "Analysis",
    "Worksheets": [
        "3F7B3546-DB06-4942-9302-5CF44803A4E1",
        "6120813F-E746-4DEA-9B0D-7DF00FC8FD45"
    ],
    "workbookState": {
        "state": {
            "stores": {
                "sqAnnotationStore": {
                    "height": 0,
                    "id": "EDECB1D1-421B-4466-A6FF-1DC29E28D9A4",
                    "isAnnotatesExpanded": false,
                    "isCkEnabled": true,
                    "isCommentsExpanded": false,
                    "isExpanded": false,
                    "width": 0
                }
            }
        },
        "version": 1
    }
}