{
    "0EFA6A0B-4C9B-71B0-ADCE-2000B1F79638": {
        "Access Control": [
            {
                "ID": "0efa6a0b-4c9b-71b0-832f-2cb144107853",
                "Identity": {
                    "Datasource Class": "OAuth 2.0",
                    "Datasource ID": "9ecc7e74-4c32-436d-9af0-70d8aa99386b",
                    "Datasource Name": "Seeq Azure SSO",
                    "Email": "Joseph.Reckamp@seeq.com",
                    "First Name": "Joe",
                    "ID": "C9FD5B90-17F3-4CA7-8C37-CD9B7D9B85D2",
                    "Is Admin": true,
                    "Last Name": "Reckamp",
                    "Name": "Joe Reckamp",
                    "Type": "User",
                    "Username": "DEg3Lh5pLS4-lG84EjGXXXdzxhd1450vkLgiu8he2l8"
                },
                "Origin": null,
                "Permissions": {
                    "Manage": true,
                    "Read": true,
                    "Write": true
                },
                "Redacted": false,
                "Role": "OWNER"
            },
            {
                "ID": "0efa6a0b-4cc7-60d0-a44e-06a6b1da5301",
                "Identity": {
                    "Datasource Class": "OAuth 2.0",
                    "Datasource ID": "9ecc7e74-4c32-436d-9af0-70d8aa99386b",
                    "Datasource Name": "Seeq Azure SSO",
                    "Email": "Joseph.Reckamp@seeq.com",
                    "First Name": "Joe",
                    "ID": "C9FD5B90-17F3-4CA7-8C37-CD9B7D9B85D2",
                    "Is Admin": true,
                    "Last Name": "Reckamp",
                    "Name": "Joe Reckamp",
                    "Type": "User",
                    "Username": "DEg3Lh5pLS4-lG84EjGXXXdzxhd1450vkLgiu8he2l8"
                },
                "Origin": "905A3390-CCA6-489B-89A3-492EC9F7FF26",
                "Permissions": {
                    "Manage": true,
                    "Read": true,
                    "Write": true
                },
                "Redacted": false,
                "Role": null
            }
        ],
        "Ancestors": [
            "__Users__",
            "905A3390-CCA6-489B-89A3-492EC9F7FF26"
        ],
        "Archived": false,
        "Cache Enabled": false,
        "Created At": "1732039462987374025",
        "Enabled": true,
        "ID": "0EFA6A0B-4C9B-71B0-ADCE-2000B1F79638",
        "Locked": false,
        "Name": "DO NOT USE (Please!)",
        "Owner": {
            "Datasource Class": "OAuth 2.0",
            "Datasource ID": "9ecc7e74-4c32-436d-9af0-70d8aa99386b",
            "Datasource Name": "Seeq Azure SSO",
            "Email": "Joseph.Reckamp@seeq.com",
            "First Name": "Joe",
            "ID": "C9FD5B90-17F3-4CA7-8C37-CD9B7D9B85D2",
            "Is Admin": true,
            "Last Name": "Reckamp",
            "Name": "Joe Reckamp",
            "Type": "User",
            "Username": "DEg3Lh5pLS4-lG84EjGXXXdzxhd1450vkLgiu8he2l8"
        },
        "Type": "Folder",
        "Unsearchable": false,
        "Updated At": "1732135031904791904"
    },
    "0EFA8DE2-AF9B-EA30-BA18-5C6BDCA43183": {
        "Archived": false,
        "Cache Enabled": true,
        "Cache ID": "0EFA8DE2-AFB4-60D0-B37A-0C8015498512",
        "Data ID": "0EFA8DE2-AF9B-EA30-BA18-5C6BDCA43183",
        "Datasource Class": "Seeq Calculations",
        "Datasource ID": "Seeq Calculations",
        "Enabled": true,
        "Formula": [
            "$sample = (abs($signal.runningDelta())>0)",
            ".setMaximumDuration(8h)",
            "",
            "$signal.aggregate(startValue(), $sample, startKey())",
            ".toStep(8h)"
        ],
        "Formula Parameters": {
            "signal": "5D23359B-5653-419D-A205-6151B17F11CF"
        },
        "Formula Version": 31,
        "ID": "0EFA8DE2-AF9B-EA30-BA18-5C6BDCA43183",
        "Interpolation Method": "Step",
        "Locked": false,
        "Maximum Interpolation": {
            "Unit Of Measure": "h",
            "Value": 8
        },
        "Name": "Product_Viscosity made into step signal",
        "Scoped To": "0EFA8DDB-59F0-60B0-9F1E-281A09919C94",
        "Type": "CalculatedSignal",
        "UIConfig": {
            "advancedParametersCollapsed": true,
            "configVersion": 11,
            "localFormula": "",
            "tabTransitioning": false,
            "type": "formula"
        },
        "Unsearchable": false,
        "Value Unit Of Measure": ""
    },
    "0EFA8DE9-018D-FF90-976A-800FE89CE4B9": {
        "Archived": false,
        "Cache Enabled": true,
        "Cache ID": "0EFA8DE9-01C1-73E0-AE51-0C0E14306EF9",
        "Data ID": "0EFA8DE9-018D-FF90-976A-800FE89CE4B9",
        "Datasource Class": "Seeq Calculations",
        "Datasource ID": "Seeq Calculations",
        "Enabled": true,
        "Formula": "$RxtrExitTemp.move(1.5h)",
        "Formula Parameters": {
            "RxtrExitTemp": "88D0468D-6327-49E6-9B15-3400DA99DCCE"
        },
        "Formula Version": 31,
        "ID": "0EFA8DE9-018D-FF90-976A-800FE89CE4B9",
        "Interpolation Method": "Linear",
        "Locked": false,
        "Maximum Interpolation": {
            "Unit Of Measure": "h",
            "Value": 1
        },
        "Name": "Rxtr_Temp_Delayed",
        "Scoped To": "0EFA8DDB-59F0-60B0-9F1E-281A09919C94",
        "Type": "CalculatedSignal",
        "UIConfig": {
            "advancedParametersCollapsed": true,
            "configVersion": 11,
            "localFormula": "",
            "tabTransitioning": false,
            "type": "formula"
        },
        "Unsearchable": false,
        "Value Unit Of Measure": "\u00b0F"
    },
    "0EFA8DEA-3E1E-6030-8C2B-4C91BF90B348": {
        "Archived": false,
        "Cache Enabled": true,
        "Cache ID": "0EFA8DEA-3E20-7740-B979-6E2BFE8BD051",
        "Data ID": "0EFA8DEA-3E1E-6030-8C2B-4C91BF90B348",
        "Datasource Class": "Seeq Calculations",
        "Datasource ID": "Seeq Calculations",
        "Enabled": true,
        "Formula": "$inputSignal.agileFilter(1min,0.75h)",
        "Formula Parameters": {
            "inputSignal": "0EFA8DE9-018D-FF90-976A-800FE89CE4B9"
        },
        "Formula Version": 31,
        "ID": "0EFA8DEA-3E1E-6030-8C2B-4C91BF90B348",
        "Interpolation Method": "Linear",
        "Locked": false,
        "Maximum Interpolation": {
            "Unit Of Measure": "s",
            "Value": 60.0
        },
        "Name": "Rxtr_Temp_Delayed_Cleansed",
        "Scoped To": "0EFA8DDB-59F0-60B0-9F1E-281A09919C94",
        "Type": "CalculatedSignal",
        "UIConfig": {
            "advancedParametersCollapsed": true,
            "algorithmSelectedValue": "seeq-agile",
            "alpha": 0.9,
            "color": "#4055A3",
            "configVersion": 11,
            "cutoff": {},
            "isCutoffAuto": true,
            "isMigratedLowPassFilter": false,
            "isSamplingRateAuto": true,
            "isTau": true,
            "polynomialFactor": 2,
            "samplingRate": {
                "units": "min",
                "valid": true,
                "value": 1
            },
            "smoothingWindow": {
                "units": "h",
                "valid": true,
                "value": 0.75
            },
            "tau": {
                "units": "min",
                "value": 10
            },
            "type": "signal-smoothing"
        },
        "Unsearchable": false,
        "Value Unit Of Measure": "\u00b0F"
    },
    "0EFA8DEC-B427-7130-AC96-E4363F547249": {
        "Archived": false,
        "Cache Enabled": true,
        "Cache ID": "0EFA8DEC-B438-62A0-A68F-45082580BFB0",
        "Data ID": "0EFA8DEC-B427-7130-AC96-E4363F547249",
        "Datasource Class": "Seeq Calculations",
        "Datasource ID": "Seeq Calculations",
        "Enabled": true,
        "Formula": "$ModifierFlow.move(1.5h)",
        "Formula Parameters": {
            "ModifierFlow": "59EFE199-8FF6-46D2-AA45-E27EE937F5E4"
        },
        "Formula Version": 31,
        "ID": "0EFA8DEC-B427-7130-AC96-E4363F547249",
        "Interpolation Method": "Linear",
        "Locked": false,
        "Maximum Interpolation": {
            "Unit Of Measure": "h",
            "Value": 1
        },
        "Name": "Modifier_Flow_Delayed",
        "Scoped To": "0EFA8DDB-59F0-60B0-9F1E-281A09919C94",
        "Type": "CalculatedSignal",
        "UIConfig": {
            "advancedParametersCollapsed": true,
            "configVersion": 11,
            "localFormula": "",
            "scopedTo": "0EFA8DDB-59F0-60B0-9F1E-281A09919C94",
            "tabTransitioning": false,
            "type": "formula"
        },
        "Unsearchable": false,
        "Value Unit Of Measure": "lb/h"
    },
    "0EFA8DED-E2CD-71A0-B2DF-DAA695AF64B3": {
        "Archived": false,
        "Cache Enabled": true,
        "Cache ID": "0EFA8DED-E2D1-FFC0-8364-6C99B4B8615C",
        "Data ID": "0EFA8DED-E2CD-71A0-B2DF-DAA695AF64B3",
        "Datasource Class": "Seeq Calculations",
        "Datasource ID": "Seeq Calculations",
        "Enabled": true,
        "Formula": "$inputSignal.agileFilter(1min,33min)",
        "Formula Parameters": {
            "inputSignal": "0EFA8DEC-B427-7130-AC96-E4363F547249"
        },
        "Formula Version": 31,
        "ID": "0EFA8DED-E2CD-71A0-B2DF-DAA695AF64B3",
        "Interpolation Method": "Linear",
        "Locked": false,
        "Maximum Interpolation": {
            "Unit Of Measure": "s",
            "Value": 60.0
        },
        "Name": "Modifier_Flow_Delayed_Cleansed",
        "Scoped To": "0EFA8DDB-59F0-60B0-9F1E-281A09919C94",
        "Type": "CalculatedSignal",
        "UIConfig": {
            "advancedParametersCollapsed": true,
            "algorithmSelectedValue": "seeq-agile",
            "alpha": 0.9,
            "color": "#4055A3",
            "configVersion": 11,
            "cutoff": {},
            "isCutoffAuto": true,
            "isMigratedLowPassFilter": false,
            "isSamplingRateAuto": true,
            "isTau": true,
            "polynomialFactor": 2,
            "samplingRate": {
                "units": "min",
                "valid": true,
                "value": 1
            },
            "scopedTo": "0EFA8DDB-59F0-60B0-9F1E-281A09919C94",
            "smoothingWindow": {
                "units": "min",
                "valid": true,
                "value": 33
            },
            "tau": {
                "units": "min",
                "value": 10
            },
            "type": "signal-smoothing"
        },
        "Unsearchable": false,
        "Value Unit Of Measure": "lb/h"
    },
    "0EFA8DEE-DCAC-6630-AB1A-B67E60FC21C3": {
        "Archived": false,
        "Cache Enabled": true,
        "Cache ID": "0EFA8DEE-DCBB-6090-A960-51DF322B83A7",
        "Data ID": "0EFA8DEE-DCAC-6630-AB1A-B67E60FC21C3",
        "Datasource Class": "Seeq Calculations",
        "Datasource ID": "Seeq Calculations",
        "Enabled": true,
        "Formula": "$RxtrConversion.move(1.5h)",
        "Formula Parameters": {
            "RxtrConversion": "6829229D-F222-4611-9F9D-F70F600BCB12"
        },
        "Formula Version": 31,
        "ID": "0EFA8DEE-DCAC-6630-AB1A-B67E60FC21C3",
        "Interpolation Method": "Linear",
        "Locked": false,
        "Maximum Interpolation": {
            "Unit Of Measure": "h",
            "Value": 1
        },
        "Name": "Rxtr_Conversion_Delayed",
        "Scoped To": "0EFA8DDB-59F0-60B0-9F1E-281A09919C94",
        "Type": "CalculatedSignal",
        "UIConfig": {
            "advancedParametersCollapsed": true,
            "configVersion": 11,
            "localFormula": "",
            "scopedTo": "0EFA8DDB-59F0-60B0-9F1E-281A09919C94",
            "tabTransitioning": false,
            "type": "formula"
        },
        "Unsearchable": false,
        "Value Unit Of Measure": "%"
    },
    "0EFA8DEF-D78E-7760-96F8-D72300FB8D4E": {
        "Archived": false,
        "Cache Enabled": true,
        "Cache ID": "0EFA8DEF-D790-EE70-AFCA-8EB2C22292BA",
        "Data ID": "0EFA8DEF-D78E-7760-96F8-D72300FB8D4E",
        "Datasource Class": "Seeq Calculations",
        "Datasource ID": "Seeq Calculations",
        "Enabled": true,
        "Formula": "$inputSignal.agileFilter(1min,33min)",
        "Formula Parameters": {
            "inputSignal": "0EFA8DEE-DCAC-6630-AB1A-B67E60FC21C3"
        },
        "Formula Version": 31,
        "ID": "0EFA8DEF-D78E-7760-96F8-D72300FB8D4E",
        "Interpolation Method": "Linear",
        "Locked": false,
        "Maximum Interpolation": {
            "Unit Of Measure": "s",
            "Value": 60.0
        },
        "Name": "Rxtr_Conversion_Delayed_Cleansed",
        "Scoped To": "0EFA8DDB-59F0-60B0-9F1E-281A09919C94",
        "Type": "CalculatedSignal",
        "UIConfig": {
            "advancedParametersCollapsed": true,
            "algorithmSelectedValue": "seeq-agile",
            "alpha": 0.9,
            "color": "#4055A3",
            "configVersion": 11,
            "cutoff": {},
            "isCutoffAuto": true,
            "isMigratedLowPassFilter": false,
            "isSamplingRateAuto": true,
            "isTau": true,
            "polynomialFactor": 2,
            "samplingRate": {
                "units": "min",
                "valid": true,
                "value": 1
            },
            "scopedTo": "0EFA8DDB-59F0-60B0-9F1E-281A09919C94",
            "smoothingWindow": {
                "units": "min",
                "valid": true,
                "value": 33
            },
            "tau": {
                "units": "min",
                "value": 10
            },
            "type": "signal-smoothing"
        },
        "Unsearchable": false,
        "Value Unit Of Measure": "%"
    },
    "0EFA8E06-1CAD-EC40-97A3-E94B80D4245C": {
        "Archived": false,
        "Cache Enabled": true,
        "Cache ID": "0EFA8E06-1CB0-7350-B840-DCDC5A3A8824",
        "Capsule Property Units": {},
        "Data ID": "0EFA8E06-1CAD-EC40-97A3-E94B80D4245C",
        "Datasource Class": "Seeq Calculations",
        "Datasource ID": "Seeq Calculations",
        "Enabled": true,
        "Formula": [
            "condition(7988401000ms,",
            "  capsule(1533382440000ms, 1541370840000ms))"
        ],
        "Formula Parameters": {},
        "Formula Version": 31,
        "ID": "0EFA8E06-1CAD-EC40-97A3-E94B80D4245C",
        "Locked": false,
        "Maximum Duration": {
            "Unit Of Measure": "ms",
            "Value": 7988401000
        },
        "Name": "Training Window",
        "Scoped To": "0EFA8DDB-59F0-60B0-9F1E-281A09919C94",
        "Type": "CalculatedCondition",
        "UIConfig": {
            "color": "#9D248F",
            "configVersion": 11,
            "isExecuting": false,
            "type": "manual-condition"
        },
        "Unsearchable": false
    },
    "0EFA8E08-31FB-EA50-9D53-DC8A14B5C0D5": {
        "Archived": false,
        "Cache Enabled": true,
        "Cache ID": "1EFA90E9-CF51-6580-B07E-B99A8ABABBD1",
        "Data ID": "0EFA8E08-31FB-EA50-9D53-DC8A14B5C0D5",
        "Datasource Class": "Seeq Calculations",
        "Datasource ID": "Seeq Calculations",
        "Enabled": true,
        "Formula": "$target.regressionModelOLS(group(capsule(\"2018-08-04T11:34:00.000Z\", \"2018-11-04T22:34:00.000Z\")), false, $a, $b, $c).predict($a, $b, $c)",
        "Formula Parameters": {
            "a": "0EFA8DEA-3E1E-6030-8C2B-4C91BF90B348",
            "b": "0EFA8DED-E2CD-71A0-B2DF-DAA695AF64B3",
            "c": "0EFA8DEF-D78E-7760-96F8-D72300FB8D4E",
            "target": "0EFA8E0B-59DE-77E0-B34E-21B1D90B864C"
        },
        "Formula Version": 31,
        "ID": "0EFA8E08-31FB-EA50-9D53-DC8A14B5C0D5",
        "Interpolation Method": "Linear",
        "Locked": false,
        "Maximum Interpolation": {
            "Unit Of Measure": "s",
            "Value": 60.0
        },
        "Name": "Predicted Viscosity - Linear",
        "Scoped To": "0EFA8DDB-59F0-60B0-9F1E-281A09919C94",
        "Type": "CalculatedSignal",
        "UIConfig": {
            "advancedParametersCollapsed": true,
            "color": "#9D248F",
            "configVersion": 11,
            "isRefreshRateEnabled": false,
            "lambda": 0,
            "modelExpanded": true,
            "mustGoThroughZero": false,
            "option": "linear",
            "polynomialValue": 2,
            "regressionMethod": "OLS",
            "scopedTo": "0EFA8DDB-59F0-60B0-9F1E-281A09919C94",
            "type": "prediction",
            "variableSelection": 0.05,
            "variableSelectionEnabled": false,
            "windowEnd": 1541370840000,
            "windowStart": 1533382440000
        },
        "Unsearchable": false,
        "Value Unit Of Measure": ""
    },
    "0EFA8E0B-59DE-77E0-B34E-21B1D90B864C": {
        "Archived": false,
        "Cache Enabled": true,
        "Cache ID": "0EFA8E0B-59F4-7770-8E8A-ECAA6F14D820",
        "Data ID": "0EFA8E0B-59DE-77E0-B34E-21B1D90B864C",
        "Datasource Class": "Seeq Calculations",
        "Datasource ID": "Seeq Calculations",
        "Enabled": true,
        "Formula": "$pv.move(1.5h)",
        "Formula Parameters": {
            "pv": "5D23359B-5653-419D-A205-6151B17F11CF"
        },
        "Formula Version": 31,
        "ID": "0EFA8E0B-59DE-77E0-B34E-21B1D90B864C",
        "Interpolation Method": "Step",
        "Locked": false,
        "Maximum Interpolation": {
            "Unit Of Measure": "h",
            "Value": 4
        },
        "Name": "Product_Viscosity",
        "Scoped To": "0EFA8DDB-59F0-60B0-9F1E-281A09919C94",
        "Type": "CalculatedSignal",
        "UIConfig": {
            "advancedParametersCollapsed": true,
            "configVersion": 11,
            "localFormula": "",
            "tabTransitioning": false,
            "type": "formula"
        },
        "Unsearchable": false,
        "Value Unit Of Measure": ""
    },
    "0EFA90EB-A2F4-60F0-A05E-CCC4B10A2500": {
        "Archived": false,
        "Cache Enabled": true,
        "Cache ID": "0EFA90EB-A2FB-6620-8EDF-6EE3D2851F71",
        "Data ID": "0EFA90EB-A2F4-60F0-A05E-CCC4B10A2500",
        "Datasource Class": "Seeq Calculations",
        "Datasource ID": "Seeq Calculations",
        "Enabled": true,
        "Formula": "$target.regressionModelOLS(group(capsule(\"2018-08-04T11:34:00.000Z\", \"2018-11-04T22:34:00.000Z\")), false, $a, $b, $c, $a^2, $b^2, $c^2).predict($a, $b, $c, $a^2, $b^2, $c^2)",
        "Formula Parameters": {
            "a": "0EFA8DEA-3E1E-6030-8C2B-4C91BF90B348",
            "b": "0EFA8DED-E2CD-71A0-B2DF-DAA695AF64B3",
            "c": "0EFA8DEF-D78E-7760-96F8-D72300FB8D4E",
            "target": "0EFA8E0B-59DE-77E0-B34E-21B1D90B864C"
        },
        "Formula Version": 31,
        "ID": "0EFA90EB-A2F4-60F0-A05E-CCC4B10A2500",
        "Interpolation Method": "Linear",
        "Locked": false,
        "Maximum Interpolation": {
            "Unit Of Measure": "s",
            "Value": 60.0
        },
        "Name": "Predicted Viscosity - Polynomial - 2",
        "Scoped To": "0EFA8DDB-59F0-60B0-9F1E-281A09919C94",
        "Type": "CalculatedSignal",
        "UIConfig": {
            "advancedParametersCollapsed": true,
            "color": "#068C45",
            "configVersion": 11,
            "isRefreshRateEnabled": false,
            "lambda": 0,
            "modelExpanded": true,
            "mustGoThroughZero": false,
            "option": "polynomial",
            "polynomialValue": 2,
            "regressionMethod": "OLS",
            "scopedTo": "0EFA8DDB-59F0-60B0-9F1E-281A09919C94",
            "type": "prediction",
            "variableSelection": 0.05,
            "variableSelectionEnabled": false,
            "windowEnd": 1541370840000,
            "windowStart": 1533382440000
        },
        "Unsearchable": false,
        "Value Unit Of Measure": ""
    },
    "0EFA90EC-A0A8-ECA0-A34F-9C9F552A23A3": {
        "Archived": false,
        "Cache Enabled": true,
        "Cache ID": "0EFA90EC-A0B0-71D0-A34D-09B5E47A2CA6",
        "Data ID": "0EFA90EC-A0A8-ECA0-A34F-9C9F552A23A3",
        "Datasource Class": "Seeq Calculations",
        "Datasource ID": "Seeq Calculations",
        "Enabled": true,
        "Formula": "$target.regressionModelOLS(group(capsule(\"2018-08-04T11:34:00.000Z\", \"2018-11-04T22:34:00.000Z\")), false, $a, $b, $c, ln($a).validValues(), ln($b).validValues(), ln($c).validValues()).predict($a, $b, $c, ln($a).validValues(), ln($b).validValues(), ln($c).validValues())",
        "Formula Parameters": {
            "a": "0EFA8DEA-3E1E-6030-8C2B-4C91BF90B348",
            "b": "0EFA8DED-E2CD-71A0-B2DF-DAA695AF64B3",
            "c": "0EFA8DEF-D78E-7760-96F8-D72300FB8D4E",
            "target": "0EFA8E0B-59DE-77E0-B34E-21B1D90B864C"
        },
        "Formula Version": 31,
        "ID": "0EFA90EC-A0A8-ECA0-A34F-9C9F552A23A3",
        "Interpolation Method": "Linear",
        "Locked": false,
        "Maximum Interpolation": {
            "Unit Of Measure": "s",
            "Value": 60.0
        },
        "Name": "Predicted Viscosity - Log",
        "Scoped To": "0EFA8DDB-59F0-60B0-9F1E-281A09919C94",
        "Type": "CalculatedSignal",
        "UIConfig": {
            "advancedParametersCollapsed": true,
            "color": "#4B7ABD",
            "configVersion": 11,
            "isRefreshRateEnabled": false,
            "lambda": 0,
            "modelExpanded": true,
            "mustGoThroughZero": false,
            "option": "log",
            "polynomialValue": 2,
            "regressionMethod": "OLS",
            "scopedTo": "0EFA8DDB-59F0-60B0-9F1E-281A09919C94",
            "type": "prediction",
            "variableSelection": 0.05,
            "variableSelectionEnabled": false,
            "windowEnd": 1541370840000,
            "windowStart": 1533382440000
        },
        "Unsearchable": false,
        "Value Unit Of Measure": ""
    },
    "0EFA90ED-6CC3-EC40-A7C8-09A07AEF63ED": {
        "Archived": false,
        "Cache Enabled": true,
        "Cache ID": "0EFA90ED-6CCB-7170-8F2F-9EE2B8BA0615",
        "Data ID": "0EFA90ED-6CC3-EC40-A7C8-09A07AEF63ED",
        "Datasource Class": "Seeq Calculations",
        "Datasource ID": "Seeq Calculations",
        "Enabled": true,
        "Formula": "$target.regressionModelOLS(group(capsule(\"2018-08-04T11:34:00.000Z\", \"2018-11-04T22:34:00.000Z\")), false, $a, $b, $c, $a^2, $b^2, $c^2, $a^3, $b^3, $c^3, $a*$b, $a*$c, $b*$c, $a*$b*$c, $a^2*$b, $a^2*$c, $b^2*$a, $b^2*$c, $c^2*$a, $c^2*$b).predict($a, $b, $c, $a^2, $b^2, $c^2, $a^3, $b^3, $c^3, $a*$b, $a*$c, $b*$c, $a*$b*$c, $a^2*$b, $a^2*$c, $b^2*$a, $b^2*$c, $c^2*$a, $c^2*$b)",
        "Formula Parameters": {
            "a": "0EFA8DEA-3E1E-6030-8C2B-4C91BF90B348",
            "b": "0EFA8DED-E2CD-71A0-B2DF-DAA695AF64B3",
            "c": "0EFA8DEF-D78E-7760-96F8-D72300FB8D4E",
            "target": "0EFA8E0B-59DE-77E0-B34E-21B1D90B864C"
        },
        "Formula Version": 31,
        "ID": "0EFA90ED-6CC3-EC40-A7C8-09A07AEF63ED",
        "Interpolation Method": "Linear",
        "Locked": false,
        "Maximum Interpolation": {
            "Unit Of Measure": "s",
            "Value": 60.0
        },
        "Name": "Predicted Viscosity - Expanded Basis",
        "Scoped To": "0EFA8DDB-59F0-60B0-9F1E-281A09919C94",
        "Type": "CalculatedSignal",
        "UIConfig": {
            "advancedParametersCollapsed": true,
            "color": "#AC4625",
            "configVersion": 11,
            "isRefreshRateEnabled": false,
            "lambda": 0,
            "modelExpanded": true,
            "mustGoThroughZero": false,
            "option": "expandedBasis",
            "polynomialValue": 2,
            "regressionMethod": "OLS",
            "scopedTo": "0EFA8DDB-59F0-60B0-9F1E-281A09919C94",
            "type": "prediction",
            "useValidValues": true,
            "variableSelection": 0.05,
            "variableSelectionEnabled": false,
            "windowEnd": 1541370840000,
            "windowStart": 1533382440000
        },
        "Unsearchable": false,
        "Value Unit Of Measure": ""
    },
    "0EFA90F5-B979-E8C0-A071-BB912BCA7B67": {
        "Archived": false,
        "Cache Enabled": true,
        "Cache ID": "0EFA90F5-BA0E-7790-B78E-1264C7BC9675",
        "Capsule ID Property": "start",
        "Capsule Property Units": {
            "Value": "string"
        },
        "Data ID": "0EFA90F5-B979-E8C0-A071-BB912BCA7B67",
        "Datasource Class": "Seeq Calculations",
        "Datasource ID": "Seeq Calculations",
        "Enabled": true,
        "Formula": "$grade.tostring().toCondition().removeLongerThan(1wk) ",
        "Formula Parameters": {
            "grade": "749E80FE-EBF0-44A6-89B6-D336CDEA48EC"
        },
        "Formula Version": 31,
        "ID": "0EFA90F5-B979-E8C0-A071-BB912BCA7B67",
        "Locked": false,
        "Maximum Duration": {
            "Unit Of Measure": "wk",
            "Value": 1
        },
        "Name": "All Grades (with Property)",
        "Scoped To": "0EFA8DDB-59F0-60B0-9F1E-281A09919C94",
        "Type": "CalculatedCondition",
        "UIConfig": {
            "advancedParametersCollapsed": true,
            "configVersion": 11,
            "localFormula": "",
            "tabTransitioning": false,
            "type": "formula"
        },
        "Unsearchable": false
    },
    "0EFA90FB-2F77-64A0-BD46-A57A978558BF": {
        "Archived": false,
        "Cache Enabled": true,
        "Cache ID": "0EFA90FB-2F79-FBB0-AAB9-CB3429AFC2EB",
        "Data ID": "0EFA90FB-2F77-64A0-BD46-A57A978558BF",
        "Datasource Class": "Seeq Calculations",
        "Datasource ID": "Seeq Calculations",
        "Enabled": true,
        "Formula": [
            "$USL101 = (1.1).tosignal()",
            "$USL102 = (0.88).tosignal()",
            "$USL103 = (1.21).tosignal()",
            "$USL104 = (0.825).tosignal()",
            "$USL105 = (0.99).tosignal()",
            "$USL106 = (0.59).tosignal()",
            "$USL107 = (1.16).tosignal()",
            "$USL108 = (1.87).tosignal()",
            "",
            "$USL101",
            "     .splice($USL102, $grade.keep('Value', isEqualTo('102')))",
            "     .splice($USL103, $grade.keep('Value', isEqualTo('103')))",
            "     .splice($USL104, $grade.keep('Value', isEqualTo('104')))",
            "     .splice($USL105, $grade.keep('Value', isEqualTo('105')))",
            "     .splice($USL106, $grade.keep('Value', isEqualTo('106')))",
            "     .splice($USL107, $grade.keep('Value', isEqualTo('107')))",
            "     .splice($USL108, $grade.keep('Value', isEqualTo('108')))",
            ".tostep(7d)"
        ],
        "Formula Parameters": {
            "grade": "0EFA90F5-B979-E8C0-A071-BB912BCA7B67"
        },
        "Formula Version": 31,
        "ID": "0EFA90FB-2F77-64A0-BD46-A57A978558BF",
        "Interpolation Method": "Step",
        "Locked": false,
        "Maximum Interpolation": {
            "Unit Of Measure": "d",
            "Value": 7
        },
        "Name": "Product Viscosity USL",
        "Scoped To": "0EFA8DDB-59F0-60B0-9F1E-281A09919C94",
        "Type": "CalculatedSignal",
        "UIConfig": {
            "advancedParametersCollapsed": true,
            "configVersion": 11,
            "localFormula": "",
            "tabTransitioning": false,
            "type": "formula"
        },
        "Unsearchable": false,
        "Value Unit Of Measure": ""
    },
    "0EFA90FC-1C37-7330-9E90-D250D74D239F": {
        "Archived": false,
        "Cache Enabled": true,
        "Cache ID": "0EFA90FC-1C3C-7150-A2EE-FCE612F74FAD",
        "Data ID": "0EFA90FC-1C37-7330-9E90-D250D74D239F",
        "Datasource Class": "Seeq Calculations",
        "Datasource ID": "Seeq Calculations",
        "Enabled": true,
        "Formula": [
            "$LSL101 = (0.9).tosignal()",
            "$LSL102 = (0.72).tosignal()",
            "$LSL103 = (0.99).tosignal()",
            "$LSL104 = (0.675).tosignal()",
            "$LSL105 = (0.81).tosignal()",
            "$LSL106 = (0.486).tosignal()",
            "$LSL107 = (0.945).tosignal()",
            "$LSL108 = (1.53).tosignal()",
            "",
            "$LSL101",
            "     .splice($LSL102, $grade.keep('Value', isEqualTo('102')))",
            "     .splice($LSL103, $grade.keep('Value', isEqualTo('103')))",
            "     .splice($LSL104, $grade.keep('Value', isEqualTo('104')))",
            "     .splice($LSL105, $grade.keep('Value', isEqualTo('105')))",
            "     .splice($LSL106, $grade.keep('Value', isEqualTo('106')))",
            "     .splice($LSL107, $grade.keep('Value', isEqualTo('107')))",
            "     .splice($LSL108, $grade.keep('Value', isEqualTo('108')))",
            ".tostep(7d)"
        ],
        "Formula Parameters": {
            "grade": "0EFA90F5-B979-E8C0-A071-BB912BCA7B67"
        },
        "Formula Version": 31,
        "ID": "0EFA90FC-1C37-7330-9E90-D250D74D239F",
        "Interpolation Method": "Step",
        "Locked": false,
        "Maximum Interpolation": {
            "Unit Of Measure": "d",
            "Value": 7
        },
        "Name": "Product Viscosity LSL",
        "Scoped To": "0EFA8DDB-59F0-60B0-9F1E-281A09919C94",
        "Type": "CalculatedSignal",
        "UIConfig": {
            "advancedParametersCollapsed": true,
            "configVersion": 11,
            "localFormula": "",
            "scopedTo": "0EFA8DDB-59F0-60B0-9F1E-281A09919C94",
            "tabTransitioning": false,
            "type": "formula"
        },
        "Unsearchable": false,
        "Value Unit Of Measure": ""
    },
    "0EFA90FE-8F7C-6410-86F0-86F64B5B6FC8": {
        "Archived": false,
        "Cache Enabled": true,
        "Cache ID": "0EFA90FE-8F81-6230-9D06-F9683AB1C5A7",
        "Data ID": "0EFA90FE-8F7C-6410-86F0-86F64B5B6FC8",
        "Datasource Class": "Seeq Calculations",
        "Datasource ID": "Seeq Calculations",
        "Enabled": true,
        "Formula": "($lsl + $usl)/2",
        "Formula Parameters": {
            "lsl": "0EFA90FC-1C37-7330-9E90-D250D74D239F",
            "usl": "0EFA90FB-2F77-64A0-BD46-A57A978558BF"
        },
        "Formula Version": 31,
        "ID": "0EFA90FE-8F7C-6410-86F0-86F64B5B6FC8",
        "Interpolation Method": "Step",
        "Locked": false,
        "Maximum Interpolation": {
            "Unit Of Measure": "d",
            "Value": 7
        },
        "Name": "Target Product Viscosity",
        "Scoped To": "0EFA8DDB-59F0-60B0-9F1E-281A09919C94",
        "Type": "CalculatedSignal",
        "UIConfig": {
            "advancedParametersCollapsed": true,
            "configVersion": 11,
            "localFormula": "",
            "tabTransitioning": false,
            "type": "formula"
        },
        "Unsearchable": false,
        "Value Unit Of Measure": ""
    },
    "0EFA90FF-3D68-62E0-BDBA-FCCE9152D322": {
        "Archived": false,
        "Cache Enabled": true,
        "Cache ID": "0EFA90FF-3D6A-F9F0-BFCF-A128DF80A1B5",
        "Data ID": "0EFA90FF-3D68-62E0-BDBA-FCCE9152D322",
        "Datasource Class": "Seeq Calculations",
        "Datasource ID": "Seeq Calculations",
        "Enabled": true,
        "Formula": "$predicted - $target",
        "Formula Parameters": {
            "predicted": "0EFA8E08-31FB-EA50-9D53-DC8A14B5C0D5",
            "target": "0EFA90FE-8F7C-6410-86F0-86F64B5B6FC8"
        },
        "Formula Version": 31,
        "ID": "0EFA90FF-3D68-62E0-BDBA-FCCE9152D322",
        "Interpolation Method": "Linear",
        "Locked": false,
        "Maximum Interpolation": {
            "Unit Of Measure": "s",
            "Value": 60.0
        },
        "Name": "Delta Predicted vs. Target",
        "Scoped To": "0EFA8DDB-59F0-60B0-9F1E-281A09919C94",
        "Type": "CalculatedSignal",
        "UIConfig": {
            "advancedParametersCollapsed": true,
            "configVersion": 11,
            "localFormula": "",
            "tabTransitioning": false,
            "type": "formula"
        },
        "Unsearchable": false,
        "Value Unit Of Measure": ""
    },
    "0EFA9100-16F0-EA80-A79D-25F0CD61B303": {
        "Archived": false,
        "Cache Enabled": true,
        "Cache ID": "0EFA9100-16F3-7190-AD0A-210943000012",
        "Capsule ID Property": "start",
        "Capsule Property Units": {},
        "Data ID": "0EFA9100-16F0-EA80-A79D-25F0CD61B303",
        "Datasource Class": "Seeq Calculations",
        "Datasource ID": "Seeq Calculations",
        "Enabled": true,
        "Formula": [
            "($a < 0)",
            ".merge(0min)",
            ".removeShorterThan(30min)"
        ],
        "Formula Parameters": {
            "a": "0EFA90FF-3D68-62E0-BDBA-FCCE9152D322"
        },
        "Formula Version": 31,
        "ID": "0EFA9100-16F0-EA80-A79D-25F0CD61B303",
        "Locked": false,
        "Name": "Predicted Viscosity Low",
        "Scoped To": "0EFA8DDB-59F0-60B0-9F1E-281A09919C94",
        "Type": "CalculatedCondition",
        "UIConfig": {
            "advancedEntryDuration": {
                "units": "min",
                "value": 0
            },
            "advancedEntryLowerValue": null,
            "advancedEntryValue": null,
            "advancedExitDuration": {
                "units": "min",
                "value": 0
            },
            "advancedExitValue": null,
            "advancedParametersCollapsed": true,
            "configVersion": 11,
            "isCleansing": true,
            "isMigratedDeviationSearch": false,
            "isSimple": true,
            "mergeDuration": {
                "units": "min",
                "value": 0
            },
            "minDuration": {
                "units": "min",
                "valid": true,
                "value": 30
            },
            "simpleLowerValue": null,
            "simpleOperator": "<",
            "simpleValue": "0",
            "type": "value-search",
            "useValidValues": false,
            "version": "V3"
        },
        "Unsearchable": false
    },
    "0EFA9100-DC79-E810-891E-F5EF1EC892BB": {
        "Archived": false,
        "Cache Enabled": true,
        "Cache ID": "0EFA9100-DC7E-6630-8B4B-EA97C353B2EF",
        "Capsule ID Property": "start",
        "Capsule Property Units": {},
        "Data ID": "0EFA9100-DC79-E810-891E-F5EF1EC892BB",
        "Datasource Class": "Seeq Calculations",
        "Datasource ID": "Seeq Calculations",
        "Enabled": true,
        "Formula": "$a < $b",
        "Formula Parameters": {
            "a": "0EFA8E0B-59DE-77E0-B34E-21B1D90B864C",
            "b": "0EFA90FC-1C37-7330-9E90-D250D74D239F"
        },
        "Formula Version": 31,
        "ID": "0EFA9100-DC79-E810-891E-F5EF1EC892BB",
        "Locked": false,
        "Name": "Actual Viscosity OS Low",
        "Scoped To": "0EFA8DDB-59F0-60B0-9F1E-281A09919C94",
        "Type": "CalculatedCondition",
        "UIConfig": {
            "advancedEntryDuration": {
                "units": "min",
                "value": 0
            },
            "advancedEntryLowerValue": null,
            "advancedEntryValue": null,
            "advancedExitDuration": {
                "units": "min",
                "value": 0
            },
            "advancedExitValue": null,
            "advancedParametersCollapsed": true,
            "configVersion": 11,
            "isCleansing": false,
            "isMigratedDeviationSearch": false,
            "isSimple": true,
            "mergeDuration": {
                "units": "min",
                "value": 0
            },
            "minDuration": {
                "units": "min",
                "value": 0
            },
            "simpleLowerValue": null,
            "simpleOperator": "<",
            "simpleValue": "0EFA90FC-1C37-7330-9E90-D250D74D239F",
            "type": "value-search",
            "useValidValues": false,
            "version": "V3"
        },
        "Unsearchable": false
    },
    "0EFA9101-7E6D-7770-80E4-29833784D9FE": {
        "Archived": false,
        "Cache Enabled": true,
        "Cache ID": "0EFA9101-7E6F-EE80-97F4-84B29E220701",
        "Capsule ID Property": "start",
        "Capsule Property Units": {},
        "Data ID": "0EFA9101-7E6D-7770-80E4-29833784D9FE",
        "Datasource Class": "Seeq Calculations",
        "Datasource ID": "Seeq Calculations",
        "Enabled": true,
        "Formula": "$a.intersect($b)",
        "Formula Parameters": {
            "a": "0EFA9100-16F0-EA80-A79D-25F0CD61B303",
            "b": "0EFA9100-DC79-E810-891E-F5EF1EC892BB"
        },
        "Formula Version": 31,
        "ID": "0EFA9101-7E6D-7770-80E4-29833784D9FE",
        "Locked": false,
        "Name": "Predicted Viscosity Low + Actual Viscosity OS Low",
        "Scoped To": "0EFA8DDB-59F0-60B0-9F1E-281A09919C94",
        "Type": "CalculatedCondition",
        "UIConfig": {
            "advancedParametersCollapsed": true,
            "configVersion": 11,
            "type": "composite-search"
        },
        "Unsearchable": false
    },
    "0EFA9102-A000-7530-802D-184F3AF62D05": {
        "Archived": false,
        "Cache Enabled": true,
        "Cache ID": "0EFA9102-A005-7350-961A-819FADD13968",
        "Capsule ID Property": "start",
        "Capsule Property Units": {},
        "Data ID": "0EFA9102-A000-7530-802D-184F3AF62D05",
        "Datasource Class": "Seeq Calculations",
        "Datasource ID": "Seeq Calculations",
        "Enabled": true,
        "Formula": [
            "($a > 0)",
            ".merge(0min)",
            ".removeShorterThan(30min)"
        ],
        "Formula Parameters": {
            "a": "0EFA90FF-3D68-62E0-BDBA-FCCE9152D322"
        },
        "Formula Version": 31,
        "ID": "0EFA9102-A000-7530-802D-184F3AF62D05",
        "Locked": false,
        "Name": "Predicted Viscosity High",
        "Scoped To": "0EFA8DDB-59F0-60B0-9F1E-281A09919C94",
        "Type": "CalculatedCondition",
        "UIConfig": {
            "advancedEntryDuration": {
                "units": "min",
                "value": 0
            },
            "advancedEntryLowerValue": null,
            "advancedEntryValue": null,
            "advancedExitDuration": {
                "units": "min",
                "value": 0
            },
            "advancedExitValue": null,
            "advancedParametersCollapsed": true,
            "configVersion": 11,
            "isCleansing": true,
            "isMigratedDeviationSearch": false,
            "isSimple": true,
            "mergeDuration": {
                "units": "min",
                "value": 0
            },
            "minDuration": {
                "units": "min",
                "valid": true,
                "value": 30
            },
            "scopedTo": "0EFA8DDB-59F0-60B0-9F1E-281A09919C94",
            "simpleLowerValue": null,
            "simpleOperator": ">",
            "simpleValue": "0",
            "type": "value-search",
            "useValidValues": false,
            "version": "V3"
        },
        "Unsearchable": false
    },
    "0EFA9103-75B0-EEA0-9316-15D2B28028E4": {
        "Archived": false,
        "Cache Enabled": true,
        "Cache ID": "0EFA9103-75B5-ECC0-BEF5-57CF47D2F553",
        "Capsule ID Property": "start",
        "Capsule Property Units": {},
        "Data ID": "0EFA9103-75B0-EEA0-9316-15D2B28028E4",
        "Datasource Class": "Seeq Calculations",
        "Datasource ID": "Seeq Calculations",
        "Enabled": true,
        "Formula": "$a > $b",
        "Formula Parameters": {
            "a": "0EFA8E0B-59DE-77E0-B34E-21B1D90B864C",
            "b": "0EFA90FB-2F77-64A0-BD46-A57A978558BF"
        },
        "Formula Version": 31,
        "ID": "0EFA9103-75B0-EEA0-9316-15D2B28028E4",
        "Locked": false,
        "Name": "Actual Viscosity OS High",
        "Scoped To": "0EFA8DDB-59F0-60B0-9F1E-281A09919C94",
        "Type": "CalculatedCondition",
        "UIConfig": {
            "advancedEntryDuration": {
                "units": "min",
                "value": 0
            },
            "advancedEntryLowerValue": null,
            "advancedEntryValue": null,
            "advancedExitDuration": {
                "units": "min",
                "value": 0
            },
            "advancedExitValue": null,
            "advancedParametersCollapsed": true,
            "configVersion": 11,
            "isCleansing": false,
            "isMigratedDeviationSearch": false,
            "isSimple": true,
            "mergeDuration": {
                "units": "min",
                "value": 0
            },
            "minDuration": {
                "units": "min",
                "value": 0
            },
            "scopedTo": "0EFA8DDB-59F0-60B0-9F1E-281A09919C94",
            "simpleLowerValue": null,
            "simpleOperator": ">",
            "simpleValue": "0EFA90FB-2F77-64A0-BD46-A57A978558BF",
            "type": "value-search",
            "useValidValues": false,
            "version": "V3"
        },
        "Unsearchable": false
    },
    "0EFA9104-E2AE-66A0-B49A-3A4D3B5349EF": {
        "Archived": false,
        "Cache Enabled": true,
        "Cache ID": "0EFA9104-E2B3-64C0-8E89-E45AC0A32239",
        "Capsule ID Property": "start",
        "Capsule Property Units": {},
        "Data ID": "0EFA9104-E2AE-66A0-B49A-3A4D3B5349EF",
        "Datasource Class": "Seeq Calculations",
        "Datasource ID": "Seeq Calculations",
        "Enabled": true,
        "Formula": "$a.intersect($b)",
        "Formula Parameters": {
            "a": "0EFA9102-A000-7530-802D-184F3AF62D05",
            "b": "0EFA9103-75B0-EEA0-9316-15D2B28028E4"
        },
        "Formula Version": 31,
        "ID": "0EFA9104-E2AE-66A0-B49A-3A4D3B5349EF",
        "Locked": false,
        "Name": "Predicted Viscosity High + Actual Viscosity OS High",
        "Scoped To": "0EFA8DDB-59F0-60B0-9F1E-281A09919C94",
        "Type": "CalculatedCondition",
        "UIConfig": {
            "advancedParametersCollapsed": true,
            "configVersion": 11,
            "type": "composite-search"
        },
        "Unsearchable": false
    },
    "0EFA9105-E294-EAB0-90BC-88F44934CCDF": {
        "Archived": false,
        "Cache Enabled": true,
        "Cache ID": "0EFA9105-E297-71C0-B9DC-A4300A4823E5",
        "Capsule ID Property": "start",
        "Capsule Property Units": {},
        "Data ID": "0EFA9105-E294-EAB0-90BC-88F44934CCDF",
        "Datasource Class": "Seeq Calculations",
        "Datasource ID": "Seeq Calculations",
        "Enabled": true,
        "Formula": "$a.union($b)",
        "Formula Parameters": {
            "a": "0EFA9101-7E6D-7770-80E4-29833784D9FE",
            "b": "0EFA9104-E2AE-66A0-B49A-3A4D3B5349EF"
        },
        "Formula Version": 31,
        "ID": "0EFA9105-E294-EAB0-90BC-88F44934CCDF",
        "Locked": false,
        "Name": "Model Predicts Correct Direction from Target",
        "Scoped To": "0EFA8DDB-59F0-60B0-9F1E-281A09919C94",
        "Type": "CalculatedCondition",
        "UIConfig": {
            "advancedParametersCollapsed": true,
            "configVersion": 11,
            "type": "composite-search"
        },
        "Unsearchable": false
    },
    "0EFA9107-0207-7180-9BF0-3649A7BE19F7": {
        "Archived": false,
        "Cache Enabled": true,
        "Cache ID": "0EFA9107-020B-FFA0-AC0A-0DA1D5A921C9",
        "Capsule ID Property": "start",
        "Capsule Property Units": {},
        "Data ID": "0EFA9107-0207-7180-9BF0-3649A7BE19F7",
        "Datasource Class": "Seeq Calculations",
        "Datasource ID": "Seeq Calculations",
        "Enabled": true,
        "Formula": "$a < $c or $a > $b",
        "Formula Parameters": {
            "a": "0EFA8E0B-59DE-77E0-B34E-21B1D90B864C",
            "b": "0EFA90FB-2F77-64A0-BD46-A57A978558BF",
            "c": "0EFA90FC-1C37-7330-9E90-D250D74D239F"
        },
        "Formula Version": 31,
        "ID": "0EFA9107-0207-7180-9BF0-3649A7BE19F7",
        "Locked": false,
        "Name": "Product out of spec (LAB)",
        "Scoped To": "0EFA8DDB-59F0-60B0-9F1E-281A09919C94",
        "Type": "CalculatedCondition",
        "UIConfig": {
            "advancedEntryDuration": {
                "units": "min",
                "value": 0
            },
            "advancedEntryLowerValue": null,
            "advancedEntryValue": null,
            "advancedExitDuration": {
                "units": "min",
                "value": 0
            },
            "advancedExitValue": null,
            "advancedParametersCollapsed": true,
            "configVersion": 11,
            "isCleansing": false,
            "isMigratedDeviationSearch": false,
            "isSimple": true,
            "mergeDuration": {
                "units": "min",
                "value": 0
            },
            "minDuration": {
                "units": "min",
                "value": 0
            },
            "simpleLowerValue": "0EFA90FC-1C37-7330-9E90-D250D74D239F",
            "simpleLowerValueInclusivity": "<",
            "simpleOperator": "<>",
            "simpleUpperValueInclusivity": ">",
            "simpleValue": "0EFA90FB-2F77-64A0-BD46-A57A978558BF",
            "type": "value-search",
            "useValidValues": false,
            "version": "V3"
        },
        "Unsearchable": false
    },
    "0EFA910A-9FBB-7130-88CD-E485DE71CBA7": {
        "Archived": false,
        "Cache Enabled": true,
        "Cache ID": "0EFA910A-9FC2-6660-A171-E94B4EC79600",
        "Capsule ID Property": "start",
        "Capsule Property Units": {},
        "Data ID": "0EFA910A-9FBB-7130-88CD-E485DE71CBA7",
        "Datasource Class": "Seeq Calculations",
        "Datasource ID": "Seeq Calculations",
        "Enabled": true,
        "Formula": [
            "($a < $c or $a > $b)",
            ".merge(30min)",
            ".removeShorterThan(5min)"
        ],
        "Formula Parameters": {
            "a": "0EFA8E08-31FB-EA50-9D53-DC8A14B5C0D5",
            "b": "0EFA90FB-2F77-64A0-BD46-A57A978558BF",
            "c": "0EFA90FC-1C37-7330-9E90-D250D74D239F"
        },
        "Formula Version": 31,
        "ID": "0EFA910A-9FBB-7130-88CD-E485DE71CBA7",
        "Locked": false,
        "Name": "Expected Deviation (inferential)",
        "Scoped To": "0EFA8DDB-59F0-60B0-9F1E-281A09919C94",
        "Type": "CalculatedCondition",
        "UIConfig": {
            "advancedEntryDuration": {
                "units": "min",
                "value": 0
            },
            "advancedEntryLowerValue": null,
            "advancedEntryValue": null,
            "advancedExitDuration": {
                "units": "min",
                "value": 0
            },
            "advancedExitValue": null,
            "advancedParametersCollapsed": true,
            "configVersion": 11,
            "isCleansing": true,
            "isMigratedDeviationSearch": false,
            "isSimple": true,
            "mergeDuration": {
                "units": "min",
                "valid": true,
                "value": 30
            },
            "minDuration": {
                "units": "min",
                "valid": true,
                "value": 5
            },
            "simpleLowerValue": "0EFA90FC-1C37-7330-9E90-D250D74D239F",
            "simpleLowerValueInclusivity": "<",
            "simpleOperator": "<>",
            "simpleUpperValueInclusivity": ">",
            "simpleValue": "0EFA90FB-2F77-64A0-BD46-A57A978558BF",
            "type": "value-search",
            "useValidValues": false,
            "version": "V3"
        },
        "Unsearchable": false
    },
    "0EFA910E-8702-E810-94DE-C2506714B023": {
        "Archived": false,
        "Cache Enabled": false,
        "Data ID": "0EFA910E-8702-E810-94DE-C2506714B023",
        "Datasource Class": "Seeq Calculations",
        "Datasource ID": "Seeq Calculations",
        "Enabled": true,
        "Formula": "<ThresholdMetric>",
        "Formula Parameters": {
            "Aggregation Condition": "0efa910e-8707-6630-9a63-e2198e219b60",
            "Bounding Condition": "0EFA90F5-B979-E8C0-A071-BB912BCA7B67",
            "Measured Item": "0EFA8E08-31FB-EA50-9D53-DC8A14B5C0D5",
            "Metric Neutral Color": "#ffffff",
            "Process Type": "Condition"
        },
        "ID": "0EFA910E-8702-E810-94DE-C2506714B023",
        "Locked": false,
        "MetricReconfigurationMigration": true,
        "Name": "Scorecard Metric 1",
        "Scoped To": "0EFA8DDB-59F0-60B0-9F1E-281A09919C94",
        "Type": "ThresholdMetric",
        "UIConfig": {
            "advancedParametersCollapsed": true,
            "type": "threshold-metric"
        },
        "Unsearchable": false
    },
    "0EFA9111-5EDA-EA10-A1BE-9DADDA8A5C82": {
        "Archived": false,
        "Cache Enabled": true,
        "Cache ID": "0EFA9111-5EDF-E830-8062-C86508FF3301",
        "Capsule Property Units": {
            "Value": "string"
        },
        "Data ID": "0EFA9111-5EDA-EA10-A1BE-9DADDA8A5C82",
        "Datasource Class": "Seeq Calculations",
        "Datasource ID": "Seeq Calculations",
        "Enabled": true,
        "Formula": "$grade - $grade.shrink(1h)",
        "Formula Parameters": {
            "grade": "0EFA90F5-B979-E8C0-A071-BB912BCA7B67"
        },
        "Formula Version": 31,
        "ID": "0EFA9111-5EDA-EA10-A1BE-9DADDA8A5C82",
        "Locked": false,
        "Maximum Duration": {
            "Unit Of Measure": "wk",
            "Value": 1
        },
        "Name": "Grade Transitions",
        "Scoped To": "0EFA8DDB-59F0-60B0-9F1E-281A09919C94",
        "Type": "CalculatedCondition",
        "UIConfig": {
            "advancedParametersCollapsed": true,
            "configVersion": 11,
            "localFormula": "",
            "tabTransitioning": false,
            "type": "formula"
        },
        "Unsearchable": false
    },
    "0EFA9115-280B-66C0-A19F-5071BDEF0BEA": {
        "Archived": false,
        "Cache Enabled": true,
        "Cache ID": "0EFA9115-2812-FBF0-A5EB-2900ECD77D17",
        "Capsule Property Units": {},
        "Data ID": "0EFA9115-280B-66C0-A19F-5071BDEF0BEA",
        "Datasource Class": "Seeq Calculations",
        "Datasource ID": "Seeq Calculations",
        "Enabled": true,
        "Formula": [
            "$USL_Test = $USL - $Viscosity",
            "$LSL_Test = $Viscosity - $LSL",
            "",
            "$USL_Violation = $USL_Test.valueSearch(4d, isLessThan(0))",
            "$LSL_Violation = $LSL_Test.valueSearch(4d, isLessThan(0))",
            "",
            "$USL_Violation.union($LSL_Violation).removeLongerThan(4d).subtract($Transition)"
        ],
        "Formula Parameters": {
            "LSL": "0EFA90FC-1C37-7330-9E90-D250D74D239F",
            "Transition": "0EFA9111-5EDA-EA10-A1BE-9DADDA8A5C82",
            "USL": "0EFA90FB-2F77-64A0-BD46-A57A978558BF",
            "Viscosity": "0EFA8E0B-59DE-77E0-B34E-21B1D90B864C"
        },
        "Formula Version": 31,
        "ID": "0EFA9115-280B-66C0-A19F-5071BDEF0BEA",
        "Locked": false,
        "Maximum Duration": {
            "Unit Of Measure": "d",
            "Value": 4
        },
        "Name": "Product Viscosity Out of Control",
        "Scoped To": "0EFA8DDB-59F0-60B0-9F1E-281A09919C94",
        "Type": "CalculatedCondition",
        "UIConfig": {
            "advancedParametersCollapsed": true,
            "configVersion": 11,
            "localFormula": "",
            "tabTransitioning": false,
            "type": "formula"
        },
        "Unsearchable": false
    },
    "0EFA9117-CD27-6440-9D71-CF89814C3D27": {
        "Archived": false,
        "Cache Enabled": true,
        "Cache ID": "0EFA9117-CD4B-EE30-971B-356FC874B7B8",
        "Data ID": "0EFA9117-CD27-6440-9D71-CF89814C3D27",
        "Datasource Class": "Seeq Calculations",
        "Datasource ID": "Seeq Calculations",
        "Enabled": true,
        "Formula": "$series.aggregate(totalized(\"h\"), $capsules.setMaximumDuration(40h), endKey(), 0s)",
        "Formula Parameters": {
            "capsules": "0EFA9105-E294-EAB0-90BC-88F44934CCDF",
            "series": "B4847133-2205-4E9F-9214-177E02A84CB3"
        },
        "Formula Version": 31,
        "ID": "0EFA9117-CD27-6440-9D71-CF89814C3D27",
        "Interpolation Method": "None",
        "Locked": false,
        "Maximum Interpolation": {
            "Unit Of Measure": "s",
            "Value": 0
        },
        "Name": "Total Volume of Product Downgraded per Event",
        "Scoped To": "0EFA8DDB-59F0-60B0-9F1E-281A09919C94",
        "Type": "CalculatedSignal",
        "UIConfig": {
            "advancedParametersCollapsed": true,
            "configVersion": 11,
            "type": "signal-from-condition"
        },
        "Unsearchable": false,
        "Value Unit Of Measure": "klb"
    },
    "0EFA911C-9381-EA10-B1FD-ABEE39008FB8": {
        "Archived": false,
        "Cache Enabled": true,
        "Cache ID": "0EFA911C-9384-7120-BF1C-723A31F694D2",
        "Capsule ID Property": "start",
        "Capsule Property Units": {
            "Month": ""
        },
        "Data ID": "0EFA911C-9381-EA10-B1FD-ABEE39008FB8",
        "Datasource Class": "Seeq Calculations",
        "Datasource ID": "Seeq Calculations",
        "Enabled": true,
        "Formula": "months(\"UTC\")",
        "Formula Parameters": {},
        "Formula Version": 31,
        "ID": "0EFA911C-9381-EA10-B1FD-ABEE39008FB8",
        "Locked": false,
        "Maximum Duration": {
            "Unit Of Measure": "d",
            "Value": 32.0
        },
        "Maximum Interpolation": {
            "Unit Of Measure": "s",
            "Value": 2764800.0
        },
        "Name": "Monthly",
        "Scoped To": "0EFA8DDB-59F0-60B0-9F1E-281A09919C94",
        "Type": "CalculatedCondition",
        "UIConfig": {
            "advancedParametersCollapsed": true,
            "configVersion": 11,
            "customDuration": {
                "units": "h",
                "value": 0
            },
            "customPeriod": {
                "units": "h",
                "value": 0
            },
            "customPeriodDisable": true,
            "duration": "months",
            "frequencies": [],
            "offset": {
                "units": "min",
                "value": 0
            },
            "quarterStart": {
                "day": 1,
                "month": "Month.January"
            },
            "shift": {
                "duration": 8,
                "offset": 8
            },
            "timezone": "UTC",
            "type": "periodic-condition",
            "weekStart": "Day.Sunday"
        },
        "Unsearchable": false
    },
    "0EFA911D-5D29-62A0-B06B-CB8B5092215C": {
        "Archived": false,
        "Cache Enabled": true,
        "Cache ID": "0EFA911D-5D2B-F9B0-9C1E-9E90B1BC5CF3",
        "Data ID": "0EFA911D-5D29-62A0-B06B-CB8B5092215C",
        "Datasource Class": "Seeq Calculations",
        "Datasource ID": "Seeq Calculations",
        "Enabled": true,
        "Formula": [
            "//Current Variable Margin difference between on-spec and off-spec product for this unit is $100/mT ",
            "",
            "($Volume.convertUnits('t')).multiply(100 $/t)"
        ],
        "Formula Parameters": {
            "Volume": "0EFA9117-CD27-6440-9D71-CF89814C3D27"
        },
        "Formula Version": 31,
        "ID": "0EFA911D-5D29-62A0-B06B-CB8B5092215C",
        "Interpolation Method": "None",
        "Locked": false,
        "Maximum Interpolation": {
            "Unit Of Measure": "s",
            "Value": 0
        },
        "Name": "Financial Loss from Product Downgrades",
        "Scoped To": "0EFA8DDB-59F0-60B0-9F1E-281A09919C94",
        "Type": "CalculatedSignal",
        "UIConfig": {
            "advancedParametersCollapsed": true,
            "configVersion": 11,
            "localFormula": "",
            "tabTransitioning": false,
            "type": "formula"
        },
        "Unsearchable": false,
        "Value Unit Of Measure": "$"
    },
    "0EFA911E-361A-6460-BA09-F3A7AD4C21D8": {
        "Archived": false,
        "Cache Enabled": false,
        "Data ID": "0EFA911E-361A-6460-BA09-F3A7AD4C21D8",
        "Datasource Class": "Seeq Calculations",
        "Datasource ID": "Seeq Calculations",
        "Enabled": true,
        "Formula": "<ThresholdMetric>",
        "Formula Parameters": {
            "Aggregation Condition": "0efa911e-36a5-66f0-a466-01eccc3b9132",
            "Aggregation Function": "sum()",
            "Bounding Condition": "0EFA911C-9381-EA10-B1FD-ABEE39008FB8",
            "Measured Item": "0EFA911D-5D29-62A0-B06B-CB8B5092215C",
            "Metric Neutral Color": "#ffffff",
            "Process Type": "Condition"
        },
        "ID": "0EFA911E-361A-6460-BA09-F3A7AD4C21D8",
        "Locked": false,
        "MetricReconfigurationMigration": true,
        "Name": "Monthly Financial Opportunity",
        "Scoped To": "0EFA8DDB-59F0-60B0-9F1E-281A09919C94",
        "Type": "ThresholdMetric",
        "UIConfig": {
            "advancedParametersCollapsed": true,
            "type": "threshold-metric"
        },
        "Unsearchable": false
    },
    "0EFA911F-0E34-E8A0-90C3-65A5F35105CE": {
        "Archived": false,
        "Cache Enabled": false,
        "Data ID": "0EFA911F-0E34-E8A0-90C3-65A5F35105CE",
        "Datasource Class": "Seeq Calculations",
        "Datasource ID": "Seeq Calculations",
        "Enabled": true,
        "Formula": "<ThresholdMetric>",
        "Formula Parameters": {
            "Aggregation Condition": "0efa911f-0ebf-fb30-897d-9cd5b2ffb30e",
            "Aggregation Function": "sum()",
            "Bounding Condition": "0EFA911C-9381-EA10-B1FD-ABEE39008FB8",
            "Measured Item": "0EFA9117-CD27-6440-9D71-CF89814C3D27",
            "Metric Neutral Color": "#ffffff",
            "Process Type": "Condition"
        },
        "ID": "0EFA911F-0E34-E8A0-90C3-65A5F35105CE",
        "Locked": false,
        "MetricReconfigurationMigration": true,
        "Name": "Monthly Product Downgraded",
        "Scoped To": "0EFA8DDB-59F0-60B0-9F1E-281A09919C94",
        "Type": "ThresholdMetric",
        "UIConfig": {
            "advancedParametersCollapsed": true,
            "type": "threshold-metric"
        },
        "Unsearchable": false
    },
    "59EFE199-8FF6-46D2-AA45-E27EE937F5E4": {
        "Archived": false,
        "Cache Enabled": false,
        "Cache ID": "F5C359A5-3CEE-4E59-8FAA-3867561AB4AA",
        "Data ID": "[Tag] Modifier_Flow.sim.ts.csv",
        "Datasource Class": "Time Series CSV Files",
        "Datasource ID": "trainingData",
        "Enabled": true,
        "ID": "59EFE199-8FF6-46D2-AA45-E27EE937F5E4",
        "Interpolation Method": "Linear",
        "Key Unit Of Measure": "ns",
        "Locked": false,
        "Maximum Interpolation": "1h",
        "Name": "Modifier_Flow",
        "Source Maximum Interpolation": "1h",
        "Source Value Unit Of Measure": "lb/hr",
        "Stored Series Cache Version": 1,
        "Sync Token": "2023-02-16T00:00:00.365541947Z",
        "Type": "StoredSignal",
        "Unsearchable": false,
        "Value Unit Of Measure": "lb/h"
    },
    "5D23359B-5653-419D-A205-6151B17F11CF": {
        "Archived": false,
        "Cache Enabled": false,
        "Cache ID": "84425D24-66C2-4BED-980F-E98D0157BD66",
        "Data ID": "[Tag] Product_Viscosity.sim.ts.csv",
        "Datasource Class": "Time Series CSV Files",
        "Datasource ID": "trainingData",
        "Enabled": true,
        "ID": "5D23359B-5653-419D-A205-6151B17F11CF",
        "Interpolation Method": "Step",
        "Key Unit Of Measure": "ns",
        "Locked": false,
        "Maximum Interpolation": "4h",
        "Name": "Product_Viscosity",
        "Source Maximum Interpolation": "4h",
        "Source Value Unit Of Measure": "",
        "Stored Series Cache Version": 1,
        "Sync Token": "2023-02-16T00:00:00.365541947Z",
        "Type": "StoredSignal",
        "Unsearchable": false,
        "Value Unit Of Measure": ""
    },
    "6829229D-F222-4611-9F9D-F70F600BCB12": {
        "Archived": false,
        "Cache Enabled": false,
        "Cache ID": "C102CBD0-FA7A-4BBE-A346-E16DE41280E3",
        "Data ID": "[Tag] Rxtr_Conversion.sim.ts.csv",
        "Datasource Class": "Time Series CSV Files",
        "Datasource ID": "trainingData",
        "Enabled": true,
        "ID": "6829229D-F222-4611-9F9D-F70F600BCB12",
        "Interpolation Method": "Linear",
        "Key Unit Of Measure": "ns",
        "Locked": false,
        "Maximum Interpolation": "1h",
        "Name": "Rxtr_Conversion",
        "Source Maximum Interpolation": "1h",
        "Source Value Unit Of Measure": "%",
        "Stored Series Cache Version": 1,
        "Sync Token": "2023-02-16T00:00:00.365541947Z",
        "Type": "StoredSignal",
        "Unsearchable": false,
        "Value Unit Of Measure": "%"
    },
    "749E80FE-EBF0-44A6-89B6-D336CDEA48EC": {
        "Archived": false,
        "Cache Enabled": false,
        "Cache ID": "0EE41485-ED91-75C0-AC35-1BD9FDEBEC53",
        "Data ID": "[Tag] Grade_Code.sim.ts.csv",
        "Datasource Class": "Time Series CSV Files",
        "Datasource ID": "trainingData",
        "Datasource Name": "trainingData",
        "Enabled": true,
        "ID": "749E80FE-EBF0-44A6-89B6-D336CDEA48EC",
        "Interpolation Method": "Step",
        "Key Unit Of Measure": "ns",
        "Locked": false,
        "Maximum Interpolation": "1h",
        "Name": "Grade_Code",
        "Number Format": "auto",
        "Source Maximum Interpolation": "1h",
        "Source Value Unit Of Measure": "",
        "Stored Series Cache Version": 1,
        "Sync Token": "2023-02-16T00:00:00.365541947Z",
        "Type": "StoredSignal",
        "Unsearchable": false,
        "Value Unit Of Measure": ""
    },
    "88D0468D-6327-49E6-9B15-3400DA99DCCE": {
        "Archived": false,
        "Cache Enabled": false,
        "Cache ID": "07F1070E-35BF-48F1-BB09-B893F35E8D3C",
        "Data ID": "[Tag] Rxtr_Temp.sim.ts.csv",
        "Datasource Class": "Time Series CSV Files",
        "Datasource ID": "trainingData",
        "Enabled": true,
        "ID": "88D0468D-6327-49E6-9B15-3400DA99DCCE",
        "Interpolation Method": "Linear",
        "Key Unit Of Measure": "ns",
        "Locked": false,
        "Maximum Interpolation": "1h",
        "Name": "Rxtr_Temp",
        "Source Maximum Interpolation": "1h",
        "Source Value Unit Of Measure": "F",
        "Stored Series Cache Version": 1,
        "Sync Token": "2023-02-16T00:00:00.365541947Z",
        "Type": "StoredSignal",
        "Unsearchable": false,
        "Value Unit Of Measure": "\u00b0F"
    },
    "905A3390-CCA6-489B-89A3-492EC9F7FF26": {
        "Access Control": [
            {
                "ID": "726694d8-3949-4a40-aa59-e01b172690cd",
                "Identity": {
                    "Datasource Class": "OAuth 2.0",
                    "Datasource ID": "9ecc7e74-4c32-436d-9af0-70d8aa99386b",
                    "Datasource Name": "Seeq Azure SSO",
                    "Email": "Joseph.Reckamp@seeq.com",
                    "First Name": "Joe",
                    "ID": "C9FD5B90-17F3-4CA7-8C37-CD9B7D9B85D2",
                    "Is Admin": true,
                    "Last Name": "Reckamp",
                    "Name": "Joe Reckamp",
                    "Type": "User",
                    "Username": "DEg3Lh5pLS4-lG84EjGXXXdzxhd1450vkLgiu8he2l8"
                },
                "Origin": null,
                "Permissions": {
                    "Manage": true,
                    "Read": true,
                    "Write": true
                },
                "Redacted": false,
                "Role": "OWNER"
            }
        ],
        "Ancestors": [
            "__Users__"
        ],
        "Archived": false,
        "Cache Enabled": false,
        "Created At": "1605736826077625600",
        "Enabled": true,
        "ID": "905A3390-CCA6-489B-89A3-492EC9F7FF26",
        "Locked": false,
        "Name": "Joseph Reckamp",
        "Owner": {
            "Datasource Class": "OAuth 2.0",
            "Datasource ID": "9ecc7e74-4c32-436d-9af0-70d8aa99386b",
            "Datasource Name": "Seeq Azure SSO",
            "Email": "Joseph.Reckamp@seeq.com",
            "First Name": "Joe",
            "ID": "C9FD5B90-17F3-4CA7-8C37-CD9B7D9B85D2",
            "Is Admin": true,
            "Last Name": "Reckamp",
            "Name": "Joe Reckamp",
            "Type": "User",
            "Username": "DEg3Lh5pLS4-lG84EjGXXXdzxhd1450vkLgiu8he2l8"
        },
        "Permission Inheritance Disabled": true,
        "Type": "Folder",
        "Unmodifiable": true,
        "Unsearchable": true,
        "Updated At": "1605736826077625600"
    },
    "B4847133-2205-4E9F-9214-177E02A84CB3": {
        "Archived": false,
        "Cache Enabled": false,
        "Cache ID": "FF98823D-D6FF-4238-A618-68B1BC4C8964",
        "Data ID": "[Tag] Rxtr_Rate.sim.ts.csv",
        "Datasource Class": "Time Series CSV Files",
        "Datasource ID": "trainingData",
        "Enabled": true,
        "ID": "B4847133-2205-4E9F-9214-177E02A84CB3",
        "Interpolation Method": "Linear",
        "Key Unit Of Measure": "ns",
        "Locked": false,
        "Maximum Interpolation": "1h",
        "Name": "Rxtr_Rate",
        "Source Maximum Interpolation": "1h",
        "Source Value Unit Of Measure": "klb/hr",
        "Stored Series Cache Version": 1,
        "Sync Token": "2023-02-16T00:00:00.365541947Z",
        "Type": "StoredSignal",
        "Unsearchable": false,
        "Value Unit Of Measure": "klb/h"
    }
}