{
    "Definition": {
        "Archived": false,
        "Cache Enabled": false,
        "Created At": "1732308159065485900",
        "Description": "Kuraray built soft sensors across six lines and multiple product types to proactively monitor and respond to quality deviations. For common six sigma analytics tasks, Seeq has reduced analysis time by 90% . Problem: Many quality parameters cannot be measured by sensors in real-time and instead are sampled and tested",
        "Document": "<h3><strong>Predicting Product Properties Based on Upstream Conditions (Soft Sensor)</strong></h3><figure class=\"table\"><table class=\"ck-table-resized\" style=\"border-color:hsl(0, 0%, 100%);border-style:solid;\"><colgroup><col style=\"width:34.16%;\" /><col style=\"width:65.84%;\" /></colgroup><tbody><tr><td style=\"border-color:hsl(0, 0%, 100%);border-style:solid;\"><img class=\"image_resized\" style=\"width:100%;\" src=\"/api/annotations/0EFA9124-F8CF-ECC0-B1EA-1DF92D27DD05/images/image_v1.png\" alt=\"Global Network | About Us | Kuraray\"></td><td style=\"border-color:hsl(0, 0%, 100%);border-style:solid;\"><h4>Kuraray<strong> </strong>built soft sensors <strong>across six lines</strong> and multiple product types to proactively monitor and respond to quality deviations. For common six sigma analytics tasks, Seeq has <strong>reduced analysis time by 90%</strong>.</h4></td></tr></tbody></table></figure><p><strong>Problem: </strong>Many quality parameters cannot be measured by sensors in real-time and instead are sampled and tested by the lab intermittently. This makes controlling the quality very difficult leading to product giveaway and/or off-spec material.</p><p><strong>Solution:</strong></p><p><a href=\"/links?type&#61;workstep&amp;workbook&#61;0EFA8DDB-59F0-60B0-9F1E-281A09919C94&amp;worksheet&#61;0EFA9124-F895-7340-8A7F-4D648683D55C&amp;workstep&#61;0EFA9124-F8C8-7790-A2E6-F6AA6ED870DD\" rel=\"nofollow noopener noreferrer\">Evaluate the frequency of off-spec material.</a></p><p><strong>Access the </strong><a href=\"/links?type&#61;workstep&amp;workbook&#61;0EFA8DDB-59F0-60B0-9F1E-281A09919C94&amp;worksheet&#61;0EFA9124-F895-7340-8A7F-4D648683D55C&amp;workstep&#61;0EFA9124-F8BE-FB50-803E-FB85D9D789F9\" rel=\"nofollow noopener noreferrer\"><strong>raw data</strong></a> by combining product quality data (LIMS) and process data (Historian). <i>(<strong>Do it!</strong> View the Samples to see the difference in frequency.)</i></p><p><i>(Optional: Use </i><a target=\"_blank\" href=\"https://seeq12.github.io/gallery/\" rel=\"nofollow noopener noreferrer\"><span style=\"color:hsl(30,75%,60%);\"><i>Correlation Analysis</i></span></a><i> to identify the signals that strongly correlate with the quality result.)</i></p><p><a href=\"/links?type&#61;workstep&amp;workbook&#61;0EFA8DDB-59F0-60B0-9F1E-281A09919C94&amp;worksheet&#61;0EFA9124-F895-7340-8A7F-4D648683D55C&amp;workstep&#61;0EFA9124-F8BE-FB50-B585-273E5C30AAFE\" rel=\"nofollow noopener noreferrer\">Prepare these signals for use in a prediction model</a>, by accounting for <strong>process noise, residence time and abnormal operation</strong> (if relevant).\u00a0</p><ul><li><a href=\"/links?type&#61;workstep&amp;workbook&#61;0EFA8DDB-59F0-60B0-9F1E-281A09919C94&amp;worksheet&#61;0EFA9124-F895-7340-8A7F-4D648683D55C&amp;workstep&#61;0EFA9126-602F-64F0-8729-2C90B7FA5531\" rel=\"nofollow noopener noreferrer\">Delay signals by residence time</a> (either static value or calculated by flow rate) to line up with the downstream quality measurement.\u00a0</li><li><a href=\"/links?type&#61;workstep&amp;workbook&#61;0EFA8DDB-59F0-60B0-9F1E-281A09919C94&amp;worksheet&#61;0EFA9124-F895-7340-8A7F-4D648683D55C&amp;workstep&#61;0EFA9124-F8BE-FB50-B585-273E5C30AAFE\" rel=\"nofollow noopener noreferrer\">Cleanse to remove noise</a>.</li></ul><p><a href=\"/links?type&#61;workstep&amp;workbook&#61;0EFA8DDB-59F0-60B0-9F1E-281A09919C94&amp;worksheet&#61;0EFA9124-F895-7340-8A7F-4D648683D55C&amp;workstep&#61;0EFA9124-F8C1-6260-A1A1-54CD4552281B\" rel=\"nofollow noopener noreferrer\">Develop the model</a> using point-and-click<strong> prediction tool</strong>.</p><ul><li><a href=\"/links?type&#61;workstep&amp;workbook&#61;0EFA8DDB-59F0-60B0-9F1E-281A09919C94&amp;worksheet&#61;0EFA9124-F895-7340-8A7F-4D648683D55C&amp;workstep&#61;0EFA9127-648C-6240-B4F3-634780BB67E4\" rel=\"nofollow noopener noreferrer\">Predict the product viscosity</a> as a function of the delayed and cleansed process parameters. Ensure that enough data to represent your data spread is part of the training data set. For example, ensure various grades are included in the model.</li><li><a href=\"/links?type&#61;workstep&amp;workbook&#61;0EFA8DDB-59F0-60B0-9F1E-281A09919C94&amp;worksheet&#61;0EFA9124-F895-7340-8A7F-4D648683D55C&amp;workstep&#61;0EFA9124-F8C1-6260-A1A1-54CD4552281B\" rel=\"nofollow noopener noreferrer\">Compare regression types</a> to choose the simplest model that accurately predicts the output product viscosity. In this case, limited benefit was produced by choosing a more complex model so linear was chosen as the best fit without overfitting the model.</li></ul><p><strong>Validate the model </strong>using a variety of different methods;</p><ul><li>View the built-in statistics (R^2, ErrorSum^2 etc..)</li><li>Visualize on an <a href=\"/links?type&#61;workstep&amp;workbook&#61;0EFA8DDB-59F0-60B0-9F1E-281A09919C94&amp;worksheet&#61;0EFA9124-F895-7340-8A7F-4D648683D55C&amp;workstep&#61;0EFA9124-F8C3-F970-899F-2B08EC77FDAD\" rel=\"nofollow noopener noreferrer\">XY Plot</a></li><li>Verify against <a href=\"/links?type&#61;workstep&amp;workbook&#61;0EFA8DDB-59F0-60B0-9F1E-281A09919C94&amp;worksheet&#61;0EFA9124-F895-7340-8A7F-4D648683D55C&amp;workstep&#61;0EFA9124-F8C6-6080-8CD2-7BD8F8F3C8D9\" rel=\"nofollow noopener noreferrer\">previous incidents</a> of off-spec material.</li></ul><p>Deploy to give a <a href=\"/links?type&#61;workstep&amp;workbook&#61;0EFA8DDB-59F0-60B0-9F1E-281A09919C94&amp;worksheet&#61;0EFA9124-F895-7340-8A7F-4D648683D55C&amp;workstep&#61;0EFA9124-F8C8-7790-A2E6-F6AA6ED870DD\" rel=\"nofollow noopener noreferrer\">real-time estimation</a> of the quality parameter. Use to<strong> inform operations </strong>and <strong>improve control</strong>, resulting in <strong>reduced giveaway or off-spec material</strong>. <i>(<strong>Do it!</strong> step forward to current time &#43; half)</i></p><p><strong>Quantify </strong>the <a href=\"/links?type&#61;workstep&amp;workbook&#61;0EFA8DDB-59F0-60B0-9F1E-281A09919C94&amp;worksheet&#61;0EFA9124-F895-7340-8A7F-4D648683D55C&amp;workstep&#61;0EFA9124-F8CA-EEA0-8768-4364F36ED94E\" rel=\"nofollow noopener noreferrer\">occurrence</a> of off-spec material, and the times that the soft sensor would have given an early warning indication. Assess the <a href=\"/links?type&#61;workstep&amp;workbook&#61;0EFA8DDB-59F0-60B0-9F1E-281A09919C94&amp;worksheet&#61;0EFA9124-F895-7340-8A7F-4D648683D55C&amp;workstep&#61;0EFA9124-F8CF-ECC0-BF3B-11852BF2C77C\" rel=\"nofollow noopener noreferrer\">financial opportunity</a> of improved quality control.</p><ul><li>Totalize the flow rate over any of the out of control periods of time to <a href=\"/links?type&#61;workstep&amp;workbook&#61;0EFA8DDB-59F0-60B0-9F1E-281A09919C94&amp;worksheet&#61;0EFA9124-F895-7340-8A7F-4D648683D55C&amp;workstep&#61;0EFA9129-BAFC-FD30-BAC3-53BCEC3301F1\" rel=\"nofollow noopener noreferrer\">calculate the amount of product downgraded</a>.\u00a0</li><li>Multiply the total product downgraded by the current variable margin to <a href=\"/links?type&#61;workstep&amp;workbook&#61;0EFA8DDB-59F0-60B0-9F1E-281A09919C94&amp;worksheet&#61;0EFA9124-F895-7340-8A7F-4D648683D55C&amp;workstep&#61;0EFA9129-51FC-FF10-B766-B2A7B963979E\" rel=\"nofollow noopener noreferrer\">assess the financial impact</a> per event.\u00a0</li><li><a href=\"/links?type&#61;workstep&amp;workbook&#61;0EFA8DDB-59F0-60B0-9F1E-281A09919C94&amp;worksheet&#61;0EFA9124-F895-7340-8A7F-4D648683D55C&amp;workstep&#61;0EFA9128-B540-66E0-AD2F-8597BC247DF6\" rel=\"nofollow noopener noreferrer\">Summarize results in a table</a>.\u00a0</li></ul>",
        "DocumentBackup\u02c9DEg3Lh5pLS4-lG84EjGXXXdzxhd1450vkLgiu8he2l8\u02c92024-11-22T20:42:00Z": "<h3><strong>Predicting Product Properties Based on Upstream Conditions (Soft Sensor)</strong></h3>\n<figure class=\"table\">\n <table class=\"ck-table-resized\" style=\"border-color:hsl(0, 0%, 100%);border-style:solid;\"><colgroup><col style=\"width:34.16%;\" /><col style=\"width:65.84%;\" /></colgroup><tbody><tr><td style=\"border-color:hsl(0, 0%, 100%);border-style:solid;\"><img class=\"image_resized\" style=\"width:100%;\" src=\"/api/annotations/0EFA9124-F8CF-ECC0-B1EA-1DF92D27DD05/images/image_v1.png\" alt=\"Global Network | About Us | Kuraray\"></td><td style=\"border-color:hsl(0, 0%, 100%);border-style:solid;\">\n     <h4>Kuraray<strong> </strong>built soft sensors <strong>across six lines</strong> and multiple product types to proactively monitor and respond to quality deviations. For common six sigma analytics tasks, Seeq has <strong>reduced analysis time by 90%</strong>.</h4></td></tr></tbody></table>\n</figure>\n<p><strong>Problem: </strong>Many quality parameters cannot be measured by sensors in real-time and instead are sampled and tested by the lab intermittently. This makes controlling the quality very difficult leading to product giveaway and/or off-spec material.</p>\n<p><strong>Solution:</strong></p>\n<p><a href=\"/links?type&#61;workstep&amp;workbook&#61;0EFA8DDB-59F0-60B0-9F1E-281A09919C94&amp;worksheet&#61;0EFA9124-F895-7340-8A7F-4D648683D55C&amp;workstep&#61;0EFA9124-F8C8-7790-A2E6-F6AA6ED870DD\" rel=\"nofollow noopener noreferrer\">Evaluate the frequency of off-spec material.</a></p>\n<p><strong>Access the </strong><a href=\"/links?type&#61;workstep&amp;workbook&#61;0EFA8DDB-59F0-60B0-9F1E-281A09919C94&amp;worksheet&#61;0EFA9124-F895-7340-8A7F-4D648683D55C&amp;workstep&#61;0EFA9124-F8BE-FB50-803E-FB85D9D789F9\" rel=\"nofollow noopener noreferrer\"><strong>raw data</strong></a> by combining product quality data (LIMS) and process data (Historian). <i>(<strong>Do it!</strong> View the Samples to see the difference in frequency.)</i></p>\n<p><i>(Optional: Use </i><a target=\"_blank\" href=\"https://seeq12.github.io/gallery/\" rel=\"nofollow noopener noreferrer\"><span style=\"color:hsl(30,75%,60%);\"><i>Correlation Analysis</i></span></a><i> to identify the signals that strongly correlate with the quality result.)</i></p>\n<p><a href=\"/links?type&#61;workstep&amp;workbook&#61;0EFA8DDB-59F0-60B0-9F1E-281A09919C94&amp;worksheet&#61;0EFA9124-F895-7340-8A7F-4D648683D55C&amp;workstep&#61;0EFA9124-F8BE-FB50-B585-273E5C30AAFE\" rel=\"nofollow noopener noreferrer\">Prepare these signals for use in a prediction model</a>, by accounting for <strong>process noise, residence time and abnormal operation</strong> (if relevant).\u00a0</p>\n<p><a href=\"/links?type&#61;workstep&amp;workbook&#61;0EFA8DDB-59F0-60B0-9F1E-281A09919C94&amp;worksheet&#61;0EFA9124-F895-7340-8A7F-4D648683D55C&amp;workstep&#61;0EFA9124-F8C1-6260-A1A1-54CD4552281B\" rel=\"nofollow noopener noreferrer\">Develop the model</a> using point-and-click<strong> prediction tool</strong>.</p>\n<p><strong>Validate the model </strong>using a variety of different methods;</p>\n<ul><li>View the built-in statistics (R^2, ErrorSum^2 etc..)</li><li>Visualize on an <a href=\"/links?type&#61;workstep&amp;workbook&#61;0EFA8DDB-59F0-60B0-9F1E-281A09919C94&amp;worksheet&#61;0EFA9124-F895-7340-8A7F-4D648683D55C&amp;workstep&#61;0EFA9124-F8C3-F970-899F-2B08EC77FDAD\" rel=\"nofollow noopener noreferrer\">XY Plot</a></li><li>Verify against <a href=\"/links?type&#61;workstep&amp;workbook&#61;0EFA8DDB-59F0-60B0-9F1E-281A09919C94&amp;worksheet&#61;0EFA9124-F895-7340-8A7F-4D648683D55C&amp;workstep&#61;0EFA9124-F8C6-6080-8CD2-7BD8F8F3C8D9\" rel=\"nofollow noopener noreferrer\">previous incidents</a> of off-spec material.</li></ul>\n<p>Deploy to give a <a href=\"/links?type&#61;workstep&amp;workbook&#61;0EFA8DDB-59F0-60B0-9F1E-281A09919C94&amp;worksheet&#61;0EFA9124-F895-7340-8A7F-4D648683D55C&amp;workstep&#61;0EFA9124-F8C8-7790-A2E6-F6AA6ED870DD\" rel=\"nofollow noopener noreferrer\">real-time estimation</a> of the quality parameter. Use to<strong> inform operations </strong>and <strong>improve control</strong>, resulting in <strong>reduced giveaway or off-spec material</strong>. <i>(<strong>Do it!</strong> step forward to current time &#43; half)</i></p>\n<p><strong>Quantify </strong>the <a href=\"/links?type&#61;workstep&amp;workbook&#61;0EFA8DDB-59F0-60B0-9F1E-281A09919C94&amp;worksheet&#61;0EFA9124-F895-7340-8A7F-4D648683D55C&amp;workstep&#61;0EFA9124-F8CA-EEA0-8768-4364F36ED94E\" rel=\"nofollow noopener noreferrer\">occurrence</a> of off-spec material, and the times that the soft sensor would have given an early warning indication. Assess the <a href=\"/links?type&#61;workstep&amp;workbook&#61;0EFA8DDB-59F0-60B0-9F1E-281A09919C94&amp;worksheet&#61;0EFA9124-F895-7340-8A7F-4D648683D55C&amp;workstep&#61;0EFA9124-F8CF-ECC0-BF3B-11852BF2C77C\" rel=\"nofollow noopener noreferrer\">financial opportunity</a> of improved quality control.</p>",
        "DocumentBackup\u02c9DEg3Lh5pLS4-lG84EjGXXXdzxhd1450vkLgiu8he2l8\u02c92024-11-22T20:43:00Z": "<h3><strong>Predicting Product Properties Based on Upstream Conditions (Soft Sensor)</strong></h3><figure class=\"table\"><table class=\"ck-table-resized\" style=\"border-color:hsl(0, 0%, 100%);border-style:solid;\"><colgroup><col style=\"width:34.16%;\" /><col style=\"width:65.84%;\" /></colgroup><tbody><tr><td style=\"border-color:hsl(0, 0%, 100%);border-style:solid;\"><img class=\"image_resized\" style=\"width:100%;\" src=\"/api/annotations/0EFA9124-F8CF-ECC0-B1EA-1DF92D27DD05/images/image_v1.png\" alt=\"Global Network | About Us | Kuraray\"></td><td style=\"border-color:hsl(0, 0%, 100%);border-style:solid;\"><h4>Kuraray<strong> </strong>built soft sensors <strong>across six lines</strong> and multiple product types to proactively monitor and respond to quality deviations. For common six sigma analytics tasks, Seeq has <strong>reduced analysis time by 90%</strong>.</h4></td></tr></tbody></table></figure><p><strong>Problem: </strong>Many quality parameters cannot be measured by sensors in real-time and instead are sampled and tested by the lab intermittently. This makes controlling the quality very difficult leading to product giveaway and/or off-spec material.</p><p><strong>Solution:</strong></p><p><a href=\"/links?type&#61;workstep&amp;workbook&#61;0EFA8DDB-59F0-60B0-9F1E-281A09919C94&amp;worksheet&#61;0EFA9124-F895-7340-8A7F-4D648683D55C&amp;workstep&#61;0EFA9124-F8C8-7790-A2E6-F6AA6ED870DD\" rel=\"nofollow noopener noreferrer\">Evaluate the frequency of off-spec material.</a></p><p><strong>Access the </strong><a href=\"/links?type&#61;workstep&amp;workbook&#61;0EFA8DDB-59F0-60B0-9F1E-281A09919C94&amp;worksheet&#61;0EFA9124-F895-7340-8A7F-4D648683D55C&amp;workstep&#61;0EFA9124-F8BE-FB50-803E-FB85D9D789F9\" rel=\"nofollow noopener noreferrer\"><strong>raw data</strong></a> by combining product quality data (LIMS) and process data (Historian). <i>(<strong>Do it!</strong> View the Samples to see the difference in frequency.)</i></p><p><i>(Optional: Use </i><a target=\"_blank\" href=\"https://seeq12.github.io/gallery/\" rel=\"nofollow noopener noreferrer\"><span style=\"color:hsl(30,75%,60%);\"><i>Correlation Analysis</i></span></a><i> to identify the signals that strongly correlate with the quality result.)</i></p><p><a href=\"/links?type&#61;workstep&amp;workbook&#61;0EFA8DDB-59F0-60B0-9F1E-281A09919C94&amp;worksheet&#61;0EFA9124-F895-7340-8A7F-4D648683D55C&amp;workstep&#61;0EFA9124-F8BE-FB50-B585-273E5C30AAFE\" rel=\"nofollow noopener noreferrer\">Prepare these signals for use in a prediction model</a>, by accounting for <strong>process noise, residence time and abnormal operation</strong> (if relevant).\u00a0</p><ul><li>Delay signals by residence time (either static value or calculated by flow rate) to line up with the downstream quality measurement.\u00a0</li><li><a href=\"/links?type&#61;workstep&amp;workbook&#61;0EEAFF25-13F8-FD90-9F5A-3E6B3FF95897&amp;worksheet&#61;0EEB145B-5E7A-7120-BB86-BE908137C2CA&amp;workstep&#61;0EEB145B-5E9C-6400-B9EC-5043F9456528\" rel=\"nofollow noopener noreferrer\">Cleanse to remove noise</a>.</li></ul><p><a href=\"/links?type&#61;workstep&amp;workbook&#61;0EFA8DDB-59F0-60B0-9F1E-281A09919C94&amp;worksheet&#61;0EFA9124-F895-7340-8A7F-4D648683D55C&amp;workstep&#61;0EFA9124-F8C1-6260-A1A1-54CD4552281B\" rel=\"nofollow noopener noreferrer\">Develop the model</a> using point-and-click<strong> prediction tool</strong>.</p><p><strong>Validate the model </strong>using a variety of different methods;</p><ul><li>View the built-in statistics (R^2, ErrorSum^2 etc..)</li><li>Visualize on an <a href=\"/links?type&#61;workstep&amp;workbook&#61;0EFA8DDB-59F0-60B0-9F1E-281A09919C94&amp;worksheet&#61;0EFA9124-F895-7340-8A7F-4D648683D55C&amp;workstep&#61;0EFA9124-F8C3-F970-899F-2B08EC77FDAD\" rel=\"nofollow noopener noreferrer\">XY Plot</a></li><li>Verify against <a href=\"/links?type&#61;workstep&amp;workbook&#61;0EFA8DDB-59F0-60B0-9F1E-281A09919C94&amp;worksheet&#61;0EFA9124-F895-7340-8A7F-4D648683D55C&amp;workstep&#61;0EFA9124-F8C6-6080-8CD2-7BD8F8F3C8D9\" rel=\"nofollow noopener noreferrer\">previous incidents</a> of off-spec material.</li></ul><p>Deploy to give a <a href=\"/links?type&#61;workstep&amp;workbook&#61;0EFA8DDB-59F0-60B0-9F1E-281A09919C94&amp;worksheet&#61;0EFA9124-F895-7340-8A7F-4D648683D55C&amp;workstep&#61;0EFA9124-F8C8-7790-A2E6-F6AA6ED870DD\" rel=\"nofollow noopener noreferrer\">real-time estimation</a> of the quality parameter. Use to<strong> inform operations </strong>and <strong>improve control</strong>, resulting in <strong>reduced giveaway or off-spec material</strong>. <i>(<strong>Do it!</strong> step forward to current time &#43; half)</i></p><p><strong>Quantify </strong>the <a href=\"/links?type&#61;workstep&amp;workbook&#61;0EFA8DDB-59F0-60B0-9F1E-281A09919C94&amp;worksheet&#61;0EFA9124-F895-7340-8A7F-4D648683D55C&amp;workstep&#61;0EFA9124-F8CA-EEA0-8768-4364F36ED94E\" rel=\"nofollow noopener noreferrer\">occurrence</a> of off-spec material, and the times that the soft sensor would have given an early warning indication. Assess the <a href=\"/links?type&#61;workstep&amp;workbook&#61;0EFA8DDB-59F0-60B0-9F1E-281A09919C94&amp;worksheet&#61;0EFA9124-F895-7340-8A7F-4D648683D55C&amp;workstep&#61;0EFA9124-F8CF-ECC0-BF3B-11852BF2C77C\" rel=\"nofollow noopener noreferrer\">financial opportunity</a> of improved quality control.</p>",
        "DocumentBackup\u02c9DEg3Lh5pLS4-lG84EjGXXXdzxhd1450vkLgiu8he2l8\u02c92024-11-22T20:44:00Z": "<h3><strong>Predicting Product Properties Based on Upstream Conditions (Soft Sensor)</strong></h3><figure class=\"table\"><table class=\"ck-table-resized\" style=\"border-color:hsl(0, 0%, 100%);border-style:solid;\"><colgroup><col style=\"width:34.16%;\" /><col style=\"width:65.84%;\" /></colgroup><tbody><tr><td style=\"border-color:hsl(0, 0%, 100%);border-style:solid;\"><img class=\"image_resized\" style=\"width:100%;\" src=\"/api/annotations/0EFA9124-F8CF-ECC0-B1EA-1DF92D27DD05/images/image_v1.png\" alt=\"Global Network | About Us | Kuraray\"></td><td style=\"border-color:hsl(0, 0%, 100%);border-style:solid;\"><h4>Kuraray<strong> </strong>built soft sensors <strong>across six lines</strong> and multiple product types to proactively monitor and respond to quality deviations. For common six sigma analytics tasks, Seeq has <strong>reduced analysis time by 90%</strong>.</h4></td></tr></tbody></table></figure><p><strong>Problem: </strong>Many quality parameters cannot be measured by sensors in real-time and instead are sampled and tested by the lab intermittently. This makes controlling the quality very difficult leading to product giveaway and/or off-spec material.</p><p><strong>Solution:</strong></p><p><a href=\"/links?type&#61;workstep&amp;workbook&#61;0EFA8DDB-59F0-60B0-9F1E-281A09919C94&amp;worksheet&#61;0EFA9124-F895-7340-8A7F-4D648683D55C&amp;workstep&#61;0EFA9124-F8C8-7790-A2E6-F6AA6ED870DD\" rel=\"nofollow noopener noreferrer\">Evaluate the frequency of off-spec material.</a></p><p><strong>Access the </strong><a href=\"/links?type&#61;workstep&amp;workbook&#61;0EFA8DDB-59F0-60B0-9F1E-281A09919C94&amp;worksheet&#61;0EFA9124-F895-7340-8A7F-4D648683D55C&amp;workstep&#61;0EFA9124-F8BE-FB50-803E-FB85D9D789F9\" rel=\"nofollow noopener noreferrer\"><strong>raw data</strong></a> by combining product quality data (LIMS) and process data (Historian). <i>(<strong>Do it!</strong> View the Samples to see the difference in frequency.)</i></p><p><i>(Optional: Use </i><a target=\"_blank\" href=\"https://seeq12.github.io/gallery/\" rel=\"nofollow noopener noreferrer\"><span style=\"color:hsl(30,75%,60%);\"><i>Correlation Analysis</i></span></a><i> to identify the signals that strongly correlate with the quality result.)</i></p><p><a href=\"/links?type&#61;workstep&amp;workbook&#61;0EFA8DDB-59F0-60B0-9F1E-281A09919C94&amp;worksheet&#61;0EFA9124-F895-7340-8A7F-4D648683D55C&amp;workstep&#61;0EFA9124-F8BE-FB50-B585-273E5C30AAFE\" rel=\"nofollow noopener noreferrer\">Prepare these signals for use in a prediction model</a>, by accounting for <strong>process noise, residence time and abnormal operation</strong> (if relevant).\u00a0</p><ul><li><a href=\"/links?type&#61;workstep&amp;workbook&#61;0EFA8DDB-59F0-60B0-9F1E-281A09919C94&amp;worksheet&#61;0EFA9124-F895-7340-8A7F-4D648683D55C&amp;workstep&#61;0EFA9126-602F-64F0-8729-2C90B7FA5531\" rel=\"nofollow noopener noreferrer\">Delay signals by residence time</a> (either static value or calculated by flow rate) to line up with the downstream quality measurement.\u00a0</li><li><a href=\"/links?type&#61;workstep&amp;workbook&#61;0EFA8DDB-59F0-60B0-9F1E-281A09919C94&amp;worksheet&#61;0EFA9124-F895-7340-8A7F-4D648683D55C&amp;workstep&#61;0EFA9124-F8BE-FB50-B585-273E5C30AAFE\" rel=\"nofollow noopener noreferrer\">Cleanse to remove noise</a>.</li></ul><p><a href=\"/links?type&#61;workstep&amp;workbook&#61;0EFA8DDB-59F0-60B0-9F1E-281A09919C94&amp;worksheet&#61;0EFA9124-F895-7340-8A7F-4D648683D55C&amp;workstep&#61;0EFA9124-F8C1-6260-A1A1-54CD4552281B\" rel=\"nofollow noopener noreferrer\">Develop the model</a> using point-and-click<strong> prediction tool</strong>.</p><ul><li><a href=\"/links?type&#61;workstep&amp;workbook&#61;0EFA8DDB-59F0-60B0-9F1E-281A09919C94&amp;worksheet&#61;0EFA9124-F895-7340-8A7F-4D648683D55C&amp;workstep&#61;0EFA9127-648C-6240-B4F3-634780BB67E4\" rel=\"nofollow noopener noreferrer\">Predict the product viscosity</a> as a function of the delayed and cleansed process parameters. Ensure that enough data to represent your data spread is part of the training data set. For example, ensure various grades are included in the model.</li><li><a href=\"/links?type&#61;workstep&amp;workbook&#61;0EFA8DDB-59F0-60B0-9F1E-281A09919C94&amp;worksheet&#61;0EFA9124-F895-7340-8A7F-4D648683D55C&amp;workstep&#61;0EFA9124-F8C1-6260-A1A1-54CD4552281B\" rel=\"nofollow noopener noreferrer\">Compare regression types</a> to choose the simplest model that accurately predicts the output product viscosity. In this case, limited benefit was produced by choosing a more complex model so linear was chosen as the best fit without overfitting the model.</li></ul><p><strong>Validate the model </strong>using a variety of different methods;</p><ul><li>View the built-in statistics (R^2, ErrorSum^2 etc..)</li><li>Visualize on an <a href=\"/links?type&#61;workstep&amp;workbook&#61;0EFA8DDB-59F0-60B0-9F1E-281A09919C94&amp;worksheet&#61;0EFA9124-F895-7340-8A7F-4D648683D55C&amp;workstep&#61;0EFA9124-F8C3-F970-899F-2B08EC77FDAD\" rel=\"nofollow noopener noreferrer\">XY Plot</a></li><li>Verify against <a href=\"/links?type&#61;workstep&amp;workbook&#61;0EFA8DDB-59F0-60B0-9F1E-281A09919C94&amp;worksheet&#61;0EFA9124-F895-7340-8A7F-4D648683D55C&amp;workstep&#61;0EFA9124-F8C6-6080-8CD2-7BD8F8F3C8D9\" rel=\"nofollow noopener noreferrer\">previous incidents</a> of off-spec material.</li></ul><p>Deploy to give a <a href=\"/links?type&#61;workstep&amp;workbook&#61;0EFA8DDB-59F0-60B0-9F1E-281A09919C94&amp;worksheet&#61;0EFA9124-F895-7340-8A7F-4D648683D55C&amp;workstep&#61;0EFA9124-F8C8-7790-A2E6-F6AA6ED870DD\" rel=\"nofollow noopener noreferrer\">real-time estimation</a> of the quality parameter. Use to<strong> inform operations </strong>and <strong>improve control</strong>, resulting in <strong>reduced giveaway or off-spec material</strong>. <i>(<strong>Do it!</strong> step forward to current time &#43; half)</i></p><p><strong>Quantify </strong>the <a href=\"/links?type&#61;workstep&amp;workbook&#61;0EFA8DDB-59F0-60B0-9F1E-281A09919C94&amp;worksheet&#61;0EFA9124-F895-7340-8A7F-4D648683D55C&amp;workstep&#61;0EFA9124-F8CA-EEA0-8768-4364F36ED94E\" rel=\"nofollow noopener noreferrer\">occurrence</a> of off-spec material, and the times that the soft sensor would have given an early warning indication. Assess the <a href=\"/links?type&#61;workstep&amp;workbook&#61;0EFA8DDB-59F0-60B0-9F1E-281A09919C94&amp;worksheet&#61;0EFA9124-F895-7340-8A7F-4D648683D55C&amp;workstep&#61;0EFA9124-F8CF-ECC0-BF3B-11852BF2C77C\" rel=\"nofollow noopener noreferrer\">financial opportunity</a> of improved quality control.</p><ul><li>Totalize the flow rate over any of the out of control periods of time to <a href=\"/links?type&#61;workstep&amp;workbook&#61;0EEAFF25-13F8-FD90-9F5A-3E6B3FF95897&amp;worksheet&#61;0EEB145B-5E7A-7120-BB86-BE908137C2CA&amp;workstep&#61;0EEB145B-5EA3-F930-8C8C-1C30EAF2CEDD\" rel=\"nofollow noopener noreferrer\">calculate the amount of product downgraded</a>.\u00a0</li><li>Multiply the total product downgraded by the current variable margin to <a href=\"/links?type&#61;workstep&amp;workbook&#61;0EEAFF25-13F8-FD90-9F5A-3E6B3FF95897&amp;worksheet&#61;0EEB145B-5E7A-7120-BB86-BE908137C2CA&amp;workstep&#61;0EEB1474-7186-7700-9F7C-E91C4FA91DA5\" rel=\"nofollow noopener noreferrer\">assess the financial impact</a> per event.\u00a0</li><li><a href=\"/links?type&#61;workstep&amp;workbook&#61;0EEAFF25-13F8-FD90-9F5A-3E6B3FF95897&amp;worksheet&#61;0EEB145B-5E7A-7120-BB86-BE908137C2CA&amp;workstep&#61;0EEB145B-5EA6-6040-910B-C7802054B4A6\" rel=\"nofollow noopener noreferrer\">Summarize results in a table</a>.\u00a0</li></ul>",
        "DocumentBackup\u02c9system\u02c92024-11-22T20:42:00Z": "<h3><strong>Predicting Product Properties Based on Upstream Conditions (Soft Sensor)</strong></h3><figure class=\"table\"><table class=\"ck-table-resized\" style=\"border-color:hsl(0, 0%, 100%);border-style:solid;\"><colgroup><col style=\"width:34.16%;\" /><col style=\"width:65.84%;\" /></colgroup><tbody><tr><td style=\"border-color:hsl(0, 0%, 100%);border-style:solid;\"><img class=\"image_resized\" style=\"width:100%;\" src=\"/api/annotations/0EFA9124-F8CF-ECC0-B1EA-1DF92D27DD05/images/image_v1.png\" alt=\"Global Network | About Us | Kuraray\"></td><td style=\"border-color:hsl(0, 0%, 100%);border-style:solid;\"><h4>Kuraray<strong> </strong>built soft sensors <strong>across six lines</strong> and multiple product types to proactively monitor and respond to quality deviations. For common six sigma analytics tasks, Seeq has <strong>reduced analysis time by 90%</strong>.</h4></td></tr></tbody></table></figure><p><strong>Problem: </strong>Many quality parameters cannot be measured by sensors in real-time and instead are sampled and tested by the lab intermittently. This makes controlling the quality very difficult leading to product giveaway and/or off-spec material.</p><p><strong>Solution:</strong></p><p><a href=\"/links?type&#61;workstep&amp;workbook&#61;0EFA8DDB-59F0-60B0-9F1E-281A09919C94&amp;worksheet&#61;0EFA8DDB-5EEC-EE60-9CC3-A74FEFE35D05&amp;workstep&#61;0EFA910F-7214-FBA0-905E-90473B5255D4\" rel=\"nofollow noopener noreferrer\">Evaluate the frequency of off-spec material.</a></p><p><strong>Access the </strong><a href=\"/links?type&#61;workstep&amp;workbook&#61;0EFA8DDB-59F0-60B0-9F1E-281A09919C94&amp;worksheet&#61;0EFA8DDB-5EEC-EE60-9CC3-A74FEFE35D05&amp;workstep&#61;0EFA8E0B-95E7-6250-A3BF-541A46B6A9AC\" rel=\"nofollow noopener noreferrer\"><strong>raw data</strong></a> by combining product quality data (LIMS) and process data (Historian). <i>(<strong>Do it!</strong> View the Samples to see the difference in frequency.)</i></p><p><i>(Optional: Use </i><a target=\"_blank\" href=\"https://seeq12.github.io/gallery/\" rel=\"nofollow noopener noreferrer\"><span style=\"color:hsl(30,75%,60%);\"><i>Correlation Analysis</i></span></a><i> to identify the signals that strongly correlate with the quality result.)</i></p><p><a href=\"/links?type&#61;workstep&amp;workbook&#61;0EFA8DDB-59F0-60B0-9F1E-281A09919C94&amp;worksheet&#61;0EFA8DDB-5EEC-EE60-9CC3-A74FEFE35D05&amp;workstep&#61;0EFA8E0C-8CFF-FFB0-8CD0-40185E761CF7\" rel=\"nofollow noopener noreferrer\">Prepare these signals for use in a prediction model</a>, by accounting for <strong>process noise, residence time and abnormal operation</strong> (if relevant).\u00a0</p><p><a href=\"/links?type&#61;workstep&amp;workbook&#61;0EFA8DDB-59F0-60B0-9F1E-281A09919C94&amp;worksheet&#61;0EFA8DDB-5EEC-EE60-9CC3-A74FEFE35D05&amp;workstep&#61;0EFA90EE-B865-73A0-9DAF-2A9CB912DA25\" rel=\"nofollow noopener noreferrer\">Develop the model</a> using point-and-click<strong> prediction tool</strong>.</p><p><strong>Validate the model </strong>using a variety of different methods;</p><ul><li>View the built-in statistics (R^2, ErrorSum^2 etc..)</li><li>Visualize on an <a href=\"/links?type&#61;workstep&amp;workbook&#61;0EFA8DDB-59F0-60B0-9F1E-281A09919C94&amp;worksheet&#61;0EFA8DDB-5EEC-EE60-9CC3-A74FEFE35D05&amp;workstep&#61;0EFA90F7-6F0C-F970-B567-F7B4587F6BC4\" rel=\"nofollow noopener noreferrer\">XY Plot</a></li><li>Verify against <a href=\"/links?type&#61;workstep&amp;workbook&#61;0EFA8DDB-59F0-60B0-9F1E-281A09919C94&amp;worksheet&#61;0EFA8DDB-5EEC-EE60-9CC3-A74FEFE35D05&amp;workstep&#61;0EFA9108-AA11-EC80-8B6E-6B78EDF5CE83\" rel=\"nofollow noopener noreferrer\">previous incidents</a> of off-spec material.</li></ul><p>Deploy to give a <a href=\"/links?type&#61;workstep&amp;workbook&#61;0EFA8DDB-59F0-60B0-9F1E-281A09919C94&amp;worksheet&#61;0EFA8DDB-5EEC-EE60-9CC3-A74FEFE35D05&amp;workstep&#61;0EFA910F-7214-FBA0-905E-90473B5255D4\" rel=\"nofollow noopener noreferrer\">real-time estimation</a> of the quality parameter. Use to<strong> inform operations </strong>and <strong>improve control</strong>, resulting in <strong>reduced giveaway or off-spec material</strong>. <i>(<strong>Do it!</strong> step forward to current time &#43; half)</i></p><p><strong>Quantify </strong>the <a href=\"/links?type&#61;workstep&amp;workbook&#61;0EFA8DDB-59F0-60B0-9F1E-281A09919C94&amp;worksheet&#61;0EFA8DDB-5EEC-EE60-9CC3-A74FEFE35D05&amp;workstep&#61;0EFA911B-725C-EA20-A4F0-DA57819DC4A2\" rel=\"nofollow noopener noreferrer\">occurrence</a> of off-spec material, and the times that the soft sensor would have given an early warning indication. Assess the <a href=\"/links?type&#61;workstep&amp;workbook&#61;0EFA8DDB-59F0-60B0-9F1E-281A09919C94&amp;worksheet&#61;0EFA8DDB-5EEC-EE60-9CC3-A74FEFE35D05&amp;workstep&#61;0EFA9121-3A2B-7330-BCF7-2AAADF7DFE66\" rel=\"nofollow noopener noreferrer\">financial opportunity</a> of improved quality control.</p>",
        "Enabled": true,
        "ID": "0EFA9124-F8CF-ECC0-B1EA-1DF92D27DD05",
        "Is CK Enabled": true,
        "Locked": false,
        "Name": "Predicting Product Properties Based on Upstream Conditions (Soft Sensor)",
        "Plain Text Document": "Predicting Product Properties Based on Upstream Conditions (Soft Sensor)Kuraray built soft sensors across six lines and multiple product types to proactively monitor and respond to quality deviations. For common six sigma analytics tasks, Seeq has reduced analysis time by 90%.Problem: Many quality parameters cannot be measured by sensors in real-time and instead are sampled and tested by the lab intermittently. This makes controlling the quality very difficult leading to product giveaway and/or off-spec material.Solution:Evaluate the frequency of off-spec material.Access the raw data by combining product quality data (LIMS) and process data (Historian). (Do it! View the Samples to see the difference in frequency.)(Optional: Use Correlation Analysis to identify the signals that strongly correlate with the quality result.)Prepare these signals for use in a prediction model, by accounting for process noise, residence time and abnormal operation (if relevant).\u00a0Delay signals by residence time (either static value or calculated by flow rate) to line up with the downstream quality measurement.\u00a0Cleanse to remove noise.Develop the model using point-and-click prediction tool.Predict the product viscosity as a function of the delayed and cleansed process parameters. Ensure that enough data to represent your data spread is part of the training data set. For example, ensure various grades are included in the model.Compare regression types to choose the simplest model that accurately predicts the output product viscosity. In this case, limited benefit was produced by choosing a more complex model so linear was chosen as the best fit without overfitting the model.Validate the model using a variety of different methods;View the built-in statistics (R^2, ErrorSum^2 etc..)Visualize on an XY PlotVerify against previous incidents of off-spec material.Deploy to give a real-time estimation of the quality parameter. Use to inform operations and improve control, resulting in reduced giveaway or off-spec material. (Do it! step forward to current time &#43; half)Quantify the occurrence of off-spec material, and the times that the soft sensor would have given an early warning indication. Assess the financial opportunity of improved quality control.Totalize the flow rate over any of the out of control periods of time to calculate the amount of product downgraded.\u00a0Multiply the total product downgraded by the current variable margin to assess the financial impact per event.\u00a0Summarize results in a table.\u00a0",
        "Type": "Journal",
        "Unsearchable": false,
        "Updated At": "1732308292696719712"
    }
}