{
    "Definition": {
        "Archived": false,
        "Cache Enabled": false,
        "Created At": "1732285569937885672",
        "Description": "Kuraray built soft sensors across six lines and multiple product types to proactively monitor and respond to quality deviations. For common six sigma analytics tasks, Seeq has reduced analysis time by 90% . Problem: Many quality parameters cannot be measured by sensors in real-time and instead are sampled and tested",
        "Document": "<h3><strong>Predicting Product Properties Based on Upstream Conditions (Soft Sensor)</strong></h3><figure class=\"table\"><table class=\"ck-table-resized\" style=\"border-color:hsl(0, 0%, 100%);border-style:solid;\"><colgroup><col style=\"width:34.16%;\" /><col style=\"width:65.84%;\" /></colgroup><tbody><tr><td style=\"border-color:hsl(0, 0%, 100%);border-style:solid;\"><img class=\"image_resized\" style=\"width:100%;\" src=\"/api/annotations/0EFA8DDB-76B5-EC40-80AA-6A2871913ABF/images/image_v1.png\" alt=\"Global Network | About Us | Kuraray\"></td><td style=\"border-color:hsl(0, 0%, 100%);border-style:solid;\"><h4>Kuraray<strong> </strong>built soft sensors <strong>across six lines</strong> and multiple product types to proactively monitor and respond to quality deviations. For common six sigma analytics tasks, Seeq has <strong>reduced analysis time by 90%</strong>.</h4></td></tr></tbody></table></figure><p><strong>Problem: </strong>Many quality parameters cannot be measured by sensors in real-time and instead are sampled and tested by the lab intermittently. This makes controlling the quality very difficult leading to product giveaway and/or off-spec material.</p><p><strong>Solution:</strong></p><p><a href=\"/links?type&#61;workstep&amp;workbook&#61;0EFA8DDB-59F0-60B0-9F1E-281A09919C94&amp;worksheet&#61;0EFA8DDB-5EEC-EE60-9CC3-A74FEFE35D05&amp;workstep&#61;0EFA910F-7214-FBA0-905E-90473B5255D4\" rel=\"nofollow noopener noreferrer\">Evaluate the frequency of off-spec material.</a></p><p><strong>Access the </strong><a href=\"/links?type&#61;workstep&amp;workbook&#61;0EFA8DDB-59F0-60B0-9F1E-281A09919C94&amp;worksheet&#61;0EFA8DDB-5EEC-EE60-9CC3-A74FEFE35D05&amp;workstep&#61;0EFA8E0B-95E7-6250-A3BF-541A46B6A9AC\" rel=\"nofollow noopener noreferrer\"><strong>raw data</strong></a> by combining product quality data (LIMS) and process data (Historian). <i>(<strong>Do it!</strong> View the Samples to see the difference in frequency.)</i></p><p><i>(Optional: Use </i><a target=\"_blank\" href=\"https://seeq12.github.io/gallery/\" rel=\"nofollow noopener noreferrer\"><span style=\"color:hsl(30,75%,60%);\"><i>Correlation Analysis</i></span></a><i> to identify the signals that strongly correlate with the quality result.)</i></p><p><a href=\"/links?type&#61;workstep&amp;workbook&#61;0EFA8DDB-59F0-60B0-9F1E-281A09919C94&amp;worksheet&#61;0EFA8DDB-5EEC-EE60-9CC3-A74FEFE35D05&amp;workstep&#61;0EFA8E0C-8CFF-FFB0-8CD0-40185E761CF7\" rel=\"nofollow noopener noreferrer\">Prepare these signals for use in a prediction model</a>, by accounting for <strong>process noise, residence time and abnormal operation</strong> (if relevant).\u00a0</p><p><a href=\"/links?type&#61;workstep&amp;workbook&#61;0EFA8DDB-59F0-60B0-9F1E-281A09919C94&amp;worksheet&#61;0EFA8DDB-5EEC-EE60-9CC3-A74FEFE35D05&amp;workstep&#61;0EFA90EE-B865-73A0-9DAF-2A9CB912DA25\" rel=\"nofollow noopener noreferrer\">Develop the model</a> using point-and-click<strong> prediction tool</strong>.</p><p><strong>Validate the model </strong>using a variety of different methods;</p><ul><li>View the built-in statistics (R^2, ErrorSum^2 etc..)</li><li>Visualize on an <a href=\"/links?type&#61;workstep&amp;workbook&#61;0EFA8DDB-59F0-60B0-9F1E-281A09919C94&amp;worksheet&#61;0EFA8DDB-5EEC-EE60-9CC3-A74FEFE35D05&amp;workstep&#61;0EFA90F7-6F0C-F970-B567-F7B4587F6BC4\" rel=\"nofollow noopener noreferrer\">XY Plot</a></li><li>Verify against <a href=\"/links?type&#61;workstep&amp;workbook&#61;0EFA8DDB-59F0-60B0-9F1E-281A09919C94&amp;worksheet&#61;0EFA8DDB-5EEC-EE60-9CC3-A74FEFE35D05&amp;workstep&#61;0EFA9108-AA11-EC80-8B6E-6B78EDF5CE83\" rel=\"nofollow noopener noreferrer\">previous incidents</a> of off-spec material.</li></ul><p>Deploy to give a <a href=\"/links?type&#61;workstep&amp;workbook&#61;0EFA8DDB-59F0-60B0-9F1E-281A09919C94&amp;worksheet&#61;0EFA8DDB-5EEC-EE60-9CC3-A74FEFE35D05&amp;workstep&#61;0EFA910F-7214-FBA0-905E-90473B5255D4\" rel=\"nofollow noopener noreferrer\">real-time estimation</a> of the quality parameter. Use to<strong> inform operations </strong>and <strong>improve control</strong>, resulting in <strong>reduced giveaway or off-spec material</strong>. <i>(<strong>Do it!</strong> step forward to current time &#43; half)</i></p><p><strong>Quantify </strong>the <a href=\"/links?type&#61;workstep&amp;workbook&#61;0EFA8DDB-59F0-60B0-9F1E-281A09919C94&amp;worksheet&#61;0EFA8DDB-5EEC-EE60-9CC3-A74FEFE35D05&amp;workstep&#61;0EFA911B-725C-EA20-A4F0-DA57819DC4A2\" rel=\"nofollow noopener noreferrer\">occurrence</a> of off-spec material, and the times that the soft sensor would have given an early warning indication. Assess the <a href=\"/links?type&#61;workstep&amp;workbook&#61;0EFA8DDB-59F0-60B0-9F1E-281A09919C94&amp;worksheet&#61;0EFA8DDB-5EEC-EE60-9CC3-A74FEFE35D05&amp;workstep&#61;0EFA9121-3A2B-7330-BCF7-2AAADF7DFE66\" rel=\"nofollow noopener noreferrer\">financial opportunity</a> of improved quality control.</p>",
        "DocumentBackup\u02c9DEg3Lh5pLS4-lG84EjGXXXdzxhd1450vkLgiu8he2l8\u02c92024-11-22T14:31:00Z": "<h3><strong>Predicting Product Properties Based on Upstream Conditions (Soft Sensor)</strong></h3><figure class=\"table\"><table class=\"ck-table-resized\" style=\"border-color:hsl(0, 0%, 100%);border-style:solid;\"><colgroup><col style=\"width:34.16%;\" /><col style=\"width:65.84%;\" /></colgroup><tbody><tr><td style=\"border-color:hsl(0, 0%, 100%);border-style:solid;\"><img class=\"image_resized\" style=\"width:100%;\" src=\"/api/annotations/0EFA8DDB-76B5-EC40-80AA-6A2871913ABF/images/image_v1.png\" alt=\"Global Network | About Us | Kuraray\"></td><td style=\"border-color:hsl(0, 0%, 100%);border-style:solid;\"><h4>Kuraray<strong> </strong>built soft sensors <strong>across six lines</strong> and multiple product types to proactively monitor and respond to quality deviations. For common six sigma analytics tasks, Seeq has <strong>reduced analysis time by 90%</strong>.</h4></td></tr></tbody></table></figure><p><strong>Problem: </strong>Many quality parameters cannot be measured by sensors in real-time and instead are sampled and tested by the lab intermittently. This makes controlling the quality very difficult leading to product giveaway and/or off-spec material.</p><p><strong>Solution:</strong></p><p>Evaluate the frequency of off-spec material.</p><p><strong>Access the </strong><a href=\"/links?type&#61;workstep&amp;workbook&#61;0EFA8DDB-59F0-60B0-9F1E-281A09919C94&amp;worksheet&#61;0EFA8DDB-5EEC-EE60-9CC3-A74FEFE35D05&amp;workstep&#61;0EFA8DE7-33F7-7780-A322-80C2E467F96A\" rel=\"nofollow noopener noreferrer\"><strong>raw data</strong></a> by combining product quality data (LIMS) and process data (Historian). <i>(<strong>Do it!</strong> View the Samples to see the difference in frequency.)</i></p><p><i>(Optional: Use </i><a target=\"_blank\" href=\"https://seeq12.github.io/gallery/\" rel=\"nofollow noopener noreferrer\"><span style=\"color:hsl(30,75%,60%);\"><i>Correlation Analysis</i></span></a><i> to identify the signals that strongly correlate with the quality result.)</i></p><p>Prepare these signals for use in a prediction model, by accounting for <strong>process noise, residence time and abnormal operation</strong> (if relevant).\u00a0</p><p>Develop the model using point-and-click<strong> prediction tool</strong>.</p><p><strong>Validate the model </strong>using a variety of different methods;</p><ul><li>View the built-in statistics (R^2, ErrorSum^2 etc..)</li><li>Visualize on an XY Plot</li><li>Verify against previous incidents of off-spec material.</li></ul><p>Deploy to give a real-time estimation of the quality parameter. Use to<strong> inform operations </strong>and <strong>improve control</strong>, resulting in <strong>reduced giveaway or off-spec material</strong>. <i>(<strong>Do it!</strong> step forward to current time &#43; half)</i></p><p><strong>Quantify </strong>the occurrence of off-spec material, and the times that the soft sensor would have given an early warning indication. Assess the financial opportunity of improved quality control.</p>",
        "DocumentBackup\u02c9DEg3Lh5pLS4-lG84EjGXXXdzxhd1450vkLgiu8he2l8\u02c92024-11-22T14:39:00Z": "<h3><strong>Predicting Product Properties Based on Upstream Conditions (Soft Sensor)</strong></h3><figure class=\"table\"><table class=\"ck-table-resized\" style=\"border-color:hsl(0, 0%, 100%);border-style:solid;\"><colgroup><col style=\"width:34.16%;\" /><col style=\"width:65.84%;\" /></colgroup><tbody><tr><td style=\"border-color:hsl(0, 0%, 100%);border-style:solid;\"><img class=\"image_resized\" style=\"width:100%;\" src=\"/api/annotations/0EFA8DDB-76B5-EC40-80AA-6A2871913ABF/images/image_v1.png\" alt=\"Global Network | About Us | Kuraray\"></td><td style=\"border-color:hsl(0, 0%, 100%);border-style:solid;\"><h4>Kuraray<strong> </strong>built soft sensors <strong>across six lines</strong> and multiple product types to proactively monitor and respond to quality deviations. For common six sigma analytics tasks, Seeq has <strong>reduced analysis time by 90%</strong>.</h4></td></tr></tbody></table></figure><p><strong>Problem: </strong>Many quality parameters cannot be measured by sensors in real-time and instead are sampled and tested by the lab intermittently. This makes controlling the quality very difficult leading to product giveaway and/or off-spec material.</p><p><strong>Solution:</strong></p><p>Evaluate the frequency of off-spec material.</p><p><strong>Access the </strong><a href=\"/links?type&#61;workstep&amp;workbook&#61;0EFA8DDB-59F0-60B0-9F1E-281A09919C94&amp;worksheet&#61;0EFA8DDB-5EEC-EE60-9CC3-A74FEFE35D05&amp;workstep&#61;0EFA8DE7-33F7-7780-A322-80C2E467F96A\" rel=\"nofollow noopener noreferrer\"><strong>raw data</strong></a> by combining product quality data (LIMS) and process data (Historian). <i>(<strong>Do it!</strong> View the Samples to see the difference in frequency.)</i></p><p><i>(Optional: Use </i><a target=\"_blank\" href=\"https://seeq12.github.io/gallery/\" rel=\"nofollow noopener noreferrer\"><span style=\"color:hsl(30,75%,60%);\"><i>Correlation Analysis</i></span></a><i> to identify the signals that strongly correlate with the quality result.)</i></p><p><a href=\"/links?type&#61;workstep&amp;workbook&#61;0EFA8DDB-59F0-60B0-9F1E-281A09919C94&amp;worksheet&#61;0EFA8DDB-5EEC-EE60-9CC3-A74FEFE35D05&amp;workstep&#61;0EFA8DF8-076F-FDF0-AB78-62303F725817\" rel=\"nofollow noopener noreferrer\">Prepare these signals for use in a prediction model</a>, by accounting for <strong>process noise, residence time and abnormal operation</strong> (if relevant).\u00a0</p><p>Develop the model using point-and-click<strong> prediction tool</strong>.</p><p><strong>Validate the model </strong>using a variety of different methods;</p><ul><li>View the built-in statistics (R^2, ErrorSum^2 etc..)</li><li>Visualize on an XY Plot</li><li>Verify against previous incidents of off-spec material.</li></ul><p>Deploy to give a real-time estimation of the quality parameter. Use to<strong> inform operations </strong>and <strong>improve control</strong>, resulting in <strong>reduced giveaway or off-spec material</strong>. <i>(<strong>Do it!</strong> step forward to current time &#43; half)</i></p><p><strong>Quantify </strong>the occurrence of off-spec material, and the times that the soft sensor would have given an early warning indication. Assess the financial opportunity of improved quality control.</p>",
        "DocumentBackup\u02c9DEg3Lh5pLS4-lG84EjGXXXdzxhd1450vkLgiu8he2l8\u02c92024-11-22T14:47:00Z": "<h3><strong>Predicting Product Properties Based on Upstream Conditions (Soft Sensor)</strong></h3><figure class=\"table\"><table class=\"ck-table-resized\" style=\"border-color:hsl(0, 0%, 100%);border-style:solid;\"><colgroup><col style=\"width:34.16%;\" /><col style=\"width:65.84%;\" /></colgroup><tbody><tr><td style=\"border-color:hsl(0, 0%, 100%);border-style:solid;\"><img class=\"image_resized\" style=\"width:100%;\" src=\"/api/annotations/0EFA8DDB-76B5-EC40-80AA-6A2871913ABF/images/image_v1.png\" alt=\"Global Network | About Us | Kuraray\"></td><td style=\"border-color:hsl(0, 0%, 100%);border-style:solid;\"><h4>Kuraray<strong> </strong>built soft sensors <strong>across six lines</strong> and multiple product types to proactively monitor and respond to quality deviations. For common six sigma analytics tasks, Seeq has <strong>reduced analysis time by 90%</strong>.</h4></td></tr></tbody></table></figure><p><strong>Problem: </strong>Many quality parameters cannot be measured by sensors in real-time and instead are sampled and tested by the lab intermittently. This makes controlling the quality very difficult leading to product giveaway and/or off-spec material.</p><p><strong>Solution:</strong></p><p>Evaluate the frequency of off-spec material.</p><p><strong>Access the raw data</strong> by combining product quality data (LIMS) and process data (Historian). <i>(<strong>Do it!</strong> View the Samples to see the difference in frequency.)</i></p><p><i>(Optional: Use </i><a target=\"_blank\" href=\"https://seeq12.github.io/gallery/\" rel=\"nofollow noopener noreferrer\"><span style=\"color:hsl(30,75%,60%);\"><i>Correlation Analysis</i></span></a><i> to identify the signals that strongly correlate with the quality result.)</i></p><p><a href=\"/links?type&#61;workstep&amp;workbook&#61;0EFA8DDB-59F0-60B0-9F1E-281A09919C94&amp;worksheet&#61;0EFA8DDB-5EEC-EE60-9CC3-A74FEFE35D05&amp;workstep&#61;0EFA8DF8-076F-FDF0-AB78-62303F725817\" rel=\"nofollow noopener noreferrer\">Prepare these signals for use in a prediction model</a>, by accounting for <strong>process noise, residence time and abnormal operation</strong> (if relevant).\u00a0</p><p>Develop the model using point-and-click<strong> prediction tool</strong>.</p><p><strong>Validate the model </strong>using a variety of different methods;</p><ul><li>View the built-in statistics (R^2, ErrorSum^2 etc..)</li><li>Visualize on an XY Plot</li><li>Verify against previous incidents of off-spec material.</li></ul><p>Deploy to give a real-time estimation of the quality parameter. Use to<strong> inform operations </strong>and <strong>improve control</strong>, resulting in <strong>reduced giveaway or off-spec material</strong>. <i>(<strong>Do it!</strong> step forward to current time &#43; half)</i></p><p><strong>Quantify </strong>the occurrence of off-spec material, and the times that the soft sensor would have given an early warning indication. Assess the financial opportunity of improved quality control.</p>",
        "DocumentBackup\u02c9DEg3Lh5pLS4-lG84EjGXXXdzxhd1450vkLgiu8he2l8\u02c92024-11-22T14:48:00Z": "<h3><strong>Predicting Product Properties Based on Upstream Conditions (Soft Sensor)</strong></h3><figure class=\"table\"><table class=\"ck-table-resized\" style=\"border-color:hsl(0, 0%, 100%);border-style:solid;\"><colgroup><col style=\"width:34.16%;\" /><col style=\"width:65.84%;\" /></colgroup><tbody><tr><td style=\"border-color:hsl(0, 0%, 100%);border-style:solid;\"><img class=\"image_resized\" style=\"width:100%;\" src=\"/api/annotations/0EFA8DDB-76B5-EC40-80AA-6A2871913ABF/images/image_v1.png\" alt=\"Global Network | About Us | Kuraray\"></td><td style=\"border-color:hsl(0, 0%, 100%);border-style:solid;\"><h4>Kuraray<strong> </strong>built soft sensors <strong>across six lines</strong> and multiple product types to proactively monitor and respond to quality deviations. For common six sigma analytics tasks, Seeq has <strong>reduced analysis time by 90%</strong>.</h4></td></tr></tbody></table></figure><p><strong>Problem: </strong>Many quality parameters cannot be measured by sensors in real-time and instead are sampled and tested by the lab intermittently. This makes controlling the quality very difficult leading to product giveaway and/or off-spec material.</p><p><strong>Solution:</strong></p><p>Evaluate the frequency of off-spec material.</p><p><strong>Access the </strong><a href=\"/links?type&#61;workstep&amp;workbook&#61;0EFA8DDB-59F0-60B0-9F1E-281A09919C94&amp;worksheet&#61;0EFA8DDB-5EEC-EE60-9CC3-A74FEFE35D05&amp;workstep&#61;0EFA8E0B-95E7-6250-A3BF-541A46B6A9AC\" rel=\"nofollow noopener noreferrer\"><strong>raw data</strong></a> by combining product quality data (LIMS) and process data (Historian). <i>(<strong>Do it!</strong> View the Samples to see the difference in frequency.)</i></p><p><i>(Optional: Use </i><a target=\"_blank\" href=\"https://seeq12.github.io/gallery/\" rel=\"nofollow noopener noreferrer\"><span style=\"color:hsl(30,75%,60%);\"><i>Correlation Analysis</i></span></a><i> to identify the signals that strongly correlate with the quality result.)</i></p><p>Prepare these signals for use in a prediction model, by accounting for <strong>process noise, residence time and abnormal operation</strong> (if relevant).\u00a0</p><p>Develop the model using point-and-click<strong> prediction tool</strong>.</p><p><strong>Validate the model </strong>using a variety of different methods;</p><ul><li>View the built-in statistics (R^2, ErrorSum^2 etc..)</li><li>Visualize on an XY Plot</li><li>Verify against previous incidents of off-spec material.</li></ul><p>Deploy to give a real-time estimation of the quality parameter. Use to<strong> inform operations </strong>and <strong>improve control</strong>, resulting in <strong>reduced giveaway or off-spec material</strong>. <i>(<strong>Do it!</strong> step forward to current time &#43; half)</i></p><p><strong>Quantify </strong>the occurrence of off-spec material, and the times that the soft sensor would have given an early warning indication. Assess the financial opportunity of improved quality control.</p>",
        "DocumentBackup\u02c9DEg3Lh5pLS4-lG84EjGXXXdzxhd1450vkLgiu8he2l8\u02c92024-11-22T20:18:00Z": "<h3><strong>Predicting Product Properties Based on Upstream Conditions (Soft Sensor)</strong></h3><figure class=\"table\"><table class=\"ck-table-resized\" style=\"border-color:hsl(0, 0%, 100%);border-style:solid;\"><colgroup><col style=\"width:34.16%;\" /><col style=\"width:65.84%;\" /></colgroup><tbody><tr><td style=\"border-color:hsl(0, 0%, 100%);border-style:solid;\"><img class=\"image_resized\" style=\"width:100%;\" src=\"/api/annotations/0EFA8DDB-76B5-EC40-80AA-6A2871913ABF/images/image_v1.png\" alt=\"Global Network | About Us | Kuraray\"></td><td style=\"border-color:hsl(0, 0%, 100%);border-style:solid;\"><h4>Kuraray<strong> </strong>built soft sensors <strong>across six lines</strong> and multiple product types to proactively monitor and respond to quality deviations. For common six sigma analytics tasks, Seeq has <strong>reduced analysis time by 90%</strong>.</h4></td></tr></tbody></table></figure><p><strong>Problem: </strong>Many quality parameters cannot be measured by sensors in real-time and instead are sampled and tested by the lab intermittently. This makes controlling the quality very difficult leading to product giveaway and/or off-spec material.</p><p><strong>Solution:</strong></p><p>Evaluate the frequency of off-spec material.</p><p><strong>Access the </strong><a href=\"/links?type&#61;workstep&amp;workbook&#61;0EFA8DDB-59F0-60B0-9F1E-281A09919C94&amp;worksheet&#61;0EFA8DDB-5EEC-EE60-9CC3-A74FEFE35D05&amp;workstep&#61;0EFA8E0B-95E7-6250-A3BF-541A46B6A9AC\" rel=\"nofollow noopener noreferrer\"><strong>raw data</strong></a> by combining product quality data (LIMS) and process data (Historian). <i>(<strong>Do it!</strong> View the Samples to see the difference in frequency.)</i></p><p><i>(Optional: Use </i><a target=\"_blank\" href=\"https://seeq12.github.io/gallery/\" rel=\"nofollow noopener noreferrer\"><span style=\"color:hsl(30,75%,60%);\"><i>Correlation Analysis</i></span></a><i> to identify the signals that strongly correlate with the quality result.)</i></p><p><a href=\"/links?type&#61;workstep&amp;workbook&#61;0EFA8DDB-59F0-60B0-9F1E-281A09919C94&amp;worksheet&#61;0EFA8DDB-5EEC-EE60-9CC3-A74FEFE35D05&amp;workstep&#61;0EFA8E0C-8CFF-FFB0-8CD0-40185E761CF7\" rel=\"nofollow noopener noreferrer\">Prepare these signals for use in a prediction model</a>, by accounting for <strong>process noise, residence time and abnormal operation</strong> (if relevant).\u00a0</p><p><a href=\"/links?type&#61;workstep&amp;workbook&#61;0EFA8DDB-59F0-60B0-9F1E-281A09919C94&amp;worksheet&#61;0EFA8DDB-5EEC-EE60-9CC3-A74FEFE35D05&amp;workstep&#61;0EFA90EE-B865-73A0-9DAF-2A9CB912DA25\" rel=\"nofollow noopener noreferrer\">Develop the model</a> using point-and-click<strong> prediction tool</strong>.</p><p><strong>Validate the model </strong>using a variety of different methods;</p><ul><li>View the built-in statistics (R^2, ErrorSum^2 etc..)</li><li>Visualize on an XY Plot</li><li>Verify against previous incidents of off-spec material.</li></ul><p>Deploy to give a real-time estimation of the quality parameter. Use to<strong> inform operations </strong>and <strong>improve control</strong>, resulting in <strong>reduced giveaway or off-spec material</strong>. <i>(<strong>Do it!</strong> step forward to current time &#43; half)</i></p><p><strong>Quantify </strong>the occurrence of off-spec material, and the times that the soft sensor would have given an early warning indication. Assess the financial opportunity of improved quality control.</p>",
        "DocumentBackup\u02c9DEg3Lh5pLS4-lG84EjGXXXdzxhd1450vkLgiu8he2l8\u02c92024-11-22T20:22:00Z": "<h3><strong>Predicting Product Properties Based on Upstream Conditions (Soft Sensor)</strong></h3><figure class=\"table\"><table class=\"ck-table-resized\" style=\"border-color:hsl(0, 0%, 100%);border-style:solid;\"><colgroup><col style=\"width:34.16%;\" /><col style=\"width:65.84%;\" /></colgroup><tbody><tr><td style=\"border-color:hsl(0, 0%, 100%);border-style:solid;\"><img class=\"image_resized\" style=\"width:100%;\" src=\"/api/annotations/0EFA8DDB-76B5-EC40-80AA-6A2871913ABF/images/image_v1.png\" alt=\"Global Network | About Us | Kuraray\"></td><td style=\"border-color:hsl(0, 0%, 100%);border-style:solid;\"><h4>Kuraray<strong> </strong>built soft sensors <strong>across six lines</strong> and multiple product types to proactively monitor and respond to quality deviations. For common six sigma analytics tasks, Seeq has <strong>reduced analysis time by 90%</strong>.</h4></td></tr></tbody></table></figure><p><strong>Problem: </strong>Many quality parameters cannot be measured by sensors in real-time and instead are sampled and tested by the lab intermittently. This makes controlling the quality very difficult leading to product giveaway and/or off-spec material.</p><p><strong>Solution:</strong></p><p>Evaluate the frequency of off-spec material.</p><p><strong>Access the </strong><a href=\"/links?type&#61;workstep&amp;workbook&#61;0EFA8DDB-59F0-60B0-9F1E-281A09919C94&amp;worksheet&#61;0EFA8DDB-5EEC-EE60-9CC3-A74FEFE35D05&amp;workstep&#61;0EFA8E0B-95E7-6250-A3BF-541A46B6A9AC\" rel=\"nofollow noopener noreferrer\"><strong>raw data</strong></a> by combining product quality data (LIMS) and process data (Historian). <i>(<strong>Do it!</strong> View the Samples to see the difference in frequency.)</i></p><p><i>(Optional: Use </i><a target=\"_blank\" href=\"https://seeq12.github.io/gallery/\" rel=\"nofollow noopener noreferrer\"><span style=\"color:hsl(30,75%,60%);\"><i>Correlation Analysis</i></span></a><i> to identify the signals that strongly correlate with the quality result.)</i></p><p><a href=\"/links?type&#61;workstep&amp;workbook&#61;0EFA8DDB-59F0-60B0-9F1E-281A09919C94&amp;worksheet&#61;0EFA8DDB-5EEC-EE60-9CC3-A74FEFE35D05&amp;workstep&#61;0EFA8E0C-8CFF-FFB0-8CD0-40185E761CF7\" rel=\"nofollow noopener noreferrer\">Prepare these signals for use in a prediction model</a>, by accounting for <strong>process noise, residence time and abnormal operation</strong> (if relevant).\u00a0</p><p><a href=\"/links?type&#61;workstep&amp;workbook&#61;0EFA8DDB-59F0-60B0-9F1E-281A09919C94&amp;worksheet&#61;0EFA8DDB-5EEC-EE60-9CC3-A74FEFE35D05&amp;workstep&#61;0EFA90EE-B865-73A0-9DAF-2A9CB912DA25\" rel=\"nofollow noopener noreferrer\">Develop the model</a> using point-and-click<strong> prediction tool</strong>.</p><p><strong>Validate the model </strong>using a variety of different methods;</p><ul><li>View the built-in statistics (R^2, ErrorSum^2 etc..)</li><li>Visualize on an <a href=\"/links?type&#61;workstep&amp;workbook&#61;0EFA8DDB-59F0-60B0-9F1E-281A09919C94&amp;worksheet&#61;0EFA8DDB-5EEC-EE60-9CC3-A74FEFE35D05&amp;workstep&#61;0EFA90F7-6F0C-F970-B567-F7B4587F6BC4\" rel=\"nofollow noopener noreferrer\">XY Plot</a></li><li>Verify against previous incidents of off-spec material.</li></ul><p>Deploy to give a real-time estimation of the quality parameter. Use to<strong> inform operations </strong>and <strong>improve control</strong>, resulting in <strong>reduced giveaway or off-spec material</strong>. <i>(<strong>Do it!</strong> step forward to current time &#43; half)</i></p><p><strong>Quantify </strong>the occurrence of off-spec material, and the times that the soft sensor would have given an early warning indication. Assess the financial opportunity of improved quality control.</p>",
        "DocumentBackup\u02c9DEg3Lh5pLS4-lG84EjGXXXdzxhd1450vkLgiu8he2l8\u02c92024-11-22T20:30:00Z": "<h3><strong>Predicting Product Properties Based on Upstream Conditions (Soft Sensor)</strong></h3><figure class=\"table\"><table class=\"ck-table-resized\" style=\"border-color:hsl(0, 0%, 100%);border-style:solid;\"><colgroup><col style=\"width:34.16%;\" /><col style=\"width:65.84%;\" /></colgroup><tbody><tr><td style=\"border-color:hsl(0, 0%, 100%);border-style:solid;\"><img class=\"image_resized\" style=\"width:100%;\" src=\"/api/annotations/0EFA8DDB-76B5-EC40-80AA-6A2871913ABF/images/image_v1.png\" alt=\"Global Network | About Us | Kuraray\"></td><td style=\"border-color:hsl(0, 0%, 100%);border-style:solid;\"><h4>Kuraray<strong> </strong>built soft sensors <strong>across six lines</strong> and multiple product types to proactively monitor and respond to quality deviations. For common six sigma analytics tasks, Seeq has <strong>reduced analysis time by 90%</strong>.</h4></td></tr></tbody></table></figure><p><strong>Problem: </strong>Many quality parameters cannot be measured by sensors in real-time and instead are sampled and tested by the lab intermittently. This makes controlling the quality very difficult leading to product giveaway and/or off-spec material.</p><p><strong>Solution:</strong></p><p>Evaluate the frequency of off-spec material.</p><p><strong>Access the </strong><a href=\"/links?type&#61;workstep&amp;workbook&#61;0EFA8DDB-59F0-60B0-9F1E-281A09919C94&amp;worksheet&#61;0EFA8DDB-5EEC-EE60-9CC3-A74FEFE35D05&amp;workstep&#61;0EFA8E0B-95E7-6250-A3BF-541A46B6A9AC\" rel=\"nofollow noopener noreferrer\"><strong>raw data</strong></a> by combining product quality data (LIMS) and process data (Historian). <i>(<strong>Do it!</strong> View the Samples to see the difference in frequency.)</i></p><p><i>(Optional: Use </i><a target=\"_blank\" href=\"https://seeq12.github.io/gallery/\" rel=\"nofollow noopener noreferrer\"><span style=\"color:hsl(30,75%,60%);\"><i>Correlation Analysis</i></span></a><i> to identify the signals that strongly correlate with the quality result.)</i></p><p><a href=\"/links?type&#61;workstep&amp;workbook&#61;0EFA8DDB-59F0-60B0-9F1E-281A09919C94&amp;worksheet&#61;0EFA8DDB-5EEC-EE60-9CC3-A74FEFE35D05&amp;workstep&#61;0EFA8E0C-8CFF-FFB0-8CD0-40185E761CF7\" rel=\"nofollow noopener noreferrer\">Prepare these signals for use in a prediction model</a>, by accounting for <strong>process noise, residence time and abnormal operation</strong> (if relevant).\u00a0</p><p><a href=\"/links?type&#61;workstep&amp;workbook&#61;0EFA8DDB-59F0-60B0-9F1E-281A09919C94&amp;worksheet&#61;0EFA8DDB-5EEC-EE60-9CC3-A74FEFE35D05&amp;workstep&#61;0EFA90EE-B865-73A0-9DAF-2A9CB912DA25\" rel=\"nofollow noopener noreferrer\">Develop the model</a> using point-and-click<strong> prediction tool</strong>.</p><p><strong>Validate the model </strong>using a variety of different methods;</p><ul><li>View the built-in statistics (R^2, ErrorSum^2 etc..)</li><li>Visualize on an <a href=\"/links?type&#61;workstep&amp;workbook&#61;0EFA8DDB-59F0-60B0-9F1E-281A09919C94&amp;worksheet&#61;0EFA8DDB-5EEC-EE60-9CC3-A74FEFE35D05&amp;workstep&#61;0EFA90F7-6F0C-F970-B567-F7B4587F6BC4\" rel=\"nofollow noopener noreferrer\">XY Plot</a></li><li>Verify against <a href=\"/links?type&#61;workstep&amp;workbook&#61;0EFA8DDB-59F0-60B0-9F1E-281A09919C94&amp;worksheet&#61;0EFA8DDB-5EEC-EE60-9CC3-A74FEFE35D05&amp;workstep&#61;0EFA9108-AA11-EC80-8B6E-6B78EDF5CE83\" rel=\"nofollow noopener noreferrer\">previous incidents</a> of off-spec material.</li></ul><p>Deploy to give a real-time estimation of the quality parameter. Use to<strong> inform operations </strong>and <strong>improve control</strong>, resulting in <strong>reduced giveaway or off-spec material</strong>. <i>(<strong>Do it!</strong> step forward to current time &#43; half)</i></p><p><strong>Quantify </strong>the occurrence of off-spec material, and the times that the soft sensor would have given an early warning indication. Assess the financial opportunity of improved quality control.</p>",
        "DocumentBackup\u02c9DEg3Lh5pLS4-lG84EjGXXXdzxhd1450vkLgiu8he2l8\u02c92024-11-22T20:33:00Z": "<h3><strong>Predicting Product Properties Based on Upstream Conditions (Soft Sensor)</strong></h3><figure class=\"table\"><table class=\"ck-table-resized\" style=\"border-color:hsl(0, 0%, 100%);border-style:solid;\"><colgroup><col style=\"width:34.16%;\" /><col style=\"width:65.84%;\" /></colgroup><tbody><tr><td style=\"border-color:hsl(0, 0%, 100%);border-style:solid;\"><img class=\"image_resized\" style=\"width:100%;\" src=\"/api/annotations/0EFA8DDB-76B5-EC40-80AA-6A2871913ABF/images/image_v1.png\" alt=\"Global Network | About Us | Kuraray\"></td><td style=\"border-color:hsl(0, 0%, 100%);border-style:solid;\"><h4>Kuraray<strong> </strong>built soft sensors <strong>across six lines</strong> and multiple product types to proactively monitor and respond to quality deviations. For common six sigma analytics tasks, Seeq has <strong>reduced analysis time by 90%</strong>.</h4></td></tr></tbody></table></figure><p><strong>Problem: </strong>Many quality parameters cannot be measured by sensors in real-time and instead are sampled and tested by the lab intermittently. This makes controlling the quality very difficult leading to product giveaway and/or off-spec material.</p><p><strong>Solution:</strong></p><p>Evaluate the frequency of off-spec material.</p><p><strong>Access the </strong><a href=\"/links?type&#61;workstep&amp;workbook&#61;0EFA8DDB-59F0-60B0-9F1E-281A09919C94&amp;worksheet&#61;0EFA8DDB-5EEC-EE60-9CC3-A74FEFE35D05&amp;workstep&#61;0EFA8E0B-95E7-6250-A3BF-541A46B6A9AC\" rel=\"nofollow noopener noreferrer\"><strong>raw data</strong></a> by combining product quality data (LIMS) and process data (Historian). <i>(<strong>Do it!</strong> View the Samples to see the difference in frequency.)</i></p><p><i>(Optional: Use </i><a target=\"_blank\" href=\"https://seeq12.github.io/gallery/\" rel=\"nofollow noopener noreferrer\"><span style=\"color:hsl(30,75%,60%);\"><i>Correlation Analysis</i></span></a><i> to identify the signals that strongly correlate with the quality result.)</i></p><p><a href=\"/links?type&#61;workstep&amp;workbook&#61;0EFA8DDB-59F0-60B0-9F1E-281A09919C94&amp;worksheet&#61;0EFA8DDB-5EEC-EE60-9CC3-A74FEFE35D05&amp;workstep&#61;0EFA8E0C-8CFF-FFB0-8CD0-40185E761CF7\" rel=\"nofollow noopener noreferrer\">Prepare these signals for use in a prediction model</a>, by accounting for <strong>process noise, residence time and abnormal operation</strong> (if relevant).\u00a0</p><p><a href=\"/links?type&#61;workstep&amp;workbook&#61;0EFA8DDB-59F0-60B0-9F1E-281A09919C94&amp;worksheet&#61;0EFA8DDB-5EEC-EE60-9CC3-A74FEFE35D05&amp;workstep&#61;0EFA90EE-B865-73A0-9DAF-2A9CB912DA25\" rel=\"nofollow noopener noreferrer\">Develop the model</a> using point-and-click<strong> prediction tool</strong>.</p><p><strong>Validate the model </strong>using a variety of different methods;</p><ul><li>View the built-in statistics (R^2, ErrorSum^2 etc..)</li><li>Visualize on an <a href=\"/links?type&#61;workstep&amp;workbook&#61;0EFA8DDB-59F0-60B0-9F1E-281A09919C94&amp;worksheet&#61;0EFA8DDB-5EEC-EE60-9CC3-A74FEFE35D05&amp;workstep&#61;0EFA90F7-6F0C-F970-B567-F7B4587F6BC4\" rel=\"nofollow noopener noreferrer\">XY Plot</a></li><li>Verify against <a href=\"/links?type&#61;workstep&amp;workbook&#61;0EFA8DDB-59F0-60B0-9F1E-281A09919C94&amp;worksheet&#61;0EFA8DDB-5EEC-EE60-9CC3-A74FEFE35D05&amp;workstep&#61;0EFA9108-AA11-EC80-8B6E-6B78EDF5CE83\" rel=\"nofollow noopener noreferrer\">previous incidents</a> of off-spec material.</li></ul><p>Deploy to give a <a href=\"/links?type&#61;workstep&amp;workbook&#61;0EFA8DDB-59F0-60B0-9F1E-281A09919C94&amp;worksheet&#61;0EFA8DDB-5EEC-EE60-9CC3-A74FEFE35D05&amp;workstep&#61;0EFA910F-7214-FBA0-905E-90473B5255D4\" rel=\"nofollow noopener noreferrer\">real-time estimation</a> of the quality parameter. Use to<strong> inform operations </strong>and <strong>improve control</strong>, resulting in <strong>reduced giveaway or off-spec material</strong>. <i>(<strong>Do it!</strong> step forward to current time &#43; half)</i></p><p><strong>Quantify </strong>the occurrence of off-spec material, and the times that the soft sensor would have given an early warning indication. Assess the financial opportunity of improved quality control.</p>",
        "DocumentBackup\u02c9DEg3Lh5pLS4-lG84EjGXXXdzxhd1450vkLgiu8he2l8\u02c92024-11-22T20:38:00Z": "<h3><strong>Predicting Product Properties Based on Upstream Conditions (Soft Sensor)</strong></h3><figure class=\"table\"><table class=\"ck-table-resized\" style=\"border-color:hsl(0, 0%, 100%);border-style:solid;\"><colgroup><col style=\"width:34.16%;\" /><col style=\"width:65.84%;\" /></colgroup><tbody><tr><td style=\"border-color:hsl(0, 0%, 100%);border-style:solid;\"><img class=\"image_resized\" style=\"width:100%;\" src=\"/api/annotations/0EFA8DDB-76B5-EC40-80AA-6A2871913ABF/images/image_v1.png\" alt=\"Global Network | About Us | Kuraray\"></td><td style=\"border-color:hsl(0, 0%, 100%);border-style:solid;\"><h4>Kuraray<strong> </strong>built soft sensors <strong>across six lines</strong> and multiple product types to proactively monitor and respond to quality deviations. For common six sigma analytics tasks, Seeq has <strong>reduced analysis time by 90%</strong>.</h4></td></tr></tbody></table></figure><p><strong>Problem: </strong>Many quality parameters cannot be measured by sensors in real-time and instead are sampled and tested by the lab intermittently. This makes controlling the quality very difficult leading to product giveaway and/or off-spec material.</p><p><strong>Solution:</strong></p><p>Evaluate the frequency of off-spec material.</p><p><strong>Access the </strong><a href=\"/links?type&#61;workstep&amp;workbook&#61;0EFA8DDB-59F0-60B0-9F1E-281A09919C94&amp;worksheet&#61;0EFA8DDB-5EEC-EE60-9CC3-A74FEFE35D05&amp;workstep&#61;0EFA8E0B-95E7-6250-A3BF-541A46B6A9AC\" rel=\"nofollow noopener noreferrer\"><strong>raw data</strong></a> by combining product quality data (LIMS) and process data (Historian). <i>(<strong>Do it!</strong> View the Samples to see the difference in frequency.)</i></p><p><i>(Optional: Use </i><a target=\"_blank\" href=\"https://seeq12.github.io/gallery/\" rel=\"nofollow noopener noreferrer\"><span style=\"color:hsl(30,75%,60%);\"><i>Correlation Analysis</i></span></a><i> to identify the signals that strongly correlate with the quality result.)</i></p><p><a href=\"/links?type&#61;workstep&amp;workbook&#61;0EFA8DDB-59F0-60B0-9F1E-281A09919C94&amp;worksheet&#61;0EFA8DDB-5EEC-EE60-9CC3-A74FEFE35D05&amp;workstep&#61;0EFA8E0C-8CFF-FFB0-8CD0-40185E761CF7\" rel=\"nofollow noopener noreferrer\">Prepare these signals for use in a prediction model</a>, by accounting for <strong>process noise, residence time and abnormal operation</strong> (if relevant).\u00a0</p><p><a href=\"/links?type&#61;workstep&amp;workbook&#61;0EFA8DDB-59F0-60B0-9F1E-281A09919C94&amp;worksheet&#61;0EFA8DDB-5EEC-EE60-9CC3-A74FEFE35D05&amp;workstep&#61;0EFA90EE-B865-73A0-9DAF-2A9CB912DA25\" rel=\"nofollow noopener noreferrer\">Develop the model</a> using point-and-click<strong> prediction tool</strong>.</p><p><strong>Validate the model </strong>using a variety of different methods;</p><ul><li>View the built-in statistics (R^2, ErrorSum^2 etc..)</li><li>Visualize on an <a href=\"/links?type&#61;workstep&amp;workbook&#61;0EFA8DDB-59F0-60B0-9F1E-281A09919C94&amp;worksheet&#61;0EFA8DDB-5EEC-EE60-9CC3-A74FEFE35D05&amp;workstep&#61;0EFA90F7-6F0C-F970-B567-F7B4587F6BC4\" rel=\"nofollow noopener noreferrer\">XY Plot</a></li><li>Verify against <a href=\"/links?type&#61;workstep&amp;workbook&#61;0EFA8DDB-59F0-60B0-9F1E-281A09919C94&amp;worksheet&#61;0EFA8DDB-5EEC-EE60-9CC3-A74FEFE35D05&amp;workstep&#61;0EFA9108-AA11-EC80-8B6E-6B78EDF5CE83\" rel=\"nofollow noopener noreferrer\">previous incidents</a> of off-spec material.</li></ul><p>Deploy to give a <a href=\"/links?type&#61;workstep&amp;workbook&#61;0EFA8DDB-59F0-60B0-9F1E-281A09919C94&amp;worksheet&#61;0EFA8DDB-5EEC-EE60-9CC3-A74FEFE35D05&amp;workstep&#61;0EFA910F-7214-FBA0-905E-90473B5255D4\" rel=\"nofollow noopener noreferrer\">real-time estimation</a> of the quality parameter. Use to<strong> inform operations </strong>and <strong>improve control</strong>, resulting in <strong>reduced giveaway or off-spec material</strong>. <i>(<strong>Do it!</strong> step forward to current time &#43; half)</i></p><p><strong>Quantify </strong>the <a href=\"/links?type&#61;workstep&amp;workbook&#61;0EFA8DDB-59F0-60B0-9F1E-281A09919C94&amp;worksheet&#61;0EFA8DDB-5EEC-EE60-9CC3-A74FEFE35D05&amp;workstep&#61;0EFA911B-725C-EA20-A4F0-DA57819DC4A2\" rel=\"nofollow noopener noreferrer\">occurrence</a> of off-spec material, and the times that the soft sensor would have given an early warning indication. Assess the financial opportunity of improved quality control.</p>",
        "DocumentBackup\u02c9DEg3Lh5pLS4-lG84EjGXXXdzxhd1450vkLgiu8he2l8\u02c92024-11-22T20:41:00Z": "<h3><strong>Predicting Product Properties Based on Upstream Conditions (Soft Sensor)</strong></h3><figure class=\"table\"><table class=\"ck-table-resized\" style=\"border-color:hsl(0, 0%, 100%);border-style:solid;\"><colgroup><col style=\"width:34.16%;\" /><col style=\"width:65.84%;\" /></colgroup><tbody><tr><td style=\"border-color:hsl(0, 0%, 100%);border-style:solid;\"><img class=\"image_resized\" style=\"width:100%;\" src=\"/api/annotations/0EFA8DDB-76B5-EC40-80AA-6A2871913ABF/images/image_v1.png\" alt=\"Global Network | About Us | Kuraray\"></td><td style=\"border-color:hsl(0, 0%, 100%);border-style:solid;\"><h4>Kuraray<strong> </strong>built soft sensors <strong>across six lines</strong> and multiple product types to proactively monitor and respond to quality deviations. For common six sigma analytics tasks, Seeq has <strong>reduced analysis time by 90%</strong>.</h4></td></tr></tbody></table></figure><p><strong>Problem: </strong>Many quality parameters cannot be measured by sensors in real-time and instead are sampled and tested by the lab intermittently. This makes controlling the quality very difficult leading to product giveaway and/or off-spec material.</p><p><strong>Solution:</strong></p><p>Evaluate the frequency of off-spec material.</p><p><strong>Access the </strong><a href=\"/links?type&#61;workstep&amp;workbook&#61;0EFA8DDB-59F0-60B0-9F1E-281A09919C94&amp;worksheet&#61;0EFA8DDB-5EEC-EE60-9CC3-A74FEFE35D05&amp;workstep&#61;0EFA8E0B-95E7-6250-A3BF-541A46B6A9AC\" rel=\"nofollow noopener noreferrer\"><strong>raw data</strong></a> by combining product quality data (LIMS) and process data (Historian). <i>(<strong>Do it!</strong> View the Samples to see the difference in frequency.)</i></p><p><i>(Optional: Use </i><a target=\"_blank\" href=\"https://seeq12.github.io/gallery/\" rel=\"nofollow noopener noreferrer\"><span style=\"color:hsl(30,75%,60%);\"><i>Correlation Analysis</i></span></a><i> to identify the signals that strongly correlate with the quality result.)</i></p><p><a href=\"/links?type&#61;workstep&amp;workbook&#61;0EFA8DDB-59F0-60B0-9F1E-281A09919C94&amp;worksheet&#61;0EFA8DDB-5EEC-EE60-9CC3-A74FEFE35D05&amp;workstep&#61;0EFA8E0C-8CFF-FFB0-8CD0-40185E761CF7\" rel=\"nofollow noopener noreferrer\">Prepare these signals for use in a prediction model</a>, by accounting for <strong>process noise, residence time and abnormal operation</strong> (if relevant).\u00a0</p><p><a href=\"/links?type&#61;workstep&amp;workbook&#61;0EFA8DDB-59F0-60B0-9F1E-281A09919C94&amp;worksheet&#61;0EFA8DDB-5EEC-EE60-9CC3-A74FEFE35D05&amp;workstep&#61;0EFA90EE-B865-73A0-9DAF-2A9CB912DA25\" rel=\"nofollow noopener noreferrer\">Develop the model</a> using point-and-click<strong> prediction tool</strong>.</p><p><strong>Validate the model </strong>using a variety of different methods;</p><ul><li>View the built-in statistics (R^2, ErrorSum^2 etc..)</li><li>Visualize on an <a href=\"/links?type&#61;workstep&amp;workbook&#61;0EFA8DDB-59F0-60B0-9F1E-281A09919C94&amp;worksheet&#61;0EFA8DDB-5EEC-EE60-9CC3-A74FEFE35D05&amp;workstep&#61;0EFA90F7-6F0C-F970-B567-F7B4587F6BC4\" rel=\"nofollow noopener noreferrer\">XY Plot</a></li><li>Verify against <a href=\"/links?type&#61;workstep&amp;workbook&#61;0EFA8DDB-59F0-60B0-9F1E-281A09919C94&amp;worksheet&#61;0EFA8DDB-5EEC-EE60-9CC3-A74FEFE35D05&amp;workstep&#61;0EFA9108-AA11-EC80-8B6E-6B78EDF5CE83\" rel=\"nofollow noopener noreferrer\">previous incidents</a> of off-spec material.</li></ul><p>Deploy to give a <a href=\"/links?type&#61;workstep&amp;workbook&#61;0EFA8DDB-59F0-60B0-9F1E-281A09919C94&amp;worksheet&#61;0EFA8DDB-5EEC-EE60-9CC3-A74FEFE35D05&amp;workstep&#61;0EFA910F-7214-FBA0-905E-90473B5255D4\" rel=\"nofollow noopener noreferrer\">real-time estimation</a> of the quality parameter. Use to<strong> inform operations </strong>and <strong>improve control</strong>, resulting in <strong>reduced giveaway or off-spec material</strong>. <i>(<strong>Do it!</strong> step forward to current time &#43; half)</i></p><p><strong>Quantify </strong>the <a href=\"/links?type&#61;workstep&amp;workbook&#61;0EFA8DDB-59F0-60B0-9F1E-281A09919C94&amp;worksheet&#61;0EFA8DDB-5EEC-EE60-9CC3-A74FEFE35D05&amp;workstep&#61;0EFA911B-725C-EA20-A4F0-DA57819DC4A2\" rel=\"nofollow noopener noreferrer\">occurrence</a> of off-spec material, and the times that the soft sensor would have given an early warning indication. Assess the <a href=\"/links?type&#61;workstep&amp;workbook&#61;0EFA8DDB-59F0-60B0-9F1E-281A09919C94&amp;worksheet&#61;0EFA8DDB-5EEC-EE60-9CC3-A74FEFE35D05&amp;workstep&#61;0EFA9121-3A2B-7330-BCF7-2AAADF7DFE66\" rel=\"nofollow noopener noreferrer\">financial opportunity</a> of improved quality control.</p>",
        "Enabled": true,
        "ID": "0EFA8DDB-76B5-EC40-80AA-6A2871913ABF",
        "Is CK Enabled": true,
        "Locked": false,
        "Name": "Predicting Product Properties Based on Upstream Conditions (Soft Sensor)",
        "Plain Text Document": "Predicting Product Properties Based on Upstream Conditions (Soft Sensor)Kuraray built soft sensors across six lines and multiple product types to proactively monitor and respond to quality deviations. For common six sigma analytics tasks, Seeq has reduced analysis time by 90%.Problem: Many quality parameters cannot be measured by sensors in real-time and instead are sampled and tested by the lab intermittently. This makes controlling the quality very difficult leading to product giveaway and/or off-spec material.Solution:Evaluate the frequency of off-spec material.Access the raw data by combining product quality data (LIMS) and process data (Historian). (Do it! View the Samples to see the difference in frequency.)(Optional: Use Correlation Analysis to identify the signals that strongly correlate with the quality result.)Prepare these signals for use in a prediction model, by accounting for process noise, residence time and abnormal operation (if relevant).\u00a0Develop the model using point-and-click prediction tool.Validate the model using a variety of different methods;View the built-in statistics (R^2, ErrorSum^2 etc..)Visualize on an XY PlotVerify against previous incidents of off-spec material.Deploy to give a real-time estimation of the quality parameter. Use to inform operations and improve control, resulting in reduced giveaway or off-spec material. (Do it! step forward to current time &#43; half)Quantify the occurrence of off-spec material, and the times that the soft sensor would have given an early warning indication. Assess the financial opportunity of improved quality control.",
        "Type": "Journal",
        "Unsearchable": false,
        "Updated At": "1732308084777012885"
    }
}