{
    "Archived": false,
    "Cache Enabled": false,
    "Created At": "1732308158068785690",
    "Enabled": true,
    "ID": "0EFA9124-F895-7340-8A7F-4D648683D55C",
    "Locked": false,
    "Unsearchable": false,
    "Updated At": "1732308285829315151",
    "Name": "Predicting Product Properties Extended Demo",
    "Type": "Worksheet",
    "Annotation ID": "0EFA9124-F8CF-ECC0-B1EA-1DF92D27DD05",
    "Current Workstep ID": "0EFA9124-F8C8-7790-A2E6-F6AA6ED870DD",
    "URL": "https://demo.seeq.dev/0EFA6A0B-4C9B-71B0-ADCE-2000B1F79638/workbook/0EFA8DDB-59F0-60B0-9F1E-281A09919C94/worksheet/0EFA9124-F895-7340-8A7F-4D648683D55C"
}