{
    "ID": "6F911D8A-4EC6-4492-B628-08AB2DE72A0A",
    "Type": "Workstep",
    "Data": {
        "version": 1,
        "state": {
            "stores": {
                "sqTrendSeriesStore": {
                    "items": []
                },
                "sqTrendCapsuleSetStore": {
                    "items": []
                },
                "sqTrendScalarStore": {
                    "items": []
                },
                "sqTrendMetricStore": {
                    "items": []
                },
                "sqTrendTableStore": {
                    "items": []
                },
                "sqDurationStore": {
                    "autoUpdate": {
                        "offset": 17999948
                    },
                    "displayRange": {
                        "start": 1732239934604,
                        "end": 1732326334604
                    },
                    "investigateRange": {
                        "start": 1731721534655,
                        "end": 1732326334655
                    }
                },
                "sqWorksheetStore": {
                    "viewKey": "TREND"
                }
            }
        }
    }
}