{
    "Access Control": [
        {
            "ID": "0efa8ddb-59fe-fb10-bfed-51c0140554f4",
            "Identity": {
                "Datasource Class": "OAuth 2.0",
                "Datasource ID": "9ecc7e74-4c32-436d-9af0-70d8aa99386b",
                "Datasource Name": "Seeq Azure SSO",
                "Email": "Joseph.Reckamp@seeq.com",
                "First Name": "Joe",
                "ID": "C9FD5B90-17F3-4CA7-8C37-CD9B7D9B85D2",
                "Is Admin": true,
                "Last Name": "Reckamp",
                "Name": "Joe Reckamp",
                "Type": "User",
                "Username": "DEg3Lh5pLS4-lG84EjGXXXdzxhd1450vkLgiu8he2l8"
            },
            "Origin": "0EFA6A0B-4C9B-71B0-ADCE-2000B1F79638",
            "Permissions": {
                "Manage": true,
                "Read": true,
                "Write": true
            },
            "Redacted": false,
            "Role": null
        },
        {
            "ID": "0efa8ddb-59f0-60b0-898c-1266e4ae2e8c",
            "Identity": {
                "Datasource Class": "OAuth 2.0",
                "Datasource ID": "9ecc7e74-4c32-436d-9af0-70d8aa99386b",
                "Datasource Name": "Seeq Azure SSO",
                "Email": "Joseph.Reckamp@seeq.com",
                "First Name": "Joe",
                "ID": "C9FD5B90-17F3-4CA7-8C37-CD9B7D9B85D2",
                "Is Admin": true,
                "Last Name": "Reckamp",
                "Name": "Joe Reckamp",
                "Type": "User",
                "Username": "DEg3Lh5pLS4-lG84EjGXXXdzxhd1450vkLgiu8he2l8"
            },
            "Origin": null,
            "Permissions": {
                "Manage": true,
                "Read": true,
                "Write": true
            },
            "Redacted": false,
            "Role": "OWNER"
        }
    ],
    "Ancestors": [
        "__Users__",
        "905A3390-CCA6-489B-89A3-492EC9F7FF26",
        "0EFA6A0B-4C9B-71B0-ADCE-2000B1F79638"
    ],
    "Archived": false,
    "Cache Enabled": false,
    "Created At": "1732285566011451069",
    "Enabled": true,
    "ID": "0EFA8DDB-59F0-60B0-9F1E-281A09919C94",
    "Locked": false,
    "Name": "Use Case Selector: Predicting Product Properties",
    "Original Server URL": "http://seeq-server",
    "Owner": {
        "Datasource Class": "OAuth 2.0",
        "Datasource ID": "9ecc7e74-4c32-436d-9af0-70d8aa99386b",
        "Datasource Name": "Seeq Azure SSO",
        "Email": "Joseph.Reckamp@seeq.com",
        "First Name": "Joe",
        "ID": "C9FD5B90-17F3-4CA7-8C37-CD9B7D9B85D2",
        "Is Admin": true,
        "Last Name": "Reckamp",
        "Name": "Joe Reckamp",
        "Type": "User",
        "Username": "DEg3Lh5pLS4-lG84EjGXXXdzxhd1450vkLgiu8he2l8"
    },
    "Path": "Users >> Joseph Reckamp >> DO NOT USE (Please!)",
    "Search Folder ID": "0EFA6A0B-4C9B-71B0-ADCE-2000B1F79638",
    "Type": "Workbook",
    "URL": "https://demo.seeq.dev/0EFA6A0B-4C9B-71B0-ADCE-2000B1F79638/workbook/0EFA8DDB-59F0-60B0-9F1E-281A09919C94/worksheet/0EFA8DDB-5EEC-EE60-9CC3-A74FEFE35D05",
    "Unsearchable": false,
    "Updated At": "1732308285829315151",
    "Workbook Type": "Analysis",
    "Worksheets": [
        "0EFA8DDB-5EEC-EE60-9CC3-A74FEFE35D05",
        "0EFA9124-F895-7340-8A7F-4D648683D55C"
    ],
    "workbookState": {
        "state": {
            "stores": {
                "sqAnnotationStore": {
                    "height": 0,
                    "id": "0EFA9124-F8CF-ECC0-B1EA-1DF92D27DD05",
                    "isAnnotatesExpanded": false,
                    "isCkEnabled": true,
                    "isCommentsExpanded": false,
                    "isExpanded": false,
                    "width": 0
                }
            }
        },
        "version": 1
    }
}