{
    "0EFA6A0B-4C9B-71B0-ADCE-2000B1F79638": {
        "Access Control": [
            {
                "ID": "0efa6a0b-4c9b-71b0-832f-2cb144107853",
                "Identity": {
                    "Datasource Class": "OAuth 2.0",
                    "Datasource ID": "9ecc7e74-4c32-436d-9af0-70d8aa99386b",
                    "Datasource Name": "Seeq Azure SSO",
                    "Email": "Joseph.Reckamp@seeq.com",
                    "First Name": "Joe",
                    "ID": "C9FD5B90-17F3-4CA7-8C37-CD9B7D9B85D2",
                    "Is Admin": true,
                    "Last Name": "Reckamp",
                    "Name": "Joe Reckamp",
                    "Type": "User",
                    "Username": "DEg3Lh5pLS4-lG84EjGXXXdzxhd1450vkLgiu8he2l8"
                },
                "Origin": null,
                "Permissions": {
                    "Manage": true,
                    "Read": true,
                    "Write": true
                },
                "Redacted": false,
                "Role": "OWNER"
            },
            {
                "ID": "0efa6a0b-4cc7-60d0-a44e-06a6b1da5301",
                "Identity": {
                    "Datasource Class": "OAuth 2.0",
                    "Datasource ID": "9ecc7e74-4c32-436d-9af0-70d8aa99386b",
                    "Datasource Name": "Seeq Azure SSO",
                    "Email": "Joseph.Reckamp@seeq.com",
                    "First Name": "Joe",
                    "ID": "C9FD5B90-17F3-4CA7-8C37-CD9B7D9B85D2",
                    "Is Admin": true,
                    "Last Name": "Reckamp",
                    "Name": "Joe Reckamp",
                    "Type": "User",
                    "Username": "DEg3Lh5pLS4-lG84EjGXXXdzxhd1450vkLgiu8he2l8"
                },
                "Origin": "905A3390-CCA6-489B-89A3-492EC9F7FF26",
                "Permissions": {
                    "Manage": true,
                    "Read": true,
                    "Write": true
                },
                "Redacted": false,
                "Role": null
            }
        ],
        "Ancestors": [
            "__Users__",
            "905A3390-CCA6-489B-89A3-492EC9F7FF26"
        ],
        "Archived": false,
        "Cache Enabled": false,
        "Created At": "1732039462987374025",
        "Enabled": true,
        "ID": "0EFA6A0B-4C9B-71B0-ADCE-2000B1F79638",
        "Locked": false,
        "Name": "DO NOT USE (Please!)",
        "Owner": {
            "Datasource Class": "OAuth 2.0",
            "Datasource ID": "9ecc7e74-4c32-436d-9af0-70d8aa99386b",
            "Datasource Name": "Seeq Azure SSO",
            "Email": "Joseph.Reckamp@seeq.com",
            "First Name": "Joe",
            "ID": "C9FD5B90-17F3-4CA7-8C37-CD9B7D9B85D2",
            "Is Admin": true,
            "Last Name": "Reckamp",
            "Name": "Joe Reckamp",
            "Type": "User",
            "Username": "DEg3Lh5pLS4-lG84EjGXXXdzxhd1450vkLgiu8he2l8"
        },
        "Type": "Folder",
        "Unsearchable": false,
        "Updated At": "1732135031904791904"
    },
    "0EFAB6B8-8544-E850-A04B-D0FDB059AF38": {
        "Archived": false,
        "Cache Enabled": true,
        "Cache ID": "0EFAB6B8-8549-6670-96EA-1A8B3C84A8F1",
        "Capsule ID Property": "start",
        "Capsule Property Units": {},
        "Data ID": "0EFAB6B8-8544-E850-A04B-D0FDB059AF38",
        "Datasource Class": "Seeq Calculations",
        "Datasource ID": "Seeq Calculations",
        "Enabled": true,
        "Formula": "periods(15min)",
        "Formula Parameters": {},
        "Formula Version": 31,
        "ID": "0EFAB6B8-8544-E850-A04B-D0FDB059AF38",
        "Locked": false,
        "Maximum Duration": {
            "Unit Of Measure": "min",
            "Value": 15.016666666666667
        },
        "Maximum Interpolation": {
            "Unit Of Measure": "s",
            "Value": 901.0
        },
        "Name": "Agg Periods",
        "Scoped To": "0EFAB6B4-75BE-75B0-A9A6-00B53E602978",
        "Type": "CalculatedCondition",
        "UIConfig": {
            "advancedParametersCollapsed": true,
            "configVersion": 11,
            "localFormula": "",
            "tabTransitioning": false,
            "type": "formula"
        },
        "Unsearchable": false
    },
    "0EFAB6B9-4554-6000-9DC2-133964548D31": {
        "Archived": false,
        "Cache Enabled": true,
        "Cache ID": "0EFAB6B9-4EC4-FFE0-A11F-A19FD52BCA45",
        "Data ID": "0EFAB6B9-4554-6000-9DC2-133964548D31",
        "Datasource Class": "Seeq Calculations",
        "Datasource ID": "Seeq Calculations",
        "Enabled": true,
        "Formula": "$series.aggregate(average(), $capsules, startKey(), 901s)",
        "Formula Parameters": {
            "capsules": "0EFAB6B8-8544-E850-A04B-D0FDB059AF38",
            "series": "62E6F850-E523-408D-AD10-0C87E65F996B"
        },
        "Formula Version": 31,
        "ID": "0EFAB6B9-4554-6000-9DC2-133964548D31",
        "Interpolation Method": "Linear",
        "Locked": false,
        "Maximum Interpolation": {
            "Unit Of Measure": "s",
            "Value": 901
        },
        "Name": "Pump Station Flow",
        "Scoped To": "0EFAB6B4-75BE-75B0-A9A6-00B53E602978",
        "Type": "CalculatedSignal",
        "UIConfig": {
            "advancedParametersCollapsed": true,
            "configVersion": 11,
            "type": "signal-from-condition"
        },
        "Unsearchable": false,
        "Value Unit Of Measure": ""
    },
    "0EFAB6BA-05A2-FF50-879F-9A70682A3A60": {
        "Archived": false,
        "Cache Enabled": true,
        "Cache ID": "0EFAB6BA-05AC-FB90-9BF4-F70396DA82BB",
        "Data ID": "0EFAB6BA-05A2-FF50-879F-9A70682A3A60",
        "Datasource Class": "Seeq Calculations",
        "Datasource ID": "Seeq Calculations",
        "Enabled": true,
        "Formula": "$psf.move(8h).setUnits('t/h')",
        "Formula Parameters": {
            "psf": "0EFAB6B9-4554-6000-9DC2-133964548D31"
        },
        "Formula Version": 31,
        "ID": "0EFAB6BA-05A2-FF50-879F-9A70682A3A60",
        "Interpolation Method": "Linear",
        "Locked": false,
        "Maximum Interpolation": {
            "Unit Of Measure": "s",
            "Value": 901
        },
        "Name": "Pump Station Flow",
        "Scoped To": "0EFAB6B4-75BE-75B0-A9A6-00B53E602978",
        "Type": "CalculatedSignal",
        "UIConfig": {
            "advancedParametersCollapsed": true,
            "configVersion": 11,
            "localFormula": "",
            "tabTransitioning": false,
            "type": "formula"
        },
        "Unsearchable": false,
        "Value Unit Of Measure": "t/h"
    },
    "0EFAB6BC-0B17-7380-A15D-BDBB91D568BC": {
        "Archived": false,
        "Cache Enabled": true,
        "Cache ID": "1EFAB6BD-A9BD-69D0-9AAA-DE769230E35F",
        "Capsule Property Units": {},
        "Data ID": "0EFAB6BC-0B17-7380-A15D-BDBB91D568BC",
        "Datasource Class": "Seeq Calculations",
        "Datasource ID": "Seeq Calculations",
        "Enabled": true,
        "Formula": "combineWith(days(Day.Monday, \"UTC\"), days(Day.Tuesday, \"UTC\"), days(Day.Wednesday, \"UTC\"), days(Day.Thursday, \"UTC\"), days(Day.Friday, \"UTC\")).move(-2h)",
        "Formula Parameters": {},
        "Formula Version": 31,
        "ID": "0EFAB6BC-0B17-7380-A15D-BDBB91D568BC",
        "Locked": false,
        "Maximum Duration": {
            "Unit Of Measure": "d",
            "Value": 1.0416666666666667
        },
        "Name": "Weekdays",
        "Scoped To": "0EFAB6B4-75BE-75B0-A9A6-00B53E602978",
        "Type": "CalculatedCondition",
        "UIConfig": {
            "advancedParametersCollapsed": false,
            "configVersion": 11,
            "customDuration": {
                "units": "h",
                "value": 0
            },
            "customPeriod": {
                "units": "h",
                "value": 0
            },
            "customPeriodDisable": true,
            "duration": "days",
            "frequencies": [
                "Day.Monday",
                "Day.Tuesday",
                "Day.Wednesday",
                "Day.Thursday",
                "Day.Friday"
            ],
            "offset": {
                "units": "h",
                "value": -2
            },
            "quarterStart": {
                "day": 1,
                "month": "Month.January"
            },
            "scopedTo": "0EFAB6B4-75BE-75B0-A9A6-00B53E602978",
            "shift": {
                "duration": 8,
                "offset": 8
            },
            "timezone": "UTC",
            "type": "periodic-condition",
            "weekStart": "Day.Sunday"
        },
        "Unsearchable": false
    },
    "0EFAB6BD-2842-6260-86DC-59DD84E48AFE": {
        "Archived": false,
        "Cache Enabled": true,
        "Cache ID": "0EFAB6BD-2844-F970-BDE3-0AE7CD17692F",
        "Capsule Property Units": {},
        "Data ID": "0EFAB6BD-2842-6260-86DC-59DD84E48AFE",
        "Datasource Class": "Seeq Calculations",
        "Datasource ID": "Seeq Calculations",
        "Enabled": true,
        "Formula": "combineWith(days(Day.Sunday, \"UTC\"), days(Day.Saturday, \"UTC\")).move(-2h)",
        "Formula Parameters": {},
        "Formula Version": 31,
        "ID": "0EFAB6BD-2842-6260-86DC-59DD84E48AFE",
        "Locked": false,
        "Maximum Duration": {
            "Unit Of Measure": "d",
            "Value": 1.0416666666666667
        },
        "Name": "Weekends",
        "Scoped To": "0EFAB6B4-75BE-75B0-A9A6-00B53E602978",
        "Type": "CalculatedCondition",
        "UIConfig": {
            "advancedParametersCollapsed": false,
            "configVersion": 11,
            "customDuration": {
                "units": "h",
                "value": 0
            },
            "customPeriod": {
                "units": "h",
                "value": 0
            },
            "customPeriodDisable": true,
            "duration": "days",
            "frequencies": [
                "Day.Sunday",
                "Day.Saturday"
            ],
            "offset": {
                "units": "h",
                "value": -2
            },
            "quarterStart": {
                "day": 1,
                "month": "Month.January"
            },
            "shift": {
                "duration": 8,
                "offset": 8
            },
            "timezone": "UTC",
            "type": "periodic-condition",
            "weekStart": "Day.Sunday"
        },
        "Unsearchable": false
    },
    "0EFAB6BF-4091-7120-A174-0DF0058D7BBD": {
        "Archived": false,
        "Cache Enabled": true,
        "Cache ID": "0EFAB6BF-4095-FF40-BFD6-3DC08555768E",
        "Capsule ID Property": "start",
        "Capsule Property Units": {},
        "Data ID": "0EFAB6BF-4091-7120-A174-0DF0058D7BBD",
        "Datasource Class": "Seeq Calculations",
        "Datasource ID": "Seeq Calculations",
        "Enabled": true,
        "Formula": "shifts(0, 14, \"UTC\")",
        "Formula Parameters": {},
        "Formula Version": 31,
        "ID": "0EFAB6BF-4091-7120-A174-0DF0058D7BBD",
        "Locked": false,
        "Maximum Duration": {
            "Unit Of Measure": "h",
            "Value": 15
        },
        "Maximum Interpolation": {
            "Unit Of Measure": "s",
            "Value": 144000.0
        },
        "Name": "On Peak",
        "Scoped To": "0EFAB6B4-75BE-75B0-A9A6-00B53E602978",
        "Type": "CalculatedCondition",
        "UIConfig": {
            "advancedParametersCollapsed": false,
            "configVersion": 11,
            "customDuration": {
                "units": "h",
                "value": 0
            },
            "customPeriod": {
                "units": "h",
                "value": 0
            },
            "customPeriodDisable": true,
            "duration": "shifts",
            "frequencies": [],
            "offset": {
                "units": "min",
                "value": 0
            },
            "quarterStart": {
                "day": 1,
                "month": "Month.January"
            },
            "shift": {
                "duration": 14,
                "offset": "0"
            },
            "timezone": "UTC",
            "type": "periodic-condition",
            "weekStart": "Day.Sunday"
        },
        "Unsearchable": false
    },
    "0EFAB6C1-BF71-7510-A0F6-112FAA2B4A8F": {
        "Archived": false,
        "Cache Enabled": true,
        "Cache ID": "0EFAB6C1-BF78-EA40-A8E4-BABB15901BEB",
        "Capsule ID Property": "start",
        "Capsule Property Units": {},
        "Data ID": "0EFAB6C1-BF71-7510-A0F6-112FAA2B4A8F",
        "Datasource Class": "Seeq Calculations",
        "Datasource ID": "Seeq Calculations",
        "Enabled": true,
        "Formula": "$a.intersect($b)",
        "Formula Parameters": {
            "a": "0EFAB6BC-0B17-7380-A15D-BDBB91D568BC",
            "b": "0EFAB6BF-4091-7120-A174-0DF0058D7BBD"
        },
        "Formula Version": 31,
        "ID": "0EFAB6C1-BF71-7510-A0F6-112FAA2B4A8F",
        "Locked": false,
        "Maximum Duration": {
            "Unit Of Measure": "h",
            "Value": 15
        },
        "Name": "Weekday On-Peak",
        "Scoped To": "0EFAB6B4-75BE-75B0-A9A6-00B53E602978",
        "Type": "CalculatedCondition",
        "UIConfig": {
            "advancedParametersCollapsed": true,
            "configVersion": 11,
            "type": "composite-search"
        },
        "Unsearchable": false
    },
    "0EFAB6C2-3D42-ECA0-928E-D5BAF022C0C7": {
        "Archived": false,
        "Cache Enabled": true,
        "Cache ID": "0EFAB6C2-3D47-EAC0-B3F8-292C28458907",
        "Capsule ID Property": "start",
        "Capsule Property Units": {},
        "Data ID": "0EFAB6C2-3D42-ECA0-928E-D5BAF022C0C7",
        "Datasource Class": "Seeq Calculations",
        "Datasource ID": "Seeq Calculations",
        "Enabled": true,
        "Formula": "$a.intersect($b)",
        "Formula Parameters": {
            "a": "0EFAB6BD-2842-6260-86DC-59DD84E48AFE",
            "b": "0EFAB6BF-4091-7120-A174-0DF0058D7BBD"
        },
        "Formula Version": 31,
        "ID": "0EFAB6C2-3D42-ECA0-928E-D5BAF022C0C7",
        "Locked": false,
        "Maximum Duration": {
            "Unit Of Measure": "h",
            "Value": 15
        },
        "Name": "Weekend On-Peak",
        "Scoped To": "0EFAB6B4-75BE-75B0-A9A6-00B53E602978",
        "Type": "CalculatedCondition",
        "UIConfig": {
            "advancedParametersCollapsed": true,
            "configVersion": 11,
            "type": "composite-search"
        },
        "Unsearchable": false
    },
    "0EFAB6C4-AFF7-ECD0-A69A-FA20BCEBF6DC": {
        "Archived": false,
        "Cache Enabled": true,
        "Cache ID": "0EFAB6C4-AFFF-6200-9A1D-97816906E37C",
        "Data ID": "0EFAB6C4-AFF7-ECD0-A69A-FA20BCEBF6DC",
        "Datasource Class": "Seeq Calculations",
        "Datasource ID": "Seeq Calculations",
        "Enabled": true,
        "Formula": [
            "$trainingRange = $inputCondition.toGroup(capsule(\"2023-01-01T09:10:00.000Z\", \"2023-03-01T09:10:00.000Z\"), CapsuleBoundary.EnclosedBy)",
            "referenceTable(5min)",
            "  .addRows($inputSignal, $trainingRange)",
            "  .repeatOver($repeatOverCondition.fragment(), ReferenceTableStat.AveDev, 3)"
        ],
        "Formula Parameters": {
            "inputCondition": "0EFAB6C1-BF71-7510-A0F6-112FAA2B4A8F",
            "inputSignal": "0EFAB6BA-05A2-FF50-879F-9A70682A3A60",
            "repeatOverCondition": "0EFAB6C1-BF71-7510-A0F6-112FAA2B4A8F"
        },
        "Formula Version": 31,
        "ID": "0EFAB6C4-AFF7-ECD0-A69A-FA20BCEBF6DC",
        "Interpolation Method": "Linear",
        "Locked": false,
        "Maximum Interpolation": {
            "Unit Of Measure": "min",
            "Value": 5
        },
        "Name": "Weekday On-Peak Limit",
        "Scoped To": "0EFAB6B4-75BE-75B0-A9A6-00B53E602978",
        "Type": "CalculatedSignal",
        "UIConfig": {
            "configVersion": 11,
            "griddingPeriod": {
                "units": "min",
                "value": 5
            },
            "multiplier": "3",
            "referenceStat": "AveDev",
            "type": "reference",
            "windowEnd": 1677661800000,
            "windowStart": 1672564200000
        },
        "Unsearchable": false,
        "Value Unit Of Measure": "t/h"
    },
    "0EFAB6C5-ABB8-60B0-9D11-06C855DEEC56": {
        "Archived": false,
        "Cache Enabled": true,
        "Cache ID": "0EFAB6C5-ABBC-EED0-9458-FD830241787E",
        "Data ID": "0EFAB6C5-ABB8-60B0-9D11-06C855DEEC56",
        "Datasource Class": "Seeq Calculations",
        "Datasource ID": "Seeq Calculations",
        "Enabled": true,
        "Formula": [
            "$trainingRange = $inputCondition.toGroup(capsule(\"2023-01-01T09:10:00.000Z\", \"2023-03-01T09:10:00.000Z\"), CapsuleBoundary.EnclosedBy)",
            "referenceTable(5min)",
            "  .addRows($inputSignal, $trainingRange)",
            "  .repeatOver($repeatOverCondition.fragment(), ReferenceTableStat.AveDev, 3)"
        ],
        "Formula Parameters": {
            "inputCondition": "0EFAB6C2-3D42-ECA0-928E-D5BAF022C0C7",
            "inputSignal": "0EFAB6BA-05A2-FF50-879F-9A70682A3A60",
            "repeatOverCondition": "0EFAB6C2-3D42-ECA0-928E-D5BAF022C0C7"
        },
        "Formula Version": 31,
        "ID": "0EFAB6C5-ABB8-60B0-9D11-06C855DEEC56",
        "Interpolation Method": "Linear",
        "Locked": false,
        "Maximum Interpolation": {
            "Unit Of Measure": "min",
            "Value": 5
        },
        "Name": "Weekend On-Peak Limit",
        "Scoped To": "0EFAB6B4-75BE-75B0-A9A6-00B53E602978",
        "Type": "CalculatedSignal",
        "UIConfig": {
            "configVersion": 11,
            "griddingPeriod": {
                "units": "min",
                "value": 5
            },
            "multiplier": "3",
            "referenceStat": "AveDev",
            "scopedTo": "0EFAB6B4-75BE-75B0-A9A6-00B53E602978",
            "type": "reference",
            "windowEnd": 1677661800000,
            "windowStart": 1672564200000
        },
        "Unsearchable": false,
        "Value Unit Of Measure": "t/h"
    },
    "0EFAB6CB-63CC-FBB0-9E52-AF441B838AC6": {
        "Archived": false,
        "Cache Enabled": true,
        "Cache ID": "0EFAB6CB-63D4-60E0-9793-7C5C01BAE261",
        "Data ID": "0EFAB6CB-63CC-FBB0-9E52-AF441B838AC6",
        "Datasource Class": "Seeq Calculations",
        "Datasource ID": "Seeq Calculations",
        "Enabled": true,
        "Formula": [
            "$weekday_limit.splice($weekend_limit,$weekend)",
            ".within(past())"
        ],
        "Formula Parameters": {
            "weekday_limit": "0EFAB6C4-AFF7-ECD0-A69A-FA20BCEBF6DC",
            "weekend": "0EFAB6C2-3D42-ECA0-928E-D5BAF022C0C7",
            "weekend_limit": "0EFAB6C5-ABB8-60B0-9D11-06C855DEEC56"
        },
        "Formula Version": 31,
        "ID": "0EFAB6CB-63CC-FBB0-9E52-AF441B838AC6",
        "Interpolation Method": "Linear",
        "Locked": false,
        "Maximum Interpolation": {
            "Unit Of Measure": "min",
            "Value": 5
        },
        "Name": "Peak Limit",
        "Scoped To": "0EFAB6B4-75BE-75B0-A9A6-00B53E602978",
        "Type": "CalculatedSignal",
        "UIConfig": {
            "advancedParametersCollapsed": true,
            "configVersion": 11,
            "localFormula": "",
            "tabTransitioning": false,
            "type": "formula"
        },
        "Unsearchable": false,
        "Value Unit Of Measure": "t/h"
    },
    "0EFAB6CC-D5A0-6060-A3C3-FABB6B21E239": {
        "Archived": false,
        "Cache Enabled": false,
        "Data ID": "0EFAB6CC-D5A0-6060-A3C3-FABB6B21E239",
        "Datasource Class": "Seeq Calculations",
        "Datasource ID": "Seeq Calculations",
        "Enabled": true,
        "Formula": "<ThresholdMetric>",
        "Formula Parameters": {
            "Aggregation Condition": null,
            "Measured Item": "0EFAB6BA-05A2-FF50-879F-9A70682A3A60",
            "Metric Neutral Color": "#00B050",
            "Process Type": "Simple",
            "Thresholds": [
                {
                    "Item ID": "0EFAB6CB-63CC-FBB0-9E52-AF441B838AC6",
                    "Priority": {
                        "Color": "#ffffff",
                        "Level": 3,
                        "Name": "HiHiHi"
                    }
                }
            ]
        },
        "ID": "0EFAB6CC-D5A0-6060-A3C3-FABB6B21E239",
        "Locked": false,
        "MetricReconfigurationMigration": true,
        "Name": "Peak time Reference Profile",
        "NeutralColor": "#00B050",
        "Scoped To": "0EFAB6B4-75BE-75B0-A9A6-00B53E602978",
        "Type": "ThresholdMetric",
        "UIConfig": {
            "advancedParametersCollapsed": true,
            "type": "threshold-metric"
        },
        "Unsearchable": false
    },
    "0EFAB6CD-BE23-FF30-AA87-A0D16EA0AD06": {
        "Archived": false,
        "Cache Enabled": true,
        "Cache ID": "0EFAB6CD-BE26-6640-8898-357E6C900ECD",
        "Capsule ID Property": "start",
        "Capsule Property Units": {},
        "Data ID": "0EFAB6CD-BE23-FF30-AA87-A0D16EA0AD06",
        "Datasource Class": "Seeq Calculations",
        "Datasource ID": "Seeq Calculations",
        "Enabled": true,
        "Formula": [
            "($a > $b)",
            ".merge(0min)",
            ".removeShorterThan(30min)"
        ],
        "Formula Parameters": {
            "a": "0EFAB6BA-05A2-FF50-879F-9A70682A3A60",
            "b": "0EFAB6CB-63CC-FBB0-9E52-AF441B838AC6"
        },
        "Formula Version": 31,
        "ID": "0EFAB6CD-BE23-FF30-AA87-A0D16EA0AD06",
        "Locked": false,
        "Name": "Above Limits",
        "Scoped To": "0EFAB6B4-75BE-75B0-A9A6-00B53E602978",
        "Type": "CalculatedCondition",
        "UIConfig": {
            "advancedEntryDuration": {
                "units": "min",
                "value": 0
            },
            "advancedEntryLowerValue": null,
            "advancedEntryValue": null,
            "advancedExitDuration": {
                "units": "min",
                "value": 0
            },
            "advancedExitValue": null,
            "advancedParametersCollapsed": true,
            "configVersion": 11,
            "isCleansing": true,
            "isMigratedDeviationSearch": false,
            "isSimple": true,
            "mergeDuration": {
                "units": "min",
                "value": 0
            },
            "minDuration": {
                "units": "min",
                "valid": true,
                "value": 30
            },
            "simpleLowerValue": null,
            "simpleOperator": ">",
            "simpleValue": "0EFAB6CB-63CC-FBB0-9E52-AF441B838AC6",
            "type": "value-search",
            "useValidValues": false,
            "version": "V3"
        },
        "Unsearchable": false
    },
    "2407642C-0169-4ED0-A25C-321E29DC975B": {
        "Archived": false,
        "Asset": "Area A",
        "Cache Enabled": false,
        "Data ID": "root/Cooling Tower 1/Area A",
        "Datasource Class": "Time Series CSV Files",
        "Datasource ID": "Example Data",
        "Enabled": true,
        "ID": "2407642C-0169-4ED0-A25C-321E29DC975B",
        "Locked": false,
        "Name": "Area A",
        "Old Asset Format": false,
        "Parent ID": "2D048792-9E40-4069-85F3-E88930688D78",
        "Path": "Example >> Cooling Tower 1",
        "Sync Token": "2023-02-14T14:23:22.157733130Z",
        "Type": "Asset",
        "Unsearchable": false,
        "size": "1"
    },
    "2D048792-9E40-4069-85F3-E88930688D78": {
        "Archived": false,
        "Asset": "Cooling Tower 1",
        "Cache Enabled": false,
        "Data ID": "root/Cooling Tower 1",
        "Datasource Class": "Time Series CSV Files",
        "Datasource ID": "Example Data",
        "Enabled": true,
        "ID": "2D048792-9E40-4069-85F3-E88930688D78",
        "Locked": false,
        "Name": "Cooling Tower 1",
        "Old Asset Format": false,
        "Parent ID": "39F3A721-922E-467D-9DD9-D60364A7EC39",
        "Path": "Example",
        "Sync Token": "2023-02-14T14:23:22.157733130Z",
        "Type": "Asset",
        "Unsearchable": false
    },
    "39F3A721-922E-467D-9DD9-D60364A7EC39": {
        "Archived": false,
        "Asset": "Example",
        "Cache Enabled": false,
        "Data ID": "Example-Data-Root",
        "Datasource Class": "Time Series CSV Files",
        "Datasource ID": "Example Data",
        "Enabled": true,
        "ID": "39F3A721-922E-467D-9DD9-D60364A7EC39",
        "Locked": false,
        "Name": "Example",
        "Old Asset Format": false,
        "Path": "",
        "Sync Token": "2023-02-14T14:23:22.157733130Z",
        "Type": "Asset",
        "Unsearchable": false
    },
    "62E6F850-E523-408D-AD10-0C87E65F996B": {
        "Archived": false,
        "Asset": "Area A",
        "Cache Enabled": true,
        "Cache ID": "0EEFCB40-94D0-7760-B591-5E51632395B9",
        "Data ID": "Area A_Optimizer.sim.ts.csv",
        "Datasource Class": "Time Series CSV Files",
        "Datasource ID": "Example Data",
        "Datasource Name": "Example Data",
        "Enabled": false,
        "ID": "62E6F850-E523-408D-AD10-0C87E65F996B",
        "Interpolation Method": "Linear",
        "Key Unit Of Measure": "ns",
        "Locked": false,
        "Maximum Interpolation": "2min",
        "Multivalued Samples Behavior": "Keep Last",
        "Name": "Optimizer",
        "Number Format": "#,##0.00",
        "Override Maximum Interpolation": "2min",
        "Parent ID": "2407642C-0169-4ED0-A25C-321E29DC975B",
        "Path": "Example >> Cooling Tower 1",
        "Source Maximum Interpolation": "2min",
        "Source Value Unit Of Measure": "",
        "Stored Series Cache Version": 1,
        "Sync Token": "2024-06-22T13:12:17.356547255Z",
        "Type": "StoredSignal",
        "Unsearchable": false,
        "Value Unit Of Measure": ""
    },
    "905A3390-CCA6-489B-89A3-492EC9F7FF26": {
        "Access Control": [
            {
                "ID": "726694d8-3949-4a40-aa59-e01b172690cd",
                "Identity": {
                    "Datasource Class": "OAuth 2.0",
                    "Datasource ID": "9ecc7e74-4c32-436d-9af0-70d8aa99386b",
                    "Datasource Name": "Seeq Azure SSO",
                    "Email": "Joseph.Reckamp@seeq.com",
                    "First Name": "Joe",
                    "ID": "C9FD5B90-17F3-4CA7-8C37-CD9B7D9B85D2",
                    "Is Admin": true,
                    "Last Name": "Reckamp",
                    "Name": "Joe Reckamp",
                    "Type": "User",
                    "Username": "DEg3Lh5pLS4-lG84EjGXXXdzxhd1450vkLgiu8he2l8"
                },
                "Origin": null,
                "Permissions": {
                    "Manage": true,
                    "Read": true,
                    "Write": true
                },
                "Redacted": false,
                "Role": "OWNER"
            }
        ],
        "Ancestors": [
            "__Users__"
        ],
        "Archived": false,
        "Cache Enabled": false,
        "Created At": "1605736826077625600",
        "Enabled": true,
        "ID": "905A3390-CCA6-489B-89A3-492EC9F7FF26",
        "Locked": false,
        "Name": "Joseph Reckamp",
        "Owner": {
            "Datasource Class": "OAuth 2.0",
            "Datasource ID": "9ecc7e74-4c32-436d-9af0-70d8aa99386b",
            "Datasource Name": "Seeq Azure SSO",
            "Email": "Joseph.Reckamp@seeq.com",
            "First Name": "Joe",
            "ID": "C9FD5B90-17F3-4CA7-8C37-CD9B7D9B85D2",
            "Is Admin": true,
            "Last Name": "Reckamp",
            "Name": "Joe Reckamp",
            "Type": "User",
            "Username": "DEg3Lh5pLS4-lG84EjGXXXdzxhd1450vkLgiu8he2l8"
        },
        "Permission Inheritance Disabled": true,
        "Type": "Folder",
        "Unmodifiable": true,
        "Unsearchable": true,
        "Updated At": "1605736826077625600"
    }
}