{
    "Definition": {
        "Archived": false,
        "Cache Enabled": false,
        "Created At": "1732566274797781330",
        "Description": "Improve early blockage detection by 13 hours . Reduce the frequency of release of untreated sewage into waterways, resulting in substantial cost savings in environmental cleanup. Problem Statement Sewer blockages release untreated waste into waterways, resulting in substantial environmental, monetary, and reputational consequences.&nbsp; Solution With as little as 30 days",
        "Document": "<h3><strong>Pump Station Monitoring</strong></h3><figure class=\"table\"><table class=\"ck-table-resized\" style=\"border-color:hsl(0, 0%, 100%);border-style:solid;\"><colgroup><col style=\"width:28.79%;\" /><col style=\"width:71.21%;\" /></colgroup><tbody><tr><td style=\"background-color:hsl(0, 0%, 100%);border-color:hsl(0, 0%, 100%);border-style:solid;\"><img src=\"/api/annotations/0EFAB6B4-9141-FD00-907C-F8F663AF62CD/images/image_v1.png\" alt=\"No photo description available.\"></td><td style=\"background-color:hsl(0, 0%, 100%);border-color:hsl(0, 0%, 100%);border-style:solid;\"><h4>Improve early blockage detection by <a target=\"_blank\" href=\"https://www.aveva.com/en/perspectives/success-stories/taswater/\" rel=\"nofollow noopener noreferrer\"><strong>13 hours</strong></a><strong>.</strong><br>Reduce the frequency of release of untreated sewage into waterways, resulting in substantial <strong>cost savings in environmental cleanup.</strong></h4></td></tr></tbody></table></figure><h4><strong>Problem Statement</strong></h4><p>Sewer blockages release untreated waste into waterways, resulting in substantial environmental, monetary, and reputational consequences.\u00a0</p><h4><strong>Solution</strong></h4><p>With as little as 30 days of historical data, <a href=\"/links?type&#61;workstep&amp;workbook&#61;0EFAB6B4-75BE-75B0-A9A6-00B53E602978&amp;worksheet&#61;0EFAB6B4-7B3A-62A0-AA0D-8F657C2B2F29&amp;workstep&#61;0EFAB6D4-9B7E-EC30-B797-A32D1DC3C78B\" rel=\"nofollow noopener noreferrer\">develop a profile of normal pump station behavior</a> based on the day and time, and use this to monitor any deviations from the normal/acceptable profile.</p><p>1. Access <a href=\"/links?type&#61;workstep&amp;workbook&#61;0EFAB6B4-75BE-75B0-A9A6-00B53E602978&amp;worksheet&#61;0EFAB6B4-7B3A-62A0-AA0D-8F657C2B2F29&amp;workstep&#61;0EFAB6C0-2D73-6290-A37F-C2AD838D8A7E\" rel=\"nofollow noopener noreferrer\">raw data</a></p><p>2. Define <a href=\"/links?type&#61;workstep&amp;workbook&#61;0EFAB6B4-75BE-75B0-A9A6-00B53E602978&amp;worksheet&#61;0EFAB6B4-7B3A-62A0-AA0D-8F657C2B2F29&amp;workstep&#61;0EFAB6BF-5FEC-66A0-8599-9A88F206A3E8\" rel=\"nofollow noopener noreferrer\">peak operating times</a></p><p>3. Combine multiple periods of interest to identify <a href=\"/links?type&#61;workstep&amp;workbook&#61;0EFAB6B4-75BE-75B0-A9A6-00B53E602978&amp;worksheet&#61;0EFAB6B4-7B3A-62A0-AA0D-8F657C2B2F29&amp;workstep&#61;0EFAB6C2-7F0E-60D0-BAF6-FBC517EE288D\" rel=\"nofollow noopener noreferrer\">weekend and weekday peak times</a>.</p><p>4. Use point-and-click tools to\u00a0develop a <a href=\"/links?type&#61;workstep&amp;workbook&#61;0EFAB6B4-75BE-75B0-A9A6-00B53E602978&amp;worksheet&#61;0EFAB6B4-7B3A-62A0-AA0D-8F657C2B2F29&amp;workstep&#61;0EFAB6C5-EBBF-EA50-BDE6-70426DF0C79F\" rel=\"nofollow noopener noreferrer\">reference profile</a> of pump station behavior during different times. (<a href=\"/links?type&#61;workstep&amp;workbook&#61;0EFAB6B4-75BE-75B0-A9A6-00B53E602978&amp;worksheet&#61;0EFAB6B4-7B3A-62A0-AA0D-8F657C2B2F29&amp;workstep&#61;0EFAB6C7-C96C-ECD0-9A6C-3B543B73944B\" rel=\"nofollow noopener noreferrer\">capsule view</a>)\u00a0</p><p>5. Monitor <a href=\"/links?type&#61;workstep&amp;workbook&#61;0EFAB6B4-75BE-75B0-A9A6-00B53E602978&amp;worksheet&#61;0EFAB6B4-7B3A-62A0-AA0D-8F657C2B2F29&amp;workstep&#61;0EFAB6CE-FACE-FD80-BD5E-A287F535D036\" rel=\"nofollow noopener noreferrer\">deviations</a> from the standard profile and <a href=\"/links?type&#61;workstep&amp;workbook&#61;0EFAB6B4-75BE-75B0-A9A6-00B53E602978&amp;worksheet&#61;0EFAB6B4-7B3A-62A0-AA0D-8F657C2B2F29&amp;workstep&#61;0EFAB6D2-B90C-EE70-BD45-5A717541F1EB\" rel=\"nofollow noopener noreferrer\">monitor for issues across assets</a>.</p>",
        "DocumentBackup\u02c9DEg3Lh5pLS4-lG84EjGXXXdzxhd1450vkLgiu8he2l8\u02c92024-11-25T20:24:00Z": "",
        "DocumentBackup\u02c9DEg3Lh5pLS4-lG84EjGXXXdzxhd1450vkLgiu8he2l8\u02c92024-11-25T20:25:00Z": "<h3><strong>Pump Station Monitoring</strong></h3><figure class=\"table\"><table class=\"ck-table-resized\" style=\"border-color:hsl(0, 0%, 100%);border-style:solid;\"><colgroup><col style=\"width:28.79%;\" /><col style=\"width:71.21%;\" /></colgroup><tbody><tr><td style=\"background-color:hsl(0, 0%, 100%);border-color:hsl(0, 0%, 100%);border-style:solid;\"><img src=\"/api/annotations/0EFAB6B4-9141-FD00-907C-F8F663AF62CD/images/image_v1.png\" alt=\"No photo description available.\"></td><td style=\"background-color:hsl(0, 0%, 100%);border-color:hsl(0, 0%, 100%);border-style:solid;\"><h4>Improve early blockage detection by <a target=\"_blank\" href=\"https://www.aveva.com/en/perspectives/success-stories/taswater/\" rel=\"nofollow noopener noreferrer\"><strong>13 hours</strong></a><strong>.</strong><br>Reduce the frequency of release of untreated sewage into waterways, resulting in substantial <strong>cost savings in environmental cleanup.</strong></h4></td></tr></tbody></table></figure><h4><strong>Problem Statement</strong></h4><p>Sewer blockages release untreated waste into waterways, resulting in substantial environmental, monetary, and reputational consequences.\u00a0</p><h4><strong>Solution</strong></h4><p>With as little as 30 days of historical data, <a href=\"/links?type&#61;workstep&amp;workbook&#61;0EEA6866-B9A0-EAF0-9446-E5A9F2FD989E&amp;worksheet&#61;0EEA6866-BC36-64E0-BE2A-2B9B601F4B13&amp;workstep&#61;0EEA68AA-555B-77E0-BD68-788078629FCA\" rel=\"nofollow noopener noreferrer\">develop a profile of normal pump station behavior</a> based on the day and time, and use this to monitor any deviations from the normal/acceptable profile.</p><p>1. Access <a href=\"/links?type&#61;workstep&amp;workbook&#61;0EEA6866-B9A0-EAF0-9446-E5A9F2FD989E&amp;worksheet&#61;0EEA6866-BC36-64E0-BE2A-2B9B601F4B13&amp;workstep&#61;0EEA688E-DC29-7720-8D53-6E16CB0FF632\" rel=\"nofollow noopener noreferrer\">raw data</a></p><p>2. Define <a href=\"/links?type&#61;workstep&amp;workbook&#61;0EEA6866-B9A0-EAF0-9446-E5A9F2FD989E&amp;worksheet&#61;0EEA6866-BC36-64E0-BE2A-2B9B601F4B13&amp;workstep&#61;0EEA6893-6D0D-6490-9575-6E45DA6C4564\" rel=\"nofollow noopener noreferrer\">peak operating times</a></p><p>3. Combine multiple periods of interest to identify <a href=\"/links?type&#61;workstep&amp;workbook&#61;0EEA6866-B9A0-EAF0-9446-E5A9F2FD989E&amp;worksheet&#61;0EEA6866-BC36-64E0-BE2A-2B9B601F4B13&amp;workstep&#61;0EEA6895-84B3-EC00-A29B-D2AE57243CE3\" rel=\"nofollow noopener noreferrer\">weekend and weekday peak times</a>.</p><p>4. Use point-and-click tools to\u00a0develop a <a href=\"/links?type&#61;workstep&amp;workbook&#61;0EEA6866-B9A0-EAF0-9446-E5A9F2FD989E&amp;worksheet&#61;0EEA6866-BC36-64E0-BE2A-2B9B601F4B13&amp;workstep&#61;0EEA689C-5D4C-64D0-B963-8FD25DCD9848\" rel=\"nofollow noopener noreferrer\">reference profile</a> of pump station behavior during different times. (<a href=\"/links?type&#61;workstep&amp;workbook&#61;0EEA6866-B9A0-EAF0-9446-E5A9F2FD989E&amp;worksheet&#61;0EEA6866-BC36-64E0-BE2A-2B9B601F4B13&amp;workstep&#61;0EEA689D-7182-EC00-ACD2-C19E12857A85\" rel=\"nofollow noopener noreferrer\">&gt;capsule view</a>)\u00a0</p><p>5. <a href=\"/links?type&#61;workstep&amp;workbook&#61;0EEA6866-B9A0-EAF0-9446-E5A9F2FD989E&amp;worksheet&#61;0EEA6866-BC36-64E0-BE2A-2B9B601F4B13&amp;workstep&#61;0EEA68A6-0283-7710-9C2F-594AE89F64BF\" rel=\"nofollow noopener noreferrer\">Monitor Deviations</a> from the standard profile and <a href=\"/links?type&#61;workstep&amp;workbook&#61;0EEA6866-B9A0-EAF0-9446-E5A9F2FD989E&amp;worksheet&#61;0EEA6866-BC36-64E0-BE2A-2B9B601F4B13&amp;workstep&#61;0EEA68A7-D392-F9E0-BEEE-6B881A6C5105\" rel=\"nofollow noopener noreferrer\">monitor for issues across assets</a>.</p>",
        "DocumentBackup\u02c9DEg3Lh5pLS4-lG84EjGXXXdzxhd1450vkLgiu8he2l8\u02c92024-11-25T20:27:00Z": "<h3><strong>Pump Station Monitoring</strong></h3><figure class=\"table\"><table class=\"ck-table-resized\" style=\"border-color:hsl(0, 0%, 100%);border-style:solid;\"><colgroup><col style=\"width:28.79%;\" /><col style=\"width:71.21%;\" /></colgroup><tbody><tr><td style=\"background-color:hsl(0, 0%, 100%);border-color:hsl(0, 0%, 100%);border-style:solid;\"><img src=\"/api/annotations/0EFAB6B4-9141-FD00-907C-F8F663AF62CD/images/image_v1.png\" alt=\"No photo description available.\"></td><td style=\"background-color:hsl(0, 0%, 100%);border-color:hsl(0, 0%, 100%);border-style:solid;\"><h4>Improve early blockage detection by <a target=\"_blank\" href=\"https://www.aveva.com/en/perspectives/success-stories/taswater/\" rel=\"nofollow noopener noreferrer\"><strong>13 hours</strong></a><strong>.</strong><br>Reduce the frequency of release of untreated sewage into waterways, resulting in substantial <strong>cost savings in environmental cleanup.</strong></h4></td></tr></tbody></table></figure><h4><strong>Problem Statement</strong></h4><p>Sewer blockages release untreated waste into waterways, resulting in substantial environmental, monetary, and reputational consequences.\u00a0</p><h4><strong>Solution</strong></h4><p>With as little as 30 days of historical data, develop a profile of normal pump station behavior based on the day and time, and use this to monitor any deviations from the normal/acceptable profile.</p><p>1. Access <a href=\"/links?type&#61;workstep&amp;workbook&#61;0EFAB6B4-75BE-75B0-A9A6-00B53E602978&amp;worksheet&#61;0EFAB6B4-7B3A-62A0-AA0D-8F657C2B2F29&amp;workstep&#61;0EFAB6BA-49A7-7110-A54C-037F478A766E\" rel=\"nofollow noopener noreferrer\">raw data</a></p><p>2. Define peak operating times</p><p>3. Combine multiple periods of interest to identify weekend and weekday peak times.</p><p>4. Use point-and-click tools to\u00a0develop a reference profile of pump station behavior during different times. (&gt;capsule view)\u00a0</p><p>5. Monitor Deviations from the standard profile and monitor for issues across assets.</p>",
        "DocumentBackup\u02c9DEg3Lh5pLS4-lG84EjGXXXdzxhd1450vkLgiu8he2l8\u02c92024-11-25T20:29:00Z": "<h3><strong>Pump Station Monitoring</strong></h3><figure class=\"table\"><table class=\"ck-table-resized\" style=\"border-color:hsl(0, 0%, 100%);border-style:solid;\"><colgroup><col style=\"width:28.79%;\" /><col style=\"width:71.21%;\" /></colgroup><tbody><tr><td style=\"background-color:hsl(0, 0%, 100%);border-color:hsl(0, 0%, 100%);border-style:solid;\"><img src=\"/api/annotations/0EFAB6B4-9141-FD00-907C-F8F663AF62CD/images/image_v1.png\" alt=\"No photo description available.\"></td><td style=\"background-color:hsl(0, 0%, 100%);border-color:hsl(0, 0%, 100%);border-style:solid;\"><h4>Improve early blockage detection by <a target=\"_blank\" href=\"https://www.aveva.com/en/perspectives/success-stories/taswater/\" rel=\"nofollow noopener noreferrer\"><strong>13 hours</strong></a><strong>.</strong><br>Reduce the frequency of release of untreated sewage into waterways, resulting in substantial <strong>cost savings in environmental cleanup.</strong></h4></td></tr></tbody></table></figure><h4><strong>Problem Statement</strong></h4><p>Sewer blockages release untreated waste into waterways, resulting in substantial environmental, monetary, and reputational consequences.\u00a0</p><h4><strong>Solution</strong></h4><p>With as little as 30 days of historical data, develop a profile of normal pump station behavior based on the day and time, and use this to monitor any deviations from the normal/acceptable profile.</p><p>1. Access <a href=\"/links?type&#61;workstep&amp;workbook&#61;0EFAB6B4-75BE-75B0-A9A6-00B53E602978&amp;worksheet&#61;0EFAB6B4-7B3A-62A0-AA0D-8F657C2B2F29&amp;workstep&#61;0EFAB6BA-49A7-7110-A54C-037F478A766E\" rel=\"nofollow noopener noreferrer\">raw data</a></p><p>2. Define <a href=\"/links?type&#61;workstep&amp;workbook&#61;0EFAB6B4-75BE-75B0-A9A6-00B53E602978&amp;worksheet&#61;0EFAB6B4-7B3A-62A0-AA0D-8F657C2B2F29&amp;workstep&#61;0EFAB6BF-5FEC-66A0-8599-9A88F206A3E8\" rel=\"nofollow noopener noreferrer\">peak operating times</a></p><p>3. Combine multiple periods of interest to identify weekend and weekday peak times.</p><p>4. Use point-and-click tools to\u00a0develop a reference profile of pump station behavior during different times. (&gt;capsule view)\u00a0</p><p>5. Monitor Deviations from the standard profile and monitor for issues across assets.</p>",
        "DocumentBackup\u02c9DEg3Lh5pLS4-lG84EjGXXXdzxhd1450vkLgiu8he2l8\u02c92024-11-25T20:30:00Z": "<h3><strong>Pump Station Monitoring</strong></h3><figure class=\"table\"><table class=\"ck-table-resized\" style=\"border-color:hsl(0, 0%, 100%);border-style:solid;\"><colgroup><col style=\"width:28.79%;\" /><col style=\"width:71.21%;\" /></colgroup><tbody><tr><td style=\"background-color:hsl(0, 0%, 100%);border-color:hsl(0, 0%, 100%);border-style:solid;\"><img src=\"/api/annotations/0EFAB6B4-9141-FD00-907C-F8F663AF62CD/images/image_v1.png\" alt=\"No photo description available.\"></td><td style=\"background-color:hsl(0, 0%, 100%);border-color:hsl(0, 0%, 100%);border-style:solid;\"><h4>Improve early blockage detection by <a target=\"_blank\" href=\"https://www.aveva.com/en/perspectives/success-stories/taswater/\" rel=\"nofollow noopener noreferrer\"><strong>13 hours</strong></a><strong>.</strong><br>Reduce the frequency of release of untreated sewage into waterways, resulting in substantial <strong>cost savings in environmental cleanup.</strong></h4></td></tr></tbody></table></figure><h4><strong>Problem Statement</strong></h4><p>Sewer blockages release untreated waste into waterways, resulting in substantial environmental, monetary, and reputational consequences.\u00a0</p><h4><strong>Solution</strong></h4><p>With as little as 30 days of historical data, develop a profile of normal pump station behavior based on the day and time, and use this to monitor any deviations from the normal/acceptable profile.</p><p>1. Access <a href=\"/links?type&#61;workstep&amp;workbook&#61;0EFAB6B4-75BE-75B0-A9A6-00B53E602978&amp;worksheet&#61;0EFAB6B4-7B3A-62A0-AA0D-8F657C2B2F29&amp;workstep&#61;0EFAB6C0-2D73-6290-A37F-C2AD838D8A7E\" rel=\"nofollow noopener noreferrer\">raw data</a></p><p>2. Define <a href=\"/links?type&#61;workstep&amp;workbook&#61;0EFAB6B4-75BE-75B0-A9A6-00B53E602978&amp;worksheet&#61;0EFAB6B4-7B3A-62A0-AA0D-8F657C2B2F29&amp;workstep&#61;0EFAB6BF-5FEC-66A0-8599-9A88F206A3E8\" rel=\"nofollow noopener noreferrer\">peak operating times</a></p><p>3. Combine multiple periods of interest to identify <a href=\"/links?type&#61;workstep&amp;workbook&#61;0EFAB6B4-75BE-75B0-A9A6-00B53E602978&amp;worksheet&#61;0EFAB6B4-7B3A-62A0-AA0D-8F657C2B2F29&amp;workstep&#61;0EFAB6C2-7F0E-60D0-BAF6-FBC517EE288D\" rel=\"nofollow noopener noreferrer\">weekend and weekday peak times</a>.</p><p>4. Use point-and-click tools to\u00a0develop a reference profile of pump station behavior during different times. (&gt;capsule view)\u00a0</p><p>5. Monitor Deviations from the standard profile and monitor for issues across assets.</p>",
        "DocumentBackup\u02c9DEg3Lh5pLS4-lG84EjGXXXdzxhd1450vkLgiu8he2l8\u02c92024-11-25T20:32:00Z": "<h3><strong>Pump Station Monitoring</strong></h3><figure class=\"table\"><table class=\"ck-table-resized\" style=\"border-color:hsl(0, 0%, 100%);border-style:solid;\"><colgroup><col style=\"width:28.79%;\" /><col style=\"width:71.21%;\" /></colgroup><tbody><tr><td style=\"background-color:hsl(0, 0%, 100%);border-color:hsl(0, 0%, 100%);border-style:solid;\"><img src=\"/api/annotations/0EFAB6B4-9141-FD00-907C-F8F663AF62CD/images/image_v1.png\" alt=\"No photo description available.\"></td><td style=\"background-color:hsl(0, 0%, 100%);border-color:hsl(0, 0%, 100%);border-style:solid;\"><h4>Improve early blockage detection by <a target=\"_blank\" href=\"https://www.aveva.com/en/perspectives/success-stories/taswater/\" rel=\"nofollow noopener noreferrer\"><strong>13 hours</strong></a><strong>.</strong><br>Reduce the frequency of release of untreated sewage into waterways, resulting in substantial <strong>cost savings in environmental cleanup.</strong></h4></td></tr></tbody></table></figure><h4><strong>Problem Statement</strong></h4><p>Sewer blockages release untreated waste into waterways, resulting in substantial environmental, monetary, and reputational consequences.\u00a0</p><h4><strong>Solution</strong></h4><p>With as little as 30 days of historical data, develop a profile of normal pump station behavior based on the day and time, and use this to monitor any deviations from the normal/acceptable profile.</p><p>1. Access <a href=\"/links?type&#61;workstep&amp;workbook&#61;0EFAB6B4-75BE-75B0-A9A6-00B53E602978&amp;worksheet&#61;0EFAB6B4-7B3A-62A0-AA0D-8F657C2B2F29&amp;workstep&#61;0EFAB6C0-2D73-6290-A37F-C2AD838D8A7E\" rel=\"nofollow noopener noreferrer\">raw data</a></p><p>2. Define <a href=\"/links?type&#61;workstep&amp;workbook&#61;0EFAB6B4-75BE-75B0-A9A6-00B53E602978&amp;worksheet&#61;0EFAB6B4-7B3A-62A0-AA0D-8F657C2B2F29&amp;workstep&#61;0EFAB6BF-5FEC-66A0-8599-9A88F206A3E8\" rel=\"nofollow noopener noreferrer\">peak operating times</a></p><p>3. Combine multiple periods of interest to identify <a href=\"/links?type&#61;workstep&amp;workbook&#61;0EFAB6B4-75BE-75B0-A9A6-00B53E602978&amp;worksheet&#61;0EFAB6B4-7B3A-62A0-AA0D-8F657C2B2F29&amp;workstep&#61;0EFAB6C2-7F0E-60D0-BAF6-FBC517EE288D\" rel=\"nofollow noopener noreferrer\">weekend and weekday peak times</a>.</p><p>4. Use point-and-click tools to\u00a0develop a <a href=\"/links?type&#61;workstep&amp;workbook&#61;0EFAB6B4-75BE-75B0-A9A6-00B53E602978&amp;worksheet&#61;0EFAB6B4-7B3A-62A0-AA0D-8F657C2B2F29&amp;workstep&#61;0EFAB6C5-EBBF-EA50-BDE6-70426DF0C79F\" rel=\"nofollow noopener noreferrer\">reference profile</a> of pump station behavior during different times. (&gt;capsule view)\u00a0</p><p>5. Monitor Deviations from the standard profile and monitor for issues across assets.</p>",
        "DocumentBackup\u02c9DEg3Lh5pLS4-lG84EjGXXXdzxhd1450vkLgiu8he2l8\u02c92024-11-25T20:33:00Z": "<h3><strong>Pump Station Monitoring</strong></h3><figure class=\"table\"><table class=\"ck-table-resized\" style=\"border-color:hsl(0, 0%, 100%);border-style:solid;\"><colgroup><col style=\"width:28.79%;\" /><col style=\"width:71.21%;\" /></colgroup><tbody><tr><td style=\"background-color:hsl(0, 0%, 100%);border-color:hsl(0, 0%, 100%);border-style:solid;\"><img src=\"/api/annotations/0EFAB6B4-9141-FD00-907C-F8F663AF62CD/images/image_v1.png\" alt=\"No photo description available.\"></td><td style=\"background-color:hsl(0, 0%, 100%);border-color:hsl(0, 0%, 100%);border-style:solid;\"><h4>Improve early blockage detection by <a target=\"_blank\" href=\"https://www.aveva.com/en/perspectives/success-stories/taswater/\" rel=\"nofollow noopener noreferrer\"><strong>13 hours</strong></a><strong>.</strong><br>Reduce the frequency of release of untreated sewage into waterways, resulting in substantial <strong>cost savings in environmental cleanup.</strong></h4></td></tr></tbody></table></figure><h4><strong>Problem Statement</strong></h4><p>Sewer blockages release untreated waste into waterways, resulting in substantial environmental, monetary, and reputational consequences.\u00a0</p><h4><strong>Solution</strong></h4><p>With as little as 30 days of historical data, develop a profile of normal pump station behavior based on the day and time, and use this to monitor any deviations from the normal/acceptable profile.</p><p>1. Access <a href=\"/links?type&#61;workstep&amp;workbook&#61;0EFAB6B4-75BE-75B0-A9A6-00B53E602978&amp;worksheet&#61;0EFAB6B4-7B3A-62A0-AA0D-8F657C2B2F29&amp;workstep&#61;0EFAB6C0-2D73-6290-A37F-C2AD838D8A7E\" rel=\"nofollow noopener noreferrer\">raw data</a></p><p>2. Define <a href=\"/links?type&#61;workstep&amp;workbook&#61;0EFAB6B4-75BE-75B0-A9A6-00B53E602978&amp;worksheet&#61;0EFAB6B4-7B3A-62A0-AA0D-8F657C2B2F29&amp;workstep&#61;0EFAB6BF-5FEC-66A0-8599-9A88F206A3E8\" rel=\"nofollow noopener noreferrer\">peak operating times</a></p><p>3. Combine multiple periods of interest to identify <a href=\"/links?type&#61;workstep&amp;workbook&#61;0EFAB6B4-75BE-75B0-A9A6-00B53E602978&amp;worksheet&#61;0EFAB6B4-7B3A-62A0-AA0D-8F657C2B2F29&amp;workstep&#61;0EFAB6C2-7F0E-60D0-BAF6-FBC517EE288D\" rel=\"nofollow noopener noreferrer\">weekend and weekday peak times</a>.</p><p>4. Use point-and-click tools to\u00a0develop a <a href=\"/links?type&#61;workstep&amp;workbook&#61;0EFAB6B4-75BE-75B0-A9A6-00B53E602978&amp;worksheet&#61;0EFAB6B4-7B3A-62A0-AA0D-8F657C2B2F29&amp;workstep&#61;0EFAB6C5-EBBF-EA50-BDE6-70426DF0C79F\" rel=\"nofollow noopener noreferrer\">reference profile</a> of pump station behavior during different times. (capsule view)\u00a0</p><p>5. Monitor Deviations from the standard profile and monitor for issues across assets.</p>",
        "DocumentBackup\u02c9DEg3Lh5pLS4-lG84EjGXXXdzxhd1450vkLgiu8he2l8\u02c92024-11-25T20:36:00Z": "<h3><strong>Pump Station Monitoring</strong></h3><figure class=\"table\"><table class=\"ck-table-resized\" style=\"border-color:hsl(0, 0%, 100%);border-style:solid;\"><colgroup><col style=\"width:28.79%;\" /><col style=\"width:71.21%;\" /></colgroup><tbody><tr><td style=\"background-color:hsl(0, 0%, 100%);border-color:hsl(0, 0%, 100%);border-style:solid;\"><img src=\"/api/annotations/0EFAB6B4-9141-FD00-907C-F8F663AF62CD/images/image_v1.png\" alt=\"No photo description available.\"></td><td style=\"background-color:hsl(0, 0%, 100%);border-color:hsl(0, 0%, 100%);border-style:solid;\"><h4>Improve early blockage detection by <a target=\"_blank\" href=\"https://www.aveva.com/en/perspectives/success-stories/taswater/\" rel=\"nofollow noopener noreferrer\"><strong>13 hours</strong></a><strong>.</strong><br>Reduce the frequency of release of untreated sewage into waterways, resulting in substantial <strong>cost savings in environmental cleanup.</strong></h4></td></tr></tbody></table></figure><h4><strong>Problem Statement</strong></h4><p>Sewer blockages release untreated waste into waterways, resulting in substantial environmental, monetary, and reputational consequences.\u00a0</p><h4><strong>Solution</strong></h4><p>With as little as 30 days of historical data, develop a profile of normal pump station behavior based on the day and time, and use this to monitor any deviations from the normal/acceptable profile.</p><p>1. Access <a href=\"/links?type&#61;workstep&amp;workbook&#61;0EFAB6B4-75BE-75B0-A9A6-00B53E602978&amp;worksheet&#61;0EFAB6B4-7B3A-62A0-AA0D-8F657C2B2F29&amp;workstep&#61;0EFAB6C0-2D73-6290-A37F-C2AD838D8A7E\" rel=\"nofollow noopener noreferrer\">raw data</a></p><p>2. Define <a href=\"/links?type&#61;workstep&amp;workbook&#61;0EFAB6B4-75BE-75B0-A9A6-00B53E602978&amp;worksheet&#61;0EFAB6B4-7B3A-62A0-AA0D-8F657C2B2F29&amp;workstep&#61;0EFAB6BF-5FEC-66A0-8599-9A88F206A3E8\" rel=\"nofollow noopener noreferrer\">peak operating times</a></p><p>3. Combine multiple periods of interest to identify <a href=\"/links?type&#61;workstep&amp;workbook&#61;0EFAB6B4-75BE-75B0-A9A6-00B53E602978&amp;worksheet&#61;0EFAB6B4-7B3A-62A0-AA0D-8F657C2B2F29&amp;workstep&#61;0EFAB6C2-7F0E-60D0-BAF6-FBC517EE288D\" rel=\"nofollow noopener noreferrer\">weekend and weekday peak times</a>.</p><p>4. Use point-and-click tools to\u00a0develop a <a href=\"/links?type&#61;workstep&amp;workbook&#61;0EFAB6B4-75BE-75B0-A9A6-00B53E602978&amp;worksheet&#61;0EFAB6B4-7B3A-62A0-AA0D-8F657C2B2F29&amp;workstep&#61;0EFAB6C5-EBBF-EA50-BDE6-70426DF0C79F\" rel=\"nofollow noopener noreferrer\">reference profile</a> of pump station behavior during different times. (<a href=\"/links?type&#61;workstep&amp;workbook&#61;0EFAB6B4-75BE-75B0-A9A6-00B53E602978&amp;worksheet&#61;0EFAB6B4-7B3A-62A0-AA0D-8F657C2B2F29&amp;workstep&#61;0EFAB6C7-C96C-ECD0-9A6C-3B543B73944B\" rel=\"nofollow noopener noreferrer\">capsule view</a>)\u00a0</p><p>5. Monitor deviations from the standard profile and monitor for issues across assets.</p>",
        "DocumentBackup\u02c9DEg3Lh5pLS4-lG84EjGXXXdzxhd1450vkLgiu8he2l8\u02c92024-11-25T20:38:00Z": "<h3><strong>Pump Station Monitoring</strong></h3><figure class=\"table\"><table class=\"ck-table-resized\" style=\"border-color:hsl(0, 0%, 100%);border-style:solid;\"><colgroup><col style=\"width:28.79%;\" /><col style=\"width:71.21%;\" /></colgroup><tbody><tr><td style=\"background-color:hsl(0, 0%, 100%);border-color:hsl(0, 0%, 100%);border-style:solid;\"><img src=\"/api/annotations/0EFAB6B4-9141-FD00-907C-F8F663AF62CD/images/image_v1.png\" alt=\"No photo description available.\"></td><td style=\"background-color:hsl(0, 0%, 100%);border-color:hsl(0, 0%, 100%);border-style:solid;\"><h4>Improve early blockage detection by <a target=\"_blank\" href=\"https://www.aveva.com/en/perspectives/success-stories/taswater/\" rel=\"nofollow noopener noreferrer\"><strong>13 hours</strong></a><strong>.</strong><br>Reduce the frequency of release of untreated sewage into waterways, resulting in substantial <strong>cost savings in environmental cleanup.</strong></h4></td></tr></tbody></table></figure><h4><strong>Problem Statement</strong></h4><p>Sewer blockages release untreated waste into waterways, resulting in substantial environmental, monetary, and reputational consequences.\u00a0</p><h4><strong>Solution</strong></h4><p>With as little as 30 days of historical data, develop a profile of normal pump station behavior based on the day and time, and use this to monitor any deviations from the normal/acceptable profile.</p><p>1. Access <a href=\"/links?type&#61;workstep&amp;workbook&#61;0EFAB6B4-75BE-75B0-A9A6-00B53E602978&amp;worksheet&#61;0EFAB6B4-7B3A-62A0-AA0D-8F657C2B2F29&amp;workstep&#61;0EFAB6C0-2D73-6290-A37F-C2AD838D8A7E\" rel=\"nofollow noopener noreferrer\">raw data</a></p><p>2. Define <a href=\"/links?type&#61;workstep&amp;workbook&#61;0EFAB6B4-75BE-75B0-A9A6-00B53E602978&amp;worksheet&#61;0EFAB6B4-7B3A-62A0-AA0D-8F657C2B2F29&amp;workstep&#61;0EFAB6BF-5FEC-66A0-8599-9A88F206A3E8\" rel=\"nofollow noopener noreferrer\">peak operating times</a></p><p>3. Combine multiple periods of interest to identify <a href=\"/links?type&#61;workstep&amp;workbook&#61;0EFAB6B4-75BE-75B0-A9A6-00B53E602978&amp;worksheet&#61;0EFAB6B4-7B3A-62A0-AA0D-8F657C2B2F29&amp;workstep&#61;0EFAB6C2-7F0E-60D0-BAF6-FBC517EE288D\" rel=\"nofollow noopener noreferrer\">weekend and weekday peak times</a>.</p><p>4. Use point-and-click tools to\u00a0develop a <a href=\"/links?type&#61;workstep&amp;workbook&#61;0EFAB6B4-75BE-75B0-A9A6-00B53E602978&amp;worksheet&#61;0EFAB6B4-7B3A-62A0-AA0D-8F657C2B2F29&amp;workstep&#61;0EFAB6C5-EBBF-EA50-BDE6-70426DF0C79F\" rel=\"nofollow noopener noreferrer\">reference profile</a> of pump station behavior during different times. (<a href=\"/links?type&#61;workstep&amp;workbook&#61;0EFAB6B4-75BE-75B0-A9A6-00B53E602978&amp;worksheet&#61;0EFAB6B4-7B3A-62A0-AA0D-8F657C2B2F29&amp;workstep&#61;0EFAB6C7-C96C-ECD0-9A6C-3B543B73944B\" rel=\"nofollow noopener noreferrer\">capsule view</a>)\u00a0</p><p>5. Monitor <a href=\"/links?type&#61;workstep&amp;workbook&#61;0EFAB6B4-75BE-75B0-A9A6-00B53E602978&amp;worksheet&#61;0EFAB6B4-7B3A-62A0-AA0D-8F657C2B2F29&amp;workstep&#61;0EFAB6CE-FACE-FD80-BD5E-A287F535D036\" rel=\"nofollow noopener noreferrer\">deviations</a> from the standard profile and <a href=\"/links?type&#61;workstep&amp;workbook&#61;0EFAB6B4-75BE-75B0-A9A6-00B53E602978&amp;worksheet&#61;0EFAB6B4-7B3A-62A0-AA0D-8F657C2B2F29&amp;workstep&#61;0EFAB6D2-B90C-EE70-BD45-5A717541F1EB\" rel=\"nofollow noopener noreferrer\">monitor for issues across assets</a>.</p>",
        "Enabled": true,
        "ID": "0EFAB6B4-9141-FD00-907C-F8F663AF62CD",
        "Is CK Enabled": true,
        "Locked": false,
        "Name": "Pump Station Monitoring",
        "Plain Text Document": "Pump Station MonitoringImprove early blockage detection by 13 hours.Reduce the frequency of release of untreated sewage into waterways, resulting in substantial cost savings in environmental cleanup.Problem StatementSewer blockages release untreated waste into waterways, resulting in substantial environmental, monetary, and reputational consequences.\u00a0SolutionWith as little as 30 days of historical data, develop a profile of normal pump station behavior based on the day and time, and use this to monitor any deviations from the normal/acceptable profile.1. Access raw data2. Define peak operating times3. Combine multiple periods of interest to identify weekend and weekday peak times.4. Use point-and-click tools to\u00a0develop a reference profile of pump station behavior during different times. (capsule view)\u00a05. Monitor deviations from the standard profile and monitor for issues across assets.",
        "Type": "Journal",
        "Unsearchable": false,
        "Updated At": "1732567140547076044"
    }
}