{
    "Archived": false,
    "Cache Enabled": false,
    "Created At": "1732566272458674244",
    "Enabled": true,
    "ID": "0EFAB6B4-7B3A-62A0-AA0D-8F657C2B2F29",
    "Locked": false,
    "Unsearchable": false,
    "Updated At": "1732567134837400255",
    "Name": "Waste Water Pump Station Demo",
    "Type": "Worksheet",
    "Annotation ID": "0EFAB6B4-9141-FD00-907C-F8F663AF62CD",
    "Current Workstep ID": "0EFAB6D4-9B7E-EC30-B797-A32D1DC3C78B",
    "URL": "https://demo.seeq.dev/0EFA6A0B-4C9B-71B0-ADCE-2000B1F79638/workbook/0EFAB6B4-75BE-75B0-A9A6-00B53E602978/worksheet/0EFAB6B4-7B3A-62A0-AA0D-8F657C2B2F29"
}