{
    "Definition": {
        "Archived": false,
        "Cache Enabled": false,
        "Created At": "1686755742057994049",
        "Description": "An oil and gas supermajor used Seeq to analyze distillation throughout their refinery, swiftly highlighting issues and opportunities to adjust cutpoints , resulting in effective collaboration across units. Problem Statement: In refineries, multiple units work independently to modify operations to achieve desired products based on current demand, often leading to",
        "Document": "<h2><strong>Vapor Cut Estimations</strong></h2><figure class=\"table\"><table class=\"ck-table-resized\" style=\"border-color:hsl(0, 0%, 100%);border-style:solid;\"><colgroup><col style=\"width:23.51%;\" /><col style=\"width:76.49%;\" /></colgroup><tbody><tr><td style=\"border-color:hsl(0, 0%, 100%);border-style:solid;\"><figure class=\"image\"><img src=\"/api/annotations/0EE0AC65-3C95-7590-B060-8F0080B5CE23/images/image_v3.png\"></figure></td><td style=\"border-color:hsl(0, 0%, 100%);border-style:solid;\"><h4><i>An oil and gas supermajor used Seeq to analyze distillation throughout their refinery, </i><span style=\"color:hsl(210,75%,60%);\"><i><strong>swiftly highlighting issues and opportunities to adjust cutpoints</strong></i></span><i>, resulting in effective collaboration across units.</i></h4></td></tr></tbody></table></figure><h4 style=\"margin-left:0in;\"><span style=\"color:#172B4D;\"><strong>Problem Statement:</strong></span></h4><p><span style=\"color:#172B4D;\">In refineries, multiple units work independently to modify operations to achieve desired products based on current demand, often leading to ineffective communication of issues. With Seeq various sources of data can be brought in and analyzed, giving different units one forum through which they can observe relative upstream and downstream processes and make informed decisions.\u00a0</span><br><span style=\"color:#172B4D;\">In this use case, analyzing lab data under different process conditions based on the </span><a target=\"_blank\" href=\"https://www.astm.org/d0086-23.html\" rel=\"nofollow noopener noreferrer\"><span style=\"color:#172B4D;\">ASTM D86 standard</span></a><span style=\"color:#172B4D;\"> allowed engineers to have a better understanding of the distillation being performed in the Crude Distillation Unit (CDU). The results were then communicated to downstream units, giving them the ability to infer how much throughput they will receive and its qualities.</span></p><h4><span style=\"color:#172B4D;\"><strong>Solution:</strong></span></h4><h3><a href=\"/links?type&#61;workstep&amp;workbook&#61;0EE0AC65-2515-FB90-852E-03DD227F8EB1&amp;worksheet&#61;0EE0AC65-2B17-ECF0-844B-2002620705D2&amp;workstep&#61;0EE27256-3D32-E800-AB92-1717520BFEA2\" rel=\"nofollow noopener noreferrer\">Vapor Cut Profile and KPIs</a></h3><p>\u00a0</p><p><a href=\"/links?type&#61;workstep&amp;workbook&#61;0EE0AC65-2515-FB90-852E-03DD227F8EB1&amp;worksheet&#61;0EE0AC65-2B17-ECF0-844B-2002620705D2&amp;workstep&#61;0EE24EC5-98D7-EA70-8D81-7E920889CE86\" rel=\"nofollow noopener noreferrer\">Connect to data from different sources</a> such as inventory data from SAP, lab data from CSV files/LIMS, and process data from historians<br><i>(<strong>Do it!</strong> </i><a href=\"/links?type&#61;workstep&amp;workbook&#61;0EE0AC65-2515-FB90-852E-03DD227F8EB1&amp;worksheet&#61;0EE0AC65-2B17-ECF0-844B-2002620705D2&amp;workstep&#61;0EE24EC8-96E8-EEF0-8D3B-F567AB95D0DB\" rel=\"nofollow noopener noreferrer\"><i>Start</i></a><i> importing the Lab Data CSV file (</i><a href=\"https://demo.seeq.dev/data-lab/0EE24DB1-4A5C-64F0-ABD5-C62A8F1184F2/files/Lab%20Data_Subset.csv?_xsrf&#61;2%7Ce367e7cf%7C8d4a62ddf1d967341bdae70e19dc3242%7C1689623391\" rel=\"nofollow noopener noreferrer\"><i>download file here</i></a><i>) by editing pinned datafile and appending data)</i></p><p><a href=\"/links?type&#61;workstep&amp;workbook&#61;0EE0AC65-2515-FB90-852E-03DD227F8EB1&amp;worksheet&#61;0EE0AC65-2B17-ECF0-844B-2002620705D2&amp;workstep&#61;0EE24ECD-4D20-7700-8777-7E62E97A9BD9\" rel=\"nofollow noopener noreferrer\">Assign blends based on crude parameters</a></p><p><a href=\"/links?type&#61;workstep&amp;workbook&#61;0EE0AC65-2515-FB90-852E-03DD227F8EB1&amp;worksheet&#61;0EE0AC65-2B17-ECF0-844B-2002620705D2&amp;workstep&#61;0EE7FF20-D311-EE00-999D-DF3358DCFDE0\" rel=\"nofollow noopener noreferrer\">Profile lab data to compare recent results to historical</a><br><i>(<strong>Do it!</strong> </i><a href=\"/links?type&#61;workstep&amp;workbook&#61;0EE0AC65-2515-FB90-852E-03DD227F8EB1&amp;worksheet&#61;0EE0AC65-2B17-ECF0-844B-2002620705D2&amp;workstep&#61;0EE7FF21-DB9E-77C0-828E-32A9E314A59E\" rel=\"nofollow noopener noreferrer\"><i>Start</i></a><i> creating a Value Search highlighting when the distillation curve is less than the lower limit determined by historical curves)</i><br>\u00a0<i>(<strong>Imagine!</strong> performing similar analyses for all units to compare feed and product distillation curves)</i></p><p><a href=\"/links?type&#61;workstep&amp;workbook&#61;0EE0AC65-2515-FB90-852E-03DD227F8EB1&amp;worksheet&#61;0EE0AC65-2B17-ECF0-844B-2002620705D2&amp;workstep&#61;0EE24ED5-A7F5-FF10-94D8-3949C55A440D\" rel=\"nofollow noopener noreferrer\">Determine the percentage and amount of crude that will become vapor and sent to downstream units</a></p><p>Consolidate results into an automatically updating <a href=\"https://demo.seeq.dev/present/worksheet/ADB71E7B-B2BC-4D30-AEB2-96F18B4F66A5/0EE1CE6D-BDFD-E800-9589-58C9649DF6C4\" rel=\"nofollow noopener noreferrer\"><span style=\"color:hsl(210,75%,60%);\">Organizer Topic Report</span></a></p>",
        "DocumentBackup\u02c9LjXAO8okMd52xtGMkaDcHh2O4Fv921fMzjtjGvUa70o\u02c92023-07-20T18:00:00Z": "<h2><strong>Vapor Cut Estimations</strong></h2><figure class=\"table\"><table style=\"border-color:hsl(0, 0%, 100%);border-style:solid;\"><colgroup><col style=\"width:23.51%;\" /><col style=\"width:76.49%;\" /></colgroup><tbody><tr><td style=\"border-color:hsl(0, 0%, 100%);border-style:solid;\"><figure class=\"image\"><img src=\"/api/annotations/0EE0AC65-3C95-7590-B060-8F0080B5CE23/images/image_v3.png\"></figure></td><td style=\"border-color:hsl(0, 0%, 100%);border-style:solid;\"><h4><i>An oil and gas supermajor used Seeq to analyze the distillation throughout their refinery, </i><span style=\"color:hsl(210,75%,60%);\"><i><strong>swiftly highlighting issues and opportunities to adjust cutpoints</strong></i></span><i>, resulting in effective collaboration across units.</i></h4></td></tr></tbody></table></figure><h4 style=\"margin-left:0in;\"><span style=\"color:#172B4D;\"><strong>Problem Statement:</strong></span></h4><p><span style=\"color:#172B4D;\">In refineries, multiple units work independently to modify operations to achieve desired products based on current demand, often leading to ineffective communication of issues. With Seeq various sources of data can be brought in and analyzed, giving different units one forum through which they can observe relative upstream and downstream processes and make informed decisions.\u00a0</span><br><span style=\"color:#172B4D;\">In this use case, analyzing lab data under different process conditions based on the </span><a target=\"_blank\" href=\"https://www.astm.org/d0086-23.html\" rel=\"nofollow noopener noreferrer\"><span style=\"color:#172B4D;\">ASTM D86 standard</span></a><span style=\"color:#172B4D;\"> allowed engineers to have a better understanding of the distillation being performed in the Crude Distillation Unit (CDU). The results were then communicated to downstream units, giving them the ability to infer how much throughput they will receive and its qualities.</span></p><h4><span style=\"color:#172B4D;\"><strong>Solution:</strong></span></h4><h3><a href=\"/links?type&#61;workstep&amp;workbook&#61;0EE0AC65-2515-FB90-852E-03DD227F8EB1&amp;worksheet&#61;0EE0AC65-2B17-ECF0-844B-2002620705D2&amp;workstep&#61;0EE27256-3D32-E800-AB92-1717520BFEA2\" rel=\"nofollow noopener noreferrer\">Vapor Cut Profile and KPIs</a></h3><p>\u00a0</p><p><a href=\"/links?type&#61;workstep&amp;workbook&#61;0EE0AC65-2515-FB90-852E-03DD227F8EB1&amp;worksheet&#61;0EE0AC65-2B17-ECF0-844B-2002620705D2&amp;workstep&#61;0EE24EC5-98D7-EA70-8D81-7E920889CE86\" rel=\"nofollow noopener noreferrer\">Connect to data from different sources</a> such as inventory data from SAP, lab data from CSV files/LIMS, and process data from historians<br><i>(<strong>Do it!</strong> </i><a href=\"/links?type&#61;workstep&amp;workbook&#61;0EE0AC65-2515-FB90-852E-03DD227F8EB1&amp;worksheet&#61;0EE0AC65-2B17-ECF0-844B-2002620705D2&amp;workstep&#61;0EE24EC8-96E8-EEF0-8D3B-F567AB95D0DB\" rel=\"nofollow noopener noreferrer\"><i>Start</i></a><i> importing the Lab Data CSV file (</i><a href=\"https://demo.seeq.dev/data-lab/0EE24DB1-4A5C-64F0-ABD5-C62A8F1184F2/files/Lab%20Data_Subset.csv?_xsrf&#61;2%7Ce367e7cf%7C8d4a62ddf1d967341bdae70e19dc3242%7C1689623391\" rel=\"nofollow noopener noreferrer\"><i>download file here</i></a><i>) by editing pinned datafile and appending data)</i></p><p><a href=\"/links?type&#61;workstep&amp;workbook&#61;0EE0AC65-2515-FB90-852E-03DD227F8EB1&amp;worksheet&#61;0EE0AC65-2B17-ECF0-844B-2002620705D2&amp;workstep&#61;0EE24ECD-4D20-7700-8777-7E62E97A9BD9\" rel=\"nofollow noopener noreferrer\">Assign blends based on crude parameters</a></p><p><a href=\"/links?type&#61;workstep&amp;workbook&#61;0EE0AC65-2515-FB90-852E-03DD227F8EB1&amp;worksheet&#61;0EE0AC65-2B17-ECF0-844B-2002620705D2&amp;workstep&#61;0EE24ED2-4422-FDB0-8AF0-011B54610F1B\" rel=\"nofollow noopener noreferrer\">Profile lab data to compare recent results to historical</a><br><i>(<strong>Do it!</strong> </i><a href=\"/links?type&#61;workstep&amp;workbook&#61;0EE0AC65-2515-FB90-852E-03DD227F8EB1&amp;worksheet&#61;0EE0AC65-2B17-ECF0-844B-2002620705D2&amp;workstep&#61;0EE2724F-AD31-EEF0-8F20-2664F1BE6DB6\" rel=\"nofollow noopener noreferrer\"><i>Start</i></a><i> creating a Value Search highlighting when the distillation curve is less than the lower limit determined by historical curves)</i><br>\u00a0<i>(<strong>Imagine!</strong> performing similar analyses for all units to compare feed and product distillation curves)</i></p><p><a href=\"/links?type&#61;workstep&amp;workbook&#61;0EE0AC65-2515-FB90-852E-03DD227F8EB1&amp;worksheet&#61;0EE0AC65-2B17-ECF0-844B-2002620705D2&amp;workstep&#61;0EE24ED5-A7F5-FF10-94D8-3949C55A440D\" rel=\"nofollow noopener noreferrer\">Determine the percentage and amount of crude that will become vapor and sent to downstream units</a></p><p>Consolidate results into an automatically updating <a href=\"https://demo.seeq.dev/workbook/ADB71E7B-B2BC-4D30-AEB2-96F18B4F66A5/worksheet/0EE1CE6D-BDFD-E800-9589-58C9649DF6C4\" rel=\"nofollow noopener noreferrer\">Organizer Topic Report</a></p>",
        "DocumentBackup\u02c9LjXAO8okMd52xtGMkaDcHh2O4Fv921fMzjtjGvUa70o\u02c92023-07-20T18:02:00Z": "<h2><strong>Vapor Cut Estimations</strong></h2><figure class=\"table\"><table style=\"border-color:hsl(0, 0%, 100%);border-style:solid;\"><colgroup><col style=\"width:23.51%;\" /><col style=\"width:76.49%;\" /></colgroup><tbody><tr><td style=\"border-color:hsl(0, 0%, 100%);border-style:solid;\"><figure class=\"image\"><img src=\"/api/annotations/0EE0AC65-3C95-7590-B060-8F0080B5CE23/images/image_v3.png\"></figure></td><td style=\"border-color:hsl(0, 0%, 100%);border-style:solid;\"><h4><i>An oil and gas supermajor used Seeq to analyze the distillation throughout their refinery, </i><span style=\"color:hsl(210,75%,60%);\"><i><strong>swiftly highlighting issues and opportunities to adjust cutpoints</strong></i></span><i>, resulting in effective collaboration across units.</i></h4></td></tr></tbody></table></figure><h4 style=\"margin-left:0in;\"><span style=\"color:#172B4D;\"><strong>Problem Statement:</strong></span></h4><p><span style=\"color:#172B4D;\">In refineries, multiple units work independently to modify operations to achieve desired products based on current demand, often leading to ineffective communication of issues. With Seeq various sources of data can be brought in and analyzed, giving different units one forum through which they can observe relative upstream and downstream processes and make informed decisions.\u00a0</span><br><span style=\"color:#172B4D;\">In this use case, analyzing lab data under different process conditions based on the </span><a target=\"_blank\" href=\"https://www.astm.org/d0086-23.html\" rel=\"nofollow noopener noreferrer\"><span style=\"color:#172B4D;\">ASTM D86 standard</span></a><span style=\"color:#172B4D;\"> allowed engineers to have a better understanding of the distillation being performed in the Crude Distillation Unit (CDU). The results were then communicated to downstream units, giving them the ability to infer how much throughput they will receive and its qualities.</span></p><h4><span style=\"color:#172B4D;\"><strong>Solution:</strong></span></h4><h3><a href=\"/links?type&#61;workstep&amp;workbook&#61;0EE0AC65-2515-FB90-852E-03DD227F8EB1&amp;worksheet&#61;0EE0AC65-2B17-ECF0-844B-2002620705D2&amp;workstep&#61;0EE27256-3D32-E800-AB92-1717520BFEA2\" rel=\"nofollow noopener noreferrer\">Vapor Cut Profile and KPIs</a></h3><p>\u00a0</p><p><a href=\"/links?type&#61;workstep&amp;workbook&#61;0EE0AC65-2515-FB90-852E-03DD227F8EB1&amp;worksheet&#61;0EE0AC65-2B17-ECF0-844B-2002620705D2&amp;workstep&#61;0EE24EC5-98D7-EA70-8D81-7E920889CE86\" rel=\"nofollow noopener noreferrer\">Connect to data from different sources</a> such as inventory data from SAP, lab data from CSV files/LIMS, and process data from historians<br><i>(<strong>Do it!</strong> </i><a href=\"/links?type&#61;workstep&amp;workbook&#61;0EE0AC65-2515-FB90-852E-03DD227F8EB1&amp;worksheet&#61;0EE0AC65-2B17-ECF0-844B-2002620705D2&amp;workstep&#61;0EE24EC8-96E8-EEF0-8D3B-F567AB95D0DB\" rel=\"nofollow noopener noreferrer\"><i>Start</i></a><i> importing the Lab Data CSV file (</i><a href=\"https://demo.seeq.dev/data-lab/0EE24DB1-4A5C-64F0-ABD5-C62A8F1184F2/files/Lab%20Data_Subset.csv?_xsrf&#61;2%7Ce367e7cf%7C8d4a62ddf1d967341bdae70e19dc3242%7C1689623391\" rel=\"nofollow noopener noreferrer\"><i>download file here</i></a><i>) by editing pinned datafile and appending data)</i></p><p><a href=\"/links?type&#61;workstep&amp;workbook&#61;0EE0AC65-2515-FB90-852E-03DD227F8EB1&amp;worksheet&#61;0EE0AC65-2B17-ECF0-844B-2002620705D2&amp;workstep&#61;0EE24ECD-4D20-7700-8777-7E62E97A9BD9\" rel=\"nofollow noopener noreferrer\">Assign blends based on crude parameters</a></p><p><a href=\"/links?type&#61;workstep&amp;workbook&#61;0EE0AC65-2515-FB90-852E-03DD227F8EB1&amp;worksheet&#61;0EE0AC65-2B17-ECF0-844B-2002620705D2&amp;workstep&#61;0EE24ED2-4422-FDB0-8AF0-011B54610F1B\" rel=\"nofollow noopener noreferrer\">Profile lab data to compare recent results to historical</a><br><i>(<strong>Do it!</strong> </i><a href=\"/links?type&#61;workstep&amp;workbook&#61;0EE0AC65-2515-FB90-852E-03DD227F8EB1&amp;worksheet&#61;0EE0AC65-2B17-ECF0-844B-2002620705D2&amp;workstep&#61;0EE2724F-AD31-EEF0-8F20-2664F1BE6DB6\" rel=\"nofollow noopener noreferrer\"><i>Start</i></a><i> creating a Value Search highlighting when the distillation curve is less than the lower limit determined by historical curves)</i><br>\u00a0<i>(<strong>Imagine!</strong> performing similar analyses for all units to compare feed and product distillation curves )</i></p><p><a href=\"/links?type&#61;workstep&amp;workbook&#61;0EE0AC65-2515-FB90-852E-03DD227F8EB1&amp;worksheet&#61;0EE0AC65-2B17-ECF0-844B-2002620705D2&amp;workstep&#61;0EE24ED5-A7F5-FF10-94D8-3949C55A440D\" rel=\"nofollow noopener noreferrer\">Determine the percentage and amount of crude that will become vapor and sent to downstream units</a></p><p>Consolidate results into an automatically updating <a href=\"https://demo.seeq.dev/workbook/ADB71E7B-B2BC-4D30-AEB2-96F18B4F66A5/worksheet/0EE1CE6D-BDFD-E800-9589-58C9649DF6C4\" rel=\"nofollow noopener noreferrer\">Organizer Topic Report</a></p>",
        "DocumentBackup\u02c9LjXAO8okMd52xtGMkaDcHh2O4Fv921fMzjtjGvUa70o\u02c92023-08-03T20:50:00Z": "<h2><strong>Vapor Cut Estimations</strong></h2><figure class=\"table\"><table style=\"border-color:hsl(0, 0%, 100%);border-style:solid;\"><colgroup><col style=\"width:23.51%;\" /><col style=\"width:76.49%;\" /></colgroup><tbody><tr><td style=\"border-color:hsl(0, 0%, 100%);border-style:solid;\"><figure class=\"image\"><img src=\"/api/annotations/0EE0AC65-3C95-7590-B060-8F0080B5CE23/images/image_v3.png\"></figure></td><td style=\"border-color:hsl(0, 0%, 100%);border-style:solid;\"><h4><i>An oil and gas supermajor used Seeq to analyze distillation throughout their refinery, </i><span style=\"color:hsl(210,75%,60%);\"><i><strong>swiftly highlighting issues and opportunities to adjust cutpoints</strong></i></span><i>, resulting in effective collaboration across units.</i></h4></td></tr></tbody></table></figure><h4 style=\"margin-left:0in;\"><span style=\"color:#172B4D;\"><strong>Problem Statement:</strong></span></h4><p><span style=\"color:#172B4D;\">In refineries, multiple units work independently to modify operations to achieve desired products based on current demand, often leading to ineffective communication of issues. With Seeq various sources of data can be brought in and analyzed, giving different units one forum through which they can observe relative upstream and downstream processes and make informed decisions.\u00a0</span><br><span style=\"color:#172B4D;\">In this use case, analyzing lab data under different process conditions based on the </span><a target=\"_blank\" href=\"https://www.astm.org/d0086-23.html\" rel=\"nofollow noopener noreferrer\"><span style=\"color:#172B4D;\">ASTM D86 standard</span></a><span style=\"color:#172B4D;\"> allowed engineers to have a better understanding of the distillation being performed in the Crude Distillation Unit (CDU). The results were then communicated to downstream units, giving them the ability to infer how much throughput they will receive and its qualities.</span></p><h4><span style=\"color:#172B4D;\"><strong>Solution:</strong></span></h4><h3><a href=\"/links?type&#61;workstep&amp;workbook&#61;0EE0AC65-2515-FB90-852E-03DD227F8EB1&amp;worksheet&#61;0EE0AC65-2B17-ECF0-844B-2002620705D2&amp;workstep&#61;0EE27256-3D32-E800-AB92-1717520BFEA2\" rel=\"nofollow noopener noreferrer\">Vapor Cut Profile and KPIs</a></h3><p>\u00a0</p><p><a href=\"/links?type&#61;workstep&amp;workbook&#61;0EE0AC65-2515-FB90-852E-03DD227F8EB1&amp;worksheet&#61;0EE0AC65-2B17-ECF0-844B-2002620705D2&amp;workstep&#61;0EE24EC5-98D7-EA70-8D81-7E920889CE86\" rel=\"nofollow noopener noreferrer\">Connect to data from different sources</a> such as inventory data from SAP, lab data from CSV files/LIMS, and process data from historians<br><i>(<strong>Do it!</strong> </i><a href=\"/links?type&#61;workstep&amp;workbook&#61;0EE0AC65-2515-FB90-852E-03DD227F8EB1&amp;worksheet&#61;0EE0AC65-2B17-ECF0-844B-2002620705D2&amp;workstep&#61;0EE24EC8-96E8-EEF0-8D3B-F567AB95D0DB\" rel=\"nofollow noopener noreferrer\"><i>Start</i></a><i> importing the Lab Data CSV file (</i><a href=\"https://demo.seeq.dev/data-lab/0EE24DB1-4A5C-64F0-ABD5-C62A8F1184F2/files/Lab%20Data_Subset.csv?_xsrf&#61;2%7Ce367e7cf%7C8d4a62ddf1d967341bdae70e19dc3242%7C1689623391\" rel=\"nofollow noopener noreferrer\"><i>download file here</i></a><i>) by editing pinned datafile and appending data)</i></p><p><a href=\"/links?type&#61;workstep&amp;workbook&#61;0EE0AC65-2515-FB90-852E-03DD227F8EB1&amp;worksheet&#61;0EE0AC65-2B17-ECF0-844B-2002620705D2&amp;workstep&#61;0EE24ECD-4D20-7700-8777-7E62E97A9BD9\" rel=\"nofollow noopener noreferrer\">Assign blends based on crude parameters</a></p><p><a href=\"/links?type&#61;workstep&amp;workbook&#61;0EE0AC65-2515-FB90-852E-03DD227F8EB1&amp;worksheet&#61;0EE0AC65-2B17-ECF0-844B-2002620705D2&amp;workstep&#61;0EE24ED2-4422-FDB0-8AF0-011B54610F1B\" rel=\"nofollow noopener noreferrer\">Profile lab data to compare recent results to historical</a><br><i>(<strong>Do it!</strong> </i><a href=\"/links?type&#61;workstep&amp;workbook&#61;0EE0AC65-2515-FB90-852E-03DD227F8EB1&amp;worksheet&#61;0EE0AC65-2B17-ECF0-844B-2002620705D2&amp;workstep&#61;0EE2724F-AD31-EEF0-8F20-2664F1BE6DB6\" rel=\"nofollow noopener noreferrer\"><i>Start</i></a><i> creating a Value Search highlighting when the distillation curve is less than the lower limit determined by historical curves)</i><br>\u00a0<i>(<strong>Imagine!</strong> performing similar analyses for all units to compare feed and product distillation curves)</i></p><p><a href=\"/links?type&#61;workstep&amp;workbook&#61;0EE0AC65-2515-FB90-852E-03DD227F8EB1&amp;worksheet&#61;0EE0AC65-2B17-ECF0-844B-2002620705D2&amp;workstep&#61;0EE24ED5-A7F5-FF10-94D8-3949C55A440D\" rel=\"nofollow noopener noreferrer\">Determine the percentage and amount of crude that will become vapor and sent to downstream units</a></p><p>Consolidate results into an automatically updating <a href=\"https://demo.seeq.dev/workbook/ADB71E7B-B2BC-4D30-AEB2-96F18B4F66A5/worksheet/0EE1CE6D-BDFD-E800-9589-58C9649DF6C4\" rel=\"nofollow noopener noreferrer\">Organizer Topic Report</a></p>",
        "DocumentBackup\u02c9LjXAO8okMd52xtGMkaDcHh2O4Fv921fMzjtjGvUa70o\u02c92023-11-10T17:49:00Z": "<h2><strong>Vapor Cut Estimations</strong></h2><figure class=\"table\"><table style=\"border-color:hsl(0, 0%, 100%);border-style:solid;\"><colgroup><col style=\"width:23.51%;\" /><col style=\"width:76.49%;\" /></colgroup><tbody><tr><td style=\"border-color:hsl(0, 0%, 100%);border-style:solid;\"><figure class=\"image\"><img src=\"/api/annotations/0EE0AC65-3C95-7590-B060-8F0080B5CE23/images/image_v3.png\"></figure></td><td style=\"border-color:hsl(0, 0%, 100%);border-style:solid;\"><h4><i>An oil and gas supermajor used Seeq to analyze distillation throughout their refinery, </i><span style=\"color:hsl(210,75%,60%);\"><i><strong>swiftly highlighting issues and opportunities to adjust cutpoints</strong></i></span><i>, resulting in effective collaboration across units.</i></h4></td></tr></tbody></table></figure><h4 style=\"margin-left:0in;\"><span style=\"color:#172B4D;\"><strong>Problem Statement:</strong></span></h4><p><span style=\"color:#172B4D;\">In refineries, multiple units work independently to modify operations to achieve desired products based on current demand, often leading to ineffective communication of issues. With Seeq various sources of data can be brought in and analyzed, giving different units one forum through which they can observe relative upstream and downstream processes and make informed decisions.\u00a0</span><br><span style=\"color:#172B4D;\">In this use case, analyzing lab data under different process conditions based on the </span><a target=\"_blank\" href=\"https://www.astm.org/d0086-23.html\" rel=\"nofollow noopener noreferrer\"><span style=\"color:#172B4D;\">ASTM D86 standard</span></a><span style=\"color:#172B4D;\"> allowed engineers to have a better understanding of the distillation being performed in the Crude Distillation Unit (CDU). The results were then communicated to downstream units, giving them the ability to infer how much throughput they will receive and its qualities.</span></p><h4><span style=\"color:#172B4D;\"><strong>Solution:</strong></span></h4><h3><a href=\"/links?type&#61;workstep&amp;workbook&#61;0EE0AC65-2515-FB90-852E-03DD227F8EB1&amp;worksheet&#61;0EE0AC65-2B17-ECF0-844B-2002620705D2&amp;workstep&#61;0EE27256-3D32-E800-AB92-1717520BFEA2\" rel=\"nofollow noopener noreferrer\">Vapor Cut Profile and KPIs</a></h3><p>\u00a0</p><p><a href=\"/links?type&#61;workstep&amp;workbook&#61;0EE0AC65-2515-FB90-852E-03DD227F8EB1&amp;worksheet&#61;0EE0AC65-2B17-ECF0-844B-2002620705D2&amp;workstep&#61;0EE24EC5-98D7-EA70-8D81-7E920889CE86\" rel=\"nofollow noopener noreferrer\">Connect to data from different sources</a> such as inventory data from SAP, lab data from CSV files/LIMS, and process data from historians<br><i>(<strong>Do it!</strong> </i><a href=\"/links?type&#61;workstep&amp;workbook&#61;0EE0AC65-2515-FB90-852E-03DD227F8EB1&amp;worksheet&#61;0EE0AC65-2B17-ECF0-844B-2002620705D2&amp;workstep&#61;0EE24EC8-96E8-EEF0-8D3B-F567AB95D0DB\" rel=\"nofollow noopener noreferrer\"><i>Start</i></a><i> importing the Lab Data CSV file (</i><a href=\"https://demo.seeq.dev/data-lab/0EE24DB1-4A5C-64F0-ABD5-C62A8F1184F2/files/Lab%20Data_Subset.csv?_xsrf&#61;2%7Ce367e7cf%7C8d4a62ddf1d967341bdae70e19dc3242%7C1689623391\" rel=\"nofollow noopener noreferrer\"><i>download file here</i></a><i>) by editing pinned datafile and appending data)</i></p><p><a href=\"/links?type&#61;workstep&amp;workbook&#61;0EE0AC65-2515-FB90-852E-03DD227F8EB1&amp;worksheet&#61;0EE0AC65-2B17-ECF0-844B-2002620705D2&amp;workstep&#61;0EE24ECD-4D20-7700-8777-7E62E97A9BD9\" rel=\"nofollow noopener noreferrer\">Assign blends based on crude parameters</a></p><p>Profile lab data to compare recent results to historical<br><i>(<strong>Do it!</strong> </i><a href=\"/links?type&#61;workstep&amp;workbook&#61;0EE0AC65-2515-FB90-852E-03DD227F8EB1&amp;worksheet&#61;0EE0AC65-2B17-ECF0-844B-2002620705D2&amp;workstep&#61;0EE2724F-AD31-EEF0-8F20-2664F1BE6DB6\" rel=\"nofollow noopener noreferrer\"><i>Start</i></a><i> creating a Value Search highlighting when the distillation curve is less than the lower limit determined by historical curves)</i><br>\u00a0<i>(<strong>Imagine!</strong> performing similar analyses for all units to compare feed and product distillation curves)</i></p><p><a href=\"/links?type&#61;workstep&amp;workbook&#61;0EE0AC65-2515-FB90-852E-03DD227F8EB1&amp;worksheet&#61;0EE0AC65-2B17-ECF0-844B-2002620705D2&amp;workstep&#61;0EE24ED5-A7F5-FF10-94D8-3949C55A440D\" rel=\"nofollow noopener noreferrer\">Determine the percentage and amount of crude that will become vapor and sent to downstream units</a></p><p>Consolidate results into an automatically updating <a href=\"https://demo.seeq.dev/workbook/ADB71E7B-B2BC-4D30-AEB2-96F18B4F66A5/worksheet/0EE1CE6D-BDFD-E800-9589-58C9649DF6C4\" rel=\"nofollow noopener noreferrer\">Organizer Topic Report</a></p>",
        "DocumentBackup\u02c9LjXAO8okMd52xtGMkaDcHh2O4Fv921fMzjtjGvUa70o\u02c92023-11-10T17:52:00Z": "<h2><strong>Vapor Cut Estimations</strong></h2><figure class=\"table\"><table style=\"border-color:hsl(0, 0%, 100%);border-style:solid;\"><colgroup><col style=\"width:23.51%;\" /><col style=\"width:76.49%;\" /></colgroup><tbody><tr><td style=\"border-color:hsl(0, 0%, 100%);border-style:solid;\"><figure class=\"image\"><img src=\"/api/annotations/0EE0AC65-3C95-7590-B060-8F0080B5CE23/images/image_v3.png\"></figure></td><td style=\"border-color:hsl(0, 0%, 100%);border-style:solid;\"><h4><i>An oil and gas supermajor used Seeq to analyze distillation throughout their refinery, </i><span style=\"color:hsl(210,75%,60%);\"><i><strong>swiftly highlighting issues and opportunities to adjust cutpoints</strong></i></span><i>, resulting in effective collaboration across units.</i></h4></td></tr></tbody></table></figure><h4 style=\"margin-left:0in;\"><span style=\"color:#172B4D;\"><strong>Problem Statement:</strong></span></h4><p><span style=\"color:#172B4D;\">In refineries, multiple units work independently to modify operations to achieve desired products based on current demand, often leading to ineffective communication of issues. With Seeq various sources of data can be brought in and analyzed, giving different units one forum through which they can observe relative upstream and downstream processes and make informed decisions.\u00a0</span><br><span style=\"color:#172B4D;\">In this use case, analyzing lab data under different process conditions based on the </span><a target=\"_blank\" href=\"https://www.astm.org/d0086-23.html\" rel=\"nofollow noopener noreferrer\"><span style=\"color:#172B4D;\">ASTM D86 standard</span></a><span style=\"color:#172B4D;\"> allowed engineers to have a better understanding of the distillation being performed in the Crude Distillation Unit (CDU). The results were then communicated to downstream units, giving them the ability to infer how much throughput they will receive and its qualities.</span></p><h4><span style=\"color:#172B4D;\"><strong>Solution:</strong></span></h4><h3><a href=\"/links?type&#61;workstep&amp;workbook&#61;0EE0AC65-2515-FB90-852E-03DD227F8EB1&amp;worksheet&#61;0EE0AC65-2B17-ECF0-844B-2002620705D2&amp;workstep&#61;0EE27256-3D32-E800-AB92-1717520BFEA2\" rel=\"nofollow noopener noreferrer\">Vapor Cut Profile and KPIs</a></h3><p>\u00a0</p><p><a href=\"/links?type&#61;workstep&amp;workbook&#61;0EE0AC65-2515-FB90-852E-03DD227F8EB1&amp;worksheet&#61;0EE0AC65-2B17-ECF0-844B-2002620705D2&amp;workstep&#61;0EE24EC5-98D7-EA70-8D81-7E920889CE86\" rel=\"nofollow noopener noreferrer\">Connect to data from different sources</a> such as inventory data from SAP, lab data from CSV files/LIMS, and process data from historians<br><i>(<strong>Do it!</strong> </i><a href=\"/links?type&#61;workstep&amp;workbook&#61;0EE0AC65-2515-FB90-852E-03DD227F8EB1&amp;worksheet&#61;0EE0AC65-2B17-ECF0-844B-2002620705D2&amp;workstep&#61;0EE24EC8-96E8-EEF0-8D3B-F567AB95D0DB\" rel=\"nofollow noopener noreferrer\"><i>Start</i></a><i> importing the Lab Data CSV file (</i><a href=\"https://demo.seeq.dev/data-lab/0EE24DB1-4A5C-64F0-ABD5-C62A8F1184F2/files/Lab%20Data_Subset.csv?_xsrf&#61;2%7Ce367e7cf%7C8d4a62ddf1d967341bdae70e19dc3242%7C1689623391\" rel=\"nofollow noopener noreferrer\"><i>download file here</i></a><i>) by editing pinned datafile and appending data)</i></p><p><a href=\"/links?type&#61;workstep&amp;workbook&#61;0EE0AC65-2515-FB90-852E-03DD227F8EB1&amp;worksheet&#61;0EE0AC65-2B17-ECF0-844B-2002620705D2&amp;workstep&#61;0EE24ECD-4D20-7700-8777-7E62E97A9BD9\" rel=\"nofollow noopener noreferrer\">Assign blends based on crude parameters</a></p><p><a href=\"/links?type&#61;workstep&amp;workbook&#61;0EE0AC65-2515-FB90-852E-03DD227F8EB1&amp;worksheet&#61;0EE0AC65-2B17-ECF0-844B-2002620705D2&amp;workstep&#61;0EE7FF17-1461-FBD0-8F1C-1E6A8A285835\" rel=\"nofollow noopener noreferrer\">Profile lab data to compare recent results to historical</a><br><i>(<strong>Do it!</strong> Start creating a Value Search highlighting when the distillation curve is less than the lower limit determined by historical curves)</i><br>\u00a0<i>(<strong>Imagine!</strong> performing similar analyses for all units to compare feed and product distillation curves)</i></p><p><a href=\"/links?type&#61;workstep&amp;workbook&#61;0EE0AC65-2515-FB90-852E-03DD227F8EB1&amp;worksheet&#61;0EE0AC65-2B17-ECF0-844B-2002620705D2&amp;workstep&#61;0EE24ED5-A7F5-FF10-94D8-3949C55A440D\" rel=\"nofollow noopener noreferrer\">Determine the percentage and amount of crude that will become vapor and sent to downstream units</a></p><p>Consolidate results into an automatically updating <a href=\"https://demo.seeq.dev/workbook/ADB71E7B-B2BC-4D30-AEB2-96F18B4F66A5/worksheet/0EE1CE6D-BDFD-E800-9589-58C9649DF6C4\" rel=\"nofollow noopener noreferrer\">Organizer Topic Report</a></p>",
        "DocumentBackup\u02c9LjXAO8okMd52xtGMkaDcHh2O4Fv921fMzjtjGvUa70o\u02c92023-11-10T17:53:00Z": "<h2><strong>Vapor Cut Estimations</strong></h2><figure class=\"table\"><table style=\"border-color:hsl(0, 0%, 100%);border-style:solid;\"><colgroup><col style=\"width:23.51%;\" /><col style=\"width:76.49%;\" /></colgroup><tbody><tr><td style=\"border-color:hsl(0, 0%, 100%);border-style:solid;\"><figure class=\"image\"><img src=\"/api/annotations/0EE0AC65-3C95-7590-B060-8F0080B5CE23/images/image_v3.png\"></figure></td><td style=\"border-color:hsl(0, 0%, 100%);border-style:solid;\"><h4><i>An oil and gas supermajor used Seeq to analyze distillation throughout their refinery, </i><span style=\"color:hsl(210,75%,60%);\"><i><strong>swiftly highlighting issues and opportunities to adjust cutpoints</strong></i></span><i>, resulting in effective collaboration across units.</i></h4></td></tr></tbody></table></figure><h4 style=\"margin-left:0in;\"><span style=\"color:#172B4D;\"><strong>Problem Statement:</strong></span></h4><p><span style=\"color:#172B4D;\">In refineries, multiple units work independently to modify operations to achieve desired products based on current demand, often leading to ineffective communication of issues. With Seeq various sources of data can be brought in and analyzed, giving different units one forum through which they can observe relative upstream and downstream processes and make informed decisions.\u00a0</span><br><span style=\"color:#172B4D;\">In this use case, analyzing lab data under different process conditions based on the </span><a target=\"_blank\" href=\"https://www.astm.org/d0086-23.html\" rel=\"nofollow noopener noreferrer\"><span style=\"color:#172B4D;\">ASTM D86 standard</span></a><span style=\"color:#172B4D;\"> allowed engineers to have a better understanding of the distillation being performed in the Crude Distillation Unit (CDU). The results were then communicated to downstream units, giving them the ability to infer how much throughput they will receive and its qualities.</span></p><h4><span style=\"color:#172B4D;\"><strong>Solution:</strong></span></h4><h3><a href=\"/links?type&#61;workstep&amp;workbook&#61;0EE0AC65-2515-FB90-852E-03DD227F8EB1&amp;worksheet&#61;0EE0AC65-2B17-ECF0-844B-2002620705D2&amp;workstep&#61;0EE27256-3D32-E800-AB92-1717520BFEA2\" rel=\"nofollow noopener noreferrer\">Vapor Cut Profile and KPIs</a></h3><p>\u00a0</p><p><a href=\"/links?type&#61;workstep&amp;workbook&#61;0EE0AC65-2515-FB90-852E-03DD227F8EB1&amp;worksheet&#61;0EE0AC65-2B17-ECF0-844B-2002620705D2&amp;workstep&#61;0EE24EC5-98D7-EA70-8D81-7E920889CE86\" rel=\"nofollow noopener noreferrer\">Connect to data from different sources</a> such as inventory data from SAP, lab data from CSV files/LIMS, and process data from historians<br><i>(<strong>Do it!</strong> </i><a href=\"/links?type&#61;workstep&amp;workbook&#61;0EE0AC65-2515-FB90-852E-03DD227F8EB1&amp;worksheet&#61;0EE0AC65-2B17-ECF0-844B-2002620705D2&amp;workstep&#61;0EE24EC8-96E8-EEF0-8D3B-F567AB95D0DB\" rel=\"nofollow noopener noreferrer\"><i>Start</i></a><i> importing the Lab Data CSV file (</i><a href=\"https://demo.seeq.dev/data-lab/0EE24DB1-4A5C-64F0-ABD5-C62A8F1184F2/files/Lab%20Data_Subset.csv?_xsrf&#61;2%7Ce367e7cf%7C8d4a62ddf1d967341bdae70e19dc3242%7C1689623391\" rel=\"nofollow noopener noreferrer\"><i>download file here</i></a><i>) by editing pinned datafile and appending data)</i></p><p><a href=\"/links?type&#61;workstep&amp;workbook&#61;0EE0AC65-2515-FB90-852E-03DD227F8EB1&amp;worksheet&#61;0EE0AC65-2B17-ECF0-844B-2002620705D2&amp;workstep&#61;0EE24ECD-4D20-7700-8777-7E62E97A9BD9\" rel=\"nofollow noopener noreferrer\">Assign blends based on crude parameters</a></p><p>Profile lab data to compare recent results to historical<br><i>(<strong>Do it!</strong> </i><a href=\"/links?type&#61;workstep&amp;workbook&#61;0EE0AC65-2515-FB90-852E-03DD227F8EB1&amp;worksheet&#61;0EE0AC65-2B17-ECF0-844B-2002620705D2&amp;workstep&#61;0EE7FF1E-5CA2-6460-B002-A89B1C609BC5\" rel=\"nofollow noopener noreferrer\"><i>Start</i></a><i> creating a Value Search highlighting when the distillation curve is less than the lower limit determined by historical curves)</i><br>\u00a0<i>(<strong>Imagine!</strong> performing similar analyses for all units to compare feed and product distillation curves)</i></p><p><a href=\"/links?type&#61;workstep&amp;workbook&#61;0EE0AC65-2515-FB90-852E-03DD227F8EB1&amp;worksheet&#61;0EE0AC65-2B17-ECF0-844B-2002620705D2&amp;workstep&#61;0EE24ED5-A7F5-FF10-94D8-3949C55A440D\" rel=\"nofollow noopener noreferrer\">Determine the percentage and amount of crude that will become vapor and sent to downstream units</a></p><p>Consolidate results into an automatically updating <a href=\"https://demo.seeq.dev/workbook/ADB71E7B-B2BC-4D30-AEB2-96F18B4F66A5/worksheet/0EE1CE6D-BDFD-E800-9589-58C9649DF6C4\" rel=\"nofollow noopener noreferrer\">Organizer Topic Report</a></p>",
        "DocumentBackup\u02c9LjXAO8okMd52xtGMkaDcHh2O4Fv921fMzjtjGvUa70o\u02c92023-11-10T17:54:00Z": "<h2><strong>Vapor Cut Estimations</strong></h2><figure class=\"table\"><table style=\"border-color:hsl(0, 0%, 100%);border-style:solid;\"><colgroup><col style=\"width:23.51%;\" /><col style=\"width:76.49%;\" /></colgroup><tbody><tr><td style=\"border-color:hsl(0, 0%, 100%);border-style:solid;\"><figure class=\"image\"><img src=\"/api/annotations/0EE0AC65-3C95-7590-B060-8F0080B5CE23/images/image_v3.png\"></figure></td><td style=\"border-color:hsl(0, 0%, 100%);border-style:solid;\"><h4><i>An oil and gas supermajor used Seeq to analyze distillation throughout their refinery, </i><span style=\"color:hsl(210,75%,60%);\"><i><strong>swiftly highlighting issues and opportunities to adjust cutpoints</strong></i></span><i>, resulting in effective collaboration across units.</i></h4></td></tr></tbody></table></figure><h4 style=\"margin-left:0in;\"><span style=\"color:#172B4D;\"><strong>Problem Statement:</strong></span></h4><p><span style=\"color:#172B4D;\">In refineries, multiple units work independently to modify operations to achieve desired products based on current demand, often leading to ineffective communication of issues. With Seeq various sources of data can be brought in and analyzed, giving different units one forum through which they can observe relative upstream and downstream processes and make informed decisions.\u00a0</span><br><span style=\"color:#172B4D;\">In this use case, analyzing lab data under different process conditions based on the </span><a target=\"_blank\" href=\"https://www.astm.org/d0086-23.html\" rel=\"nofollow noopener noreferrer\"><span style=\"color:#172B4D;\">ASTM D86 standard</span></a><span style=\"color:#172B4D;\"> allowed engineers to have a better understanding of the distillation being performed in the Crude Distillation Unit (CDU). The results were then communicated to downstream units, giving them the ability to infer how much throughput they will receive and its qualities.</span></p><h4><span style=\"color:#172B4D;\"><strong>Solution:</strong></span></h4><h3><a href=\"/links?type&#61;workstep&amp;workbook&#61;0EE0AC65-2515-FB90-852E-03DD227F8EB1&amp;worksheet&#61;0EE0AC65-2B17-ECF0-844B-2002620705D2&amp;workstep&#61;0EE27256-3D32-E800-AB92-1717520BFEA2\" rel=\"nofollow noopener noreferrer\">Vapor Cut Profile and KPIs</a></h3><p>\u00a0</p><p><a href=\"/links?type&#61;workstep&amp;workbook&#61;0EE0AC65-2515-FB90-852E-03DD227F8EB1&amp;worksheet&#61;0EE0AC65-2B17-ECF0-844B-2002620705D2&amp;workstep&#61;0EE24EC5-98D7-EA70-8D81-7E920889CE86\" rel=\"nofollow noopener noreferrer\">Connect to data from different sources</a> such as inventory data from SAP, lab data from CSV files/LIMS, and process data from historians<br><i>(<strong>Do it!</strong> </i><a href=\"/links?type&#61;workstep&amp;workbook&#61;0EE0AC65-2515-FB90-852E-03DD227F8EB1&amp;worksheet&#61;0EE0AC65-2B17-ECF0-844B-2002620705D2&amp;workstep&#61;0EE24EC8-96E8-EEF0-8D3B-F567AB95D0DB\" rel=\"nofollow noopener noreferrer\"><i>Start</i></a><i> importing the Lab Data CSV file (</i><a href=\"https://demo.seeq.dev/data-lab/0EE24DB1-4A5C-64F0-ABD5-C62A8F1184F2/files/Lab%20Data_Subset.csv?_xsrf&#61;2%7Ce367e7cf%7C8d4a62ddf1d967341bdae70e19dc3242%7C1689623391\" rel=\"nofollow noopener noreferrer\"><i>download file here</i></a><i>) by editing pinned datafile and appending data)</i></p><p><a href=\"/links?type&#61;workstep&amp;workbook&#61;0EE0AC65-2515-FB90-852E-03DD227F8EB1&amp;worksheet&#61;0EE0AC65-2B17-ECF0-844B-2002620705D2&amp;workstep&#61;0EE24ECD-4D20-7700-8777-7E62E97A9BD9\" rel=\"nofollow noopener noreferrer\">Assign blends based on crude parameters</a></p><p><a href=\"/links?type&#61;workstep&amp;workbook&#61;0EE0AC65-2515-FB90-852E-03DD227F8EB1&amp;worksheet&#61;0EE0AC65-2B17-ECF0-844B-2002620705D2&amp;workstep&#61;0EE7FF20-D311-EE00-999D-DF3358DCFDE0\" rel=\"nofollow noopener noreferrer\">Profile lab data to compare recent results to historical</a><br><i>(<strong>Do it!</strong> Start creating a Value Search highlighting when the distillation curve is less than the lower limit determined by historical curves)</i><br>\u00a0<i>(<strong>Imagine!</strong> performing similar analyses for all units to compare feed and product distillation curves)</i></p><p><a href=\"/links?type&#61;workstep&amp;workbook&#61;0EE0AC65-2515-FB90-852E-03DD227F8EB1&amp;worksheet&#61;0EE0AC65-2B17-ECF0-844B-2002620705D2&amp;workstep&#61;0EE24ED5-A7F5-FF10-94D8-3949C55A440D\" rel=\"nofollow noopener noreferrer\">Determine the percentage and amount of crude that will become vapor and sent to downstream units</a></p><p>Consolidate results into an automatically updating <a href=\"https://demo.seeq.dev/workbook/ADB71E7B-B2BC-4D30-AEB2-96F18B4F66A5/worksheet/0EE1CE6D-BDFD-E800-9589-58C9649DF6C4\" rel=\"nofollow noopener noreferrer\">Organizer Topic Report</a></p>",
        "DocumentBackup\u02c9LjXAO8okMd52xtGMkaDcHh2O4Fv921fMzjtjGvUa70o\u02c92023-11-14T16:54:00Z": "<h2><strong>Vapor Cut Estimations</strong></h2><figure class=\"table\"><table style=\"border-color:hsl(0, 0%, 100%);border-style:solid;\"><colgroup><col style=\"width:23.51%;\" /><col style=\"width:76.49%;\" /></colgroup><tbody><tr><td style=\"border-color:hsl(0, 0%, 100%);border-style:solid;\"><figure class=\"image\"><img src=\"/api/annotations/0EE0AC65-3C95-7590-B060-8F0080B5CE23/images/image_v3.png\"></figure></td><td style=\"border-color:hsl(0, 0%, 100%);border-style:solid;\"><h4><i>An oil and gas supermajor used Seeq to analyze distillation throughout their refinery, </i><span style=\"color:hsl(210,75%,60%);\"><i><strong>swiftly highlighting issues and opportunities to adjust cutpoints</strong></i></span><i>, resulting in effective collaboration across units.</i></h4></td></tr></tbody></table></figure><h4 style=\"margin-left:0in;\"><span style=\"color:#172B4D;\"><strong>Problem Statement:</strong></span></h4><p><span style=\"color:#172B4D;\">In refineries, multiple units work independently to modify operations to achieve desired products based on current demand, often leading to ineffective communication of issues. With Seeq various sources of data can be brought in and analyzed, giving different units one forum through which they can observe relative upstream and downstream processes and make informed decisions.\u00a0</span><br><span style=\"color:#172B4D;\">In this use case, analyzing lab data under different process conditions based on the </span><a target=\"_blank\" href=\"https://www.astm.org/d0086-23.html\" rel=\"nofollow noopener noreferrer\"><span style=\"color:#172B4D;\">ASTM D86 standard</span></a><span style=\"color:#172B4D;\"> allowed engineers to have a better understanding of the distillation being performed in the Crude Distillation Unit (CDU). The results were then communicated to downstream units, giving them the ability to infer how much throughput they will receive and its qualities.</span></p><h4><span style=\"color:#172B4D;\"><strong>Solution:</strong></span></h4><h3><a href=\"/links?type&#61;workstep&amp;workbook&#61;0EE0AC65-2515-FB90-852E-03DD227F8EB1&amp;worksheet&#61;0EE0AC65-2B17-ECF0-844B-2002620705D2&amp;workstep&#61;0EE27256-3D32-E800-AB92-1717520BFEA2\" rel=\"nofollow noopener noreferrer\">Vapor Cut Profile and KPIs</a></h3><p>\u00a0</p><p><a href=\"/links?type&#61;workstep&amp;workbook&#61;0EE0AC65-2515-FB90-852E-03DD227F8EB1&amp;worksheet&#61;0EE0AC65-2B17-ECF0-844B-2002620705D2&amp;workstep&#61;0EE24EC5-98D7-EA70-8D81-7E920889CE86\" rel=\"nofollow noopener noreferrer\">Connect to data from different sources</a> such as inventory data from SAP, lab data from CSV files/LIMS, and process data from historians<br><i>(<strong>Do it!</strong> </i><a href=\"/links?type&#61;workstep&amp;workbook&#61;0EE0AC65-2515-FB90-852E-03DD227F8EB1&amp;worksheet&#61;0EE0AC65-2B17-ECF0-844B-2002620705D2&amp;workstep&#61;0EE24EC8-96E8-EEF0-8D3B-F567AB95D0DB\" rel=\"nofollow noopener noreferrer\"><i>Start</i></a><i> importing the Lab Data CSV file (</i><a href=\"https://demo.seeq.dev/data-lab/0EE24DB1-4A5C-64F0-ABD5-C62A8F1184F2/files/Lab%20Data_Subset.csv?_xsrf&#61;2%7Ce367e7cf%7C8d4a62ddf1d967341bdae70e19dc3242%7C1689623391\" rel=\"nofollow noopener noreferrer\"><i>download file here</i></a><i>) by editing pinned datafile and appending data)</i></p><p><a href=\"/links?type&#61;workstep&amp;workbook&#61;0EE0AC65-2515-FB90-852E-03DD227F8EB1&amp;worksheet&#61;0EE0AC65-2B17-ECF0-844B-2002620705D2&amp;workstep&#61;0EE24ECD-4D20-7700-8777-7E62E97A9BD9\" rel=\"nofollow noopener noreferrer\">Assign blends based on crude parameters</a></p><p><a href=\"/links?type&#61;workstep&amp;workbook&#61;0EE0AC65-2515-FB90-852E-03DD227F8EB1&amp;worksheet&#61;0EE0AC65-2B17-ECF0-844B-2002620705D2&amp;workstep&#61;0EE7FF20-D311-EE00-999D-DF3358DCFDE0\" rel=\"nofollow noopener noreferrer\">Profile lab data to compare recent results to historical</a><br><i>(<strong>Do it!</strong> </i><a href=\"/links?type&#61;workstep&amp;workbook&#61;0EE0AC65-2515-FB90-852E-03DD227F8EB1&amp;worksheet&#61;0EE0AC65-2B17-ECF0-844B-2002620705D2&amp;workstep&#61;0EE7FF21-DB9E-77C0-828E-32A9E314A59E\" rel=\"nofollow noopener noreferrer\"><i>Start</i></a><i> creating a Value Search highlighting when the distillation curve is less than the lower limit determined by historical curves)</i><br>\u00a0<i>(<strong>Imagine!</strong> performing similar analyses for all units to compare feed and product distillation curves)</i></p><p><a href=\"/links?type&#61;workstep&amp;workbook&#61;0EE0AC65-2515-FB90-852E-03DD227F8EB1&amp;worksheet&#61;0EE0AC65-2B17-ECF0-844B-2002620705D2&amp;workstep&#61;0EE24ED5-A7F5-FF10-94D8-3949C55A440D\" rel=\"nofollow noopener noreferrer\">Determine the percentage and amount of crude that will become vapor and sent to downstream units</a></p><p>Consolidate results into an automatically updating <a href=\"https://demo.seeq.dev/workbook/ADB71E7B-B2BC-4D30-AEB2-96F18B4F66A5/worksheet/0EE1CE6D-BDFD-E800-9589-58C9649DF6C4\" rel=\"nofollow noopener noreferrer\"><span style=\"color:hsl(210,75%,60%);\">Organizer Topic Report</span></a></p>",
        "DocumentBackup\u02c9LjXAO8okMd52xtGMkaDcHh2O4Fv921fMzjtjGvUa70o\u02c92023-12-04T16:56:00Z": "<h2><strong>Vapor Cut Estimations</strong></h2><figure class=\"table\"><table class=\"ck-table-resized\" style=\"border-color:hsl(0, 0%, 100%);border-style:solid;\"><colgroup><col style=\"width:23.51%;\" /><col style=\"width:76.49%;\" /></colgroup><tbody><tr><td style=\"border-color:hsl(0, 0%, 100%);border-style:solid;\"><figure class=\"image\"><img src=\"/api/annotations/0EE0AC65-3C95-7590-B060-8F0080B5CE23/images/image_v3.png\"></figure></td><td style=\"border-color:hsl(0, 0%, 100%);border-style:solid;\"><h4><i>An oil and gas supermajor used Seeq to analyze distillation throughout their refinery, </i><span style=\"color:hsl(210,75%,60%);\"><i><strong>swiftly highlighting issues and opportunities to adjust cutpoints</strong></i></span><i>, resulting in effective collaboration across units.</i></h4></td></tr></tbody></table></figure><h4 style=\"margin-left:0in;\"><span style=\"color:#172B4D;\"><strong>Problem Statement:</strong></span></h4><p><span style=\"color:#172B4D;\">In refineries, multiple units work independently to modify operations to achieve desired products based on current demand, often leading to ineffective communication of issues. With Seeq various sources of data can be brought in and analyzed, giving different units one forum through which they can observe relative upstream and downstream processes and make informed decisions.\u00a0</span><br><span style=\"color:#172B4D;\">In this use case, analyzing lab data under different process conditions based on the </span><a target=\"_blank\" href=\"https://www.astm.org/d0086-23.html\" rel=\"nofollow noopener noreferrer\"><span style=\"color:#172B4D;\">ASTM D86 standard</span></a><span style=\"color:#172B4D;\"> allowed engineers to have a better understanding of the distillation being performed in the Crude Distillation Unit (CDU). The results were then communicated to downstream units, giving them the ability to infer how much throughput they will receive and its qualities.</span></p><h4><span style=\"color:#172B4D;\"><strong>Solution:</strong></span></h4><h3><a href=\"/links?type&#61;workstep&amp;workbook&#61;0EE0AC65-2515-FB90-852E-03DD227F8EB1&amp;worksheet&#61;0EE0AC65-2B17-ECF0-844B-2002620705D2&amp;workstep&#61;0EE27256-3D32-E800-AB92-1717520BFEA2\" rel=\"nofollow noopener noreferrer\">Vapor Cut Profile and KPIs</a></h3><p>\u00a0</p><p><a href=\"/links?type&#61;workstep&amp;workbook&#61;0EE0AC65-2515-FB90-852E-03DD227F8EB1&amp;worksheet&#61;0EE0AC65-2B17-ECF0-844B-2002620705D2&amp;workstep&#61;0EE24EC5-98D7-EA70-8D81-7E920889CE86\" rel=\"nofollow noopener noreferrer\">Connect to data from different sources</a> such as inventory data from SAP, lab data from CSV files/LIMS, and process data from historians<br><i>(<strong>Do it!</strong> </i><a href=\"/links?type&#61;workstep&amp;workbook&#61;0EE0AC65-2515-FB90-852E-03DD227F8EB1&amp;worksheet&#61;0EE0AC65-2B17-ECF0-844B-2002620705D2&amp;workstep&#61;0EE24EC8-96E8-EEF0-8D3B-F567AB95D0DB\" rel=\"nofollow noopener noreferrer\"><i>Start</i></a><i> importing the Lab Data CSV file (</i><a href=\"https://demo.seeq.dev/data-lab/0EE24DB1-4A5C-64F0-ABD5-C62A8F1184F2/files/Lab%20Data_Subset.csv?_xsrf&#61;2%7Ce367e7cf%7C8d4a62ddf1d967341bdae70e19dc3242%7C1689623391\" rel=\"nofollow noopener noreferrer\"><i>download file here</i></a><i>) by editing pinned datafile and appending data)</i></p><p><a href=\"/links?type&#61;workstep&amp;workbook&#61;0EE0AC65-2515-FB90-852E-03DD227F8EB1&amp;worksheet&#61;0EE0AC65-2B17-ECF0-844B-2002620705D2&amp;workstep&#61;0EE24ECD-4D20-7700-8777-7E62E97A9BD9\" rel=\"nofollow noopener noreferrer\">Assign blends based on crude parameters</a></p><p><a href=\"/links?type&#61;workstep&amp;workbook&#61;0EE0AC65-2515-FB90-852E-03DD227F8EB1&amp;worksheet&#61;0EE0AC65-2B17-ECF0-844B-2002620705D2&amp;workstep&#61;0EE7FF20-D311-EE00-999D-DF3358DCFDE0\" rel=\"nofollow noopener noreferrer\">Profile lab data to compare recent results to historical</a><br><i>(<strong>Do it!</strong> </i><a href=\"/links?type&#61;workstep&amp;workbook&#61;0EE0AC65-2515-FB90-852E-03DD227F8EB1&amp;worksheet&#61;0EE0AC65-2B17-ECF0-844B-2002620705D2&amp;workstep&#61;0EE7FF21-DB9E-77C0-828E-32A9E314A59E\" rel=\"nofollow noopener noreferrer\"><i>Start</i></a><i> creating a Value Search highlighting when the distillation curve is less than the lower limit determined by historical curves)</i><br>\u00a0<i>(<strong>Imagine!</strong> performing similar analyses for all units to compare feed and product distillation curves)</i></p><p><a href=\"/links?type&#61;workstep&amp;workbook&#61;0EE0AC65-2515-FB90-852E-03DD227F8EB1&amp;worksheet&#61;0EE0AC65-2B17-ECF0-844B-2002620705D2&amp;workstep&#61;0EE24ED5-A7F5-FF10-94D8-3949C55A440D\" rel=\"nofollow noopener noreferrer\">Determine the percentage and amount of crude that will become vapor and sent to downstream units</a></p><p>Consolidate results into an automatically updating <a href=\"https://demo.seeq.dev/present/worksheet/ADB71E7B-B2BC-4D30-AEB2-96F18B4F66A5/0EE1CE6D-BDFD-E800-9589-58C9649DF6C4\" rel=\"nofollow noopener noreferrer\"><span style=\"color:hsl(210,75%,60%);\">Organizer Topic Report</span></a></p>",
        "DocumentBackup\u02c9LjXAO8okMd52xtGMkaDcHh2O4Fv921fMzjtjGvUa70o\u02c92024-01-23T20:32:00Z": "<h2><strong>Vapor Cut Estimations</strong></h2><figure class=\"table\"><table class=\"ck-table-resized\" style=\"border-color:hsl(0, 0%, 100%);border-style:solid;\"><colgroup><col style=\"width:23.51%;\" /><col style=\"width:76.49%;\" /></colgroup><tbody><tr><td style=\"border-color:hsl(0, 0%, 100%);border-style:solid;\"><figure class=\"image\"><img src=\"/api/annotations/0EE0AC65-3C95-7590-B060-8F0080B5CE23/images/image_v3.png\"></figure></td><td style=\"border-color:hsl(0, 0%, 100%);border-style:solid;\"><h4><i>An oil and gas supermajor used Seeq to analyze distillation throughout their refinery, </i><span style=\"color:hsl(210,75%,60%);\"><i><strong>swiftly highlighting issues and opportunities to adjust cutpoints</strong></i></span><i>, resulting in effective collaboration across units.</i></h4></td></tr></tbody></table></figure><h4 style=\"margin-left:0in;\"><span style=\"color:#172B4D;\"><strong>Problem Statement:</strong></span></h4><p><span style=\"color:#172B4D;\">In refineries, multiple units work independently to modify operations to achieve desired products based on current demand, often leading to ineffective communication of issues. With Seeq various sources of data can be brought in and analyzed, giving different units one forum through which they can observe relative upstream and downstream processes and make informed decisions.\u00a0</span></p><p><span style=\"color:#172B4D;\">This is</span><br><span style=\"color:#172B4D;\">In this use case, analyzing lab data under different process conditions based on the </span><a target=\"_blank\" href=\"https://www.astm.org/d0086-23.html\" rel=\"nofollow noopener noreferrer\"><span style=\"color:#172B4D;\">ASTM D86 standard</span></a><span style=\"color:#172B4D;\"> allowed engineers to have a better understanding of the distillation being performed in the Crude Distillation Unit (CDU). The results were then communicated to downstream units, giving them the ability to infer how much throughput they will receive and its qualities.</span></p><h4><span style=\"color:#172B4D;\"><strong>Solution:</strong></span></h4><h3><a href=\"/links?type&#61;workstep&amp;workbook&#61;0EE0AC65-2515-FB90-852E-03DD227F8EB1&amp;worksheet&#61;0EE0AC65-2B17-ECF0-844B-2002620705D2&amp;workstep&#61;0EE27256-3D32-E800-AB92-1717520BFEA2\" rel=\"nofollow noopener noreferrer\">Vapor Cut Profile and KPIs</a></h3><p>\u00a0</p><p><a href=\"/links?type&#61;workstep&amp;workbook&#61;0EE0AC65-2515-FB90-852E-03DD227F8EB1&amp;worksheet&#61;0EE0AC65-2B17-ECF0-844B-2002620705D2&amp;workstep&#61;0EE24EC5-98D7-EA70-8D81-7E920889CE86\" rel=\"nofollow noopener noreferrer\">Connect to data from different sources</a> such as inventory data from SAP, lab data from CSV files/LIMS, and process data from historians<br><i>(<strong>Do it!</strong> </i><a href=\"/links?type&#61;workstep&amp;workbook&#61;0EE0AC65-2515-FB90-852E-03DD227F8EB1&amp;worksheet&#61;0EE0AC65-2B17-ECF0-844B-2002620705D2&amp;workstep&#61;0EE24EC8-96E8-EEF0-8D3B-F567AB95D0DB\" rel=\"nofollow noopener noreferrer\"><i>Start</i></a><i> importing the Lab Data CSV file (</i><a href=\"https://demo.seeq.dev/data-lab/0EE24DB1-4A5C-64F0-ABD5-C62A8F1184F2/files/Lab%20Data_Subset.csv?_xsrf&#61;2%7Ce367e7cf%7C8d4a62ddf1d967341bdae70e19dc3242%7C1689623391\" rel=\"nofollow noopener noreferrer\"><i>download file here</i></a><i>) by editing pinned datafile and appending data)</i></p><p><a href=\"/links?type&#61;workstep&amp;workbook&#61;0EE0AC65-2515-FB90-852E-03DD227F8EB1&amp;worksheet&#61;0EE0AC65-2B17-ECF0-844B-2002620705D2&amp;workstep&#61;0EE24ECD-4D20-7700-8777-7E62E97A9BD9\" rel=\"nofollow noopener noreferrer\">Assign blends based on crude parameters</a></p><p><a href=\"/links?type&#61;workstep&amp;workbook&#61;0EE0AC65-2515-FB90-852E-03DD227F8EB1&amp;worksheet&#61;0EE0AC65-2B17-ECF0-844B-2002620705D2&amp;workstep&#61;0EE7FF20-D311-EE00-999D-DF3358DCFDE0\" rel=\"nofollow noopener noreferrer\">Profile lab data to compare recent results to historical</a><br><i>(<strong>Do it!</strong> </i><a href=\"/links?type&#61;workstep&amp;workbook&#61;0EE0AC65-2515-FB90-852E-03DD227F8EB1&amp;worksheet&#61;0EE0AC65-2B17-ECF0-844B-2002620705D2&amp;workstep&#61;0EE7FF21-DB9E-77C0-828E-32A9E314A59E\" rel=\"nofollow noopener noreferrer\"><i>Start</i></a><i> creating a Value Search highlighting when the distillation curve is less than the lower limit determined by historical curves)</i><br>\u00a0<i>(<strong>Imagine!</strong> performing similar analyses for all units to compare feed and product distillation curves)</i></p><p><a href=\"/links?type&#61;workstep&amp;workbook&#61;0EE0AC65-2515-FB90-852E-03DD227F8EB1&amp;worksheet&#61;0EE0AC65-2B17-ECF0-844B-2002620705D2&amp;workstep&#61;0EE24ED5-A7F5-FF10-94D8-3949C55A440D\" rel=\"nofollow noopener noreferrer\">Determine the percentage and amount of crude that will become vapor and sent to downstream units</a></p><p>Consolidate results into an automatically updating <a href=\"https://demo.seeq.dev/present/worksheet/ADB71E7B-B2BC-4D30-AEB2-96F18B4F66A5/0EE1CE6D-BDFD-E800-9589-58C9649DF6C4\" rel=\"nofollow noopener noreferrer\"><span style=\"color:hsl(210,75%,60%);\">Organizer Topic Report</span></a></p>",
        "Enabled": true,
        "ID": "0EE0AC65-3C95-7590-B060-8F0080B5CE23",
        "Is CK Enabled": true,
        "Locked": false,
        "Name": "Vapor Cut Estimations",
        "Plain Text Document": "Vapor Cut EstimationsAn oil and gas supermajor used Seeq to analyze distillation throughout their refinery, swiftly highlighting issues and opportunities to adjust cutpoints, resulting in effective collaboration across units.Problem Statement:In refineries, multiple units work independently to modify operations to achieve desired products based on current demand, often leading to ineffective communication of issues. With Seeq various sources of data can be brought in and analyzed, giving different units one forum through which they can observe relative upstream and downstream processes and make informed decisions.\u00a0In this use case, analyzing lab data under different process conditions based on the ASTM D86 standard allowed engineers to have a better understanding of the distillation being performed in the Crude Distillation Unit (CDU). The results were then communicated to downstream units, giving them the ability to infer how much throughput they will receive and its qualities.Solution:Vapor Cut Profile and KPIs\u00a0Connect to data from different sources such as inventory data from SAP, lab data from CSV files/LIMS, and process data from historians(Do it! Start importing the Lab Data CSV file (download file here) by editing pinned datafile and appending data)Assign blends based on crude parametersProfile lab data to compare recent results to historical(Do it! Start creating a Value Search highlighting when the distillation curve is less than the lower limit determined by historical curves)\u00a0(Imagine! performing similar analyses for all units to compare feed and product distillation curves)Determine the percentage and amount of crude that will become vapor and sent to downstream unitsConsolidate results into an automatically updating Organizer Topic Report",
        "Type": "Journal",
        "Unsearchable": false,
        "Updated At": "1706041958533773094"
    }
}