{
    "Access Control": [
        {
            "ID": "0eeba2e9-c4bc-ff60-989b-b71d97c7aff9",
            "Identity": {
                "Datasource Class": "OAuth 2.0",
                "Datasource ID": "9ecc7e74-4c32-436d-9af0-70d8aa99386b",
                "Datasource Name": "Seeq Azure SSO",
                "Email": "kelly.kolotka@seeq.com",
                "First Name": "Kelly",
                "ID": "0EE2A270-62C9-6420-A717-6523228966F1",
                "Is Admin": true,
                "Last Name": "Kolotka",
                "Name": "Kelly Kolotka",
                "Type": "User",
                "Username": "Rf-erYpWFnMP4dGJEM9aIaUTM348lH-FhsTVaRr_vnI"
            },
            "Origin": null,
            "Permissions": {
                "Manage": true,
                "Read": true,
                "Write": true
            },
            "Redacted": false,
            "Role": null
        },
        {
            "ID": "0ee272db-51af-fb40-b02b-5d93e4441c50",
            "Identity": {
                "Datasource Class": "Auth",
                "Datasource ID": "Seeq",
                "Datasource Name": "Seeq",
                "ID": "3B804F82-9378-4C52-81D5-E7BD0AC5F076",
                "Name": "Partner Demo Access",
                "Type": "UserGroup"
            },
            "Origin": "0EE24DB0-BE74-EE10-9CCB-7D46C77931AC",
            "Permissions": {
                "Manage": false,
                "Read": true,
                "Write": true
            },
            "Redacted": false,
            "Role": null
        },
        {
            "ID": "0ee272db-51af-fb40-85e3-4cd646808322",
            "Identity": {
                "Datasource Class": "Auth",
                "Datasource ID": "Seeq",
                "Datasource Name": "Seeq",
                "ID": "72A9F0E9-1878-40F6-A368-D520591C6BFC",
                "Name": "Everyone",
                "Type": "UserGroup"
            },
            "Origin": "0EE24DB0-BE74-EE10-9CCB-7D46C77931AC",
            "Permissions": {
                "Manage": false,
                "Read": true,
                "Write": false
            },
            "Redacted": false,
            "Role": null
        },
        {
            "ID": "0ee272db-51af-fb40-9fd0-dfb7eea68f3c",
            "Identity": {
                "Datasource Class": "OAuth 2.0",
                "Datasource ID": "9ecc7e74-4c32-436d-9af0-70d8aa99386b",
                "Datasource Name": "Seeq Azure SSO",
                "Email": "shamus.cunningham@seeq.com",
                "First Name": "Shamus",
                "ID": "849F6252-B8A4-495C-B1B5-73CD38B8A066",
                "Is Admin": true,
                "Last Name": "Cunningham",
                "Name": "Shamus Cunningham",
                "Type": "User",
                "Username": "DMH0KFzkCvN1pJbDdJgkrUvR4vPhL0QTDxpDD1Oy_rk"
            },
            "Origin": "0EE24DB0-BE74-EE10-9CCB-7D46C77931AC",
            "Permissions": {
                "Manage": true,
                "Read": true,
                "Write": true
            },
            "Redacted": false,
            "Role": null
        },
        {
            "ID": "0ee0ac65-2515-fb90-b2d5-7c9a9b700966",
            "Identity": {
                "Datasource Class": "OAuth 2.0",
                "Datasource ID": "9ecc7e74-4c32-436d-9af0-70d8aa99386b",
                "Datasource Name": "Seeq Azure SSO",
                "Email": "kristopher.wiggins@seeq.com",
                "First Name": "Kristopher",
                "ID": "C9A62CDA-7D15-4F36-82B3-3D3A18F6824A",
                "Is Admin": false,
                "Last Name": "Wiggins",
                "Name": "Kristopher Wiggins",
                "Type": "User",
                "Username": "LjXAO8okMd52xtGMkaDcHh2O4Fv921fMzjtjGvUa70o"
            },
            "Origin": null,
            "Permissions": {
                "Manage": true,
                "Read": true,
                "Write": true
            },
            "Redacted": false,
            "Role": "OWNER"
        },
        {
            "ID": "0ee24db0-f4fa-6660-b64d-387802f60038",
            "Identity": {
                "Datasource Class": "OAuth 2.0",
                "Datasource ID": "9ecc7e74-4c32-436d-9af0-70d8aa99386b",
                "Datasource Name": "Seeq Azure SSO",
                "Email": "kristopher.wiggins@seeq.com",
                "First Name": "Kristopher",
                "ID": "C9A62CDA-7D15-4F36-82B3-3D3A18F6824A",
                "Is Admin": false,
                "Last Name": "Wiggins",
                "Name": "Kristopher Wiggins",
                "Type": "User",
                "Username": "LjXAO8okMd52xtGMkaDcHh2O4Fv921fMzjtjGvUa70o"
            },
            "Origin": "0EE24DB0-BE74-EE10-9CCB-7D46C77931AC",
            "Permissions": {
                "Manage": true,
                "Read": true,
                "Write": true
            },
            "Redacted": false,
            "Role": null
        },
        {
            "ID": "0ee272db-51af-fb40-8c00-bb639ffbeed0",
            "Identity": {
                "Datasource Class": "OAuth 2.0",
                "Datasource ID": "9ecc7e74-4c32-436d-9af0-70d8aa99386b",
                "Datasource Name": "Seeq Azure SSO",
                "Email": "Joseph.Reckamp@seeq.com",
                "First Name": "Joe",
                "ID": "C9FD5B90-17F3-4CA7-8C37-CD9B7D9B85D2",
                "Is Admin": true,
                "Last Name": "Reckamp",
                "Name": "Joe Reckamp",
                "Type": "User",
                "Username": "DEg3Lh5pLS4-lG84EjGXXXdzxhd1450vkLgiu8he2l8"
            },
            "Origin": "0EE24DB0-BE74-EE10-9CCB-7D46C77931AC",
            "Permissions": {
                "Manage": true,
                "Read": true,
                "Write": true
            },
            "Redacted": false,
            "Role": null
        },
        {
            "ID": "0ee24db0-f4fa-6660-917d-89fe874463c2",
            "Identity": {
                "Datasource Class": "Auth",
                "Datasource ID": "Seeq",
                "Datasource Name": "Seeq",
                "ID": "E4730C48-1672-447F-B48B-F77C95580062",
                "Name": "Seeq Internal",
                "Type": "UserGroup"
            },
            "Origin": "0EE24DB0-BE74-EE10-9CCB-7D46C77931AC",
            "Permissions": {
                "Manage": true,
                "Read": true,
                "Write": true
            },
            "Redacted": false,
            "Role": null
        }
    ],
    "Ancestors": [
        "__Corporate__",
        "E49ED507-46F8-41D9-A968-EBA66A0B4DFD",
        "3020FE5C-0B81-405F-A32B-82E1A4A48A61",
        "0EE24DB0-BE74-EE10-9CCB-7D46C77931AC"
    ],
    "Archived": false,
    "Cache Enabled": false,
    "Created At": "1686755739594877980",
    "Enabled": true,
    "ID": "0EE0AC65-2515-FB90-852E-03DD227F8EB1",
    "Locked": false,
    "Name": "Vapor Cut Estimations",
    "Original Server URL": "http://seeq-server",
    "Owner": {
        "Datasource Class": "OAuth 2.0",
        "Datasource ID": "9ecc7e74-4c32-436d-9af0-70d8aa99386b",
        "Datasource Name": "Seeq Azure SSO",
        "Email": "kristopher.wiggins@seeq.com",
        "First Name": "Kristopher",
        "ID": "C9A62CDA-7D15-4F36-82B3-3D3A18F6824A",
        "Is Admin": false,
        "Last Name": "Wiggins",
        "Name": "Kristopher Wiggins",
        "Type": "User",
        "Username": "LjXAO8okMd52xtGMkaDcHh2O4Fv921fMzjtjGvUa70o"
    },
    "Path": "Corporate folder >> Industry Use Cases >> Production >> Vapor Cut Estimations",
    "Search Folder ID": "0EE24DB0-BE74-EE10-9CCB-7D46C77931AC",
    "Type": "Workbook",
    "URL": "https://demo.seeq.dev/0EE24DB0-BE74-EE10-9CCB-7D46C77931AC/workbook/0EE0AC65-2515-FB90-852E-03DD227F8EB1/worksheet/0EE0AC65-2B17-ECF0-844B-2002620705D2",
    "Unsearchable": false,
    "Updated At": "1730990781119558103",
    "Workbook Type": "Analysis",
    "Worksheets": [
        "0EE0AC65-2B17-ECF0-844B-2002620705D2",
        "0EE0AC7D-A937-62D0-9D2A-944D93445A2C"
    ],
    "workbookState": {
        "state": {
            "stores": {
                "sqAnnotationStore": {
                    "height": 0,
                    "id": "0EE0AC65-3C95-7590-B060-8F0080B5CE23",
                    "isAnnotatesExpanded": false,
                    "isCkEnabled": true,
                    "isCommentsExpanded": false,
                    "isExpanded": false,
                    "width": 0
                }
            }
        },
        "version": 1
    }
}