{
    "Archived": false,
    "Cache Enabled": false,
    "Created At": "1686756397693619103",
    "Enabled": true,
    "ID": "0EE0AC7D-A937-62D0-9D2A-944D93445A2C",
    "Locked": false,
    "Removed Worksheet Workstep Relationships": "0ee0ac65-38ee-64a0-a4a0-39794a25f606",
    "Unsearchable": false,
    "Updated At": "1730990766110526416",
    "Name": "Detailed Demo",
    "Type": "Worksheet",
    "Annotation ID": "0EE0AC7D-A940-FF10-8672-6E5F10A41702",
    "Current Workstep ID": "0EF9D170-4BD0-75C0-9239-B2DB2BC3D959",
    "URL": "https://demo.seeq.dev/0EE24DB0-BE74-EE10-9CCB-7D46C77931AC/workbook/0EE0AC65-2515-FB90-852E-03DD227F8EB1/worksheet/0EE0AC7D-A937-62D0-9D2A-944D93445A2C"
}