{
    "Archived": false,
    "Cache Enabled": false,
    "Created At": "1678707513542620338",
    "Enabled": true,
    "ID": "27CF4353-4929-433F-82B2-552CFE90C6F5",
    "Locked": false,
    "Unsearchable": false,
    "Updated At": "1730990091457912990",
    "Name": "Pump Station Monitoring - Simple Demo",
    "Type": "Worksheet",
    "Annotation ID": "E629ED3D-27D3-422A-81D1-4E8570EAD81D",
    "Current Workstep ID": "0EF9D157-29CF-FDE0-B8E3-D094536B5884",
    "URL": "https://demo.seeq.dev/39E67F13-6867-40DB-B6D9-22C72752228C/workbook/E2A61E7D-5EA9-4753-B922-A001942A8B3D/worksheet/27CF4353-4929-433F-82B2-552CFE90C6F5"
}