{
    "ID": "086B653B-9205-42BE-96D3-0A1B203DF7DE",
    "Type": "Workstep",
    "Data": {
        "version": 1,
        "state": {
            "stores": {
                "sqTrendSeriesStore": {
                    "items": []
                },
                "sqTrendCapsuleSetStore": {
                    "items": []
                },
                "sqTrendScalarStore": {
                    "items": []
                },
                "sqTrendMetricStore": {
                    "items": []
                },
                "sqTrendTableStore": {
                    "items": []
                },
                "sqDurationStore": {
                    "autoUpdate": {
                        "offset": 17999996
                    },
                    "displayRange": {
                        "start": 1730921832657,
                        "end": 1731008232657
                    },
                    "investigateRange": {
                        "start": 1730399832660,
                        "end": 1731008232660
                    }
                },
                "sqWorksheetStore": {
                    "viewKey": "TREND"
                }
            }
        }
    }
}