{
  "6E448462-851F-40D9-BDC3-54232E5A50F1": {
    "Definition": {
      "Datasource ID": "Example Data",
      "Source Value Unit Of Measure": "",
      "Datasource Name": "Example Data",
      "Sync Token": "2024-06-22T13:12:17.356547255Z",
      "Enabled": true,
      "Key Unit Of Measure": "ns",
      "Archived": false,
      "Multivalued Samples Behavior": "Keep Last",
      "Cache ID": "62F08179-56A1-47EC-BA8B-2C397B7898C2",
      "Datasource Class": "Time Series CSV Files",
      "Cache Enabled": false,
      "Data ID": "Area H_Optimizer.sim.ts.csv",
      "Value Unit Of Measure": "",
      "Interpolation Method": "Linear",
      "Stored Series Cache Version": 1,
      "Unsearchable": false,
      "Source Maximum Interpolation": "10082min",
      "Locked": false,
      "Maximum Interpolation": "10082min",
      "ID": "6E448462-851F-40D9-BDC3-54232E5A50F1",
      "Name": "Optimizer",
      "Type": "StoredSignal",
      "Parent ID": "807F99A8-C863-4176-BA33-ED84BB1759D5",
      "Path": "Example >> Cooling Tower 1",
      "Asset": "Area H"
    },
    "Periods": [
      {
        "Start": "2023-03-12T22:35:00+00:00",
        "End": "2023-03-13T22:35:00+00:00"
      },
      {
        "Start": "2022-03-12T21:28:20+00:00",
        "End": "2024-03-12T23:41:40+00:00",
        "Added by User": true
      }
    ]
  },
  "62E6F850-E523-408D-AD10-0C87E65F996B": {
    "Definition": {
      "Datasource ID": "Example Data",
      "Source Value Unit Of Measure": "",
      "Datasource Name": "Example Data",
      "Sync Token": "2024-06-22T13:12:17.356547255Z",
      "Number Format": "#,##0.00",
      "Enabled": false,
      "Override Maximum Interpolation": "2min",
      "Key Unit Of Measure": "ns",
      "Archived": false,
      "Multivalued Samples Behavior": "Keep Last",
      "Cache ID": "0EEFCB40-94D0-7760-B591-5E51632395B9",
      "Datasource Class": "Time Series CSV Files",
      "Cache Enabled": true,
      "Data ID": "Area A_Optimizer.sim.ts.csv",
      "Value Unit Of Measure": "",
      "Interpolation Method": "Linear",
      "Stored Series Cache Version": 1,
      "Unsearchable": false,
      "Source Maximum Interpolation": "2min",
      "Locked": false,
      "Maximum Interpolation": "2min",
      "ID": "62E6F850-E523-408D-AD10-0C87E65F996B",
      "Name": "Optimizer",
      "Type": "StoredSignal",
      "Parent ID": "2407642C-0169-4ED0-A25C-321E29DC975B",
      "Path": "Example >> Cooling Tower 1",
      "Asset": "Area A"
    },
    "Periods": [
      {
        "Start": "2023-02-11T21:35:05.021000+00:00",
        "End": "2023-03-13T22:35:00+00:00"
      },
      {
        "Start": "2023-03-17T13:31:35.307000+00:00",
        "End": "2023-04-12T19:24:08.079000+00:00"
      },
      {
        "Start": "2022-02-11T20:28:25.021000+00:00",
        "End": "2024-03-12T23:41:40+00:00",
        "Added by User": true
      },
      {
        "Start": "2022-03-17T12:24:55.307000+00:00",
        "End": "2024-04-11T20:30:48.079000+00:00",
        "Added by User": true
      }
    ]
  }
}