{
    "0EE24DB0-BE74-EE10-9CCB-7D46C77931AC": {
        "Access Control": [
            {
                "ID": "0ee272db-5144-6480-a69f-86eaf3f8eeee",
                "Identity": {
                    "Datasource Class": "Auth",
                    "Datasource ID": "Seeq",
                    "Datasource Name": "Seeq",
                    "ID": "3B804F82-9378-4C52-81D5-E7BD0AC5F076",
                    "Name": "Partner Demo Access",
                    "Type": "UserGroup"
                },
                "Origin": "3020FE5C-0B81-405F-A32B-82E1A4A48A61",
                "Permissions": {
                    "Manage": false,
                    "Read": true,
                    "Write": true
                },
                "Redacted": false,
                "Role": null
            },
            {
                "ID": "0ee272db-5144-6480-86ae-23c0be7a2f9d",
                "Identity": {
                    "Datasource Class": "Auth",
                    "Datasource ID": "Seeq",
                    "Datasource Name": "Seeq",
                    "ID": "72A9F0E9-1878-40F6-A368-D520591C6BFC",
                    "Name": "Everyone",
                    "Type": "UserGroup"
                },
                "Origin": "3020FE5C-0B81-405F-A32B-82E1A4A48A61",
                "Permissions": {
                    "Manage": false,
                    "Read": true,
                    "Write": false
                },
                "Redacted": false,
                "Role": null
            },
            {
                "ID": "0ee272db-5144-6480-a9ef-6ff1f7f2e434",
                "Identity": {
                    "Datasource Class": "OAuth 2.0",
                    "Datasource ID": "9ecc7e74-4c32-436d-9af0-70d8aa99386b",
                    "Datasource Name": "Seeq Azure SSO",
                    "Email": "shamus.cunningham@seeq.com",
                    "First Name": "Shamus",
                    "ID": "849F6252-B8A4-495C-B1B5-73CD38B8A066",
                    "Is Admin": true,
                    "Last Name": "Cunningham",
                    "Name": "Shamus Cunningham",
                    "Type": "User",
                    "Username": "DMH0KFzkCvN1pJbDdJgkrUvR4vPhL0QTDxpDD1Oy_rk"
                },
                "Origin": "3020FE5C-0B81-405F-A32B-82E1A4A48A61",
                "Permissions": {
                    "Manage": true,
                    "Read": true,
                    "Write": true
                },
                "Redacted": false,
                "Role": null
            },
            {
                "ID": "0ee24db0-be74-ee10-b89d-8ef2d9e18821",
                "Identity": {
                    "Datasource Class": "OAuth 2.0",
                    "Datasource ID": "9ecc7e74-4c32-436d-9af0-70d8aa99386b",
                    "Datasource Name": "Seeq Azure SSO",
                    "Email": "kristopher.wiggins@seeq.com",
                    "First Name": "Kristopher",
                    "ID": "C9A62CDA-7D15-4F36-82B3-3D3A18F6824A",
                    "Is Admin": false,
                    "Last Name": "Wiggins",
                    "Name": "Kristopher Wiggins",
                    "Type": "User",
                    "Username": "LjXAO8okMd52xtGMkaDcHh2O4Fv921fMzjtjGvUa70o"
                },
                "Origin": null,
                "Permissions": {
                    "Manage": true,
                    "Read": true,
                    "Write": true
                },
                "Redacted": false,
                "Role": "OWNER"
            },
            {
                "ID": "0ee272db-5144-6480-9eb2-55222462c9c7",
                "Identity": {
                    "Datasource Class": "OAuth 2.0",
                    "Datasource ID": "9ecc7e74-4c32-436d-9af0-70d8aa99386b",
                    "Datasource Name": "Seeq Azure SSO",
                    "Email": "Joseph.Reckamp@seeq.com",
                    "First Name": "Joe",
                    "ID": "C9FD5B90-17F3-4CA7-8C37-CD9B7D9B85D2",
                    "Is Admin": true,
                    "Last Name": "Reckamp",
                    "Name": "Joe Reckamp",
                    "Type": "User",
                    "Username": "DEg3Lh5pLS4-lG84EjGXXXdzxhd1450vkLgiu8he2l8"
                },
                "Origin": "3020FE5C-0B81-405F-A32B-82E1A4A48A61",
                "Permissions": {
                    "Manage": true,
                    "Read": true,
                    "Write": true
                },
                "Redacted": false,
                "Role": null
            },
            {
                "ID": "0ee272db-5144-6480-a1d0-92c9f7325d15",
                "Identity": {
                    "Datasource Class": "Auth",
                    "Datasource ID": "Seeq",
                    "Datasource Name": "Seeq",
                    "ID": "E4730C48-1672-447F-B48B-F77C95580062",
                    "Name": "Seeq Internal",
                    "Type": "UserGroup"
                },
                "Origin": "3020FE5C-0B81-405F-A32B-82E1A4A48A61",
                "Permissions": {
                    "Manage": true,
                    "Read": true,
                    "Write": true
                },
                "Redacted": false,
                "Role": null
            }
        ],
        "Ancestors": [
            "__Users__",
            "E7BBA260-FDF6-4C02-965E-E16B86D67B8F",
            "E49ED507-46F8-41D9-A968-EBA66A0B4DFD",
            "3020FE5C-0B81-405F-A32B-82E1A4A48A61"
        ],
        "Archived": false,
        "Cache Enabled": false,
        "Created At": "1689623371121980236",
        "Enabled": true,
        "ID": "0EE24DB0-BE74-EE10-9CCB-7D46C77931AC",
        "Locked": false,
        "Name": "Vapor Cut Estimations",
        "Owner": {
            "Datasource Class": "OAuth 2.0",
            "Datasource ID": "9ecc7e74-4c32-436d-9af0-70d8aa99386b",
            "Datasource Name": "Seeq Azure SSO",
            "Email": "kristopher.wiggins@seeq.com",
            "First Name": "Kristopher",
            "ID": "C9A62CDA-7D15-4F36-82B3-3D3A18F6824A",
            "Is Admin": false,
            "Last Name": "Wiggins",
            "Name": "Kristopher Wiggins",
            "Type": "User",
            "Username": "LjXAO8okMd52xtGMkaDcHh2O4Fv921fMzjtjGvUa70o"
        },
        "Type": "Folder",
        "Unsearchable": false,
        "Updated At": "1689623376845506847"
    },
    "0EE24DB5-3BE9-6220-9656-CD2C9CA18E40": {
        "Archived": false,
        "Cache Enabled": false,
        "Cache ID": "0EE24DB5-3F8B-64F0-A114-E2BCB854DA61",
        "Capsule Property Units": {
            "API Gravity": "",
            "CCR (wt%)": "",
            "Houston Crude Tank Feed (kbd)": "",
            "Pittsburgh Heavy Tank Feed (kbd)": "",
            "San Leandro Light Tank Feed (kbd)": "",
            "Seattle Crude Tank Feed (kbd)": "",
            "Sulfur (wt%)": ""
        },
        "Data ID": "[0EE0AC65-2515-FB90-852E-03DD227F8EB1] {Condition} SAP Crude Tank Inventory",
        "Datasource Class": "Seeq Data Lab",
        "Datasource ID": "Seeq Data Lab",
        "Enabled": true,
        "ID": "0EE24DB5-3BE9-6220-9656-CD2C9CA18E40",
        "Last Key Written": {
            "Unit Of Measure": "ns",
            "Value": 1687478400000000000
        },
        "Locked": false,
        "Maximum Duration": "2d",
        "Name": "SAP Crude Tank Inventory",
        "Scoped To": "0EE0AC65-2515-FB90-852E-03DD227F8EB1",
        "Storage Location": "POSTGRES",
        "Stored Series Cache Version": 1,
        "Sync Token": "2023-07-17T19:51:31.606522",
        "Type": "StoredCondition",
        "Unit Of Measure": "ns",
        "Unsearchable": false
    },
    "0EE24DB6-9B19-EEB0-AFBD-C05F7C464D63": {
        "Archived": false,
        "Cache Enabled": false,
        "Cache ID": "0EE24DB6-9CE4-EE70-8832-07081BFCC4C3",
        "Data ID": "[0EE0AC65-2515-FB90-852E-03DD227F8EB1] {Signal} Pipeline Flow Rate",
        "Datasource Class": "Seeq Data Lab",
        "Datasource ID": "Seeq Data Lab",
        "Enabled": true,
        "ID": "0EE24DB6-9B19-EEB0-AFBD-C05F7C464D63",
        "Interpolation Method": "Linear",
        "Last Key Written": {
            "Unit Of Measure": "ns",
            "Value": 1686718800000000000
        },
        "Locked": false,
        "Maximum Interpolation": "40h",
        "Name": "Pipeline Flow Rate",
        "Scoped To": "0EE0AC65-2515-FB90-852E-03DD227F8EB1",
        "Source Value Unit Of Measure": "kbbl/hr",
        "Storage Location": "FILE_SIGNAL_STORAGE",
        "Stored Series Cache Version": 1,
        "Sync Token": "2023-07-17T19:52:08.433820",
        "Type": "StoredSignal",
        "Unsearchable": false,
        "Value Unit Of Measure": "kbbl/h"
    },
    "0EE24DEB-DB4D-EAB0-9A1C-AD752BDA6B48": {
        "Archived": false,
        "Asset": "Vapor Cut Demo_Lab Data",
        "Cache Enabled": false,
        "Cache ID": "0EE24DEB-DB54-FFE0-A4CF-68688DDB975D",
        "Data ID": "0ee24deb-db06-fde0-b006-a44541542485-GC Temperature 0.5%-SIGNAL",
        "Datasource Class": "Imported CSV Files",
        "Datasource ID": "Imported CSV Files",
        "Description": "column = GC Temperature 0.5%; last file imported = Vapor Cut Demo_Lab Data.csv",
        "Enabled": true,
        "ID": "0EE24DEB-DB4D-EAB0-9A1C-AD752BDA6B48",
        "Interpolation Method": "None",
        "Last Key Written": {
            "Unit Of Measure": "ns",
            "Value": 1690396922000000000
        },
        "Locked": false,
        "Maximum Interpolation": "0h",
        "Name": "GC Temperature 0.5%",
        "Parent ID": "0EE24DEB-DB06-FDE0-B006-A44541542485",
        "Path": null,
        "Source Maximum Interpolation": "40h",
        "Source Value Unit Of Measure": "\u00b0C",
        "Storage Location": "FILE_SIGNAL_STORAGE",
        "Stored Series Cache Version": 1,
        "Type": "StoredSignal",
        "Unsearchable": false,
        "Value Unit Of Measure": "\u00b0C"
    },
    "0EE24DEB-DB57-66F0-9C17-119140DD7326": {
        "Archived": false,
        "Asset": "Vapor Cut Demo_Lab Data",
        "Cache Enabled": false,
        "Cache ID": "0EE24DEB-DB59-EE00-BBB2-A84F28C60F11",
        "Data ID": "0ee24deb-db06-fde0-b006-a44541542485-GC Temperature 5%-SIGNAL",
        "Datasource Class": "Imported CSV Files",
        "Datasource ID": "Imported CSV Files",
        "Description": "column = GC Temperature 5%; last file imported = Vapor Cut Demo_Lab Data.csv",
        "Enabled": true,
        "ID": "0EE24DEB-DB57-66F0-9C17-119140DD7326",
        "Interpolation Method": "None",
        "Last Key Written": {
            "Unit Of Measure": "ns",
            "Value": 1690396922000000000
        },
        "Locked": false,
        "Maximum Interpolation": "0h",
        "Name": "GC Temperature 5%",
        "Parent ID": "0EE24DEB-DB06-FDE0-B006-A44541542485",
        "Path": null,
        "Source Maximum Interpolation": "40h",
        "Source Value Unit Of Measure": "\u00b0C",
        "Storage Location": "FILE_SIGNAL_STORAGE",
        "Stored Series Cache Version": 1,
        "Type": "StoredSignal",
        "Unsearchable": false,
        "Value Unit Of Measure": "\u00b0C"
    },
    "0EE24DEB-DB5C-7510-9656-C04B08D2DEC7": {
        "Archived": false,
        "Asset": "Vapor Cut Demo_Lab Data",
        "Cache Enabled": false,
        "Cache ID": "0EE24DEB-DB5E-EC20-8D58-0D2CEB7CB170",
        "Data ID": "0ee24deb-db06-fde0-b006-a44541542485-GC Temperature 10%-SIGNAL",
        "Datasource Class": "Imported CSV Files",
        "Datasource ID": "Imported CSV Files",
        "Description": "column = GC Temperature 10%; last file imported = Vapor Cut Demo_Lab Data.csv",
        "Enabled": true,
        "ID": "0EE24DEB-DB5C-7510-9656-C04B08D2DEC7",
        "Interpolation Method": "None",
        "Last Key Written": {
            "Unit Of Measure": "ns",
            "Value": 1690396922000000000
        },
        "Locked": false,
        "Maximum Interpolation": "0h",
        "Name": "GC Temperature 10%",
        "Parent ID": "0EE24DEB-DB06-FDE0-B006-A44541542485",
        "Path": null,
        "Source Maximum Interpolation": "40h",
        "Source Value Unit Of Measure": "\u00b0C",
        "Storage Location": "FILE_SIGNAL_STORAGE",
        "Stored Series Cache Version": 1,
        "Type": "StoredSignal",
        "Unsearchable": false,
        "Value Unit Of Measure": "\u00b0C"
    },
    "0EE24DEB-DB61-7330-988C-5882DF55DA0A": {
        "Archived": false,
        "Asset": "Vapor Cut Demo_Lab Data",
        "Cache Enabled": false,
        "Cache ID": "0EE24DEB-DB66-7150-8510-FC57A236A153",
        "Data ID": "0ee24deb-db06-fde0-b006-a44541542485-GC Temperature 20%-SIGNAL",
        "Datasource Class": "Imported CSV Files",
        "Datasource ID": "Imported CSV Files",
        "Description": "column = GC Temperature 20%; last file imported = Vapor Cut Demo_Lab Data.csv",
        "Enabled": true,
        "ID": "0EE24DEB-DB61-7330-988C-5882DF55DA0A",
        "Interpolation Method": "None",
        "Last Key Written": {
            "Unit Of Measure": "ns",
            "Value": 1690396922000000000
        },
        "Locked": false,
        "Maximum Interpolation": "0h",
        "Name": "GC Temperature 20%",
        "Parent ID": "0EE24DEB-DB06-FDE0-B006-A44541542485",
        "Path": null,
        "Source Maximum Interpolation": "40h",
        "Source Value Unit Of Measure": "\u00b0C",
        "Storage Location": "FILE_SIGNAL_STORAGE",
        "Stored Series Cache Version": 1,
        "Type": "StoredSignal",
        "Unsearchable": false,
        "Value Unit Of Measure": "\u00b0C"
    },
    "0EE24DEB-DB66-7150-825B-11BC86513BC8": {
        "Archived": false,
        "Asset": "Vapor Cut Demo_Lab Data",
        "Cache Enabled": false,
        "Cache ID": "0EE24DEB-DB6D-6680-92ED-8B82335B00D0",
        "Data ID": "0ee24deb-db06-fde0-b006-a44541542485-GC Temperature 30%-SIGNAL",
        "Datasource Class": "Imported CSV Files",
        "Datasource ID": "Imported CSV Files",
        "Description": "column = GC Temperature 30%; last file imported = Vapor Cut Demo_Lab Data.csv",
        "Enabled": true,
        "ID": "0EE24DEB-DB66-7150-825B-11BC86513BC8",
        "Interpolation Method": "None",
        "Last Key Written": {
            "Unit Of Measure": "ns",
            "Value": 1690396922000000000
        },
        "Locked": false,
        "Maximum Interpolation": "0h",
        "Name": "GC Temperature 30%",
        "Parent ID": "0EE24DEB-DB06-FDE0-B006-A44541542485",
        "Path": null,
        "Source Maximum Interpolation": "40h",
        "Source Value Unit Of Measure": "\u00b0C",
        "Storage Location": "FILE_SIGNAL_STORAGE",
        "Stored Series Cache Version": 1,
        "Type": "StoredSignal",
        "Unsearchable": false,
        "Value Unit Of Measure": "\u00b0C"
    },
    "0EE24DEB-DB6D-6680-A7A5-E7C68B93B9BD": {
        "Archived": false,
        "Asset": "Vapor Cut Demo_Lab Data",
        "Cache Enabled": false,
        "Cache ID": "0EE24DEB-DB74-FBB0-BBC8-6CCA55D5282D",
        "Data ID": "0ee24deb-db06-fde0-b006-a44541542485-GC Temperature 40%-SIGNAL",
        "Datasource Class": "Imported CSV Files",
        "Datasource ID": "Imported CSV Files",
        "Description": "column = GC Temperature 40%; last file imported = Vapor Cut Demo_Lab Data.csv",
        "Enabled": true,
        "ID": "0EE24DEB-DB6D-6680-A7A5-E7C68B93B9BD",
        "Interpolation Method": "None",
        "Last Key Written": {
            "Unit Of Measure": "ns",
            "Value": 1690396922000000000
        },
        "Locked": false,
        "Maximum Interpolation": "0h",
        "Name": "GC Temperature 40%",
        "Parent ID": "0EE24DEB-DB06-FDE0-B006-A44541542485",
        "Path": null,
        "Source Maximum Interpolation": "40h",
        "Source Value Unit Of Measure": "\u00b0C",
        "Storage Location": "FILE_SIGNAL_STORAGE",
        "Stored Series Cache Version": 1,
        "Type": "StoredSignal",
        "Unsearchable": false,
        "Value Unit Of Measure": "\u00b0C"
    },
    "0EE24DEB-DB77-62C0-8472-49D7C207C24D": {
        "Archived": false,
        "Asset": "Vapor Cut Demo_Lab Data",
        "Cache Enabled": false,
        "Cache ID": "0EE24DEB-DB7C-60E0-94FC-A765AAA309B7",
        "Data ID": "0ee24deb-db06-fde0-b006-a44541542485-GC Temperature 50%-SIGNAL",
        "Datasource Class": "Imported CSV Files",
        "Datasource ID": "Imported CSV Files",
        "Description": "column = GC Temperature 50%; last file imported = Vapor Cut Demo_Lab Data.csv",
        "Enabled": true,
        "ID": "0EE24DEB-DB77-62C0-8472-49D7C207C24D",
        "Interpolation Method": "None",
        "Last Key Written": {
            "Unit Of Measure": "ns",
            "Value": 1690396922000000000
        },
        "Locked": false,
        "Maximum Interpolation": "0h",
        "Name": "GC Temperature 50%",
        "Parent ID": "0EE24DEB-DB06-FDE0-B006-A44541542485",
        "Path": null,
        "Source Maximum Interpolation": "40h",
        "Source Value Unit Of Measure": "\u00b0C",
        "Storage Location": "FILE_SIGNAL_STORAGE",
        "Stored Series Cache Version": 1,
        "Type": "StoredSignal",
        "Unsearchable": false,
        "Value Unit Of Measure": "\u00b0C"
    },
    "0EE24DEB-DB7E-77F0-866E-740E226E68ED": {
        "Archived": false,
        "Asset": "Vapor Cut Demo_Lab Data",
        "Cache Enabled": false,
        "Cache ID": "0EE24DEB-DB83-6610-81B9-8FB2A1892A27",
        "Data ID": "0ee24deb-db06-fde0-b006-a44541542485-GC Temperature 60%-SIGNAL",
        "Datasource Class": "Imported CSV Files",
        "Datasource ID": "Imported CSV Files",
        "Description": "column = GC Temperature 60%; last file imported = Vapor Cut Demo_Lab Data.csv",
        "Enabled": true,
        "ID": "0EE24DEB-DB7E-77F0-866E-740E226E68ED",
        "Interpolation Method": "None",
        "Last Key Written": {
            "Unit Of Measure": "ns",
            "Value": 1690396922000000000
        },
        "Locked": false,
        "Maximum Interpolation": "0h",
        "Name": "GC Temperature 60%",
        "Parent ID": "0EE24DEB-DB06-FDE0-B006-A44541542485",
        "Path": null,
        "Source Maximum Interpolation": "40h",
        "Source Value Unit Of Measure": "\u00b0C",
        "Storage Location": "FILE_SIGNAL_STORAGE",
        "Stored Series Cache Version": 1,
        "Type": "StoredSignal",
        "Unsearchable": false,
        "Value Unit Of Measure": "\u00b0C"
    },
    "0EE24DEB-DB83-6610-B02A-9F3A4543B139": {
        "Archived": false,
        "Asset": "Vapor Cut Demo_Lab Data",
        "Cache Enabled": false,
        "Cache ID": "0EE24DEB-DB85-FD20-A50A-FC1390269DF3",
        "Data ID": "0ee24deb-db06-fde0-b006-a44541542485-GC Temperature 70%-SIGNAL",
        "Datasource Class": "Imported CSV Files",
        "Datasource ID": "Imported CSV Files",
        "Description": "column = GC Temperature 70%; last file imported = Vapor Cut Demo_Lab Data.csv",
        "Enabled": true,
        "ID": "0EE24DEB-DB83-6610-B02A-9F3A4543B139",
        "Interpolation Method": "None",
        "Last Key Written": {
            "Unit Of Measure": "ns",
            "Value": 1690396922000000000
        },
        "Locked": false,
        "Maximum Interpolation": "0h",
        "Name": "GC Temperature 70%",
        "Parent ID": "0EE24DEB-DB06-FDE0-B006-A44541542485",
        "Path": null,
        "Source Maximum Interpolation": "40h",
        "Source Value Unit Of Measure": "\u00b0C",
        "Storage Location": "FILE_SIGNAL_STORAGE",
        "Stored Series Cache Version": 1,
        "Type": "StoredSignal",
        "Unsearchable": false,
        "Value Unit Of Measure": "\u00b0C"
    },
    "0EE24DEB-DB88-6430-BDE4-2F8A6442BFA9": {
        "Archived": false,
        "Asset": "Vapor Cut Demo_Lab Data",
        "Cache Enabled": false,
        "Cache ID": "0EE24DEB-DB8A-FB40-8577-5A22BB342E98",
        "Data ID": "0ee24deb-db06-fde0-b006-a44541542485-GC Temperature 80%-SIGNAL",
        "Datasource Class": "Imported CSV Files",
        "Datasource ID": "Imported CSV Files",
        "Description": "column = GC Temperature 80%; last file imported = Vapor Cut Demo_Lab Data.csv",
        "Enabled": true,
        "ID": "0EE24DEB-DB88-6430-BDE4-2F8A6442BFA9",
        "Interpolation Method": "None",
        "Last Key Written": {
            "Unit Of Measure": "ns",
            "Value": 1690396922000000000
        },
        "Locked": false,
        "Maximum Interpolation": "0h",
        "Name": "GC Temperature 80%",
        "Parent ID": "0EE24DEB-DB06-FDE0-B006-A44541542485",
        "Path": null,
        "Source Maximum Interpolation": "40h",
        "Source Value Unit Of Measure": "\u00b0C",
        "Storage Location": "FILE_SIGNAL_STORAGE",
        "Stored Series Cache Version": 1,
        "Type": "StoredSignal",
        "Unsearchable": false,
        "Value Unit Of Measure": "\u00b0C"
    },
    "0EE24DEB-DB8D-6250-9F8B-4F8E34E61B79": {
        "Archived": false,
        "Asset": "Vapor Cut Demo_Lab Data",
        "Cache Enabled": false,
        "Cache ID": "0EE24DEB-DB8F-F960-B2D0-88D92B45759A",
        "Data ID": "0ee24deb-db06-fde0-b006-a44541542485-GC Temperature 90%-SIGNAL",
        "Datasource Class": "Imported CSV Files",
        "Datasource ID": "Imported CSV Files",
        "Description": "column = GC Temperature 90%; last file imported = Vapor Cut Demo_Lab Data.csv",
        "Enabled": true,
        "ID": "0EE24DEB-DB8D-6250-9F8B-4F8E34E61B79",
        "Interpolation Method": "None",
        "Last Key Written": {
            "Unit Of Measure": "ns",
            "Value": 1690396922000000000
        },
        "Locked": false,
        "Maximum Interpolation": "0h",
        "Name": "GC Temperature 90%",
        "Parent ID": "0EE24DEB-DB06-FDE0-B006-A44541542485",
        "Path": null,
        "Source Maximum Interpolation": "40h",
        "Source Value Unit Of Measure": "\u00b0C",
        "Storage Location": "FILE_SIGNAL_STORAGE",
        "Stored Series Cache Version": 1,
        "Type": "StoredSignal",
        "Unsearchable": false,
        "Value Unit Of Measure": "\u00b0C"
    },
    "0EE24DEB-DB92-6070-97FE-C006F50DE890": {
        "Archived": false,
        "Asset": "Vapor Cut Demo_Lab Data",
        "Cache Enabled": false,
        "Cache ID": "0EE24DEB-DB94-7780-BEA9-FCCB99BDB8FC",
        "Data ID": "0ee24deb-db06-fde0-b006-a44541542485-GC Temperature 95%-SIGNAL",
        "Datasource Class": "Imported CSV Files",
        "Datasource ID": "Imported CSV Files",
        "Description": "column = GC Temperature 95%; last file imported = Vapor Cut Demo_Lab Data.csv",
        "Enabled": true,
        "ID": "0EE24DEB-DB92-6070-97FE-C006F50DE890",
        "Interpolation Method": "None",
        "Last Key Written": {
            "Unit Of Measure": "ns",
            "Value": 1690396922000000000
        },
        "Locked": false,
        "Maximum Interpolation": "0h",
        "Name": "GC Temperature 95%",
        "Parent ID": "0EE24DEB-DB06-FDE0-B006-A44541542485",
        "Path": null,
        "Source Maximum Interpolation": "40h",
        "Source Value Unit Of Measure": "\u00b0C",
        "Storage Location": "FILE_SIGNAL_STORAGE",
        "Stored Series Cache Version": 1,
        "Type": "StoredSignal",
        "Unsearchable": false,
        "Value Unit Of Measure": "\u00b0C"
    },
    "0EE24DEB-DB96-EE90-A43A-2CD7E0A60559": {
        "Archived": false,
        "Asset": "Vapor Cut Demo_Lab Data",
        "Cache Enabled": false,
        "Cache ID": "0EE24DEB-DB9B-ECB0-ABCB-978007733B52",
        "Data ID": "0ee24deb-db06-fde0-b006-a44541542485-GC Temperature 99%-SIGNAL",
        "Datasource Class": "Imported CSV Files",
        "Datasource ID": "Imported CSV Files",
        "Description": "column = GC Temperature 99%; last file imported = Vapor Cut Demo_Lab Data.csv",
        "Enabled": true,
        "ID": "0EE24DEB-DB96-EE90-A43A-2CD7E0A60559",
        "Interpolation Method": "None",
        "Last Key Written": {
            "Unit Of Measure": "ns",
            "Value": 1690396922000000000
        },
        "Locked": false,
        "Maximum Interpolation": "0h",
        "Name": "GC Temperature 99%",
        "Parent ID": "0EE24DEB-DB06-FDE0-B006-A44541542485",
        "Path": null,
        "Source Maximum Interpolation": "40h",
        "Source Value Unit Of Measure": "\u00b0C",
        "Storage Location": "FILE_SIGNAL_STORAGE",
        "Stored Series Cache Version": 1,
        "Type": "StoredSignal",
        "Unsearchable": false,
        "Value Unit Of Measure": "\u00b0C"
    },
    "0EE24DEF-8F8A-FB10-8B81-AD2D43EF3BDF": {
        "Archived": false,
        "Cache Enabled": true,
        "Cache ID": "0EE24DEF-8F8A-FB10-B34D-69895F4D0A42",
        "Data ID": "0EE24DEF-8F8A-FB10-8B81-AD2D43EF3BDF",
        "Datasource Class": "Seeq Calculations",
        "Datasource ID": "Seeq Calculations",
        "Enabled": true,
        "Formula": [
            "$temp = $cit+200",
            "$plant_offline = ($temp< 600).merge(10min).removeShorterThan(1wk)",
            "",
            "$temp.splice($temp.move(60d), $plant_offline)"
        ],
        "Formula Parameters": {
            "cit": "46871013-C83E-4D1A-8441-BCF48BDB832A"
        },
        "Formula Version": 31,
        "ID": "0EE24DEF-8F8A-FB10-8B81-AD2D43EF3BDF",
        "Interpolation Method": "Linear",
        "Key Unit Of Measure": "ns",
        "Locked": false,
        "Maximum Interpolation": {
            "Unit Of Measure": "s",
            "Value": 7560.0
        },
        "Name": "Distillation Column Products Operating Temperature",
        "Scoped To": "0EE0AC65-2515-FB90-852E-03DD227F8EB1",
        "Type": "CalculatedSignal",
        "UIConfig": {
            "advancedParametersCollapsed": true,
            "configVersion": 11,
            "helpShown": true,
            "scopedTo": "0EE0AC65-2515-FB90-852E-03DD227F8EB1",
            "type": "formula"
        },
        "Unsearchable": false,
        "Value Unit Of Measure": "\u00b0F"
    },
    "0EE24DFB-200A-EE00-A874-1CE61EFA4001": {
        "Archived": false,
        "Cache Enabled": true,
        "Cache ID": "0EE24DFB-C8D0-7710-B36C-996EAEAEBCB7",
        "Data ID": "0EE24DFB-200A-EE00-A874-1CE61EFA4001",
        "Datasource Class": "Seeq Calculations",
        "Datasource ID": "Seeq Calculations",
        "Enabled": true,
        "Formula": [
            "$sap_tank.toSignal('Pittsburgh Heavy Tank Feed (kbd)')",
            ".setUnits('kbd')",
            ""
        ],
        "Formula Parameters": {
            "sap_tank": "0EE24DB5-3BE9-6220-9656-CD2C9CA18E40"
        },
        "Formula Version": 31,
        "ID": "0EE24DFB-200A-EE00-A874-1CE61EFA4001",
        "Interpolation Method": "Step",
        "Key Unit Of Measure": "ns",
        "Locked": false,
        "Maximum Interpolation": {
            "Unit Of Measure": "d",
            "Value": 2
        },
        "Name": "Pittsburgh Heavy Crude Rate",
        "Scoped To": "0EE0AC65-2515-FB90-852E-03DD227F8EB1",
        "Type": "CalculatedSignal",
        "UIConfig": {
            "advancedParametersCollapsed": true,
            "configVersion": 11,
            "helpShown": true,
            "scopedTo": "0EE0AC65-2515-FB90-852E-03DD227F8EB1",
            "type": "formula"
        },
        "Unsearchable": false,
        "Value Unit Of Measure": "kbd"
    },
    "0EE24DFC-E105-FD70-A861-C96FFCC5EB93": {
        "Archived": false,
        "Cache Enabled": true,
        "Cache ID": "0EE24DFC-E105-FD70-A595-2F89B2DC9377",
        "Data ID": "0EE24DFC-E105-FD70-A861-C96FFCC5EB93",
        "Datasource Class": "Seeq Calculations",
        "Datasource ID": "Seeq Calculations",
        "Enabled": true,
        "Formula": [
            "$sap_tank.toSignal('San Leandro Light Tank Feed (kbd)')",
            ".setUnits('kbd')",
            ""
        ],
        "Formula Parameters": {
            "sap_tank": "0EE24DB5-3BE9-6220-9656-CD2C9CA18E40"
        },
        "Formula Version": 31,
        "ID": "0EE24DFC-E105-FD70-A861-C96FFCC5EB93",
        "Interpolation Method": "Step",
        "Key Unit Of Measure": "ns",
        "Locked": false,
        "Maximum Interpolation": {
            "Unit Of Measure": "d",
            "Value": 2
        },
        "Name": "San Leandro Light Heavy Crude Rate",
        "Scoped To": "0EE0AC65-2515-FB90-852E-03DD227F8EB1",
        "Type": "CalculatedSignal",
        "UIConfig": {
            "advancedParametersCollapsed": true,
            "configVersion": 11,
            "helpShown": true,
            "scopedTo": "0EE0AC65-2515-FB90-852E-03DD227F8EB1",
            "type": "formula"
        },
        "Unsearchable": false,
        "Value Unit Of Measure": "kbd"
    },
    "0EE24DFE-7BA5-7780-A17A-EE5CF1CFA1F8": {
        "Archived": false,
        "Cache Enabled": true,
        "Cache ID": "0EE24DFE-7BA5-7780-9D82-F2EAFF866FC5",
        "Data ID": "0EE24DFE-7BA5-7780-A17A-EE5CF1CFA1F8",
        "Datasource Class": "Seeq Calculations",
        "Datasource ID": "Seeq Calculations",
        "Enabled": true,
        "Formula": [
            "$sap_tank.toSignal('Seattle Crude Tank Feed (kbd)')",
            ".setUnits('kbd')",
            ""
        ],
        "Formula Parameters": {
            "sap_tank": "0EE24DB5-3BE9-6220-9656-CD2C9CA18E40"
        },
        "Formula Version": 31,
        "ID": "0EE24DFE-7BA5-7780-A17A-EE5CF1CFA1F8",
        "Interpolation Method": "Step",
        "Key Unit Of Measure": "ns",
        "Locked": false,
        "Maximum Interpolation": {
            "Unit Of Measure": "d",
            "Value": 2
        },
        "Name": "Seattle Crude Rate",
        "Scoped To": "0EE0AC65-2515-FB90-852E-03DD227F8EB1",
        "Type": "CalculatedSignal",
        "UIConfig": {
            "advancedParametersCollapsed": true,
            "configVersion": 11,
            "helpShown": true,
            "scopedTo": "0EE0AC65-2515-FB90-852E-03DD227F8EB1",
            "type": "formula"
        },
        "Unsearchable": false,
        "Value Unit Of Measure": "kbd"
    },
    "0EE24DFF-4EA0-FB30-8C5C-836DF7B0C9C9": {
        "Archived": false,
        "Cache Enabled": true,
        "Cache ID": "0EE24DFF-4EA0-FB30-9677-67FFBDE92EAD",
        "Data ID": "0EE24DFF-4EA0-FB30-8C5C-836DF7B0C9C9",
        "Datasource Class": "Seeq Calculations",
        "Datasource ID": "Seeq Calculations",
        "Enabled": true,
        "Formula": [
            "$sap_tank.toSignal('Houston Crude Tank Feed (kbd)')",
            ".setUnits('kbd')",
            ""
        ],
        "Formula Parameters": {
            "sap_tank": "0EE24DB5-3BE9-6220-9656-CD2C9CA18E40"
        },
        "Formula Version": 31,
        "ID": "0EE24DFF-4EA0-FB30-8C5C-836DF7B0C9C9",
        "Interpolation Method": "Step",
        "Key Unit Of Measure": "ns",
        "Locked": false,
        "Maximum Interpolation": {
            "Unit Of Measure": "d",
            "Value": 2
        },
        "Name": "Houston Crude Rate",
        "Scoped To": "0EE0AC65-2515-FB90-852E-03DD227F8EB1",
        "Type": "CalculatedSignal",
        "UIConfig": {
            "advancedParametersCollapsed": true,
            "configVersion": 11,
            "helpShown": true,
            "scopedTo": "0EE0AC65-2515-FB90-852E-03DD227F8EB1",
            "type": "formula"
        },
        "Unsearchable": false,
        "Value Unit Of Measure": "kbd"
    },
    "0EE24E03-BB07-FB80-B31D-1DC3D1C4A32D": {
        "Archived": false,
        "Cache Enabled": true,
        "Cache ID": "0EE24E03-BB07-FB80-B390-CFC2CB612CE2",
        "Data ID": "0EE24E03-BB07-FB80-B31D-1DC3D1C4A32D",
        "Datasource Class": "Seeq Calculations",
        "Datasource ID": "Seeq Calculations",
        "Enabled": true,
        "Formula": "$pittsburgh+$san_leandro+$seattle+$houston+$pipeline",
        "Formula Parameters": {
            "houston": "0EE24DFF-4EA0-FB30-8C5C-836DF7B0C9C9",
            "pipeline": "0EE24DB6-9B19-EEB0-AFBD-C05F7C464D63",
            "pittsburgh": "0EE24DFB-200A-EE00-A874-1CE61EFA4001",
            "san_leandro": "0EE24DFC-E105-FD70-A861-C96FFCC5EB93",
            "seattle": "0EE24DFE-7BA5-7780-A17A-EE5CF1CFA1F8"
        },
        "Formula Version": 31,
        "ID": "0EE24E03-BB07-FB80-B31D-1DC3D1C4A32D",
        "Interpolation Method": "Linear",
        "Key Unit Of Measure": "ns",
        "Locked": false,
        "Maximum Interpolation": {
            "Unit Of Measure": "h",
            "Value": 40
        },
        "Name": "Total Crude Feed",
        "Number Format": "SigFig:4",
        "Scoped To": "0EE0AC65-2515-FB90-852E-03DD227F8EB1",
        "Type": "CalculatedSignal",
        "UIConfig": {
            "advancedParametersCollapsed": true,
            "configVersion": 11,
            "helpShown": true,
            "type": "formula"
        },
        "Unsearchable": false,
        "Value Unit Of Measure": "kbd"
    },
    "0EE24E07-E7B2-FD20-A9CC-0CF849FF4485": {
        "Archived": false,
        "Cache Enabled": true,
        "Cache ID": "0EE24E07-E7B2-FD20-9CF8-23F2B3120C3E",
        "Capsule Property Units": {},
        "Data ID": "0EE24E07-E7B2-FD20-A9CC-0CF849FF4485",
        "Datasource Class": "Seeq Calculations",
        "Datasource ID": "Seeq Calculations",
        "Enabled": true,
        "Formula": [
            "$pittsburgh==10 and ",
            "$san_leandro==20 and",
            "$seattle==15 and",
            "$houston==5"
        ],
        "Formula Parameters": {
            "houston": "0EE24DFF-4EA0-FB30-8C5C-836DF7B0C9C9",
            "pittsburgh": "0EE24DFB-200A-EE00-A874-1CE61EFA4001",
            "san_leandro": "0EE24DFC-E105-FD70-A861-C96FFCC5EB93",
            "seattle": "0EE24DFE-7BA5-7780-A17A-EE5CF1CFA1F8"
        },
        "Formula Version": 31,
        "ID": "0EE24E07-E7B2-FD20-A9CC-0CF849FF4485",
        "Key Unit Of Measure": "ns",
        "Locked": false,
        "Name": "Standard Blend",
        "Scoped To": "0EE0AC65-2515-FB90-852E-03DD227F8EB1",
        "Type": "CalculatedCondition",
        "UIConfig": {
            "advancedParametersCollapsed": true,
            "configVersion": 11,
            "helpShown": true,
            "scopedTo": "0EE0AC65-2515-FB90-852E-03DD227F8EB1",
            "type": "formula"
        },
        "Unsearchable": false
    },
    "0EE24E18-568E-6630-A366-9C7DECD272F0": {
        "Archived": false,
        "Cache Enabled": true,
        "Cache ID": "0EE24E18-568E-6630-BFBB-BE2ED61291F2",
        "Capsule Property Units": {},
        "Data ID": "0EE24E18-568E-6630-A366-9C7DECD272F0",
        "Datasource Class": "Seeq Calculations",
        "Datasource ID": "Seeq Calculations",
        "Enabled": true,
        "Formula": [
            "$pittsburgh==50 and ",
            "$san_leandro==35 and",
            "$seattle==5 and",
            "$houston==0"
        ],
        "Formula Parameters": {
            "houston": "0EE24DFF-4EA0-FB30-8C5C-836DF7B0C9C9",
            "pittsburgh": "0EE24DFB-200A-EE00-A874-1CE61EFA4001",
            "san_leandro": "0EE24DFC-E105-FD70-A861-C96FFCC5EB93",
            "seattle": "0EE24DFE-7BA5-7780-A17A-EE5CF1CFA1F8"
        },
        "Formula Version": 31,
        "ID": "0EE24E18-568E-6630-A366-9C7DECD272F0",
        "Key Unit Of Measure": "ns",
        "Locked": false,
        "Name": "Breaking Bad Blend",
        "Scoped To": "0EE0AC65-2515-FB90-852E-03DD227F8EB1",
        "Type": "CalculatedCondition",
        "UIConfig": {
            "advancedParametersCollapsed": true,
            "configVersion": 11,
            "helpShown": true,
            "scopedTo": "0EE0AC65-2515-FB90-852E-03DD227F8EB1",
            "type": "formula"
        },
        "Unsearchable": false
    },
    "0EE24E20-8A9F-F930-9F93-EAE4B4C5C740": {
        "Archived": false,
        "Cache Enabled": true,
        "Cache ID": "1EF1672D-F219-62C0-8B97-143388EADBE0",
        "Data ID": "0EE24E20-8A9F-F930-9F93-EAE4B4C5C740",
        "Datasource Class": "Seeq Calculations",
        "Datasource ID": "Seeq Calculations",
        "Enabled": true,
        "Formula": [
            "$first = $zerofive.move(0.5s)",
            "$second = $five.move(5s)",
            "$third = $ten.move(10s)",
            "$fourth = $twenty.move(20s)",
            "$fifth = $thirty.move(30s)",
            "$sixth = $forty.move(40s)",
            "$seventh = $fifty.move(50s)",
            "$eighth = $sixty.move(60s)",
            "$nineth = $seventy.move(70s)",
            "$tenth = $eighty.move(80s)",
            "$eleventh = $ninety.move(90s)",
            "$twelveth = $ninetyfive.move(95s)",
            "$thirteenth = $ninetynine.move(99s)",
            "combinewith($first,$second,$third,$fourth,$fifth,$sixth,$seventh,$eighth,$nineth,$tenth,$eleventh,$twelveth,$thirteenth)",
            ".toLinear(100s)"
        ],
        "Formula Parameters": {
            "eighty": "0EE24DEB-DB88-6430-BDE4-2F8A6442BFA9",
            "fifty": "0EE24DEB-DB77-62C0-8472-49D7C207C24D",
            "five": "0EE24DEB-DB57-66F0-9C17-119140DD7326",
            "forty": "0EE24DEB-DB6D-6680-A7A5-E7C68B93B9BD",
            "ninety": "0EE24DEB-DB8D-6250-9F8B-4F8E34E61B79",
            "ninetyfive": "0EE24DEB-DB92-6070-97FE-C006F50DE890",
            "ninetynine": "0EE24DEB-DB96-EE90-A43A-2CD7E0A60559",
            "seventy": "0EE24DEB-DB83-6610-B02A-9F3A4543B139",
            "sixty": "0EE24DEB-DB7E-77F0-866E-740E226E68ED",
            "ten": "0EE24DEB-DB5C-7510-9656-C04B08D2DEC7",
            "thirty": "0EE24DEB-DB66-7150-825B-11BC86513BC8",
            "twenty": "0EE24DEB-DB61-7330-988C-5882DF55DA0A",
            "zerofive": "0EE24DEB-DB4D-EAB0-9A1C-AD752BDA6B48"
        },
        "Formula Version": 31,
        "ID": "0EE24E20-8A9F-F930-9F93-EAE4B4C5C740",
        "Interpolation Method": "Linear",
        "Key Unit Of Measure": "ns",
        "Locked": false,
        "Maximum Interpolation": {
            "Unit Of Measure": "s",
            "Value": 100
        },
        "Name": "Sample Temperature Profile",
        "Scoped To": "0EE0AC65-2515-FB90-852E-03DD227F8EB1",
        "Type": "CalculatedSignal",
        "UIConfig": {
            "advancedParametersCollapsed": true,
            "configVersion": 11,
            "helpShown": true,
            "scopedTo": "0EE0AC65-2515-FB90-852E-03DD227F8EB1",
            "type": "formula"
        },
        "Unsearchable": false,
        "Value Unit Of Measure": "\u00b0C"
    },
    "0EE24E32-56E0-FF10-A9C4-DFDB6DF1C7D2": {
        "Archived": false,
        "Cache Enabled": true,
        "Cache ID": "1EF1672D-F21D-6160-9718-F6E903D877C8",
        "Capsule ID Property": "start",
        "Capsule Property Units": {},
        "Data ID": "0EE24E32-56E0-FF10-A9C4-DFDB6DF1C7D2",
        "Datasource Class": "Seeq Calculations",
        "Datasource ID": "Seeq Calculations",
        "Enabled": true,
        "Formula": "$temp_profile.isValid().removeLongerThan(10min)",
        "Formula Parameters": {
            "temp_profile": "0EE24E20-8A9F-F930-9F93-EAE4B4C5C740"
        },
        "Formula Version": 30,
        "ID": "0EE24E32-56E0-FF10-A9C4-DFDB6DF1C7D2",
        "Key Unit Of Measure": "ns",
        "Locked": false,
        "Maximum Duration": {
            "Unit Of Measure": "min",
            "Value": 10
        },
        "Name": "Temperature Sample Periods",
        "Scoped To": "0EE0AC65-2515-FB90-852E-03DD227F8EB1",
        "Type": "CalculatedCondition",
        "UIConfig": {
            "advancedParametersCollapsed": true,
            "configVersion": 11,
            "helpShown": true,
            "type": "formula"
        },
        "Unsearchable": false
    },
    "0EE24E36-1384-FD80-9AB5-6C185446C3CE": {
        "Archived": false,
        "Cache Enabled": true,
        "Cache ID": "1EF1672D-F221-6CC0-91D2-8BF81D34EAB3",
        "Data ID": "0EE24E36-1384-FD80-9AB5-6C185446C3CE",
        "Datasource Class": "Seeq Calculations",
        "Datasource ID": "Seeq Calculations",
        "Enabled": true,
        "Formula": [
            "$time_diff = $samp_profile.toCondition().toSignal('Start', startKey()).toNumber().setUnits('ns') - $samp_period.toSignal('Start', durationKey()).toNumber().setUnits('ns') ",
            "($time_diff.convertUnits('s') + 0.5s).toDiscrete().setUnits('%') //For the offest",
            "/*",
            "$time = timeSince($samp_period, 0.5s)",
            "$table = experimental_lookupTable(",
            "\"[",
            "  [0.5s, 0.5%],",
            "  [5s, 5%],",
            "  [10s, 10%],",
            "  [20s, 20%],",
            "  [30s, 30%],",
            "  [40s, 40%],",
            "  [50s, 50%],",
            "  [60s, 60%],",
            "  [70s, 70%],",
            "  [80s, 80%],",
            "  [90s, 90%],",
            "  [95s, 95%],",
            "  [99s, 99%]]\",",
            "InterpolationMethod.Step)",
            "$table.experimental_lookup($time.within($samp_profile.toDiscrete().toCapsules())+0.5s, 'B')*/"
        ],
        "Formula Parameters": {
            "samp_period": "0EE24E32-56E0-FF10-A9C4-DFDB6DF1C7D2",
            "samp_profile": "0EE24E20-8A9F-F930-9F93-EAE4B4C5C740"
        },
        "ID": "0EE24E36-1384-FD80-9AB5-6C185446C3CE",
        "Interpolation Method": "None",
        "Key Unit Of Measure": "ns",
        "Locked": false,
        "Maximum Interpolation": {
            "Unit Of Measure": "s",
            "Value": 0
        },
        "Name": "Sample Period Mass",
        "Scoped To": "0EE0AC65-2515-FB90-852E-03DD227F8EB1",
        "Type": "CalculatedSignal",
        "UIConfig": {
            "advancedParametersCollapsed": true,
            "configVersion": 11,
            "helpShown": true,
            "scopedTo": "0EE0AC65-2515-FB90-852E-03DD227F8EB1",
            "type": "formula"
        },
        "Unsearchable": false,
        "Value Unit Of Measure": "%"
    },
    "0EE24E52-7D89-6480-85E9-826D9EB94D55": {
        "Archived": false,
        "Cache Enabled": true,
        "Cache ID": "1EF1672D-F21A-62B0-816D-78257EFE94E3",
        "Data ID": "0EE24E52-7D89-6480-85E9-826D9EB94D55",
        "Datasource Class": "Seeq Calculations",
        "Datasource ID": "Seeq Calculations",
        "Enabled": true,
        "Formula": "$temp_profile.move(-2d).within($standard)",
        "Formula Parameters": {
            "standard": "0EE24E07-E7B2-FD20-A9CC-0CF849FF4485",
            "temp_profile": "0EE24E20-8A9F-F930-9F93-EAE4B4C5C740"
        },
        "Formula Version": 31,
        "ID": "0EE24E52-7D89-6480-85E9-826D9EB94D55",
        "Interpolation Method": "Linear",
        "Key Unit Of Measure": "ns",
        "Locked": false,
        "Maximum Interpolation": {
            "Unit Of Measure": "s",
            "Value": 100
        },
        "Name": "Distillation Curve During Standard Blend",
        "Scoped To": "0EE0AC65-2515-FB90-852E-03DD227F8EB1",
        "Type": "CalculatedSignal",
        "UIConfig": {
            "advancedParametersCollapsed": true,
            "configVersion": 11,
            "helpShown": true,
            "scopedTo": "0EE0AC65-2515-FB90-852E-03DD227F8EB1",
            "type": "formula"
        },
        "Unsearchable": false,
        "Value Unit Of Measure": "\u00b0C"
    },
    "0EE24E55-C2FE-EEE0-9176-850E59F7198C": {
        "Archived": false,
        "Cache Enabled": true,
        "Cache ID": "1EF1672D-F21A-6C10-8E14-EA0279A797FC",
        "Capsule Property Units": {},
        "Data ID": "0EE24E55-C2FE-EEE0-9176-850E59F7198C",
        "Datasource Class": "Seeq Calculations",
        "Datasource ID": "Seeq Calculations",
        "Enabled": true,
        "Formula": "$temp_profile_standard.isValid().removeLongerThan(10min)",
        "Formula Parameters": {
            "temp_profile_standard": "0EE24E52-7D89-6480-85E9-826D9EB94D55"
        },
        "Formula Version": 31,
        "ID": "0EE24E55-C2FE-EEE0-9176-850E59F7198C",
        "Key Unit Of Measure": "ns",
        "Locked": false,
        "Maximum Duration": {
            "Unit Of Measure": "min",
            "Value": 10
        },
        "Name": "Distillation Curve Periods During Standard Blend",
        "Scoped To": "0EE0AC65-2515-FB90-852E-03DD227F8EB1",
        "Type": "CalculatedCondition",
        "UIConfig": {
            "advancedParametersCollapsed": true,
            "configVersion": 11,
            "helpShown": true,
            "scopedTo": "0EE0AC65-2515-FB90-852E-03DD227F8EB1",
            "type": "formula"
        },
        "Unsearchable": false
    },
    "0EE24E5E-6D73-FBC0-B39B-7C2DE58BC60B": {
        "Archived": false,
        "Cache Enabled": true,
        "Cache ID": "0EE24E7A-7449-E8C0-AD85-DF601730F44C",
        "Capsule Property Units": {
            "Source Unique Id": "string"
        },
        "Data ID": "0EE24E5E-6D73-FBC0-B39B-7C2DE58BC60B",
        "Datasource Class": "Seeq Calculations",
        "Datasource ID": "Seeq Calculations",
        "Enabled": true,
        "Formula": [
            "condition(99500ms,",
            "  capsule(1659074400500ms, 1659074499000ms)",
            "    .setProperty('Source Unique Id', '0EE24E55-C2FE-EEE0-9176-850E59F7198C_1659074400500000000L:-704468539'),",
            "  capsule(1659679200500ms, 1659679299000ms)",
            "    .setProperty('Source Unique Id', '0EE24E55-C2FE-EEE0-9176-850E59F7198C_1659679200500000000L:-1172138367'),",
            "  capsule(1660284000500ms, 1660284099000ms)",
            "    .setProperty('Source Unique Id', '0EE24E55-C2FE-EEE0-9176-850E59F7198C_1660284000500000000L:1452500181'),",
            "  capsule(1660888800500ms, 1660888899000ms)",
            "    .setProperty('Source Unique Id', '0EE24E55-C2FE-EEE0-9176-850E59F7198C_1660888800500000000L:-86330223'),",
            "  capsule(1671170400500ms, 1671170499000ms)",
            "    .setProperty('Source Unique Id', '0EE24E55-C2FE-EEE0-9176-850E59F7198C_1671170400500000000L:-1214614773'),",
            "  capsule(1685080800500ms, 1685080899000ms)",
            "    .setProperty('Source Unique Id', '0EE24E55-C2FE-EEE0-9176-850E59F7198C_1685080800500000000L:1750599467'))"
        ],
        "Formula Parameters": {},
        "Formula Version": 31,
        "ID": "0EE24E5E-6D73-FBC0-B39B-7C2DE58BC60B",
        "Key Unit Of Measure": "ns",
        "Locked": false,
        "Maximum Duration": {
            "Unit Of Measure": "ms",
            "Value": 99500
        },
        "Name": "Ideal Distillation Curves Standard Blend",
        "Scoped To": "0EE0AC65-2515-FB90-852E-03DD227F8EB1",
        "Type": "CalculatedCondition",
        "UIConfig": {
            "color": "#F27295",
            "configVersion": 11,
            "isExecuting": false,
            "scopedTo": "0EE0AC65-2515-FB90-852E-03DD227F8EB1",
            "type": "manual-condition"
        },
        "Unsearchable": false
    },
    "0EE24E62-F190-7170-80E5-BAB5ADFE3DA1": {
        "Archived": false,
        "Cache Enabled": true,
        "Cache ID": "1EF1672D-F223-6840-AC6F-F2C67FD3C371",
        "Data ID": "0EE24E62-F190-7170-80E5-BAB5ADFE3DA1",
        "Datasource Class": "Seeq Calculations",
        "Datasource ID": "Seeq Calculations",
        "Enabled": true,
        "Formula": [
            "$trainingRange = $inputCondition.toGroup(capsule(\"2022-07-01T15:41:00.000Z\", \"2023-07-06T15:41:00.000Z\"), CapsuleBoundary.EnclosedBy)",
            "referenceTable(1s)",
            "  .addRows($inputSignal, $trainingRange)",
            "  .repeatOver($repeatOverCondition.fragment(), ReferenceTableStat.Average)"
        ],
        "Formula Parameters": {
            "inputCondition": "0EE24E5E-6D73-FBC0-B39B-7C2DE58BC60B",
            "inputSignal": "0EE24E52-7D89-6480-85E9-826D9EB94D55",
            "repeatOverCondition": "0EE24E55-C2FE-EEE0-9176-850E59F7198C"
        },
        "Formula Version": 31,
        "ID": "0EE24E62-F190-7170-80E5-BAB5ADFE3DA1",
        "Interpolation Method": "Linear",
        "Key Unit Of Measure": "ns",
        "Locked": false,
        "Maximum Interpolation": {
            "Unit Of Measure": "s",
            "Value": 1
        },
        "Name": "Avg Distillation Curve Standard Blend",
        "Scoped To": "0EE0AC65-2515-FB90-852E-03DD227F8EB1",
        "Type": "CalculatedSignal",
        "UIConfig": {
            "configVersion": 11,
            "griddingPeriod": {
                "units": "s",
                "value": 1
            },
            "multiplier": 1,
            "referenceStat": "Average",
            "scopedTo": "0EE0AC65-2515-FB90-852E-03DD227F8EB1",
            "type": "reference",
            "windowEnd": 1688658060000,
            "windowStart": 1656690060000
        },
        "Unsearchable": false,
        "Value Unit Of Measure": "\u00b0C"
    },
    "0EE24E64-7021-71A0-8916-25D86B01B9A2": {
        "Archived": false,
        "Cache Enabled": true,
        "Cache ID": "1EF1672D-F21B-6930-B834-33E82CF24F89",
        "Data ID": "0EE24E64-7021-71A0-8916-25D86B01B9A2",
        "Datasource Class": "Seeq Calculations",
        "Datasource ID": "Seeq Calculations",
        "Enabled": true,
        "Formula": [
            "$trainingRange = $inputCondition.toGroup(capsule(\"2022-07-01T15:41:00.000Z\", \"2023-07-06T15:41:00.000Z\"), CapsuleBoundary.EnclosedBy)",
            "referenceTable(1s)",
            "  .addRows($inputSignal, $trainingRange)",
            "  .repeatOver($repeatOverCondition.fragment(), ReferenceTableStat.StdDev, 3)"
        ],
        "Formula Parameters": {
            "inputCondition": "0EE24E5E-6D73-FBC0-B39B-7C2DE58BC60B",
            "inputSignal": "0EE24E52-7D89-6480-85E9-826D9EB94D55",
            "repeatOverCondition": "0EE24E55-C2FE-EEE0-9176-850E59F7198C"
        },
        "Formula Version": 31,
        "ID": "0EE24E64-7021-71A0-8916-25D86B01B9A2",
        "Interpolation Method": "Linear",
        "Key Unit Of Measure": "ns",
        "Locked": false,
        "Maximum Interpolation": {
            "Unit Of Measure": "s",
            "Value": 1
        },
        "Name": "Upper Limit Distillation Curve Standard Blend",
        "Scoped To": "0EE0AC65-2515-FB90-852E-03DD227F8EB1",
        "Type": "CalculatedSignal",
        "UIConfig": {
            "configVersion": 11,
            "griddingPeriod": {
                "units": "s",
                "value": 1
            },
            "multiplier": "3",
            "referenceStat": "StdDev",
            "scopedTo": "0EE0AC65-2515-FB90-852E-03DD227F8EB1",
            "type": "reference",
            "windowEnd": 1688658060000,
            "windowStart": 1656690060000
        },
        "Unsearchable": false,
        "Value Unit Of Measure": "\u00b0C"
    },
    "0EE24E65-2C73-E8D0-9184-DEAB3C724C43": {
        "Archived": false,
        "Cache Enabled": true,
        "Cache ID": "1EF1672D-F220-6F00-9160-3437E244F464",
        "Data ID": "0EE24E65-2C73-E8D0-9184-DEAB3C724C43",
        "Datasource Class": "Seeq Calculations",
        "Datasource ID": "Seeq Calculations",
        "Enabled": true,
        "Formula": [
            "$trainingRange = $inputCondition.toGroup(capsule(\"2022-07-01T15:41:00.000Z\", \"2023-07-06T15:41:00.000Z\"), CapsuleBoundary.EnclosedBy)",
            "referenceTable(1s)",
            "  .addRows($inputSignal, $trainingRange)",
            "  .repeatOver($repeatOverCondition.fragment(), ReferenceTableStat.StdDev, -3)"
        ],
        "Formula Parameters": {
            "inputCondition": "0EE24E5E-6D73-FBC0-B39B-7C2DE58BC60B",
            "inputSignal": "0EE24E52-7D89-6480-85E9-826D9EB94D55",
            "repeatOverCondition": "0EE24E55-C2FE-EEE0-9176-850E59F7198C"
        },
        "Formula Version": 31,
        "ID": "0EE24E65-2C73-E8D0-9184-DEAB3C724C43",
        "Interpolation Method": "Linear",
        "Key Unit Of Measure": "ns",
        "Locked": false,
        "Maximum Interpolation": {
            "Unit Of Measure": "s",
            "Value": 1
        },
        "Name": "Lower Limit Distillation Curve Standard Blend",
        "Scoped To": "0EE0AC65-2515-FB90-852E-03DD227F8EB1",
        "Type": "CalculatedSignal",
        "UIConfig": {
            "configVersion": 11,
            "griddingPeriod": {
                "units": "s",
                "value": 1
            },
            "multiplier": "-3",
            "referenceStat": "StdDev",
            "scopedTo": "0EE0AC65-2515-FB90-852E-03DD227F8EB1",
            "type": "reference",
            "windowEnd": 1688658060000,
            "windowStart": 1656690060000
        },
        "Unsearchable": false,
        "Value Unit Of Measure": "\u00b0C"
    },
    "0EE24E6D-CB6C-EE70-AE61-3E4BBB2948C6": {
        "Archived": false,
        "Cache Enabled": true,
        "Cache ID": "1EF1672D-F220-6A20-B191-187016D93489",
        "Capsule Property Units": {},
        "Data ID": "0EE24E6D-CB6C-EE70-AE61-3E4BBB2948C6",
        "Datasource Class": "Seeq Calculations",
        "Datasource ID": "Seeq Calculations",
        "Enabled": true,
        "Formula": "$a < $c or $a > $b",
        "Formula Parameters": {
            "a": "0EE24E52-7D89-6480-85E9-826D9EB94D55",
            "b": "0EE24E64-7021-71A0-8916-25D86B01B9A2",
            "c": "0EE24E65-2C73-E8D0-9184-DEAB3C724C43"
        },
        "Formula Version": 31,
        "ID": "0EE24E6D-CB6C-EE70-AE61-3E4BBB2948C6",
        "Key Unit Of Measure": "ns",
        "Locked": false,
        "Name": "Distillation Curve Deviations Standard Blend",
        "Scoped To": "0EE0AC65-2515-FB90-852E-03DD227F8EB1",
        "Type": "CalculatedCondition",
        "UIConfig": {
            "advancedEntryDuration": {
                "units": "min",
                "value": 0
            },
            "advancedEntryLowerValue": null,
            "advancedEntryValue": null,
            "advancedExitDuration": {
                "units": "min",
                "value": 0
            },
            "advancedExitValue": null,
            "advancedParametersCollapsed": true,
            "configVersion": 11,
            "isCleansing": false,
            "isMigratedDeviationSearch": false,
            "isSimple": true,
            "mergeDuration": {
                "units": "min",
                "value": 0
            },
            "minDuration": {
                "units": "min",
                "value": 0
            },
            "scopedTo": "0EE0AC65-2515-FB90-852E-03DD227F8EB1",
            "simpleLowerValue": "0EE24E65-2C73-E8D0-9184-DEAB3C724C43",
            "simpleLowerValueInclusivity": "<",
            "simpleOperator": "<>",
            "simpleUpperValueInclusivity": ">",
            "simpleValue": "0EE24E64-7021-71A0-8916-25D86B01B9A2",
            "type": "value-search",
            "useValidValues": false,
            "version": "V3"
        },
        "Unsearchable": false
    },
    "0EE24E70-E367-77C0-8834-91E8BE6EC092": {
        "Archived": false,
        "Cache Enabled": false,
        "Data ID": "0EE24E70-E367-77C0-8834-91E8BE6EC092",
        "Datasource Class": "Seeq Calculations",
        "Datasource ID": "Seeq Calculations",
        "Enabled": true,
        "Formula": "<ThresholdMetric>",
        "Formula Parameters": {
            "Aggregation Condition": null,
            "Measured Item": "0EE24E52-7D89-6480-85E9-826D9EB94D55",
            "Metric Neutral Color": "#ffffff",
            "Process Type": "Simple",
            "Thresholds": [
                {
                    "Item ID": "0EE24E64-7021-71A0-8916-25D86B01B9A2",
                    "Priority": {
                        "Color": "#ff0000",
                        "Level": 3,
                        "Name": "HiHiHi"
                    }
                },
                {
                    "Item ID": "0EE24E65-2C73-E8D0-9184-DEAB3C724C43",
                    "Priority": {
                        "Color": "#ff0000",
                        "Level": -3,
                        "Name": "LoLoLo"
                    }
                }
            ]
        },
        "ID": "0EE24E70-E367-77C0-8834-91E8BE6EC092",
        "Locked": false,
        "MetricReconfigurationMigration": true,
        "Name": "Distillation Curve During Standard Blend Monitor",
        "Scoped To": "0EE0AC65-2515-FB90-852E-03DD227F8EB1",
        "Type": "ThresholdMetric",
        "UIConfig": {
            "advancedParametersCollapsed": true,
            "type": "threshold-metric"
        },
        "Unsearchable": false
    },
    "0EE24E7E-762E-FF10-9262-D9E371F69C86": {
        "Archived": false,
        "Cache Enabled": false,
        "Data ID": "0EE24E7E-762E-FF10-9262-D9E371F69C86",
        "Datasource Class": "Seeq Calculations",
        "Datasource ID": "Seeq Calculations",
        "Enabled": true,
        "Formula": "<ThresholdMetric>",
        "Formula Parameters": {
            "Aggregation Condition": "0ee24e7e-7686-fd50-a3b5-4811f598befd",
            "Aggregation Function": "percentDuration()",
            "Bounding Condition": "0EE24E55-C2FE-EEE0-9176-850E59F7198C",
            "Measured Item": "0EE24E6D-CB6C-EE70-AE61-3E4BBB2948C6",
            "Metric Neutral Color": "#ffffff",
            "Number Format": "SigFig:3",
            "Process Type": "Condition",
            "Thresholds": [
                {
                    "Priority": {
                        "Color": "#ffdd52",
                        "Level": 2,
                        "Name": "HiHi"
                    },
                    "Value": {
                        "Unit Of Measure": "",
                        "Value": 50
                    }
                }
            ]
        },
        "ID": "0EE24E7E-762E-FF10-9262-D9E371F69C86",
        "Locked": false,
        "MetricReconfigurationMigration": true,
        "Name": "Distillation Curve % Deviation Standard Blend",
        "Number Format": "SigFig:3",
        "Scoped To": "0EE0AC65-2515-FB90-852E-03DD227F8EB1",
        "Type": "ThresholdMetric",
        "UIConfig": {
            "advancedParametersCollapsed": true,
            "type": "threshold-metric"
        },
        "Unsearchable": false
    },
    "0EE24E8B-EC86-6200-9AFE-07BE3218207B": {
        "Archived": false,
        "Cache Enabled": true,
        "Cache ID": "1EF1672D-F223-63C0-901F-2E0294629BDB",
        "Capsule Property Units": {},
        "Data ID": "0EE24E8B-EC86-6200-9AFE-07BE3218207B",
        "Datasource Class": "Seeq Calculations",
        "Datasource ID": "Seeq Calculations",
        "Enabled": true,
        "Formula": "$a <= $b",
        "Formula Parameters": {
            "a": "0EE24E52-7D89-6480-85E9-826D9EB94D55",
            "b": "0EE24DEF-8F8A-FB10-8B81-AD2D43EF3BDF"
        },
        "Formula Version": 31,
        "ID": "0EE24E8B-EC86-6200-9AFE-07BE3218207B",
        "Key Unit Of Measure": "ns",
        "Locked": false,
        "Name": "Distillation Curve Standard Blend Vapor",
        "Scoped To": "0EE0AC65-2515-FB90-852E-03DD227F8EB1",
        "Type": "CalculatedCondition",
        "UIConfig": {
            "advancedEntryDuration": {
                "units": "min",
                "value": 0
            },
            "advancedEntryLowerValue": null,
            "advancedEntryValue": null,
            "advancedExitDuration": {
                "units": "min",
                "value": 0
            },
            "advancedExitValue": null,
            "advancedParametersCollapsed": true,
            "configVersion": 11,
            "isCleansing": false,
            "isMigratedDeviationSearch": false,
            "isSimple": true,
            "mergeDuration": {
                "units": "min",
                "value": 0
            },
            "minDuration": {
                "units": "min",
                "value": 0
            },
            "scopedTo": "0EE0AC65-2515-FB90-852E-03DD227F8EB1",
            "simpleLowerValue": null,
            "simpleOperator": "<=",
            "simpleValue": "0EE24DEF-8F8A-FB10-8B81-AD2D43EF3BDF",
            "type": "value-search",
            "useValidValues": false,
            "version": "V3"
        },
        "Unsearchable": false
    },
    "0EE24E8E-2C33-62C0-B3BF-FA3333A03820": {
        "Archived": false,
        "Cache Enabled": true,
        "Cache ID": "1EF1672D-F226-6440-B57D-BCC06C61A9A0",
        "Data ID": "0EE24E8E-2C33-62C0-B3BF-FA3333A03820",
        "Datasource Class": "Seeq Calculations",
        "Datasource ID": "Seeq Calculations",
        "Enabled": true,
        "Formula": [
            "$gc_profile_vapor_max_dur = $gc_profile_vapor.removeLongerThan(10min)",
            "",
            "$gc_profile_vapor_max_dur.aggregate(totalDuration(\"s\"), $gc_profile_vapor_max_dur, endKey(), 0s)",
            ".setUnits('%')",
            "+0.5   //compensates for the additional 0.5% delayed of the first sample"
        ],
        "Formula Parameters": {
            "gc_profile_vapor": "0EE24E8B-EC86-6200-9AFE-07BE3218207B"
        },
        "Formula Version": 31,
        "ID": "0EE24E8E-2C33-62C0-B3BF-FA3333A03820",
        "Interpolation Method": "None",
        "Key Unit Of Measure": "ns",
        "Locked": false,
        "Maximum Interpolation": {
            "Unit Of Measure": "s",
            "Value": 0
        },
        "Name": "Vapor Cut % Standard Blend",
        "Number Format": "SigFig:3",
        "Scoped To": "0EE0AC65-2515-FB90-852E-03DD227F8EB1",
        "Type": "CalculatedSignal",
        "UIConfig": {
            "advancedParametersCollapsed": true,
            "configVersion": 11,
            "helpShown": true,
            "type": "formula"
        },
        "Unsearchable": false,
        "Value Unit Of Measure": "%"
    },
    "0EE24E9C-4CC3-6040-A7B1-78517A35F4E6": {
        "Archived": false,
        "Cache Enabled": true,
        "Cache ID": "1EF1673E-F067-62F0-882E-62A181F2EE87",
        "Data ID": "0EE24E9C-4CC3-6040-A7B1-78517A35F4E6",
        "Datasource Class": "Seeq Calculations",
        "Datasource ID": "Seeq Calculations",
        "Enabled": true,
        "Formula": [
            "// Use available lab data to base vapor cut on it rather than just taking an average over each blend",
            "",
            "//Split the blend into section based on when GCMS is available",
            "$gc_prof_section_standard = $gc_period.afterStart(0ns).combineWith($standard.beforeEnd(0ns)).growEnd(1mo).touches($standard)",
            "//Carry corresponding vapor cut percentage over the section",
            "$vapor_cut_section = $vapor_cut.aggregate(average(),$gc_prof_section_standard, durationKey())",
            "// Determine amount of vapor based on total and percentage",
            "($crude_total*$vapor_cut_section).convertUnits('cf/hr')"
        ],
        "Formula Parameters": {
            "crude_total": "0EE24E03-BB07-FB80-B31D-1DC3D1C4A32D",
            "gc_period": "0EE24E55-C2FE-EEE0-9176-850E59F7198C",
            "standard": "0EE24E07-E7B2-FD20-A9CC-0CF849FF4485",
            "vapor_cut": "0EE24E8E-2C33-62C0-B3BF-FA3333A03820"
        },
        "Formula Version": 31,
        "ID": "0EE24E9C-4CC3-6040-A7B1-78517A35F4E6",
        "Interpolation Method": "Linear",
        "Key Unit Of Measure": "ns",
        "Locked": false,
        "Maximum Interpolation": {
            "Unit Of Measure": "h",
            "Value": 40
        },
        "Name": "Total Crude Vapor",
        "Number Format": "SigFig:4",
        "Scoped To": "0EE0AC65-2515-FB90-852E-03DD227F8EB1",
        "Type": "CalculatedSignal",
        "UIConfig": {
            "advancedParametersCollapsed": true,
            "configVersion": 11,
            "helpShown": true,
            "scopedTo": "0EE0AC65-2515-FB90-852E-03DD227F8EB1",
            "type": "formula"
        },
        "Unsearchable": false,
        "Value Unit Of Measure": "ft\u00b3/h"
    },
    "0EE24EE0-0493-EC40-8FEC-93B025CEEF93": {
        "Archived": false,
        "Cache Enabled": true,
        "Cache ID": "1EF1673E-CA5D-6F40-B955-99A71C41971B",
        "Capsule Property Units": {
            "API Gravity": "",
            "Blend Recipe": "string",
            "CCR (wt%)": "",
            "Houston Crude Tank Feed (kbd)": "",
            "Pittsburgh Heavy Tank Feed (kbd)": "",
            "San Leandro Light Tank Feed (kbd)": "",
            "Seattle Crude Tank Feed (kbd)": "",
            "Sulfur (wt%)": ""
        },
        "Data ID": "0EE24EE0-0493-EC40-8FEC-93B025CEEF93",
        "Datasource Class": "Seeq Calculations",
        "Datasource ID": "Seeq Calculations",
        "Enabled": true,
        "Formula": [
            "combineWith(",
            "$standard.setProperty('Blend Recipe', 'Standard'),",
            "$bbb.setProperty('Blend Recipe', 'Breaking Bad')",
            ").removeLongerThan(1mo).mergeProperties($sap)"
        ],
        "Formula Parameters": {
            "bbb": "0EE24E18-568E-6630-A366-9C7DECD272F0",
            "sap": "0EE24DB5-3BE9-6220-9656-CD2C9CA18E40",
            "standard": "0EE24E07-E7B2-FD20-A9CC-0CF849FF4485"
        },
        "Formula Version": 31,
        "ID": "0EE24EE0-0493-EC40-8FEC-93B025CEEF93",
        "Key Unit Of Measure": "ns",
        "Locked": false,
        "Maximum Duration": {
            "Unit Of Measure": "mo",
            "Value": 1
        },
        "Name": "All Blends",
        "Scoped To": "0EE0AC65-2515-FB90-852E-03DD227F8EB1",
        "Type": "CalculatedCondition",
        "UIConfig": {
            "advancedParametersCollapsed": true,
            "configVersion": 11,
            "helpShown": true,
            "type": "formula"
        },
        "Unsearchable": false
    },
    "0EE24EE7-BC77-6670-BC40-0D10FCBF21BC": {
        "Archived": false,
        "Cache Enabled": true,
        "Cache ID": "1EF1673E-CA61-6000-8CF8-B3067F4D7B02",
        "Data ID": "0EE24EE7-BC77-6670-BC40-0D10FCBF21BC",
        "Datasource Class": "Seeq Calculations",
        "Datasource ID": "Seeq Calculations",
        "Enabled": true,
        "Formula": "$ab.toSignal('Blend Recipe')",
        "Formula Parameters": {
            "ab": "0EE24EE0-0493-EC40-8FEC-93B025CEEF93"
        },
        "Formula Version": 23,
        "ID": "0EE24EE7-BC77-6670-BC40-0D10FCBF21BC",
        "Interpolation Method": "Step",
        "Key Unit Of Measure": "ns",
        "Locked": false,
        "Maximum Interpolation": {
            "Unit Of Measure": "mo",
            "Value": 1
        },
        "Name": "Blend Recipe Type",
        "Scoped To": "0EE0AC65-2515-FB90-852E-03DD227F8EB1",
        "Type": "CalculatedSignal",
        "UIConfig": {
            "advancedParametersCollapsed": true,
            "configVersion": 11,
            "helpShown": true,
            "type": "formula"
        },
        "Unsearchable": false,
        "Value Unit Of Measure": "string"
    },
    "0EE27211-AC0C-E8B0-BBD2-C6A089D7BCA5": {
        "Archived": false,
        "Cache Enabled": true,
        "Cache ID": "0EE27211-F7CA-7310-946B-A2C98021DD51",
        "Capsule Property Units": {},
        "Data ID": "0EE27211-AC0C-E8B0-BBD2-C6A089D7BCA5",
        "Datasource Class": "Seeq Calculations",
        "Datasource ID": "Seeq Calculations",
        "Enabled": true,
        "Formula": "$a == 10",
        "Formula Parameters": {
            "a": "0EE24DFB-200A-EE00-A874-1CE61EFA4001"
        },
        "ID": "0EE27211-AC0C-E8B0-BBD2-C6A089D7BCA5",
        "Key Unit Of Measure": "ns",
        "Locked": false,
        "Name": "Value Search 1",
        "Scoped To": "0EE0AC65-2515-FB90-852E-03DD227F8EB1",
        "Type": "CalculatedCondition",
        "UIConfig": {
            "advancedEntryDuration": {
                "units": "min",
                "value": 0
            },
            "advancedEntryLowerValue": null,
            "advancedEntryValue": null,
            "advancedExitDuration": {
                "units": "min",
                "value": 0
            },
            "advancedExitValue": null,
            "advancedParametersCollapsed": true,
            "configVersion": 11,
            "isCleansing": false,
            "isMigratedDeviationSearch": false,
            "isSimple": true,
            "mergeDuration": {
                "units": "min",
                "value": 0
            },
            "minDuration": {
                "units": "min",
                "value": 0
            },
            "scopedTo": "0EE0AC65-2515-FB90-852E-03DD227F8EB1",
            "simpleLowerValue": null,
            "simpleOperator": "=",
            "simpleValue": "10",
            "type": "value-search",
            "useValidValues": false,
            "version": "V3"
        },
        "Unsearchable": false
    },
    "0EE27260-FF3F-71F0-A222-11F0A24F218D": {
        "Archived": false,
        "Cache Enabled": true,
        "Cache ID": "1EF1672D-F21E-67C0-927D-4E9572C56029",
        "Capsule Property Units": {},
        "Data ID": "0EE27260-FF3F-71F0-A222-11F0A24F218D",
        "Datasource Class": "Seeq Calculations",
        "Datasource ID": "Seeq Calculations",
        "Enabled": true,
        "Formula": "$a < $b",
        "Formula Parameters": {
            "a": "0EE24E52-7D89-6480-85E9-826D9EB94D55",
            "b": "0EE24E65-2C73-E8D0-9184-DEAB3C724C43"
        },
        "ID": "0EE27260-FF3F-71F0-A222-11F0A24F218D",
        "Key Unit Of Measure": "ns",
        "Locked": false,
        "Name": "Value Search 2",
        "Scoped To": "0EE0AC65-2515-FB90-852E-03DD227F8EB1",
        "Type": "CalculatedCondition",
        "UIConfig": {
            "advancedEntryDuration": {
                "units": "min",
                "value": 0
            },
            "advancedEntryLowerValue": null,
            "advancedEntryValue": null,
            "advancedExitDuration": {
                "units": "min",
                "value": 0
            },
            "advancedExitValue": null,
            "advancedParametersCollapsed": true,
            "configVersion": 11,
            "isCleansing": false,
            "isMigratedDeviationSearch": false,
            "isSimple": true,
            "mergeDuration": {
                "units": "min",
                "value": 0
            },
            "minDuration": {
                "units": "min",
                "value": 0
            },
            "simpleLowerValue": null,
            "simpleOperator": "<",
            "simpleValue": "0EE24E65-2C73-E8D0-9184-DEAB3C724C43",
            "type": "value-search",
            "useValidValues": false,
            "version": "V3"
        },
        "Unsearchable": false
    },
    "0EE2A467-C5ED-60D0-97A2-93547E2ACEDE": {
        "Archived": false,
        "Cache Enabled": true,
        "Cache ID": "0EE2A467-C5ED-60D0-A7F0-0E19397547FC",
        "Capsule Property Units": {},
        "Data ID": "0EE2A467-C5ED-60D0-97A2-93547E2ACEDE",
        "Datasource Class": "Seeq Calculations",
        "Datasource ID": "Seeq Calculations",
        "Enabled": true,
        "Formula": "$a == 70",
        "Formula Parameters": {
            "a": "0EE24DFC-E105-FD70-A861-C96FFCC5EB93"
        },
        "ID": "0EE2A467-C5ED-60D0-97A2-93547E2ACEDE",
        "Key Unit Of Measure": "ns",
        "Locked": false,
        "Name": "HCr = 70",
        "Scoped To": "0EE0AC65-2515-FB90-852E-03DD227F8EB1",
        "Type": "CalculatedCondition",
        "UIConfig": {
            "advancedEntryDuration": {
                "units": "min",
                "value": 0
            },
            "advancedEntryLowerValue": null,
            "advancedEntryValue": null,
            "advancedExitDuration": {
                "units": "min",
                "value": 0
            },
            "advancedExitValue": null,
            "advancedParametersCollapsed": true,
            "configVersion": 11,
            "isCleansing": false,
            "isMigratedDeviationSearch": false,
            "isSimple": true,
            "mergeDuration": {
                "units": "min",
                "value": 0
            },
            "minDuration": {
                "units": "min",
                "value": 0
            },
            "simpleLowerValue": null,
            "simpleOperator": "=",
            "simpleValue": "70",
            "type": "value-search",
            "useValidValues": false,
            "version": "V3"
        },
        "Unsearchable": false
    },
    "3020FE5C-0B81-405F-A32B-82E1A4A48A61": {
        "Access Control": [
            {
                "ID": "67eec066-abed-4a7e-b4dc-117e2ec9c6c0",
                "Identity": {
                    "Datasource Class": "Auth",
                    "Datasource ID": "Seeq",
                    "Datasource Name": "Seeq",
                    "ID": "3B804F82-9378-4C52-81D5-E7BD0AC5F076",
                    "Name": "Partner Demo Access",
                    "Type": "UserGroup"
                },
                "Origin": "E49ED507-46F8-41D9-A968-EBA66A0B4DFD",
                "Permissions": {
                    "Manage": false,
                    "Read": true,
                    "Write": true
                },
                "Redacted": false,
                "Role": null
            },
            {
                "ID": "403afaaf-5cd4-438c-8a42-135fe2cfcb6b",
                "Identity": {
                    "Datasource Class": "Auth",
                    "Datasource ID": "Seeq",
                    "Datasource Name": "Seeq",
                    "ID": "72A9F0E9-1878-40F6-A368-D520591C6BFC",
                    "Name": "Everyone",
                    "Type": "UserGroup"
                },
                "Origin": "E49ED507-46F8-41D9-A968-EBA66A0B4DFD",
                "Permissions": {
                    "Manage": false,
                    "Read": true,
                    "Write": false
                },
                "Redacted": false,
                "Role": null
            },
            {
                "ID": "1a001434-3c1d-4335-8bdd-20a600dbd722",
                "Identity": {
                    "Datasource Class": "OAuth 2.0",
                    "Datasource ID": "9ecc7e74-4c32-436d-9af0-70d8aa99386b",
                    "Datasource Name": "Seeq Azure SSO",
                    "Email": "shamus.cunningham@seeq.com",
                    "First Name": "Shamus",
                    "ID": "849F6252-B8A4-495C-B1B5-73CD38B8A066",
                    "Is Admin": true,
                    "Last Name": "Cunningham",
                    "Name": "Shamus Cunningham",
                    "Type": "User",
                    "Username": "DMH0KFzkCvN1pJbDdJgkrUvR4vPhL0QTDxpDD1Oy_rk"
                },
                "Origin": "E49ED507-46F8-41D9-A968-EBA66A0B4DFD",
                "Permissions": {
                    "Manage": true,
                    "Read": true,
                    "Write": true
                },
                "Redacted": false,
                "Role": null
            },
            {
                "ID": "5632e19d-8f93-4231-bb11-f0e9d3da223a",
                "Identity": {
                    "Datasource Class": "OAuth 2.0",
                    "Datasource ID": "9ecc7e74-4c32-436d-9af0-70d8aa99386b",
                    "Datasource Name": "Seeq Azure SSO",
                    "Email": "Joseph.Reckamp@seeq.com",
                    "First Name": "Joe",
                    "ID": "C9FD5B90-17F3-4CA7-8C37-CD9B7D9B85D2",
                    "Is Admin": true,
                    "Last Name": "Reckamp",
                    "Name": "Joe Reckamp",
                    "Type": "User",
                    "Username": "DEg3Lh5pLS4-lG84EjGXXXdzxhd1450vkLgiu8he2l8"
                },
                "Origin": null,
                "Permissions": {
                    "Manage": true,
                    "Read": true,
                    "Write": true
                },
                "Redacted": false,
                "Role": "OWNER"
            },
            {
                "ID": "fd61e03c-6997-46dd-9fd6-a1bb0278c5b0",
                "Identity": {
                    "Datasource Class": "Auth",
                    "Datasource ID": "Seeq",
                    "Datasource Name": "Seeq",
                    "ID": "E4730C48-1672-447F-B48B-F77C95580062",
                    "Name": "Seeq Internal",
                    "Type": "UserGroup"
                },
                "Origin": "E49ED507-46F8-41D9-A968-EBA66A0B4DFD",
                "Permissions": {
                    "Manage": true,
                    "Read": true,
                    "Write": true
                },
                "Redacted": false,
                "Role": null
            }
        ],
        "Ancestors": [
            "__Users__",
            "E7BBA260-FDF6-4C02-965E-E16B86D67B8F",
            "E49ED507-46F8-41D9-A968-EBA66A0B4DFD"
        ],
        "Archived": false,
        "Cache Enabled": false,
        "Created At": "1589920961867707300",
        "Enabled": true,
        "ID": "3020FE5C-0B81-405F-A32B-82E1A4A48A61",
        "Locked": false,
        "Name": "Production",
        "Owner": {
            "Datasource Class": "OAuth 2.0",
            "Datasource ID": "9ecc7e74-4c32-436d-9af0-70d8aa99386b",
            "Datasource Name": "Seeq Azure SSO",
            "Email": "Joseph.Reckamp@seeq.com",
            "First Name": "Joe",
            "ID": "C9FD5B90-17F3-4CA7-8C37-CD9B7D9B85D2",
            "Is Admin": true,
            "Last Name": "Reckamp",
            "Name": "Joe Reckamp",
            "Type": "User",
            "Username": "DEg3Lh5pLS4-lG84EjGXXXdzxhd1450vkLgiu8he2l8"
        },
        "Type": "Folder",
        "Unsearchable": false,
        "Updated At": "1689878776010524265"
    },
    "46871013-C83E-4D1A-8441-BCF48BDB832A": {
        "Archived": false,
        "Asset": "Crude Furnace",
        "Cache Enabled": false,
        "Cache ID": "2E60FA32-49B1-411B-9495-30AFA8E77D5C",
        "Data ID": "[00000000-0000-0000-0000-000000000000] {Signal} Sample Assets >> Crude Furnace >> Coil Inlet Temperature",
        "Datasource Class": "Seeq Data Lab",
        "Datasource ID": "Seeq Data Lab",
        "Enabled": true,
        "Formula": "$signal",
        "Formula Parameters": {
            "signal": "7B87F723-B704-4040-886F-7DED1E7C8591"
        },
        "Formula Version": 31,
        "ID": "46871013-C83E-4D1A-8441-BCF48BDB832A",
        "Interpolation Method": "Linear",
        "Key Unit Of Measure": "ns",
        "Locked": false,
        "Maximum Interpolation": {
            "Unit Of Measure": "s",
            "Value": 7560.0
        },
        "Name": "Coil Inlet Temperature",
        "Parent ID": "D0ED1A0E-84B4-45BC-BF77-624AAF1AC673",
        "Path": "Sample Assets",
        "Sync Token": "2023-09-14T16:59:36.953891",
        "Template": "Sample Assets",
        "Type": "CalculatedSignal",
        "Unsearchable": false,
        "Value Unit Of Measure": "\u00b0F"
    },
    "62CBDF05-40F7-4249-BFF0-79A9D4B1C42D": {
        "Archived": false,
        "Asset": "Sample Assets",
        "Cache Enabled": false,
        "Data ID": "[00000000-0000-0000-0000-000000000000] {Asset} Sample Assets",
        "Datasource Class": "Seeq Data Lab",
        "Datasource ID": "Seeq Data Lab",
        "Enabled": true,
        "ID": "62CBDF05-40F7-4249-BFF0-79A9D4B1C42D",
        "Locked": false,
        "Name": "Sample Assets",
        "Old Asset Format": false,
        "Path": "",
        "Sync Token": "2024-10-24T15:33:30.493005",
        "Template": "Batch Asset",
        "Type": "Asset",
        "Unsearchable": false
    },
    "7B87F723-B704-4040-886F-7DED1E7C8591": {
        "Archived": false,
        "Cache Enabled": false,
        "Cache ID": "6E7413B7-3EED-4A54-B61D-53D11FFE4860",
        "Data ID": "[Tag] Coil Inlet Temperature.sim.ts.csv",
        "Datasource Class": "Time Series CSV Files",
        "Datasource ID": "trainingData",
        "Enabled": true,
        "ID": "7B87F723-B704-4040-886F-7DED1E7C8591",
        "Interpolation Method": "Linear",
        "Key Unit Of Measure": "ns",
        "Locked": false,
        "Maximum Interpolation": "7560.0s",
        "Name": "Coil Inlet Temperature",
        "Source Maximum Interpolation": "7560000000000ns",
        "Source Value Unit Of Measure": "F",
        "Stored Series Cache Version": 1,
        "Sync Token": "2023-02-16T00:00:00.365541947Z",
        "Type": "StoredSignal",
        "Unsearchable": false,
        "Value Unit Of Measure": "\u00b0F"
    },
    "D0ED1A0E-84B4-45BC-BF77-624AAF1AC673": {
        "Archived": false,
        "Asset": "Crude Furnace",
        "Cache Enabled": false,
        "Data ID": "[00000000-0000-0000-0000-000000000000] {Asset} Sample Assets >> Crude Furnace",
        "Datasource Class": "Seeq Data Lab",
        "Datasource ID": "Seeq Data Lab",
        "Enabled": true,
        "ID": "D0ED1A0E-84B4-45BC-BF77-624AAF1AC673",
        "Locked": false,
        "Name": "Crude Furnace",
        "Old Asset Format": false,
        "Parent ID": "62CBDF05-40F7-4249-BFF0-79A9D4B1C42D",
        "Path": "Sample Assets",
        "Sync Token": "2023-09-14T16:59:36.953891",
        "Template": "Sample Assets",
        "Type": "Asset",
        "Unsearchable": false
    },
    "E49ED507-46F8-41D9-A968-EBA66A0B4DFD": {
        "Access Control": [
            {
                "ID": "7ebed6bc-9f52-45a2-aad1-cf53cbea2a16",
                "Identity": {
                    "Datasource Class": "Auth",
                    "Datasource ID": "Seeq",
                    "Datasource Name": "Seeq",
                    "ID": "3B804F82-9378-4C52-81D5-E7BD0AC5F076",
                    "Name": "Partner Demo Access",
                    "Type": "UserGroup"
                },
                "Origin": null,
                "Permissions": {
                    "Manage": false,
                    "Read": true,
                    "Write": true
                },
                "Redacted": false,
                "Role": null
            },
            {
                "ID": "f5026f5b-89a1-46b9-b66f-ecd8635e39c9",
                "Identity": {
                    "Datasource Class": "Auth",
                    "Datasource ID": "Seeq",
                    "Datasource Name": "Seeq",
                    "ID": "72A9F0E9-1878-40F6-A368-D520591C6BFC",
                    "Name": "Everyone",
                    "Type": "UserGroup"
                },
                "Origin": null,
                "Permissions": {
                    "Manage": false,
                    "Read": true,
                    "Write": false
                },
                "Redacted": false,
                "Role": null
            },
            {
                "ID": "1311cc25-63ea-4946-cbdb-fa53eefc1a68",
                "Identity": {
                    "Datasource Class": "OAuth 2.0",
                    "Datasource ID": "9ecc7e74-4c32-436d-9af0-70d8aa99386b",
                    "Datasource Name": "Seeq Azure SSO",
                    "Email": "shamus.cunningham@seeq.com",
                    "First Name": "Shamus",
                    "ID": "849F6252-B8A4-495C-B1B5-73CD38B8A066",
                    "Is Admin": true,
                    "Last Name": "Cunningham",
                    "Name": "Shamus Cunningham",
                    "Type": "User",
                    "Username": "DMH0KFzkCvN1pJbDdJgkrUvR4vPhL0QTDxpDD1Oy_rk"
                },
                "Origin": null,
                "Permissions": {
                    "Manage": true,
                    "Read": true,
                    "Write": true
                },
                "Redacted": false,
                "Role": "OWNER"
            },
            {
                "ID": "c51521cf-6c61-4983-bcaf-b1b868b129da",
                "Identity": {
                    "Datasource Class": "Auth",
                    "Datasource ID": "Seeq",
                    "Datasource Name": "Seeq",
                    "ID": "E4730C48-1672-447F-B48B-F77C95580062",
                    "Name": "Seeq Internal",
                    "Type": "UserGroup"
                },
                "Origin": null,
                "Permissions": {
                    "Manage": true,
                    "Read": true,
                    "Write": true
                },
                "Redacted": false,
                "Role": null
            }
        ],
        "Ancestors": [
            "__Users__",
            "E7BBA260-FDF6-4C02-965E-E16B86D67B8F"
        ],
        "Archived": false,
        "Cache Enabled": false,
        "Created At": "1553018082258000000",
        "Enabled": true,
        "ID": "E49ED507-46F8-41D9-A968-EBA66A0B4DFD",
        "Locked": false,
        "Name": "Industry Use Cases",
        "Owner": {
            "Datasource Class": "OAuth 2.0",
            "Datasource ID": "9ecc7e74-4c32-436d-9af0-70d8aa99386b",
            "Datasource Name": "Seeq Azure SSO",
            "Email": "shamus.cunningham@seeq.com",
            "First Name": "Shamus",
            "ID": "849F6252-B8A4-495C-B1B5-73CD38B8A066",
            "Is Admin": true,
            "Last Name": "Cunningham",
            "Name": "Shamus Cunningham",
            "Type": "User",
            "Username": "DMH0KFzkCvN1pJbDdJgkrUvR4vPhL0QTDxpDD1Oy_rk"
        },
        "Permission Inheritance Disabled": true,
        "Type": "Folder",
        "Unsearchable": false,
        "Updated At": "1705583267724157933"
    }
}