{
    "Archived": false,
    "Cache Enabled": false,
    "Created At": "1686755740223148337",
    "Enabled": true,
    "ID": "0EE0AC65-2B17-ECF0-844B-2002620705D2",
    "Locked": false,
    "Unsearchable": false,
    "Updated At": "1730990781119558103",
    "Name": "Demo Overview",
    "Type": "Worksheet",
    "Annotation ID": "0EE0AC65-3C95-7590-B060-8F0080B5CE23",
    "Current Workstep ID": "0EF9D170-DAF3-66D0-97AB-1ABE1F353365",
    "URL": "https://demo.seeq.dev/0EE24DB0-BE74-EE10-9CCB-7D46C77931AC/workbook/0EE0AC65-2515-FB90-852E-03DD227F8EB1/worksheet/0EE0AC65-2B17-ECF0-844B-2002620705D2"
}