{
    "028560F2-5D26-46FD-9CD3-6B796E391373": {
        "Archived": false,
        "Cache Enabled": false,
        "Cache ID": "37C8827C-DCC9-4FF1-9047-047D79984818",
        "Data ID": "[Tag] EnergyModel_Steam Flow 5.sim.ts.csv",
        "Datasource Class": "Time Series CSV Files",
        "Datasource ID": "trainingData",
        "Enabled": true,
        "ID": "028560F2-5D26-46FD-9CD3-6B796E391373",
        "Interpolation Method": "Linear",
        "Key Unit Of Measure": "ns",
        "Locked": false,
        "Maximum Interpolation": "3600.0s",
        "Name": "EnergyModel_Steam Flow 5",
        "Source Maximum Interpolation": "3600000000000ns",
        "Source Value Unit Of Measure": "",
        "Stored Series Cache Version": 1,
        "Sync Token": "2023-02-16T00:00:00.365541947Z",
        "Type": "StoredSignal",
        "Unsearchable": false,
        "Value Unit Of Measure": ""
    },
    "0EFA6A0B-4C9B-71B0-ADCE-2000B1F79638": {
        "Access Control": [
            {
                "ID": "0efa6a0b-4c9b-71b0-832f-2cb144107853",
                "Identity": {
                    "Datasource Class": "OAuth 2.0",
                    "Datasource ID": "9ecc7e74-4c32-436d-9af0-70d8aa99386b",
                    "Datasource Name": "Seeq Azure SSO",
                    "Email": "Joseph.Reckamp@seeq.com",
                    "First Name": "Joe",
                    "ID": "C9FD5B90-17F3-4CA7-8C37-CD9B7D9B85D2",
                    "Is Admin": true,
                    "Last Name": "Reckamp",
                    "Name": "Joe Reckamp",
                    "Type": "User",
                    "Username": "DEg3Lh5pLS4-lG84EjGXXXdzxhd1450vkLgiu8he2l8"
                },
                "Origin": null,
                "Permissions": {
                    "Manage": true,
                    "Read": true,
                    "Write": true
                },
                "Redacted": false,
                "Role": "OWNER"
            },
            {
                "ID": "0efa6a0b-4cc7-60d0-a44e-06a6b1da5301",
                "Identity": {
                    "Datasource Class": "OAuth 2.0",
                    "Datasource ID": "9ecc7e74-4c32-436d-9af0-70d8aa99386b",
                    "Datasource Name": "Seeq Azure SSO",
                    "Email": "Joseph.Reckamp@seeq.com",
                    "First Name": "Joe",
                    "ID": "C9FD5B90-17F3-4CA7-8C37-CD9B7D9B85D2",
                    "Is Admin": true,
                    "Last Name": "Reckamp",
                    "Name": "Joe Reckamp",
                    "Type": "User",
                    "Username": "DEg3Lh5pLS4-lG84EjGXXXdzxhd1450vkLgiu8he2l8"
                },
                "Origin": "905A3390-CCA6-489B-89A3-492EC9F7FF26",
                "Permissions": {
                    "Manage": true,
                    "Read": true,
                    "Write": true
                },
                "Redacted": false,
                "Role": null
            }
        ],
        "Ancestors": [
            "__Users__",
            "905A3390-CCA6-489B-89A3-492EC9F7FF26"
        ],
        "Archived": false,
        "Cache Enabled": false,
        "Created At": "1732039462987374025",
        "Enabled": true,
        "ID": "0EFA6A0B-4C9B-71B0-ADCE-2000B1F79638",
        "Locked": false,
        "Name": "DO NOT USE (Please!)",
        "Owner": {
            "Datasource Class": "OAuth 2.0",
            "Datasource ID": "9ecc7e74-4c32-436d-9af0-70d8aa99386b",
            "Datasource Name": "Seeq Azure SSO",
            "Email": "Joseph.Reckamp@seeq.com",
            "First Name": "Joe",
            "ID": "C9FD5B90-17F3-4CA7-8C37-CD9B7D9B85D2",
            "Is Admin": true,
            "Last Name": "Reckamp",
            "Name": "Joe Reckamp",
            "Type": "User",
            "Username": "DEg3Lh5pLS4-lG84EjGXXXdzxhd1450vkLgiu8he2l8"
        },
        "Type": "Folder",
        "Unsearchable": false,
        "Updated At": "1732135031904791904"
    },
    "0EFA6A23-22E1-FB90-B387-950B362BFC75": {
        "Archived": false,
        "Cache Enabled": true,
        "Cache ID": "0EFA6A23-23AE-ECD0-A23B-D1D1A5189E9A",
        "Data ID": "0EFA6A23-22E1-FB90-B387-950B362BFC75",
        "Datasource Class": "Seeq Calculations",
        "Datasource ID": "Seeq Calculations",
        "Enabled": true,
        "Formula": [
            "$on = $steamValveString == \"OPEN\"",
            "0.splice(1, $on)"
        ],
        "Formula Parameters": {
            "steamValveString": "CFBCCB2A-C573-4C1D-8A0D-047676BC9B63"
        },
        "Formula Version": 31,
        "ID": "0EFA6A23-22E1-FB90-B387-950B362BFC75",
        "Interpolation Method": "Linear",
        "Locked": false,
        "Maximum Interpolation": {
            "Unit Of Measure": "h",
            "Value": 24
        },
        "Name": "Steam Valve 1 Num",
        "Scoped To": "0EFA6A0B-7FE7-66E0-85F2-2E82217F4441",
        "Type": "CalculatedSignal",
        "UIConfig": {
            "advancedParametersCollapsed": true,
            "configVersion": 11,
            "localFormula": "",
            "tabTransitioning": false,
            "type": "formula"
        },
        "Unsearchable": false,
        "Value Unit Of Measure": ""
    },
    "0EFA6A24-41CB-66E0-B11A-7EF2981DF03E": {
        "Archived": false,
        "Cache Enabled": true,
        "Cache ID": "0EFA6A24-41D5-7320-AF07-11551F42BE36",
        "Data ID": "0EFA6A24-41CB-66E0-B11A-7EF2981DF03E",
        "Datasource Class": "Seeq Calculations",
        "Datasource ID": "Seeq Calculations",
        "Enabled": true,
        "Formula": [
            "$on = $steamValveString == \"OPEN\"",
            "0.splice(1, $on)"
        ],
        "Formula Parameters": {
            "steamValveString": "30643FFE-5A7B-487C-A0F8-3B0527D0132C"
        },
        "Formula Version": 31,
        "ID": "0EFA6A24-41CB-66E0-B11A-7EF2981DF03E",
        "Interpolation Method": "Linear",
        "Locked": false,
        "Maximum Interpolation": {
            "Unit Of Measure": "h",
            "Value": 24
        },
        "Name": "Steam Valve 2 Num",
        "Scoped To": "0EFA6A0B-7FE7-66E0-85F2-2E82217F4441",
        "Type": "CalculatedSignal",
        "UIConfig": {
            "advancedParametersCollapsed": true,
            "configVersion": 11,
            "localFormula": "",
            "scopedTo": "0EFA6A0B-7FE7-66E0-85F2-2E82217F4441",
            "tabTransitioning": false,
            "type": "formula"
        },
        "Unsearchable": false,
        "Value Unit Of Measure": ""
    },
    "0EFA6A26-C959-75B0-9562-CD1ADDB3FB63": {
        "Archived": false,
        "Cache Enabled": true,
        "Cache ID": "0EFA6A26-C960-EAE0-8555-291814F63B4A",
        "Data ID": "0EFA6A26-C959-75B0-9562-CD1ADDB3FB63",
        "Datasource Class": "Seeq Calculations",
        "Datasource ID": "Seeq Calculations",
        "Enabled": true,
        "Formula": [
            "$on = $steamValveString == \"OPEN\"",
            "0.splice(1, $on)"
        ],
        "Formula Parameters": {
            "steamValveString": "87C29967-87D4-4595-9A44-8385A3FF80A9"
        },
        "Formula Version": 31,
        "ID": "0EFA6A26-C959-75B0-9562-CD1ADDB3FB63",
        "Interpolation Method": "Linear",
        "Locked": false,
        "Maximum Interpolation": {
            "Unit Of Measure": "h",
            "Value": 24
        },
        "Name": "Steam Valve 3 Num",
        "Scoped To": "0EFA6A0B-7FE7-66E0-85F2-2E82217F4441",
        "Type": "CalculatedSignal",
        "UIConfig": {
            "advancedParametersCollapsed": true,
            "configVersion": 11,
            "localFormula": "",
            "scopedTo": "0EFA6A0B-7FE7-66E0-85F2-2E82217F4441",
            "tabTransitioning": false,
            "type": "formula"
        },
        "Unsearchable": false,
        "Value Unit Of Measure": ""
    },
    "0EFA6A32-83FB-EAC0-919E-3A0BDAEBA093": {
        "Archived": false,
        "Cache Enabled": true,
        "Cache ID": "0EFA6A32-8402-FFF0-AE8E-2475FF882B6C",
        "Data ID": "0EFA6A32-83FB-EAC0-919E-3A0BDAEBA093",
        "Datasource Class": "Seeq Calculations",
        "Datasource ID": "Seeq Calculations",
        "Enabled": true,
        "Formula": [
            "$on = $steamJetString == \"On\"",
            "0.splice(1, $on)"
        ],
        "Formula Parameters": {
            "steamJetString": "2FA5C76C-C198-4191-93AB-4BE09C332F8D"
        },
        "Formula Version": 31,
        "ID": "0EFA6A32-83FB-EAC0-919E-3A0BDAEBA093",
        "Interpolation Method": "Linear",
        "Locked": false,
        "Maximum Interpolation": {
            "Unit Of Measure": "h",
            "Value": 24
        },
        "Name": "Steam Jet 1 Num",
        "Scoped To": "0EFA6A0B-7FE7-66E0-85F2-2E82217F4441",
        "Type": "CalculatedSignal",
        "UIConfig": {
            "advancedParametersCollapsed": true,
            "configVersion": 11,
            "localFormula": "",
            "tabTransitioning": false,
            "type": "formula"
        },
        "Unsearchable": false,
        "Value Unit Of Measure": ""
    },
    "0EFA6A33-C515-FD20-8694-14294A12F0B5": {
        "Archived": false,
        "Cache Enabled": true,
        "Cache ID": "0EFA6A33-C51F-F960-9189-85D0F7FE329C",
        "Data ID": "0EFA6A33-C515-FD20-8694-14294A12F0B5",
        "Datasource Class": "Seeq Calculations",
        "Datasource ID": "Seeq Calculations",
        "Enabled": true,
        "Formula": [
            "$on = $steamJetString == \"On\"",
            "0.splice(1, $on)"
        ],
        "Formula Parameters": {
            "steamJetString": "43F52215-635F-4DA9-A755-487A6A2DF77B"
        },
        "Formula Version": 31,
        "ID": "0EFA6A33-C515-FD20-8694-14294A12F0B5",
        "Interpolation Method": "Linear",
        "Locked": false,
        "Maximum Interpolation": {
            "Unit Of Measure": "h",
            "Value": 24
        },
        "Name": "Steam Jet 2 Num",
        "Scoped To": "0EFA6A0B-7FE7-66E0-85F2-2E82217F4441",
        "Type": "CalculatedSignal",
        "UIConfig": {
            "advancedParametersCollapsed": true,
            "configVersion": 11,
            "localFormula": "",
            "scopedTo": "0EFA6A0B-7FE7-66E0-85F2-2E82217F4441",
            "tabTransitioning": false,
            "type": "formula"
        },
        "Unsearchable": false,
        "Value Unit Of Measure": ""
    },
    "0EFA6A66-ACB3-F920-A5A9-6270401FD638": {
        "Archived": false,
        "Cache Enabled": true,
        "Cache ID": "0EFA6A66-ACBD-7560-A6AC-B748AF740439",
        "Data ID": "0EFA6A66-ACB3-F920-A5A9-6270401FD638",
        "Datasource Class": "Seeq Calculations",
        "Datasource ID": "Seeq Calculations",
        "Enabled": true,
        "Formula": [
            "$on = $steamJetString == \"On\"",
            "0.splice(1, $on)"
        ],
        "Formula Parameters": {
            "steamJetString": "296D07B4-8DE2-4B84-9411-BBC7D8D4B242"
        },
        "Formula Version": 31,
        "ID": "0EFA6A66-ACB3-F920-A5A9-6270401FD638",
        "Interpolation Method": "Linear",
        "Locked": false,
        "Maximum Interpolation": {
            "Unit Of Measure": "h",
            "Value": 24
        },
        "Name": "Steam Jet 3 Num",
        "Scoped To": "0EFA6A0B-7FE7-66E0-85F2-2E82217F4441",
        "Type": "CalculatedSignal",
        "UIConfig": {
            "advancedParametersCollapsed": true,
            "configVersion": 11,
            "localFormula": "",
            "scopedTo": "0EFA6A0B-7FE7-66E0-85F2-2E82217F4441",
            "tabTransitioning": false,
            "type": "formula"
        },
        "Unsearchable": false,
        "Value Unit Of Measure": ""
    },
    "0EFA6A67-4BCF-FFE0-B744-91190A1F374B": {
        "Archived": false,
        "Cache Enabled": true,
        "Cache ID": "0EFA6A67-4BD7-7510-9820-9EC4B6EC1E55",
        "Data ID": "0EFA6A67-4BCF-FFE0-B744-91190A1F374B",
        "Datasource Class": "Seeq Calculations",
        "Datasource ID": "Seeq Calculations",
        "Enabled": true,
        "Formula": [
            "$on = $steamJetString == \"On\"",
            "0.splice(1, $on)"
        ],
        "Formula Parameters": {
            "steamJetString": "F2F3F57A-FB11-43B4-9B7E-393B1669DBB1"
        },
        "Formula Version": 31,
        "ID": "0EFA6A67-4BCF-FFE0-B744-91190A1F374B",
        "Interpolation Method": "Linear",
        "Locked": false,
        "Maximum Interpolation": {
            "Unit Of Measure": "h",
            "Value": 24
        },
        "Name": "Steam Jet 4 Num",
        "Scoped To": "0EFA6A0B-7FE7-66E0-85F2-2E82217F4441",
        "Type": "CalculatedSignal",
        "UIConfig": {
            "advancedParametersCollapsed": true,
            "configVersion": 11,
            "localFormula": "",
            "scopedTo": "0EFA6A0B-7FE7-66E0-85F2-2E82217F4441",
            "tabTransitioning": false,
            "type": "formula"
        },
        "Unsearchable": false,
        "Value Unit Of Measure": ""
    },
    "0EFA6A67-E0E1-F9D0-B8FD-C599258964F2": {
        "Archived": false,
        "Cache Enabled": true,
        "Cache ID": "0EFA6A67-E0EB-6610-9415-2C32B2EE6C94",
        "Data ID": "0EFA6A67-E0E1-F9D0-B8FD-C599258964F2",
        "Datasource Class": "Seeq Calculations",
        "Datasource ID": "Seeq Calculations",
        "Enabled": true,
        "Formula": [
            "$on = $steamJetString == \"On\"",
            "0.splice(1, $on)"
        ],
        "Formula Parameters": {
            "steamJetString": "190A75D0-DBFA-4970-84E7-3B19C5D37067"
        },
        "Formula Version": 31,
        "ID": "0EFA6A67-E0E1-F9D0-B8FD-C599258964F2",
        "Interpolation Method": "Linear",
        "Locked": false,
        "Maximum Interpolation": {
            "Unit Of Measure": "h",
            "Value": 24
        },
        "Name": "Steam Jet 5 Num",
        "Scoped To": "0EFA6A0B-7FE7-66E0-85F2-2E82217F4441",
        "Type": "CalculatedSignal",
        "UIConfig": {
            "advancedParametersCollapsed": true,
            "configVersion": 11,
            "localFormula": "",
            "scopedTo": "0EFA6A0B-7FE7-66E0-85F2-2E82217F4441",
            "tabTransitioning": false,
            "type": "formula"
        },
        "Unsearchable": false,
        "Value Unit Of Measure": ""
    },
    "0EFA6A71-4AEE-6450-96E6-EFF4E2F621EE": {
        "Archived": false,
        "Cache Enabled": true,
        "Cache ID": "0EFA6A71-4AF5-F980-8881-76C0772F0172",
        "Capsule ID Property": "start",
        "Capsule Property Units": {},
        "Data ID": "0EFA6A71-4AEE-6450-96E6-EFF4E2F621EE",
        "Datasource Class": "Seeq Calculations",
        "Datasource ID": "Seeq Calculations",
        "Enabled": true,
        "Formula": [
            "($a > 0)",
            ".merge(0min)",
            ".removeShorterThan(1day)"
        ],
        "Formula Parameters": {
            "a": "5BDA7048-0ED0-414E-9A94-D93B03787132"
        },
        "Formula Version": 31,
        "ID": "0EFA6A71-4AEE-6450-96E6-EFF4E2F621EE",
        "Locked": false,
        "Name": "Uptime",
        "Scoped To": "0EFA6A0B-7FE7-66E0-85F2-2E82217F4441",
        "Type": "CalculatedCondition",
        "UIConfig": {
            "advancedEntryDuration": {
                "units": "min",
                "value": 0
            },
            "advancedEntryLowerValue": null,
            "advancedEntryValue": null,
            "advancedExitDuration": {
                "units": "min",
                "value": 0
            },
            "advancedExitValue": null,
            "advancedParametersCollapsed": true,
            "configVersion": 11,
            "isCleansing": true,
            "isMigratedDeviationSearch": false,
            "isSimple": true,
            "mergeDuration": {
                "units": "min",
                "value": 0
            },
            "minDuration": {
                "units": "day",
                "valid": true,
                "value": 1
            },
            "simpleLowerValue": null,
            "simpleOperator": ">",
            "simpleValue": "0",
            "type": "value-search",
            "useValidValues": false,
            "version": "V3"
        },
        "Unsearchable": false
    },
    "0EFA6A76-020B-6440-860B-26EA6A58A9E1": {
        "Archived": false,
        "Cache Enabled": true,
        "Cache ID": "0EFA6A76-020D-FB50-8EA1-71222049C94D",
        "Capsule Property Units": {},
        "Data ID": "0EFA6A76-020B-6440-860B-26EA6A58A9E1",
        "Datasource Class": "Seeq Calculations",
        "Datasource ID": "Seeq Calculations",
        "Enabled": true,
        "Formula": [
            "condition(41979241000ms,",
            "  capsule(1577884080000ms, 1619863320000ms))"
        ],
        "Formula Parameters": {},
        "Formula Version": 31,
        "ID": "0EFA6A76-020B-6440-860B-26EA6A58A9E1",
        "Locked": false,
        "Maximum Duration": {
            "Unit Of Measure": "ms",
            "Value": 41979241000
        },
        "Name": "Training Window",
        "Scoped To": "0EFA6A0B-7FE7-66E0-85F2-2E82217F4441",
        "Type": "CalculatedCondition",
        "UIConfig": {
            "color": "#7c8cc8",
            "configVersion": 11,
            "isExecuting": false,
            "type": "manual-condition"
        },
        "Unsearchable": false
    },
    "0EFA6A7C-0B40-FFF0-BF8C-9A0417B673C0": {
        "Archived": false,
        "Cache Enabled": true,
        "Cache ID": "1EFA6A7E-0772-66B0-9390-E4930F11DA21",
        "Data ID": "0EFA6A7C-0B40-FFF0-BF8C-9A0417B673C0",
        "Datasource Class": "Seeq Calculations",
        "Datasource ID": "Seeq Calculations",
        "Enabled": true,
        "Formula": "$target.regressionModelOLS($condition.toGroup(capsule(\"2020-01-01T23:07:00.000Z\", \"2021-05-01T15:27:00.000Z\"), CapsuleBoundary.Intersect), false, $a, $b, $c, $d, $e, $f, $g, $h, $i, $j, $k, $l, $m, $n).predict($a, $b, $c, $d, $e, $f, $g, $h, $i, $j, $k, $l, $m, $n)",
        "Formula Parameters": {
            "a": "5F36A83C-00D6-4003-98E5-C2CD57F22B93",
            "b": "32BE317E-010B-4628-993D-52E3EC2F0D01",
            "c": "C7FF3051-E40A-499C-A7FA-0057608DE90D",
            "condition": "0EFA6A71-4AEE-6450-96E6-EFF4E2F621EE",
            "d": "EF8BC923-A5CA-4E1C-BF33-78121E0F7920",
            "e": "028560F2-5D26-46FD-9CD3-6B796E391373",
            "f": "89939F97-79E2-44AD-B66A-36C44FCE0166",
            "g": "0EFA6A23-22E1-FB90-B387-950B362BFC75",
            "h": "0EFA6A26-C959-75B0-9562-CD1ADDB3FB63",
            "i": "0EFA6A32-83FB-EAC0-919E-3A0BDAEBA093",
            "j": "0EFA6A33-C515-FD20-8694-14294A12F0B5",
            "k": "0EFA6A24-41CB-66E0-B11A-7EF2981DF03E",
            "l": "0EFA6A67-4BCF-FFE0-B744-91190A1F374B",
            "m": "0EFA6A67-E0E1-F9D0-B8FD-C599258964F2",
            "n": "0EFA6A66-ACB3-F920-A5A9-6270401FD638",
            "target": "5BDA7048-0ED0-414E-9A94-D93B03787132"
        },
        "Formula Version": 31,
        "ID": "0EFA6A7C-0B40-FFF0-BF8C-9A0417B673C0",
        "Interpolation Method": "Linear",
        "Locked": false,
        "Maximum Interpolation": {
            "Unit Of Measure": "s",
            "Value": 3600.0
        },
        "Name": "Energy Model - Total Steam Prediction",
        "Scoped To": "0EFA6A0B-7FE7-66E0-85F2-2E82217F4441",
        "Type": "CalculatedSignal",
        "UIConfig": {
            "advancedParametersCollapsed": false,
            "color": "#068C45",
            "configVersion": 11,
            "isRefreshRateEnabled": false,
            "lambda": 0,
            "modelExpanded": true,
            "mustGoThroughZero": false,
            "option": "linear",
            "polynomialValue": 2,
            "regressionMethod": "OLS",
            "scopedTo": "0EFA6A0B-7FE7-66E0-85F2-2E82217F4441",
            "type": "prediction",
            "variableSelection": 0.05,
            "variableSelectionEnabled": false,
            "windowEnd": 1619882820000,
            "windowStart": 1577920020000
        },
        "Unsearchable": false,
        "Value Unit Of Measure": "lb/h"
    },
    "0EFA6A82-EE17-F9E0-BB49-5E52ECE0F755": {
        "Archived": false,
        "Cache Enabled": true,
        "Cache ID": "0EFA6A82-EE1C-E800-B61D-5D0B01E32E5A",
        "Data ID": "0EFA6A82-EE17-F9E0-BB49-5E52ECE0F755",
        "Datasource Class": "Seeq Calculations",
        "Datasource ID": "Seeq Calculations",
        "Enabled": true,
        "Formula": "$target.regressionModelOLS(group(capsule(\"2020-01-01T06:00:00.000Z\", \"2021-04-19T18:00:00.000Z\")), false, $a).predict($a)",
        "Formula Parameters": {
            "a": "0EFA6A7C-0B40-FFF0-BF8C-9A0417B673C0",
            "target": "5BDA7048-0ED0-414E-9A94-D93B03787132"
        },
        "Formula Version": 31,
        "ID": "0EFA6A82-EE17-F9E0-BB49-5E52ECE0F755",
        "Interpolation Method": "Linear",
        "Locked": false,
        "Maximum Interpolation": {
            "Unit Of Measure": "s",
            "Value": 3600.0
        },
        "Name": "Trend Line",
        "Scoped To": "0EFA6A0B-7FE7-66E0-85F2-2E82217F4441",
        "Type": "CalculatedSignal",
        "UIConfig": {
            "advancedParametersCollapsed": true,
            "color": "#00A2DD",
            "configVersion": 11,
            "isRefreshRateEnabled": false,
            "lambda": 0,
            "modelExpanded": false,
            "mustGoThroughZero": false,
            "option": "linear",
            "polynomialValue": 2,
            "regressionMethod": "OLS",
            "type": "prediction",
            "variableSelection": 0.05,
            "variableSelectionEnabled": false,
            "windowEnd": 1618855200000,
            "windowStart": 1577858400000
        },
        "Unsearchable": false,
        "Value Unit Of Measure": "lb/h"
    },
    "0EFA6A88-E555-FBD0-9DEB-FFE51E64F30B": {
        "Archived": false,
        "Cache Enabled": true,
        "Cache ID": "0EFA6A88-E55A-F9F0-AF97-21F4F51737C3",
        "Capsule Property Units": {
            "Phase": "string"
        },
        "Data ID": "0EFA6A88-E555-FBD0-9DEB-FFE51E64F30B",
        "Datasource Class": "Seeq Calculations",
        "Datasource ID": "Seeq Calculations",
        "Enabled": true,
        "Formula": [
            "condition(6892104789ms,",
            "  capsule(1625135496211ms, 1632027600000ms))",
            "  .setproperty('Phase', 'Before Changes')"
        ],
        "Formula Parameters": {},
        "Formula Version": 31,
        "ID": "0EFA6A88-E555-FBD0-9DEB-FFE51E64F30B",
        "Locked": false,
        "Maximum Duration": {
            "Unit Of Measure": "ms",
            "Value": 6892104789
        },
        "Name": "Before Changes",
        "Scoped To": "0EFA6A0B-7FE7-66E0-85F2-2E82217F4441",
        "Type": "CalculatedCondition",
        "UIConfig": {
            "advancedParametersCollapsed": true,
            "configVersion": 11,
            "localFormula": "",
            "tabTransitioning": false,
            "type": "formula"
        },
        "Unsearchable": false
    },
    "0EFA6A89-91FC-FF50-865B-B8A454B2EB68": {
        "Archived": false,
        "Cache Enabled": true,
        "Cache ID": "0EFA6A89-9201-FD70-B5DA-3FE969DD61F7",
        "Capsule Property Units": {
            "Phase": "string"
        },
        "Data ID": "0EFA6A89-91FC-FF50-865B-B8A454B2EB68",
        "Datasource Class": "Seeq Calculations",
        "Datasource ID": "Seeq Calculations",
        "Enabled": true,
        "Formula": [
            "condition(16682799515ms,",
            "  capsule(1632094495468ms, 1648777293983ms))",
            "  .setproperty('Phase', 'Focused Energy Reduction Changes')"
        ],
        "Formula Parameters": {},
        "Formula Version": 31,
        "ID": "0EFA6A89-91FC-FF50-865B-B8A454B2EB68",
        "Locked": false,
        "Maximum Duration": {
            "Unit Of Measure": "ms",
            "Value": 16682799515
        },
        "Name": "Focused Energy Reduction Changes",
        "Scoped To": "0EFA6A0B-7FE7-66E0-85F2-2E82217F4441",
        "Type": "CalculatedCondition",
        "UIConfig": {
            "advancedParametersCollapsed": true,
            "configVersion": 11,
            "localFormula": "",
            "tabTransitioning": false,
            "type": "formula"
        },
        "Unsearchable": false
    },
    "0EFA6A8B-4681-6010-B80E-574C3F88D4FA": {
        "Archived": false,
        "Cache Enabled": true,
        "Cache ID": "0EFA6A8B-4681-6010-89C0-D49EFEB8D3F6",
        "Data ID": "0EFA6A8B-4681-6010-B80E-574C3F88D4FA",
        "Datasource Class": "Seeq Calculations",
        "Datasource ID": "Seeq Calculations",
        "Enabled": true,
        "Formula": "100.setunits('%')",
        "Formula Parameters": {},
        "Formula Version": 31,
        "ID": "0EFA6A8B-4681-6010-B80E-574C3F88D4FA",
        "Locked": false,
        "Name": "100%",
        "Scoped To": "0EFA6A0B-7FE7-66E0-85F2-2E82217F4441",
        "Type": "CalculatedScalar",
        "UIConfig": {
            "advancedParametersCollapsed": true,
            "configVersion": 11,
            "localFormula": "",
            "tabTransitioning": false,
            "type": "formula"
        },
        "Unit Of Measure": "%",
        "Unsearchable": false
    },
    "0EFA6A8C-081E-66F0-BD78-6A3DAB3851AB": {
        "Archived": false,
        "Cache Enabled": true,
        "Cache ID": "0EFA6A8C-081E-66F0-BCB3-66A091DF5564",
        "Data ID": "0EFA6A8C-081E-66F0-BD78-6A3DAB3851AB",
        "Datasource Class": "Seeq Calculations",
        "Datasource ID": "Seeq Calculations",
        "Enabled": true,
        "Formula": "90.setunits('%')",
        "Formula Parameters": {},
        "Formula Version": 31,
        "ID": "0EFA6A8C-081E-66F0-BD78-6A3DAB3851AB",
        "Locked": false,
        "Name": "90%",
        "Scoped To": "0EFA6A0B-7FE7-66E0-85F2-2E82217F4441",
        "Type": "CalculatedScalar",
        "UIConfig": {
            "advancedParametersCollapsed": true,
            "configVersion": 11,
            "localFormula": "",
            "tabTransitioning": false,
            "type": "formula"
        },
        "Unit Of Measure": "%",
        "Unsearchable": false
    },
    "0EFA6AA0-8191-FF50-9A5B-58903D5ED0B5": {
        "Archived": false,
        "Cache Enabled": false,
        "Data ID": "0EFA6AA0-8191-FF50-9A5B-58903D5ED0B5",
        "Datasource Class": "Seeq Calculations",
        "Datasource ID": "Seeq Calculations",
        "Enabled": true,
        "Formula": "<ThresholdMetric>",
        "Formula Parameters": {
            "Aggregation Condition": null,
            "Measured Item": "ABFE3F44-15ED-4A31-9D0D-D0547B742CEB",
            "Metric Neutral Color": "#ffffff",
            "Process Type": "Simple"
        },
        "ID": "0EFA6AA0-8191-FF50-9A5B-58903D5ED0B5",
        "Locked": false,
        "MetricReconfigurationMigration": true,
        "Name": "Steam model range vs actual steam",
        "Scoped To": "0EFA6A0B-7FE7-66E0-85F2-2E82217F4441",
        "Type": "ThresholdMetric",
        "UIConfig": {
            "advancedParametersCollapsed": true,
            "type": "threshold-metric"
        },
        "Unsearchable": false
    },
    "0EFA6AA3-3589-E830-955E-B46E5AA05870": {
        "Archived": false,
        "Cache Enabled": true,
        "Cache ID": "0EFA6AA3-358B-FF40-A114-B818E1496A84",
        "Capsule ID Property": "start",
        "Capsule Property Units": {
            "Week": "string"
        },
        "Data ID": "0EFA6AA3-3589-E830-955E-B46E5AA05870",
        "Datasource Class": "Seeq Calculations",
        "Datasource ID": "Seeq Calculations",
        "Enabled": true,
        "Formula": "weeks(Day.Sunday, \"US/Central\")",
        "Formula Parameters": {},
        "Formula Version": 31,
        "ID": "0EFA6AA3-3589-E830-955E-B46E5AA05870",
        "Locked": false,
        "Maximum Duration": {
            "Unit Of Measure": "wk",
            "Value": 1.005952380952381
        },
        "Maximum Interpolation": {
            "Unit Of Measure": "s",
            "Value": 608400.0
        },
        "Name": "Weekly 1",
        "Scoped To": "0EFA6A0B-7FE7-66E0-85F2-2E82217F4441",
        "Type": "CalculatedCondition",
        "UIConfig": {
            "advancedParametersCollapsed": true,
            "configVersion": 11,
            "customDuration": {
                "units": "h",
                "value": 0
            },
            "customPeriod": {
                "units": "h",
                "value": 0
            },
            "customPeriodDisable": true,
            "duration": "weeks",
            "frequencies": [],
            "offset": {
                "units": "min",
                "value": 0
            },
            "quarterStart": {
                "day": 1,
                "month": "Month.January"
            },
            "shift": {
                "duration": 8,
                "offset": 8
            },
            "timezone": "US/Central",
            "type": "periodic-condition",
            "weekStart": "Day.Sunday"
        },
        "Unsearchable": false
    },
    "0EFA6AA4-A382-77A0-AACD-EDE40DAD2A91": {
        "Archived": false,
        "Cache Enabled": true,
        "Cache ID": "0EFA6AA4-A389-ECD0-A077-4B3B7551CFF7",
        "Data ID": "0EFA6AA4-A382-77A0-AACD-EDE40DAD2A91",
        "Datasource Class": "Seeq Calculations",
        "Datasource ID": "Seeq Calculations",
        "Enabled": true,
        "Formula": "$series.aggregate(totalized(\"h\"), $capsules, middleKey(), 0s)",
        "Formula Parameters": {
            "capsules": "0EFA6AA3-3589-E830-955E-B46E5AA05870",
            "series": "ABFE3F44-15ED-4A31-9D0D-D0547B742CEB"
        },
        "Formula Version": 31,
        "ID": "0EFA6AA4-A382-77A0-AACD-EDE40DAD2A91",
        "Interpolation Method": "None",
        "Locked": false,
        "Maximum Interpolation": {
            "Unit Of Measure": "s",
            "Value": 0
        },
        "Name": "Energy Model Actual Steam Usage",
        "Scoped To": "0EFA6A0B-7FE7-66E0-85F2-2E82217F4441",
        "Type": "CalculatedSignal",
        "UIConfig": {
            "advancedParametersCollapsed": true,
            "configVersion": 11,
            "type": "signal-from-condition"
        },
        "Unsearchable": false,
        "Value Unit Of Measure": "lb"
    },
    "0EFA6AA5-C54B-60C0-A018-D75C24AB4BBA": {
        "Archived": false,
        "Cache Enabled": true,
        "Cache ID": "0EFA6AA5-C54F-EEE0-9120-603B7E2C1177",
        "Data ID": "0EFA6AA5-C54B-60C0-A018-D75C24AB4BBA",
        "Datasource Class": "Seeq Calculations",
        "Datasource ID": "Seeq Calculations",
        "Enabled": true,
        "Formula": "$series.aggregate(totalized(\"h\"), $capsules, middleKey(), 0s)",
        "Formula Parameters": {
            "capsules": "0EFA6AA3-3589-E830-955E-B46E5AA05870",
            "series": "0EFA6A7C-0B40-FFF0-BF8C-9A0417B673C0"
        },
        "Formula Version": 31,
        "ID": "0EFA6AA5-C54B-60C0-A018-D75C24AB4BBA",
        "Interpolation Method": "None",
        "Locked": false,
        "Maximum Interpolation": {
            "Unit Of Measure": "s",
            "Value": 0
        },
        "Name": "Energy Model Predicted Steam Usage",
        "Scoped To": "0EFA6A0B-7FE7-66E0-85F2-2E82217F4441",
        "Type": "CalculatedSignal",
        "UIConfig": {
            "advancedParametersCollapsed": true,
            "configVersion": 11,
            "type": "signal-from-condition"
        },
        "Unsearchable": false,
        "Value Unit Of Measure": "lb"
    },
    "0EFA6AA6-CE01-6290-AE3E-6DF0128F8372": {
        "Archived": false,
        "Cache Enabled": true,
        "Cache ID": "0EFA6AA6-CE06-60B0-ACCE-6CB57A5D86C6",
        "Data ID": "0EFA6AA6-CE01-6290-AE3E-6DF0128F8372",
        "Datasource Class": "Seeq Calculations",
        "Datasource ID": "Seeq Calculations",
        "Enabled": true,
        "Formula": "($emas/$emps).setunits('%')*100",
        "Formula Parameters": {
            "emas": "0EFA6AA4-A382-77A0-AACD-EDE40DAD2A91",
            "emps": "0EFA6AA5-C54B-60C0-A018-D75C24AB4BBA"
        },
        "Formula Version": 31,
        "ID": "0EFA6AA6-CE01-6290-AE3E-6DF0128F8372",
        "Interpolation Method": "None",
        "Locked": false,
        "Maximum Interpolation": {
            "Unit Of Measure": "s",
            "Value": 0
        },
        "Name": "Difference in steam used vs. predicted",
        "Scoped To": "0EFA6A0B-7FE7-66E0-85F2-2E82217F4441",
        "Type": "CalculatedSignal",
        "UIConfig": {
            "advancedParametersCollapsed": true,
            "configVersion": 11,
            "localFormula": "",
            "tabTransitioning": false,
            "type": "formula"
        },
        "Unsearchable": false,
        "Value Unit Of Measure": "%"
    },
    "0EFA6AA8-5EDC-ECA0-9E33-A5B13DD7116C": {
        "Archived": false,
        "Cache Enabled": false,
        "Data ID": "0EFA6AA8-5EDC-ECA0-9E33-A5B13DD7116C",
        "Datasource Class": "Seeq Calculations",
        "Datasource ID": "Seeq Calculations",
        "Enabled": true,
        "Formula": "<ThresholdMetric>",
        "Formula Parameters": {
            "Aggregation Condition": null,
            "Measured Item": "0EFA6AA6-CE01-6290-AE3E-6DF0128F8372",
            "Metric Neutral Color": "#ffffff",
            "Process Type": "Simple",
            "Thresholds": [
                {
                    "Priority": {
                        "Color": "#ff0000",
                        "Level": 3,
                        "Name": "HiHiHi"
                    },
                    "Value": {
                        "Unit Of Measure": "%",
                        "Value": 100
                    }
                },
                {
                    "Priority": {
                        "Color": "#ffdd52",
                        "Level": 2,
                        "Name": "HiHi"
                    },
                    "Value": {
                        "Unit Of Measure": "%",
                        "Value": 90
                    }
                }
            ]
        },
        "ID": "0EFA6AA8-5EDC-ECA0-9E33-A5B13DD7116C",
        "Locked": false,
        "MetricReconfigurationMigration": true,
        "Name": "Steam Reduction - Actual Usage vs. Predicted",
        "Scoped To": "0EFA6A0B-7FE7-66E0-85F2-2E82217F4441",
        "Type": "ThresholdMetric",
        "UIConfig": {
            "advancedParametersCollapsed": true,
            "type": "threshold-metric"
        },
        "Unsearchable": false
    },
    "0EFA6AAD-FFB1-7540-BBC1-5B568510B239": {
        "Archived": false,
        "Cache Enabled": true,
        "Cache ID": "0EFA6AAD-FFB3-EC50-9B15-53B249CAFFC8",
        "Capsule ID Property": "start",
        "Capsule Property Units": {
            "Month": ""
        },
        "Data ID": "0EFA6AAD-FFB1-7540-BBC1-5B568510B239",
        "Datasource Class": "Seeq Calculations",
        "Datasource ID": "Seeq Calculations",
        "Enabled": true,
        "Formula": "months(\"US/Central\")",
        "Formula Parameters": {},
        "Formula Version": 31,
        "ID": "0EFA6AAD-FFB1-7540-BBC1-5B568510B239",
        "Locked": false,
        "Maximum Duration": {
            "Unit Of Measure": "d",
            "Value": 32.0
        },
        "Maximum Interpolation": {
            "Unit Of Measure": "s",
            "Value": 2764800.0
        },
        "Name": "Monthly",
        "Scoped To": "0EFA6A0B-7FE7-66E0-85F2-2E82217F4441",
        "Type": "CalculatedCondition",
        "UIConfig": {
            "advancedParametersCollapsed": true,
            "configVersion": 11,
            "customDuration": {
                "units": "h",
                "value": 0
            },
            "customPeriod": {
                "units": "h",
                "value": 0
            },
            "customPeriodDisable": true,
            "duration": "months",
            "frequencies": [],
            "offset": {
                "units": "min",
                "value": 0
            },
            "quarterStart": {
                "day": 1,
                "month": "Month.January"
            },
            "shift": {
                "duration": 8,
                "offset": 8
            },
            "timezone": "US/Central",
            "type": "periodic-condition",
            "weekStart": "Day.Sunday"
        },
        "Unsearchable": false
    },
    "0EFA6AAF-9213-F950-B71A-3B22F8A02B52": {
        "Archived": false,
        "Cache Enabled": false,
        "Data ID": "0EFA6AAF-9213-F950-B71A-3B22F8A02B52",
        "Datasource Class": "Seeq Calculations",
        "Datasource ID": "Seeq Calculations",
        "Enabled": true,
        "Formula": "<ThresholdMetric>",
        "Formula Parameters": {
            "Aggregation Condition": "0efa6aaf-92b2-6460-9d4e-fea8a9847cf6",
            "Aggregation Function": "average()",
            "Bounding Condition": "0EFA6AAD-FFB1-7540-BBC1-5B568510B239",
            "Measured Item": "0EFA6AA6-CE01-6290-AE3E-6DF0128F8372",
            "Metric Neutral Color": "#ffffff",
            "Process Type": "Condition",
            "Thresholds": [
                {
                    "Priority": {
                        "Color": "#ff0000",
                        "Level": 3,
                        "Name": "HiHiHi"
                    },
                    "Value": {
                        "Unit Of Measure": "%",
                        "Value": 100
                    }
                },
                {
                    "Priority": {
                        "Color": "#ffdd52",
                        "Level": 2,
                        "Name": "HiHi"
                    },
                    "Value": {
                        "Unit Of Measure": "%",
                        "Value": 90
                    }
                }
            ]
        },
        "ID": "0EFA6AAF-9213-F950-B71A-3B22F8A02B52",
        "Locked": false,
        "MetricReconfigurationMigration": true,
        "Name": "Monthly Energy Improvements vs. Model",
        "Scoped To": "0EFA6A0B-7FE7-66E0-85F2-2E82217F4441",
        "Type": "ThresholdMetric",
        "UIConfig": {
            "advancedParametersCollapsed": true,
            "type": "threshold-metric"
        },
        "Unsearchable": false
    },
    "190A75D0-DBFA-4970-84E7-3B19C5D37067": {
        "Archived": false,
        "Cache Enabled": false,
        "Cache ID": "C52B6BFC-D2FD-4093-AC19-DA6D1026BDB7",
        "Data ID": "[Tag] EnergyModel_Steam Jet 5.sim.ts.csv",
        "Datasource Class": "Time Series CSV Files",
        "Datasource ID": "trainingData",
        "Enabled": true,
        "ID": "190A75D0-DBFA-4970-84E7-3B19C5D37067",
        "Interpolation Method": "Step",
        "Key Unit Of Measure": "ns",
        "Locked": false,
        "Maximum Interpolation": "3600.0s",
        "Name": "EnergyModel_Steam Jet 5",
        "Source Maximum Interpolation": "3600000000000ns",
        "Source Value Unit Of Measure": "string",
        "Stored Series Cache Version": 1,
        "Sync Token": "2023-02-16T00:00:00.365541947Z",
        "Type": "StoredSignal",
        "Unsearchable": false,
        "Value Unit Of Measure": "string"
    },
    "296D07B4-8DE2-4B84-9411-BBC7D8D4B242": {
        "Archived": false,
        "Cache Enabled": false,
        "Cache ID": "9A309D97-0FFF-4BE1-8809-7EAF2C216B3F",
        "Data ID": "[Tag] EnergyModel_Steam Jet 3.sim.ts.csv",
        "Datasource Class": "Time Series CSV Files",
        "Datasource ID": "trainingData",
        "Enabled": true,
        "ID": "296D07B4-8DE2-4B84-9411-BBC7D8D4B242",
        "Interpolation Method": "Step",
        "Key Unit Of Measure": "ns",
        "Locked": false,
        "Maximum Interpolation": "3600.0s",
        "Name": "EnergyModel_Steam Jet 3",
        "Source Maximum Interpolation": "3600000000000ns",
        "Source Value Unit Of Measure": "string",
        "Stored Series Cache Version": 1,
        "Sync Token": "2023-02-16T00:00:00.365541947Z",
        "Type": "StoredSignal",
        "Unsearchable": false,
        "Value Unit Of Measure": "string"
    },
    "2FA5C76C-C198-4191-93AB-4BE09C332F8D": {
        "Archived": false,
        "Cache Enabled": false,
        "Cache ID": "85A3A57E-416B-42A6-8E28-6DDE4FE7B50E",
        "Data ID": "[Tag] EnergyModel_Steam Jet 1.sim.ts.csv",
        "Datasource Class": "Time Series CSV Files",
        "Datasource ID": "trainingData",
        "Enabled": true,
        "ID": "2FA5C76C-C198-4191-93AB-4BE09C332F8D",
        "Interpolation Method": "Step",
        "Key Unit Of Measure": "ns",
        "Locked": false,
        "Maximum Interpolation": "3600.0s",
        "Name": "EnergyModel_Steam Jet 1",
        "Source Maximum Interpolation": "3600000000000ns",
        "Source Value Unit Of Measure": "string",
        "Stored Series Cache Version": 1,
        "Sync Token": "2023-02-16T00:00:00.365541947Z",
        "Type": "StoredSignal",
        "Unsearchable": false,
        "Value Unit Of Measure": "string"
    },
    "30643FFE-5A7B-487C-A0F8-3B0527D0132C": {
        "Archived": false,
        "Cache Enabled": false,
        "Cache ID": "4913D5A5-1A85-47D3-B094-AEBCCC939948",
        "Data ID": "[Tag] EnergyModel_Steam Valve 2.sim.ts.csv",
        "Datasource Class": "Time Series CSV Files",
        "Datasource ID": "trainingData",
        "Enabled": true,
        "ID": "30643FFE-5A7B-487C-A0F8-3B0527D0132C",
        "Interpolation Method": "Step",
        "Key Unit Of Measure": "ns",
        "Locked": false,
        "Maximum Interpolation": "3600.0s",
        "Name": "EnergyModel_Steam Valve 2",
        "Source Maximum Interpolation": "3600000000000ns",
        "Source Value Unit Of Measure": "string",
        "Stored Series Cache Version": 1,
        "Sync Token": "2023-02-16T00:00:00.365541947Z",
        "Type": "StoredSignal",
        "Unsearchable": false,
        "Value Unit Of Measure": "string"
    },
    "31EF4B0A-CCAB-435D-B556-1831910B9CD8": {
        "Archived": false,
        "Cache Enabled": true,
        "Cache ID": "2D0FAD71-1409-4D16-BFC8-1973306C2EEA",
        "Capsule Property Units": {},
        "Data ID": "31EF4B0A-CCAB-435D-B556-1831910B9CD8",
        "Datasource Class": "Seeq Calculations",
        "Datasource ID": "Seeq Calculations",
        "Enabled": true,
        "Formula": [
            "$ts95.isvalid()",
            ""
        ],
        "Formula Parameters": {
            "ts95": "AA9A8C55-35FC-447E-B815-3AFC6426D807"
        },
        "Formula Version": 31,
        "ID": "31EF4B0A-CCAB-435D-B556-1831910B9CD8",
        "Key Unit Of Measure": "ns",
        "Locked": false,
        "Name": "Sep Start Splice",
        "Scoped To": "651644C7-9F5E-43A1-A482-DCC638BD4FF8",
        "Type": "CalculatedCondition",
        "UIConfig": {
            "advancedParametersCollapsed": true,
            "configVersion": 11,
            "helpShown": true,
            "scopedTo": "651644C7-9F5E-43A1-A482-DCC638BD4FF8",
            "type": "formula"
        },
        "Unsearchable": false
    },
    "32BE317E-010B-4628-993D-52E3EC2F0D01": {
        "Archived": false,
        "Cache Enabled": false,
        "Cache ID": "FC2D267E-A6BA-42D8-A7F5-7757839E7461",
        "Data ID": "[Tag] EnergyModel_Steam Flow 3.sim.ts.csv",
        "Datasource Class": "Time Series CSV Files",
        "Datasource ID": "trainingData",
        "Enabled": true,
        "ID": "32BE317E-010B-4628-993D-52E3EC2F0D01",
        "Interpolation Method": "Linear",
        "Key Unit Of Measure": "ns",
        "Locked": false,
        "Maximum Interpolation": "3600.0s",
        "Name": "EnergyModel_Steam Flow 3",
        "Source Maximum Interpolation": "3600000000000ns",
        "Source Value Unit Of Measure": "",
        "Stored Series Cache Version": 1,
        "Sync Token": "2023-02-16T00:00:00.365541947Z",
        "Type": "StoredSignal",
        "Unsearchable": false,
        "Value Unit Of Measure": ""
    },
    "3F127580-FB51-45D8-A857-6C620B3B9E97": {
        "Archived": false,
        "Asset": "Energy Model June 2",
        "Cache Enabled": false,
        "Cache ID": "83304FC4-CEA4-4C49-BBA8-D3990CEBB4A2",
        "Data ID": "a5f4be77-dbd6-48c8-a014-c16bab086afa-Total Steam 95-SIGNAL",
        "Datasource Class": "Imported CSV Files",
        "Datasource ID": "Imported CSV Files",
        "Description": "column = Total Steam 95; last file imported = Energy Model June.csv",
        "Enabled": true,
        "ID": "3F127580-FB51-45D8-A857-6C620B3B9E97",
        "Interpolation Method": "Linear",
        "Last Key Written": {
            "Unit Of Measure": "ns",
            "Value": 1630468800000000000
        },
        "Locked": false,
        "Maximum Interpolation": "40h",
        "Name": "Total Steam 95",
        "Parent ID": "A5F4BE77-DBD6-48C8-A014-C16BAB086AFA",
        "Path": null,
        "Source Maximum Interpolation": "40h",
        "Source Value Unit Of Measure": "",
        "Storage Location": "FILE_SIGNAL_STORAGE",
        "Stored Series Cache Version": 1,
        "Type": "StoredSignal",
        "Unsearchable": false,
        "Value Unit Of Measure": ""
    },
    "43F52215-635F-4DA9-A755-487A6A2DF77B": {
        "Archived": false,
        "Cache Enabled": false,
        "Cache ID": "9357E67E-4EDA-4239-852D-555423E7AEE5",
        "Data ID": "[Tag] EnergyModel_Steam Jet 2.sim.ts.csv",
        "Datasource Class": "Time Series CSV Files",
        "Datasource ID": "trainingData",
        "Enabled": true,
        "ID": "43F52215-635F-4DA9-A755-487A6A2DF77B",
        "Interpolation Method": "Step",
        "Key Unit Of Measure": "ns",
        "Locked": false,
        "Maximum Interpolation": "3600.0s",
        "Name": "EnergyModel_Steam Jet 2",
        "Source Maximum Interpolation": "3600000000000ns",
        "Source Value Unit Of Measure": "string",
        "Stored Series Cache Version": 1,
        "Sync Token": "2023-02-16T00:00:00.365541947Z",
        "Type": "StoredSignal",
        "Unsearchable": false,
        "Value Unit Of Measure": "string"
    },
    "5BDA7048-0ED0-414E-9A94-D93B03787132": {
        "Archived": false,
        "Cache Enabled": false,
        "Cache ID": "526169A3-C73D-4284-A180-0D5B48EF3FC2",
        "Data ID": "[Tag] EnergyModel_Total Steam.sim.ts.csv",
        "Datasource Class": "Time Series CSV Files",
        "Datasource ID": "trainingData",
        "Enabled": true,
        "ID": "5BDA7048-0ED0-414E-9A94-D93B03787132",
        "Interpolation Method": "Linear",
        "Key Unit Of Measure": "ns",
        "Locked": false,
        "Maximum Interpolation": "3600.0s",
        "Name": "EnergyModel_Total Steam",
        "Source Maximum Interpolation": "3600000000000ns",
        "Source Value Unit Of Measure": "lb/h",
        "Stored Series Cache Version": 1,
        "Sync Token": "2023-02-16T00:00:00.365541947Z",
        "Type": "StoredSignal",
        "Unsearchable": false,
        "Value Unit Of Measure": "lb/h"
    },
    "5F36A83C-00D6-4003-98E5-C2CD57F22B93": {
        "Archived": false,
        "Cache Enabled": false,
        "Cache ID": "7F44FB6F-BAF4-48B7-957B-08FC49D25879",
        "Data ID": "[Tag] EnergyModel_Steam Flow 4.sim.ts.csv",
        "Datasource Class": "Time Series CSV Files",
        "Datasource ID": "trainingData",
        "Enabled": true,
        "ID": "5F36A83C-00D6-4003-98E5-C2CD57F22B93",
        "Interpolation Method": "Linear",
        "Key Unit Of Measure": "ns",
        "Locked": false,
        "Maximum Interpolation": "3600.0s",
        "Name": "EnergyModel_Steam Flow 4",
        "Source Maximum Interpolation": "3600000000000ns",
        "Source Value Unit Of Measure": "",
        "Stored Series Cache Version": 1,
        "Sync Token": "2023-02-16T00:00:00.365541947Z",
        "Type": "StoredSignal",
        "Unsearchable": false,
        "Value Unit Of Measure": ""
    },
    "87C29967-87D4-4595-9A44-8385A3FF80A9": {
        "Archived": false,
        "Cache Enabled": false,
        "Cache ID": "D25A7CC8-235C-410B-A19B-FE18945FA73F",
        "Data ID": "[Tag] EnergyModel_Steam Valve 3.sim.ts.csv",
        "Datasource Class": "Time Series CSV Files",
        "Datasource ID": "trainingData",
        "Enabled": true,
        "ID": "87C29967-87D4-4595-9A44-8385A3FF80A9",
        "Interpolation Method": "Step",
        "Key Unit Of Measure": "ns",
        "Locked": false,
        "Maximum Interpolation": "3600.0s",
        "Name": "EnergyModel_Steam Valve 3",
        "Source Maximum Interpolation": "3600000000000ns",
        "Source Value Unit Of Measure": "string",
        "Stored Series Cache Version": 1,
        "Sync Token": "2023-02-16T00:00:00.365541947Z",
        "Type": "StoredSignal",
        "Unsearchable": false,
        "Value Unit Of Measure": "string"
    },
    "89939F97-79E2-44AD-B66A-36C44FCE0166": {
        "Archived": false,
        "Cache Enabled": false,
        "Cache ID": "174AC87A-D7F6-4606-922F-68CAF648868D",
        "Data ID": "[Tag] EnergyModel_Steam Flow 1.sim.ts.csv",
        "Datasource Class": "Time Series CSV Files",
        "Datasource ID": "trainingData",
        "Enabled": true,
        "ID": "89939F97-79E2-44AD-B66A-36C44FCE0166",
        "Interpolation Method": "Linear",
        "Key Unit Of Measure": "ns",
        "Locked": false,
        "Maximum Interpolation": "3600.0s",
        "Name": "EnergyModel_Steam Flow 1",
        "Source Maximum Interpolation": "3600000000000ns",
        "Source Value Unit Of Measure": "",
        "Stored Series Cache Version": 1,
        "Sync Token": "2023-02-16T00:00:00.365541947Z",
        "Type": "StoredSignal",
        "Unsearchable": false,
        "Value Unit Of Measure": ""
    },
    "905A3390-CCA6-489B-89A3-492EC9F7FF26": {
        "Access Control": [
            {
                "ID": "726694d8-3949-4a40-aa59-e01b172690cd",
                "Identity": {
                    "Datasource Class": "OAuth 2.0",
                    "Datasource ID": "9ecc7e74-4c32-436d-9af0-70d8aa99386b",
                    "Datasource Name": "Seeq Azure SSO",
                    "Email": "Joseph.Reckamp@seeq.com",
                    "First Name": "Joe",
                    "ID": "C9FD5B90-17F3-4CA7-8C37-CD9B7D9B85D2",
                    "Is Admin": true,
                    "Last Name": "Reckamp",
                    "Name": "Joe Reckamp",
                    "Type": "User",
                    "Username": "DEg3Lh5pLS4-lG84EjGXXXdzxhd1450vkLgiu8he2l8"
                },
                "Origin": null,
                "Permissions": {
                    "Manage": true,
                    "Read": true,
                    "Write": true
                },
                "Redacted": false,
                "Role": "OWNER"
            }
        ],
        "Ancestors": [
            "__Users__"
        ],
        "Archived": false,
        "Cache Enabled": false,
        "Created At": "1605736826077625600",
        "Enabled": true,
        "ID": "905A3390-CCA6-489B-89A3-492EC9F7FF26",
        "Locked": false,
        "Name": "Joseph Reckamp",
        "Owner": {
            "Datasource Class": "OAuth 2.0",
            "Datasource ID": "9ecc7e74-4c32-436d-9af0-70d8aa99386b",
            "Datasource Name": "Seeq Azure SSO",
            "Email": "Joseph.Reckamp@seeq.com",
            "First Name": "Joe",
            "ID": "C9FD5B90-17F3-4CA7-8C37-CD9B7D9B85D2",
            "Is Admin": true,
            "Last Name": "Reckamp",
            "Name": "Joe Reckamp",
            "Type": "User",
            "Username": "DEg3Lh5pLS4-lG84EjGXXXdzxhd1450vkLgiu8he2l8"
        },
        "Permission Inheritance Disabled": true,
        "Type": "Folder",
        "Unmodifiable": true,
        "Unsearchable": true,
        "Updated At": "1605736826077625600"
    },
    "AA9A8C55-35FC-447E-B815-3AFC6426D807": {
        "Archived": false,
        "Asset": "Energy Model September",
        "Cache Enabled": false,
        "Cache ID": "DEEF6A4F-2F41-470C-A80E-A61C6D6EC013",
        "Data ID": "64ec0ec9-ce68-478b-8305-1ed2687b99ff-Total Steam 80-SIGNAL",
        "Datasource Class": "Imported CSV Files",
        "Datasource ID": "Imported CSV Files",
        "Description": "column = Total Steam 80; last file imported = Energy Model September.csv",
        "Enabled": true,
        "ID": "AA9A8C55-35FC-447E-B815-3AFC6426D807",
        "Interpolation Method": "Linear",
        "Last Key Written": {
            "Unit Of Measure": "ns",
            "Value": 1644372000000000000
        },
        "Locked": false,
        "Maximum Interpolation": "40h",
        "Name": "Total Steam 80",
        "Parent ID": "64EC0EC9-CE68-478B-8305-1ED2687B99FF",
        "Path": null,
        "Source Maximum Interpolation": "40h",
        "Source Value Unit Of Measure": "",
        "Storage Location": "FILE_SIGNAL_STORAGE",
        "Stored Series Cache Version": 1,
        "Type": "StoredSignal",
        "Unsearchable": false,
        "Value Unit Of Measure": ""
    },
    "ABFE3F44-15ED-4A31-9D0D-D0547B742CEB": {
        "Archived": false,
        "Cache Enabled": true,
        "Cache ID": "E4380FB0-3F36-442F-9A38-556E986FA2BD",
        "Data ID": "ABFE3F44-15ED-4A31-9D0D-D0547B742CEB",
        "Datasource Class": "Seeq Calculations",
        "Datasource ID": "Seeq Calculations",
        "Enabled": true,
        "Formula": [
            "$ets.splice($ts95, $jss).splice($ts80, $sss)",
            ".setcertain().agilefilter(1h)"
        ],
        "Formula Parameters": {
            "ets": "5BDA7048-0ED0-414E-9A94-D93B03787132",
            "jss": "CD4E9A95-4654-4AB2-AE33-6E52923306E6",
            "sss": "31EF4B0A-CCAB-435D-B556-1831910B9CD8",
            "ts80": "AA9A8C55-35FC-447E-B815-3AFC6426D807",
            "ts95": "3F127580-FB51-45D8-A857-6C620B3B9E97"
        },
        "Formula Version": 31,
        "ID": "ABFE3F44-15ED-4A31-9D0D-D0547B742CEB",
        "Interpolation Method": "Linear",
        "Key Unit Of Measure": "ns",
        "Locked": false,
        "Maximum Interpolation": {
            "Unit Of Measure": "s",
            "Value": 3600.0
        },
        "Name": "EnergyModel_Total Steam_Change",
        "Type": "CalculatedSignal",
        "UIConfig": {
            "advancedParametersCollapsed": true,
            "configVersion": 11,
            "helpShown": true,
            "scopedTo": "651644C7-9F5E-43A1-A482-DCC638BD4FF8",
            "type": "formula"
        },
        "Unsearchable": false,
        "Value Unit Of Measure": "lb/h"
    },
    "C7FF3051-E40A-499C-A7FA-0057608DE90D": {
        "Archived": false,
        "Cache Enabled": false,
        "Cache ID": "68D1BD6C-7DCB-4860-827D-33EE2330416D",
        "Data ID": "[Tag] EnergyModel_Steam Flow 2.sim.ts.csv",
        "Datasource Class": "Time Series CSV Files",
        "Datasource ID": "trainingData",
        "Enabled": true,
        "ID": "C7FF3051-E40A-499C-A7FA-0057608DE90D",
        "Interpolation Method": "Linear",
        "Key Unit Of Measure": "ns",
        "Locked": false,
        "Maximum Interpolation": "3600.0s",
        "Name": "EnergyModel_Steam Flow 2",
        "Source Maximum Interpolation": "3600000000000ns",
        "Source Value Unit Of Measure": "",
        "Stored Series Cache Version": 1,
        "Sync Token": "2023-02-16T00:00:00.365541947Z",
        "Type": "StoredSignal",
        "Unsearchable": false,
        "Value Unit Of Measure": ""
    },
    "CD4E9A95-4654-4AB2-AE33-6E52923306E6": {
        "Archived": false,
        "Cache Enabled": true,
        "Cache ID": "C10F6338-BCF3-42DE-8624-0C8ED3B61F9D",
        "Capsule Property Units": {},
        "Data ID": "CD4E9A95-4654-4AB2-AE33-6E52923306E6",
        "Datasource Class": "Seeq Calculations",
        "Datasource ID": "Seeq Calculations",
        "Enabled": true,
        "Formula": [
            "$ts95.isvalid()",
            ""
        ],
        "Formula Parameters": {
            "ts95": "3F127580-FB51-45D8-A857-6C620B3B9E97"
        },
        "Formula Version": 31,
        "ID": "CD4E9A95-4654-4AB2-AE33-6E52923306E6",
        "Key Unit Of Measure": "ns",
        "Locked": false,
        "Name": "June Start Splice",
        "Scoped To": "651644C7-9F5E-43A1-A482-DCC638BD4FF8",
        "Type": "CalculatedCondition",
        "UIConfig": {
            "advancedParametersCollapsed": true,
            "helpShown": true,
            "type": "formula"
        },
        "Unsearchable": false
    },
    "CFBCCB2A-C573-4C1D-8A0D-047676BC9B63": {
        "Archived": false,
        "Cache Enabled": false,
        "Cache ID": "FF6EE4D7-6D4C-4C60-A3E8-9F5F068B810F",
        "Data ID": "[Tag] EnergyModel_Steam Valve 1.sim.ts.csv",
        "Datasource Class": "Time Series CSV Files",
        "Datasource ID": "trainingData",
        "Enabled": true,
        "ID": "CFBCCB2A-C573-4C1D-8A0D-047676BC9B63",
        "Interpolation Method": "Step",
        "Key Unit Of Measure": "ns",
        "Locked": false,
        "Maximum Interpolation": "3600.0s",
        "Name": "EnergyModel_Steam Valve 1",
        "Source Maximum Interpolation": "3600000000000ns",
        "Source Value Unit Of Measure": "string",
        "Stored Series Cache Version": 1,
        "Sync Token": "2023-02-16T00:00:00.365541947Z",
        "Type": "StoredSignal",
        "Unsearchable": false,
        "Value Unit Of Measure": "string"
    },
    "EF8BC923-A5CA-4E1C-BF33-78121E0F7920": {
        "Archived": false,
        "Cache Enabled": false,
        "Cache ID": "D64C5A8C-01A3-4721-A999-39CDEE63F074",
        "Data ID": "[Tag] EnergyModel_Ambient Temp.sim.ts.csv",
        "Datasource Class": "Time Series CSV Files",
        "Datasource ID": "trainingData",
        "Enabled": true,
        "ID": "EF8BC923-A5CA-4E1C-BF33-78121E0F7920",
        "Interpolation Method": "Linear",
        "Key Unit Of Measure": "ns",
        "Locked": false,
        "Maximum Interpolation": "3600.0s",
        "Name": "EnergyModel_Ambient Temp",
        "Source Maximum Interpolation": "3600000000000ns",
        "Source Value Unit Of Measure": "",
        "Stored Series Cache Version": 1,
        "Sync Token": "2023-02-16T00:00:00.365541947Z",
        "Type": "StoredSignal",
        "Unsearchable": false,
        "Value Unit Of Measure": ""
    },
    "F2F3F57A-FB11-43B4-9B7E-393B1669DBB1": {
        "Archived": false,
        "Cache Enabled": false,
        "Cache ID": "C79D16CF-3B5F-40FF-BAD6-A5D6E3E29A85",
        "Data ID": "[Tag] EnergyModel_Steam Jet 4.sim.ts.csv",
        "Datasource Class": "Time Series CSV Files",
        "Datasource ID": "trainingData",
        "Enabled": true,
        "ID": "F2F3F57A-FB11-43B4-9B7E-393B1669DBB1",
        "Interpolation Method": "Step",
        "Key Unit Of Measure": "ns",
        "Locked": false,
        "Maximum Interpolation": "3600.0s",
        "Name": "EnergyModel_Steam Jet 4",
        "Source Maximum Interpolation": "3600000000000ns",
        "Source Value Unit Of Measure": "string",
        "Stored Series Cache Version": 1,
        "Sync Token": "2023-02-16T00:00:00.365541947Z",
        "Type": "StoredSignal",
        "Unsearchable": false,
        "Value Unit Of Measure": "string"
    }
}