{
    "Definition": {
        "Archived": false,
        "Cache Enabled": false,
        "Created At": "1732043952585710493",
        "Description": "Allnex reduced greenhouse gas emissions equivalent to 1,095 passenger vehicles driven for one year by using energy modeling in Seeq to inform continuous improvement efforts. Learn more here ! Challenge : Reduce energy usage at a system level (reactor, line, building) using an overall energy consumption metric (steam header) and",
        "Document": "<h1 style=\"text-align:center;\"><strong>Energy Modeling</strong></h1><figure class=\"table\"><table class=\"ck-table-resized\" style=\"border-color:hsl(0, 0%, 100%);border-style:solid;\"><colgroup><col style=\"width:29.44%;\" /><col style=\"width:70.56%;\" /></colgroup><tbody><tr><td style=\"border-color:hsl(0, 0%, 100%);border-style:solid;\"><img src=\"/api/annotations/0EFA6AB2-896E-71D0-84D7-4EB6ACAF32C0/images/image_v1.png\"></td><td style=\"border-color:hsl(0, 0%, 100%);border-style:solid;vertical-align:top;\"><h4><i>Allnex <strong>reduced greenhouse gas emissions</strong> equivalent to <strong>1,095 passenger vehicles driven for one year </strong>by using energy modeling in Seeq to inform continuous improvement efforts. Learn more </i><a target=\"_blank\" href=\"https://engage.seeq.com/advanced-analytics-for-chemicals/home/allnex-energy-modeling-through-advanced-operational-analytics\" rel=\"nofollow noopener noreferrer\"><i>here</i></a><i>!</i></h4></td></tr></tbody></table></figure><p><strong>Challenge</strong>: Reduce energy usage at a system level (reactor, line, building) using an overall energy consumption metric (steam header) and all the outputs that impact the overall metric (downstream valves, flow rates, ambient temperature, etc.)</p><h4><a href=\"/links?type&#61;workstep&amp;workbook&#61;0EFA6A0B-7FE7-66E0-85F2-2E82217F4441&amp;worksheet&#61;0EFA6AB2-8929-EC10-B8EA-06832C32CB1C&amp;workstep&#61;0EFA6AB2-8969-73B0-B868-6007B07DC8AB\" rel=\"nofollow noopener noreferrer\">15% Energy Reduction</a></h4><h3><strong>Solution</strong></h3><p><strong>Access raw data</strong>, bringing in <a href=\"/links?type&#61;workstep&amp;workbook&#61;0EFA6A0B-7FE7-66E0-85F2-2E82217F4441&amp;worksheet&#61;0EFA6AB2-8929-EC10-B8EA-06832C32CB1C&amp;workstep&#61;0EFA6AB2-895D-6060-BDD9-F3D773D68596\" rel=\"nofollow noopener noreferrer\">total steam and all tags impacting it</a>. <i>(<strong>Do it! </strong>search for &#39;EnergyModel&#39; in the data tab to find some of the tags used in this analysis)</i></p><p><strong>Cleanse the data</strong>, <a href=\"/links?type&#61;workstep&amp;workbook&#61;0EFA6A0B-7FE7-66E0-85F2-2E82217F4441&amp;worksheet&#61;0EFA6AB2-8929-EC10-B8EA-06832C32CB1C&amp;workstep&#61;0EFA6AB2-895F-7770-9EA6-ACE8549D094D\" rel=\"nofollow noopener noreferrer\">converting string tags to numeric</a>, so they can be used in a regression model.\u00a0</p><ul><li>Use the Formula Tool and the splice() function to splice in 0 or 1 when the valves are open or closed.\u00a0</li></ul><p><strong>Identify uptime</strong>, <a href=\"/links?type&#61;workstep&amp;workbook&#61;0EFA6A0B-7FE7-66E0-85F2-2E82217F4441&amp;worksheet&#61;0EFA6AB2-8929-EC10-B8EA-06832C32CB1C&amp;workstep&#61;0EFA6AB2-8961-EE80-8A30-61C197F3D4C1\" rel=\"nofollow noopener noreferrer\">total steam greater than zero</a>. <i>(<strong>Do it!</strong> Use Value Search to find when &#39;Total Steam&#39; is greater than zero, ignore capsules shorter than 1 day)</i></p><p><strong>Create an energy model</strong> of <a href=\"/links?type&#61;workstep&amp;workbook&#61;0EFA6A0B-7FE7-66E0-85F2-2E82217F4441&amp;worksheet&#61;0EFA6AB2-8929-EC10-B8EA-06832C32CB1C&amp;workstep&#61;0EFA6AB2-8964-7590-81B6-04DD7388EA6C\" rel=\"nofollow noopener noreferrer\">total predicted steam</a>.\u00a0</p><ul><li>Use the Prediction Tool to model Total Steam, input all the rest of the signals as &#39;Input Signals&#39;</li><li>Use the Uptime condition to limit the training window to only when there is steam flow</li><li>Note that regression requires a certain number of variable changes based on the model inputs. If you receive the error, <i>The number of target samples is not sufficient to conduct a regression,&#39;\u00a0</i> it is likely due having many flat signals (likely the 0 or 1 signals) that do not change frequently enough to complete the regression matrix (linear algebra related). Some ways to fix 1) change the training window 2) remove 0 or 1 signals that are not required.</li></ul><p><strong>Validate the model</strong> using a <a href=\"/links?type&#61;workstep&amp;workbook&#61;0EFA6A0B-7FE7-66E0-85F2-2E82217F4441&amp;worksheet&#61;0EFA6AB2-8929-EC10-B8EA-06832C32CB1C&amp;workstep&#61;0EFA6AB2-8966-ECA0-BBA3-700BC5FE28E5\" rel=\"nofollow noopener noreferrer\">scatterplot over the training window</a>. Trendline: y &#61; 1.11x-1216 (r^2 &#61; 0.900)</p><ul><li>Navigate to the Scatterplot view and color by the Training Window condition. To create a Training Window Condition, use the Manual Condition Tool and select the time range used to create the Prediction model.\u00a0</li><li>To create a Trendline, use the f(x) button in the toolbar and select &#39;New Prediction&#39;. Model the Total Steam vs. the Energy Model - Total Steam.</li></ul><p>Use the regression coefficients to <strong>inform continuous improvement efforts. </strong>Then,<strong> measure the impact</strong>. <a href=\"/links?type&#61;workstep&amp;workbook&#61;0EFA6A0B-7FE7-66E0-85F2-2E82217F4441&amp;worksheet&#61;0EFA6AB2-8929-EC10-B8EA-06832C32CB1C&amp;workstep&#61;0EFA6AB2-8969-73B0-B868-6007B07DC8AB\" rel=\"nofollow noopener noreferrer\">Trend of Energy Improvements</a> OR <a href=\"/links?type&#61;workstep&amp;workbook&#61;0EFA6A0B-7FE7-66E0-85F2-2E82217F4441&amp;worksheet&#61;0EFA6AB2-8929-EC10-B8EA-06832C32CB1C&amp;workstep&#61;0EFA6AB2-896E-71D0-94A7-D7E801A31D64\" rel=\"nofollow noopener noreferrer\">Table of Monthly Improvements\u00a0</a></p><ul><li>Identify where the coefficients indicate that equipment is not working as designed or expected. Flow rates should have a coefficient of 1 (as the flow rate of steam from a valve increases by 1, so should the total steam flow rate). Identify where on/off valves are not operating at design flow rate.\u00a0</li></ul><figure class=\"image\"><img src=\"/api/annotations/0EFA6AB2-896E-71D0-84D7-4EB6ACAF32C0/images/image_v2.png\"></figure><ul><li>To quantify monthly improvements, calculate predicted steam usage and actual steam usage and find the difference between the two. Then, create a Monthly condition and sue scorecard metric to find the average difference for the month. Trend of monthly improvements</li><li>Summarize in a monthly improvements condition table.</li></ul>",
        "DocumentBackup\u02c9DEg3Lh5pLS4-lG84EjGXXXdzxhd1450vkLgiu8he2l8\u02c92024-11-19T19:19:00Z": "<h1 style=\"text-align:center;\"><strong>Energy Modeling</strong></h1>\n<figure class=\"table\">\n <table class=\"ck-table-resized\" style=\"border-color:hsl(0, 0%, 100%);border-style:solid;\"><colgroup><col style=\"width:29.44%;\" /><col style=\"width:70.56%;\" /></colgroup><tbody><tr><td style=\"border-color:hsl(0, 0%, 100%);border-style:solid;\"><img src=\"/api/annotations/0EFA6AB2-896E-71D0-84D7-4EB6ACAF32C0/images/image_v1.png\"></td><td style=\"border-color:hsl(0, 0%, 100%);border-style:solid;vertical-align:top;\">\n     <h4><i>Allnex <strong>reduced greenhouse gas emissions</strong> equivalent to <strong>1,095 passenger vehicles driven for one year </strong>by using energy modeling in Seeq to inform continuous improvement efforts. Learn more </i><a target=\"_blank\" href=\"https://engage.seeq.com/advanced-analytics-for-chemicals/home/allnex-energy-modeling-through-advanced-operational-analytics\" rel=\"nofollow noopener noreferrer\"><i>here</i></a><i>!</i></h4></td></tr></tbody></table>\n</figure>\n<h4><a href=\"/links?type&#61;workstep&amp;workbook&#61;0EFA6A0B-7FE7-66E0-85F2-2E82217F4441&amp;worksheet&#61;0EFA6AB2-8929-EC10-B8EA-06832C32CB1C&amp;workstep&#61;0EFA6AB2-8969-73B0-B868-6007B07DC8AB\" rel=\"nofollow noopener noreferrer\">15% Energy Reduction</a></h4>\n<h3><strong>Solution</strong></h3>\n<p><strong>Access raw data</strong>, bringing in <a href=\"/links?type&#61;workstep&amp;workbook&#61;0EFA6A0B-7FE7-66E0-85F2-2E82217F4441&amp;worksheet&#61;0EFA6AB2-8929-EC10-B8EA-06832C32CB1C&amp;workstep&#61;0EFA6AB2-895D-6060-BDD9-F3D773D68596\" rel=\"nofollow noopener noreferrer\">total steam and all tags impacting it</a>. <i>(<strong>Do it! </strong>search for &#39;EnergyModel&#39; in the data tab to find some of the tags used in this analysis)</i></p>\n<p><strong>Cleanse the data</strong>, <a href=\"/links?type&#61;workstep&amp;workbook&#61;0EFA6A0B-7FE7-66E0-85F2-2E82217F4441&amp;worksheet&#61;0EFA6AB2-8929-EC10-B8EA-06832C32CB1C&amp;workstep&#61;0EFA6AB2-895F-7770-9EA6-ACE8549D094D\" rel=\"nofollow noopener noreferrer\">converting string tags to numeric</a>, so they can be used in a regression model.\u00a0</p>\n<p><strong>Identify uptime</strong>, <a href=\"/links?type&#61;workstep&amp;workbook&#61;0EFA6A0B-7FE7-66E0-85F2-2E82217F4441&amp;worksheet&#61;0EFA6AB2-8929-EC10-B8EA-06832C32CB1C&amp;workstep&#61;0EFA6AB2-8961-EE80-8A30-61C197F3D4C1\" rel=\"nofollow noopener noreferrer\">total steam greater than zero</a>. <i>(<strong>Do it!</strong> Use Value Search to find when &#39;Total Steam&#39; is greater than zero, ignore capsules shorter than 1 day)</i></p>\n<p><strong>Create an energy model</strong> of <a href=\"/links?type&#61;workstep&amp;workbook&#61;0EFA6A0B-7FE7-66E0-85F2-2E82217F4441&amp;worksheet&#61;0EFA6AB2-8929-EC10-B8EA-06832C32CB1C&amp;workstep&#61;0EFA6AB2-8964-7590-81B6-04DD7388EA6C\" rel=\"nofollow noopener noreferrer\">total predicted steam</a>.\u00a0</p>\n<p><strong>Validate the model</strong> using a <a href=\"/links?type&#61;workstep&amp;workbook&#61;0EFA6A0B-7FE7-66E0-85F2-2E82217F4441&amp;worksheet&#61;0EFA6AB2-8929-EC10-B8EA-06832C32CB1C&amp;workstep&#61;0EFA6AB2-8966-ECA0-BBA3-700BC5FE28E5\" rel=\"nofollow noopener noreferrer\">scatterplot over the training window</a>. Trendline: y &#61; 1.11x-1216 (r^2 &#61; 0.900)</p>\n<p>Use the regression coefficients to <strong>inform continuous improvement efforts. </strong>Then,<strong> measure the impact</strong>. <a href=\"/links?type&#61;workstep&amp;workbook&#61;0EFA6A0B-7FE7-66E0-85F2-2E82217F4441&amp;worksheet&#61;0EFA6AB2-8929-EC10-B8EA-06832C32CB1C&amp;workstep&#61;0EFA6AB2-8969-73B0-B868-6007B07DC8AB\" rel=\"nofollow noopener noreferrer\">Trend of Energy Improvements</a> OR <a href=\"/links?type&#61;workstep&amp;workbook&#61;0EFA6A0B-7FE7-66E0-85F2-2E82217F4441&amp;worksheet&#61;0EFA6AB2-8929-EC10-B8EA-06832C32CB1C&amp;workstep&#61;0EFA6AB2-896E-71D0-94A7-D7E801A31D64\" rel=\"nofollow noopener noreferrer\">Table of Monthly Improvements\u00a0</a></p>",
        "DocumentBackup\u02c9DEg3Lh5pLS4-lG84EjGXXXdzxhd1450vkLgiu8he2l8\u02c92024-11-19T19:20:00Z": "<h1 style=\"text-align:center;\"><strong>Energy Modeling</strong></h1><figure class=\"table\"><table class=\"ck-table-resized\" style=\"border-color:hsl(0, 0%, 100%);border-style:solid;\"><colgroup><col style=\"width:29.44%;\" /><col style=\"width:70.56%;\" /></colgroup><tbody><tr><td style=\"border-color:hsl(0, 0%, 100%);border-style:solid;\"><img src=\"/api/annotations/0EFA6AB2-896E-71D0-84D7-4EB6ACAF32C0/images/image_v1.png\"></td><td style=\"border-color:hsl(0, 0%, 100%);border-style:solid;vertical-align:top;\"><h4><i>Allnex <strong>reduced greenhouse gas emissions</strong> equivalent to <strong>1,095 passenger vehicles driven for one year </strong>by using energy modeling in Seeq to inform continuous improvement efforts. Learn more </i><a target=\"_blank\" href=\"https://engage.seeq.com/advanced-analytics-for-chemicals/home/allnex-energy-modeling-through-advanced-operational-analytics\" rel=\"nofollow noopener noreferrer\"><i>here</i></a><i>!</i></h4></td></tr></tbody></table></figure><p><strong>Challenge</strong>: Reduce energy usage at a system level (reactor, line, building) using an overall energy consumption metric (steam header) and all the outputs that impact the overall metric (downstream valves, flow rates, ambient temperature, etc.)</p><h4><a href=\"/links?type&#61;workstep&amp;workbook&#61;0EFA6A0B-7FE7-66E0-85F2-2E82217F4441&amp;worksheet&#61;0EFA6AB2-8929-EC10-B8EA-06832C32CB1C&amp;workstep&#61;0EFA6AB2-8969-73B0-B868-6007B07DC8AB\" rel=\"nofollow noopener noreferrer\">15% Energy Reduction</a></h4><h3><strong>Solution</strong></h3><p><strong>Access raw data</strong>, bringing in <a href=\"/links?type&#61;workstep&amp;workbook&#61;0EFA6A0B-7FE7-66E0-85F2-2E82217F4441&amp;worksheet&#61;0EFA6AB2-8929-EC10-B8EA-06832C32CB1C&amp;workstep&#61;0EFA6AB2-895D-6060-BDD9-F3D773D68596\" rel=\"nofollow noopener noreferrer\">total steam and all tags impacting it</a>. <i>(<strong>Do it! </strong>search for &#39;EnergyModel&#39; in the data tab to find some of the tags used in this analysis)</i></p><p><strong>Cleanse the data</strong>, <a href=\"/links?type&#61;workstep&amp;workbook&#61;0EFA6A0B-7FE7-66E0-85F2-2E82217F4441&amp;worksheet&#61;0EFA6AB2-8929-EC10-B8EA-06832C32CB1C&amp;workstep&#61;0EFA6AB2-895F-7770-9EA6-ACE8549D094D\" rel=\"nofollow noopener noreferrer\">converting string tags to numeric</a>, so they can be used in a regression model.\u00a0</p><ul><li>Use the Formula Tool and the splice() function to splice in 0 or 1 when the valves are open or closed.\u00a0</li></ul><p><strong>Identify uptime</strong>, <a href=\"/links?type&#61;workstep&amp;workbook&#61;0EFA6A0B-7FE7-66E0-85F2-2E82217F4441&amp;worksheet&#61;0EFA6AB2-8929-EC10-B8EA-06832C32CB1C&amp;workstep&#61;0EFA6AB2-8961-EE80-8A30-61C197F3D4C1\" rel=\"nofollow noopener noreferrer\">total steam greater than zero</a>. <i>(<strong>Do it!</strong> Use Value Search to find when &#39;Total Steam&#39; is greater than zero, ignore capsules shorter than 1 day)</i></p><p><strong>Create an energy model</strong> of <a href=\"/links?type&#61;workstep&amp;workbook&#61;0EFA6A0B-7FE7-66E0-85F2-2E82217F4441&amp;worksheet&#61;0EFA6AB2-8929-EC10-B8EA-06832C32CB1C&amp;workstep&#61;0EFA6AB2-8964-7590-81B6-04DD7388EA6C\" rel=\"nofollow noopener noreferrer\">total predicted steam</a>.\u00a0</p><ul><li>Use the Prediction Tool to model Total Steam, input all the rest of the signals as &#39;Input Signals&#39;</li><li>Use the Uptime condition to limit the training window to only when there is steam flow</li><li>Note that regression requires a certain number of variable changes based on the model inputs. If you receive the error, <i>The number of target samples is not sufficient to conduct a regression,&#39;\u00a0</i> it is likely due having many flat signals (likely the 0 or 1 signals) that do not change frequently enough to complete the regression matrix (linear algebra related). Some ways to fix 1) change the training window 2) remove 0 or 1 signals that are not required.</li></ul><p><strong>Validate the model</strong> using a <a href=\"/links?type&#61;workstep&amp;workbook&#61;0EFA6A0B-7FE7-66E0-85F2-2E82217F4441&amp;worksheet&#61;0EFA6AB2-8929-EC10-B8EA-06832C32CB1C&amp;workstep&#61;0EFA6AB2-8966-ECA0-BBA3-700BC5FE28E5\" rel=\"nofollow noopener noreferrer\">scatterplot over the training window</a>. Trendline: y &#61; 1.11x-1216 (r^2 &#61; 0.900)</p><p>Use the regression coefficients to <strong>inform continuous improvement efforts. </strong>Then,<strong> measure the impact</strong>. <a href=\"/links?type&#61;workstep&amp;workbook&#61;0EFA6A0B-7FE7-66E0-85F2-2E82217F4441&amp;worksheet&#61;0EFA6AB2-8929-EC10-B8EA-06832C32CB1C&amp;workstep&#61;0EFA6AB2-8969-73B0-B868-6007B07DC8AB\" rel=\"nofollow noopener noreferrer\">Trend of Energy Improvements</a> OR <a href=\"/links?type&#61;workstep&amp;workbook&#61;0EFA6A0B-7FE7-66E0-85F2-2E82217F4441&amp;worksheet&#61;0EFA6AB2-8929-EC10-B8EA-06832C32CB1C&amp;workstep&#61;0EFA6AB2-896E-71D0-94A7-D7E801A31D64\" rel=\"nofollow noopener noreferrer\">Table of Monthly Improvements\u00a0</a></p>",
        "DocumentBackup\u02c9system\u02c92024-11-19T19:19:00Z": "<h1 style=\"text-align:center;\"><strong>Energy Modeling</strong></h1><figure class=\"table\"><table class=\"ck-table-resized\" style=\"border-color:hsl(0, 0%, 100%);border-style:solid;\"><colgroup><col style=\"width:29.44%;\" /><col style=\"width:70.56%;\" /></colgroup><tbody><tr><td style=\"border-color:hsl(0, 0%, 100%);border-style:solid;\"><img src=\"/api/annotations/0EFA6AB2-896E-71D0-84D7-4EB6ACAF32C0/images/image_v1.png\"></td><td style=\"border-color:hsl(0, 0%, 100%);border-style:solid;vertical-align:top;\"><h4><i>Allnex <strong>reduced greenhouse gas emissions</strong> equivalent to <strong>1,095 passenger vehicles driven for one year </strong>by using energy modeling in Seeq to inform continuous improvement efforts. Learn more </i><a target=\"_blank\" href=\"https://engage.seeq.com/advanced-analytics-for-chemicals/home/allnex-energy-modeling-through-advanced-operational-analytics\" rel=\"nofollow noopener noreferrer\"><i>here</i></a><i>!</i></h4></td></tr></tbody></table></figure><h4><a href=\"/links?type&#61;workstep&amp;workbook&#61;0EFA6A0B-7FE7-66E0-85F2-2E82217F4441&amp;worksheet&#61;0EFA6A0B-84BD-7390-B338-59108E854762&amp;workstep&#61;0EFA6AAC-1C79-FB70-84CF-DC1CF928DB00\" rel=\"nofollow noopener noreferrer\">15% Energy Reduction</a></h4><h3><strong>Solution</strong></h3><p><strong>Access raw data</strong>, bringing in <a href=\"/links?type&#61;workstep&amp;workbook&#61;0EFA6A0B-7FE7-66E0-85F2-2E82217F4441&amp;worksheet&#61;0EFA6A0B-84BD-7390-B338-59108E854762&amp;workstep&#61;0EFA6A1F-6A35-7720-8673-32BB2BCB1AFB\" rel=\"nofollow noopener noreferrer\">total steam and all tags impacting it</a>. <i>(<strong>Do it! </strong>search for &#39;EnergyModel&#39; in the data tab to find some of the tags used in this analysis)</i></p><p><strong>Cleanse the data</strong>, <a href=\"/links?type&#61;workstep&amp;workbook&#61;0EFA6A0B-7FE7-66E0-85F2-2E82217F4441&amp;worksheet&#61;0EFA6A0B-84BD-7390-B338-59108E854762&amp;workstep&#61;0EFA6A6F-6AE1-7340-9436-D2508C85DDDB\" rel=\"nofollow noopener noreferrer\">converting string tags to numeric</a>, so they can be used in a regression model.\u00a0</p><p><strong>Identify uptime</strong>, <a href=\"/links?type&#61;workstep&amp;workbook&#61;0EFA6A0B-7FE7-66E0-85F2-2E82217F4441&amp;worksheet&#61;0EFA6A0B-84BD-7390-B338-59108E854762&amp;workstep&#61;0EFA6A74-266B-6030-B7AC-DAEA90EB596F\" rel=\"nofollow noopener noreferrer\">total steam greater than zero</a>. <i>(<strong>Do it!</strong> Use Value Search to find when &#39;Total Steam&#39; is greater than zero, ignore capsules shorter than 1 day)</i></p><p><strong>Create an energy model</strong> of <a href=\"/links?type&#61;workstep&amp;workbook&#61;0EFA6A0B-7FE7-66E0-85F2-2E82217F4441&amp;worksheet&#61;0EFA6A0B-84BD-7390-B338-59108E854762&amp;workstep&#61;0EFA6A7E-3A49-ECA0-9AAF-6B5DDAE3D0E7\" rel=\"nofollow noopener noreferrer\">total predicted steam</a>.\u00a0</p><p><strong>Validate the model</strong> using a <a href=\"/links?type&#61;workstep&amp;workbook&#61;0EFA6A0B-7FE7-66E0-85F2-2E82217F4441&amp;worksheet&#61;0EFA6A0B-84BD-7390-B338-59108E854762&amp;workstep&#61;0EFA6A86-D031-75D0-B47C-487A8ED0F484\" rel=\"nofollow noopener noreferrer\">scatterplot over the training window</a>. Trendline: y &#61; 1.11x-1216 (r^2 &#61; 0.900)</p><p>Use the regression coefficients to <strong>inform continuous improvement efforts. </strong>Then,<strong> measure the impact</strong>. <a href=\"/links?type&#61;workstep&amp;workbook&#61;0EFA6A0B-7FE7-66E0-85F2-2E82217F4441&amp;worksheet&#61;0EFA6A0B-84BD-7390-B338-59108E854762&amp;workstep&#61;0EFA6AAC-1C79-FB70-84CF-DC1CF928DB00\" rel=\"nofollow noopener noreferrer\">Trend of Energy Improvements</a> OR <a href=\"/links?type&#61;workstep&amp;workbook&#61;0EFA6A0B-7FE7-66E0-85F2-2E82217F4441&amp;worksheet&#61;0EFA6A0B-84BD-7390-B338-59108E854762&amp;workstep&#61;0EFA6AB1-535F-71D0-9FCB-2099B92A3C94\" rel=\"nofollow noopener noreferrer\">Table of Monthly Improvements\u00a0</a></p>",
        "Enabled": true,
        "ID": "0EFA6AB2-896E-71D0-84D7-4EB6ACAF32C0",
        "Is CK Enabled": true,
        "Locked": false,
        "Name": "Energy Modeling",
        "Plain Text Document": "Energy ModelingAllnex reduced greenhouse gas emissions equivalent to 1,095 passenger vehicles driven for one year by using energy modeling in Seeq to inform continuous improvement efforts. Learn more here!Challenge: Reduce energy usage at a system level (reactor, line, building) using an overall energy consumption metric (steam header) and all the outputs that impact the overall metric (downstream valves, flow rates, ambient temperature, etc.)15% Energy ReductionSolutionAccess raw data, bringing in total steam and all tags impacting it. (Do it! search for &#39;EnergyModel&#39; in the data tab to find some of the tags used in this analysis)Cleanse the data, converting string tags to numeric, so they can be used in a regression model.\u00a0Use the Formula Tool and the splice() function to splice in 0 or 1 when the valves are open or closed.\u00a0Identify uptime, total steam greater than zero. (Do it! Use Value Search to find when &#39;Total Steam&#39; is greater than zero, ignore capsules shorter than 1 day)Create an energy model of total predicted steam.\u00a0Use the Prediction Tool to model Total Steam, input all the rest of the signals as &#39;Input Signals&#39;Use the Uptime condition to limit the training window to only when there is steam flowNote that regression requires a certain number of variable changes based on the model inputs. If you receive the error, The number of target samples is not sufficient to conduct a regression,&#39;\u00a0 it is likely due having many flat signals (likely the 0 or 1 signals) that do not change frequently enough to complete the regression matrix (linear algebra related). Some ways to fix 1) change the training window 2) remove 0 or 1 signals that are not required.Validate the model using a scatterplot over the training window. Trendline: y &#61; 1.11x-1216 (r^2 &#61; 0.900)Navigate to the Scatterplot view and color by the Training Window condition. To create a Training Window Condition, use the Manual Condition Tool and select the time range used to create the Prediction model.\u00a0To create a Trendline, use the f(x) button in the toolbar and select &#39;New Prediction&#39;. Model the Total Steam vs. the Energy Model - Total Steam.Use the regression coefficients to inform continuous improvement efforts. Then, measure the impact. Trend of Energy Improvements OR Table of Monthly Improvements\u00a0Identify where the coefficients indicate that equipment is not working as designed or expected. Flow rates should have a coefficient of 1 (as the flow rate of steam from a valve increases by 1, so should the total steam flow rate). Identify where on/off valves are not operating at design flow rate.\u00a0To quantify monthly improvements, calculate predicted steam usage and actual steam usage and find the difference between the two. Then, create a Monthly condition and sue scorecard metric to find the average difference for the month. Trend of monthly improvementsSummarize in a monthly improvements condition table.",
        "Type": "Journal",
        "Unsearchable": false,
        "Updated At": "1732044024601021580"
    }
}