{
    "Definition": {
        "Archived": false,
        "Cache Enabled": false,
        "Created At": "1732039472070698398",
        "Description": "Allnex reduced greenhouse gas emissions equivalent to 1,095 passenger vehicles driven for one year by using energy modeling in Seeq to inform continuous improvement efforts. Learn more here ! 15% Energy Reduction Solution Access raw data , bringing in total steam and all tags impacting it . ( Do it!",
        "Document": "<h1 style=\"text-align:center;\"><strong>Energy Modeling</strong></h1><figure class=\"table\"><table class=\"ck-table-resized\" style=\"border-color:hsl(0, 0%, 100%);border-style:solid;\"><colgroup><col style=\"width:29.44%;\" /><col style=\"width:70.56%;\" /></colgroup><tbody><tr><td style=\"border-color:hsl(0, 0%, 100%);border-style:solid;\"><img src=\"/api/annotations/0EFA6A0B-98A6-EE10-A1D0-F359C9092E1C/images/image_v1.png\"></td><td style=\"border-color:hsl(0, 0%, 100%);border-style:solid;vertical-align:top;\"><h4><i>Allnex <strong>reduced greenhouse gas emissions</strong> equivalent to <strong>1,095 passenger vehicles driven for one year </strong>by using energy modeling in Seeq to inform continuous improvement efforts. Learn more </i><a target=\"_blank\" href=\"https://engage.seeq.com/advanced-analytics-for-chemicals/home/allnex-energy-modeling-through-advanced-operational-analytics\" rel=\"nofollow noopener noreferrer\"><i>here</i></a><i>!</i></h4></td></tr></tbody></table></figure><h4><a href=\"/links?type&#61;workstep&amp;workbook&#61;0EFA6A0B-7FE7-66E0-85F2-2E82217F4441&amp;worksheet&#61;0EFA6A0B-84BD-7390-B338-59108E854762&amp;workstep&#61;0EFA6AAC-1C79-FB70-84CF-DC1CF928DB00\" rel=\"nofollow noopener noreferrer\">15% Energy Reduction</a></h4><h3><strong>Solution</strong></h3><p><strong>Access raw data</strong>, bringing in <a href=\"/links?type&#61;workstep&amp;workbook&#61;0EFA6A0B-7FE7-66E0-85F2-2E82217F4441&amp;worksheet&#61;0EFA6A0B-84BD-7390-B338-59108E854762&amp;workstep&#61;0EFA6A1F-6A35-7720-8673-32BB2BCB1AFB\" rel=\"nofollow noopener noreferrer\">total steam and all tags impacting it</a>. <i>(<strong>Do it! </strong>search for &#39;EnergyModel&#39; in the data tab to find some of the tags used in this analysis)</i></p><p><strong>Cleanse the data</strong>, <a href=\"/links?type&#61;workstep&amp;workbook&#61;0EFA6A0B-7FE7-66E0-85F2-2E82217F4441&amp;worksheet&#61;0EFA6A0B-84BD-7390-B338-59108E854762&amp;workstep&#61;0EFA6A6F-6AE1-7340-9436-D2508C85DDDB\" rel=\"nofollow noopener noreferrer\">converting string tags to numeric</a>, so they can be used in a regression model.\u00a0</p><p><strong>Identify uptime</strong>, <a href=\"/links?type&#61;workstep&amp;workbook&#61;0EFA6A0B-7FE7-66E0-85F2-2E82217F4441&amp;worksheet&#61;0EFA6A0B-84BD-7390-B338-59108E854762&amp;workstep&#61;0EFA6A74-266B-6030-B7AC-DAEA90EB596F\" rel=\"nofollow noopener noreferrer\">total steam greater than zero</a>. <i>(<strong>Do it!</strong> Use Value Search to find when &#39;Total Steam&#39; is greater than zero, ignore capsules shorter than 1 day)</i></p><p><strong>Create an energy model</strong> of <a href=\"/links?type&#61;workstep&amp;workbook&#61;0EFA6A0B-7FE7-66E0-85F2-2E82217F4441&amp;worksheet&#61;0EFA6A0B-84BD-7390-B338-59108E854762&amp;workstep&#61;0EFA6A7E-3A49-ECA0-9AAF-6B5DDAE3D0E7\" rel=\"nofollow noopener noreferrer\">total predicted steam</a>.\u00a0</p><p><strong>Validate the model</strong> using a <a href=\"/links?type&#61;workstep&amp;workbook&#61;0EFA6A0B-7FE7-66E0-85F2-2E82217F4441&amp;worksheet&#61;0EFA6A0B-84BD-7390-B338-59108E854762&amp;workstep&#61;0EFA6A86-D031-75D0-B47C-487A8ED0F484\" rel=\"nofollow noopener noreferrer\">scatterplot over the training window</a>. Trendline: y &#61; 1.11x-1216 (r^2 &#61; 0.900)</p><p>Use the regression coefficients to <strong>inform continuous improvement efforts. </strong>Then,<strong> measure the impact</strong>. <a href=\"/links?type&#61;workstep&amp;workbook&#61;0EFA6A0B-7FE7-66E0-85F2-2E82217F4441&amp;worksheet&#61;0EFA6A0B-84BD-7390-B338-59108E854762&amp;workstep&#61;0EFA6AAC-1C79-FB70-84CF-DC1CF928DB00\" rel=\"nofollow noopener noreferrer\">Trend of Energy Improvements</a> OR <a href=\"/links?type&#61;workstep&amp;workbook&#61;0EFA6A0B-7FE7-66E0-85F2-2E82217F4441&amp;worksheet&#61;0EFA6A0B-84BD-7390-B338-59108E854762&amp;workstep&#61;0EFA6AB1-535F-71D0-9FCB-2099B92A3C94\" rel=\"nofollow noopener noreferrer\">Table of Monthly Improvements\u00a0</a></p>",
        "DocumentBackup\u02c9DEg3Lh5pLS4-lG84EjGXXXdzxhd1450vkLgiu8he2l8\u02c92024-11-19T18:04:00Z": "",
        "DocumentBackup\u02c9DEg3Lh5pLS4-lG84EjGXXXdzxhd1450vkLgiu8he2l8\u02c92024-11-19T18:05:00Z": "<h1 style=\"text-align:center;\"><strong>Energy Modeling</strong></h1><figure class=\"table\"><table class=\"ck-table-resized\" style=\"border-color:hsl(0, 0%, 100%);border-style:solid;\"><colgroup><col style=\"width:29.44%;\" /><col style=\"width:70.56%;\" /></colgroup><tbody><tr><td style=\"border-color:hsl(0, 0%, 100%);border-style:solid;\"><img src=\"/api/annotations/0EFA6A0B-98A6-EE10-A1D0-F359C9092E1C/images/image_v1.png\"></td><td style=\"border-color:hsl(0, 0%, 100%);border-style:solid;vertical-align:top;\"><h4><i>Allnex <strong>reduced greenhouse gas emissions</strong> equivalent to <strong>1,095 passenger vehicles driven for one year </strong>by using energy modeling in Seeq to inform continuous improvement efforts. Learn more </i><a target=\"_blank\" href=\"https://engage.seeq.com/advanced-analytics-for-chemicals/home/allnex-energy-modeling-through-advanced-operational-analytics\" rel=\"nofollow noopener noreferrer\"><i>here</i></a><i>!</i></h4></td></tr></tbody></table></figure><h4><a href=\"/links?type&#61;workstep&amp;workbook&#61;0EE6CEEA-973D-7120-B774-FD1976A1B5DE&amp;worksheet&#61;0EE6CEEA-9A82-7790-8B90-04F69844EF73&amp;workstep&#61;0EE6DB52-744C-62F0-B393-D68749BA2144\" rel=\"nofollow noopener noreferrer\">15% Energy Reduction</a></h4><h3><strong>Solution</strong></h3><p><strong>Access raw data</strong>, bringing in <a href=\"/links?type&#61;workstep&amp;workbook&#61;0EE6CEEA-973D-7120-B774-FD1976A1B5DE&amp;worksheet&#61;0EE6CEEA-9A82-7790-8B90-04F69844EF73&amp;workstep&#61;0EE6CEF6-6121-EA30-9435-AD2F7FF98B66\" rel=\"nofollow noopener noreferrer\">total steam and all tags impacting it</a>. <i>(<strong>Do it! </strong></i><a href=\"/links?type&#61;workstep&amp;workbook&#61;0EE6CEEA-973D-7120-B774-FD1976A1B5DE&amp;worksheet&#61;0EE6CEEA-9A82-7790-8B90-04F69844EF73&amp;workstep&#61;0EE6CEF7-9B59-7170-B44E-F42F8E04FBA4\" rel=\"nofollow noopener noreferrer\"><i>start</i></a><i> search for &#39;Line1&#39; in the data tab to find some of the tags used in this analysis)</i></p><p><strong>Cleanse the data</strong>, <a href=\"/links?type&#61;workstep&amp;workbook&#61;0EE6CEEA-973D-7120-B774-FD1976A1B5DE&amp;worksheet&#61;0EE6CEEA-9A82-7790-8B90-04F69844EF73&amp;workstep&#61;0EE6CF09-9969-EEC0-899A-90E739973803\" rel=\"nofollow noopener noreferrer\">converting string tags to numeric</a>, so they can be used in a regression model.\u00a0</p><p><strong>Identify uptime</strong>, <a href=\"/links?type&#61;workstep&amp;workbook&#61;0EE6CEEA-973D-7120-B774-FD1976A1B5DE&amp;worksheet&#61;0EE6CEEA-9A82-7790-8B90-04F69844EF73&amp;workstep&#61;0EE6CF0D-CF26-ECD0-B588-EDD97691B59C\" rel=\"nofollow noopener noreferrer\">total steam greater than zero</a>. <i>(<strong>Do it!</strong> </i><a href=\"/links?type&#61;workstep&amp;workbook&#61;0EE6CEEA-973D-7120-B774-FD1976A1B5DE&amp;worksheet&#61;0EE6CEEA-9A82-7790-8B90-04F69844EF73&amp;workstep&#61;0EE6CF0A-F627-6440-AEB9-F6FE89C42993\" rel=\"nofollow noopener noreferrer\"><i>start</i></a><i> Use Value Search to find when &#39;Total Steam&#39; is greater than zero, ignore capsules shorter than 1 day)</i></p><p><strong>Create an energy model</strong> of <a href=\"/links?type&#61;workstep&amp;workbook&#61;0EE6CEEA-973D-7120-B774-FD1976A1B5DE&amp;worksheet&#61;0EE6CEEA-9A82-7790-8B90-04F69844EF73&amp;workstep&#61;0EE6CF18-5EAF-64B0-899F-C359FAFA7B51\" rel=\"nofollow noopener noreferrer\">total predicted steam</a>.\u00a0</p><p><strong>Validate the model</strong> using a <a href=\"/links?type&#61;workstep&amp;workbook&#61;0EE6CEEA-973D-7120-B774-FD1976A1B5DE&amp;worksheet&#61;0EE6CEEA-9A82-7790-8B90-04F69844EF73&amp;workstep&#61;0EE6CF38-D948-EE40-B281-9E761B80B1A6\" rel=\"nofollow noopener noreferrer\">scatterplot over the training window</a>. Trendline: y &#61; 1.11x-1216 (r^2 &#61; 0.900)</p><p>Use the regression coefficients to <strong>inform continuous improvement efforts. </strong>Then,<strong> measure the impact</strong>. <a href=\"/links?type&#61;workstep&amp;workbook&#61;0EE6CEEA-973D-7120-B774-FD1976A1B5DE&amp;worksheet&#61;0EE6CEEA-9A82-7790-8B90-04F69844EF73&amp;workstep&#61;0EE6DB52-744C-62F0-B393-D68749BA2144\" rel=\"nofollow noopener noreferrer\">Trend of Energy Improvements</a> OR <a href=\"/links?type&#61;workstep&amp;workbook&#61;0EE6CEEA-973D-7120-B774-FD1976A1B5DE&amp;worksheet&#61;0EE6CEEA-9A82-7790-8B90-04F69844EF73&amp;workstep&#61;0EE6DB58-2A87-73D0-A616-65015098ADDE\" rel=\"nofollow noopener noreferrer\">Table of Monthly Improvements</a>\u00a0</p>",
        "DocumentBackup\u02c9DEg3Lh5pLS4-lG84EjGXXXdzxhd1450vkLgiu8he2l8\u02c92024-11-19T18:13:00Z": "<h1 style=\"text-align:center;\"><strong>Energy Modeling</strong></h1><figure class=\"table\"><table class=\"ck-table-resized\" style=\"border-color:hsl(0, 0%, 100%);border-style:solid;\"><colgroup><col style=\"width:29.44%;\" /><col style=\"width:70.56%;\" /></colgroup><tbody><tr><td style=\"border-color:hsl(0, 0%, 100%);border-style:solid;\"><img src=\"/api/annotations/0EFA6A0B-98A6-EE10-A1D0-F359C9092E1C/images/image_v1.png\"></td><td style=\"border-color:hsl(0, 0%, 100%);border-style:solid;vertical-align:top;\"><h4><i>Allnex <strong>reduced greenhouse gas emissions</strong> equivalent to <strong>1,095 passenger vehicles driven for one year </strong>by using energy modeling in Seeq to inform continuous improvement efforts. Learn more </i><a target=\"_blank\" href=\"https://engage.seeq.com/advanced-analytics-for-chemicals/home/allnex-energy-modeling-through-advanced-operational-analytics\" rel=\"nofollow noopener noreferrer\"><i>here</i></a><i>!</i></h4></td></tr></tbody></table></figure><h4>15% Energy Reduction</h4><h3><strong>Solution</strong></h3><p><strong>Access raw data</strong>, bringing in <a href=\"/links?type&#61;workstep&amp;workbook&#61;0EFA6A0B-7FE7-66E0-85F2-2E82217F4441&amp;worksheet&#61;0EFA6A0B-84BD-7390-B338-59108E854762&amp;workstep&#61;0EFA6A1F-6A35-7720-8673-32BB2BCB1AFB\" rel=\"nofollow noopener noreferrer\">total steam and all tags impacting it</a>. <i>(<strong>Do it! </strong>start search for &#39;Line1&#39; in the data tab to find some of the tags used in this analysis)</i></p><p><strong>Cleanse the data</strong>, converting string tags to numeric, so they can be used in a regression model.\u00a0</p><p><strong>Identify uptime</strong>, total steam greater than zero. <i>(<strong>Do it!</strong> start Use Value Search to find when &#39;Total Steam&#39; is greater than zero, ignore capsules shorter than 1 day)</i></p><p><strong>Create an energy model</strong> of total predicted steam.\u00a0</p><p><strong>Validate the model</strong> using a scatterplot over the training window. Trendline: y &#61; 1.11x-1216 (r^2 &#61; 0.900)</p><p>Use the regression coefficients to <strong>inform continuous improvement efforts. </strong>Then,<strong> measure the impact</strong>. Trend of Energy Improvements OR Table of Monthly Improvements\u00a0</p>",
        "DocumentBackup\u02c9DEg3Lh5pLS4-lG84EjGXXXdzxhd1450vkLgiu8he2l8\u02c92024-11-19T18:14:00Z": "<h1 style=\"text-align:center;\"><strong>Energy Modeling</strong></h1><figure class=\"table\"><table class=\"ck-table-resized\" style=\"border-color:hsl(0, 0%, 100%);border-style:solid;\"><colgroup><col style=\"width:29.44%;\" /><col style=\"width:70.56%;\" /></colgroup><tbody><tr><td style=\"border-color:hsl(0, 0%, 100%);border-style:solid;\"><img src=\"/api/annotations/0EFA6A0B-98A6-EE10-A1D0-F359C9092E1C/images/image_v1.png\"></td><td style=\"border-color:hsl(0, 0%, 100%);border-style:solid;vertical-align:top;\"><h4><i>Allnex <strong>reduced greenhouse gas emissions</strong> equivalent to <strong>1,095 passenger vehicles driven for one year </strong>by using energy modeling in Seeq to inform continuous improvement efforts. Learn more </i><a target=\"_blank\" href=\"https://engage.seeq.com/advanced-analytics-for-chemicals/home/allnex-energy-modeling-through-advanced-operational-analytics\" rel=\"nofollow noopener noreferrer\"><i>here</i></a><i>!</i></h4></td></tr></tbody></table></figure><h4>15% Energy Reduction</h4><h3><strong>Solution</strong></h3><p><strong>Access raw data</strong>, bringing in <a href=\"/links?type&#61;workstep&amp;workbook&#61;0EFA6A0B-7FE7-66E0-85F2-2E82217F4441&amp;worksheet&#61;0EFA6A0B-84BD-7390-B338-59108E854762&amp;workstep&#61;0EFA6A1F-6A35-7720-8673-32BB2BCB1AFB\" rel=\"nofollow noopener noreferrer\">total steam and all tags impacting it</a>. <i>(<strong>Do it! </strong>start search for &#39;EnergyM&#39; in the data tab to find some of the tags used in this analysis)</i></p><p><strong>Cleanse the data</strong>, converting string tags to numeric, so they can be used in a regression model.\u00a0</p><p><strong>Identify uptime</strong>, total steam greater than zero. <i>(<strong>Do it!</strong> start Use Value Search to find when &#39;Total Steam&#39; is greater than zero, ignore capsules shorter than 1 day)</i></p><p><strong>Create an energy model</strong> of total predicted steam.\u00a0</p><p><strong>Validate the model</strong> using a scatterplot over the training window. Trendline: y &#61; 1.11x-1216 (r^2 &#61; 0.900)</p><p>Use the regression coefficients to <strong>inform continuous improvement efforts. </strong>Then,<strong> measure the impact</strong>. Trend of Energy Improvements OR Table of Monthly Improvements\u00a0</p>",
        "DocumentBackup\u02c9DEg3Lh5pLS4-lG84EjGXXXdzxhd1450vkLgiu8he2l8\u02c92024-11-19T18:49:00Z": "<h1 style=\"text-align:center;\"><strong>Energy Modeling</strong></h1><figure class=\"table\"><table class=\"ck-table-resized\" style=\"border-color:hsl(0, 0%, 100%);border-style:solid;\"><colgroup><col style=\"width:29.44%;\" /><col style=\"width:70.56%;\" /></colgroup><tbody><tr><td style=\"border-color:hsl(0, 0%, 100%);border-style:solid;\"><img src=\"/api/annotations/0EFA6A0B-98A6-EE10-A1D0-F359C9092E1C/images/image_v1.png\"></td><td style=\"border-color:hsl(0, 0%, 100%);border-style:solid;vertical-align:top;\"><h4><i>Allnex <strong>reduced greenhouse gas emissions</strong> equivalent to <strong>1,095 passenger vehicles driven for one year </strong>by using energy modeling in Seeq to inform continuous improvement efforts. Learn more </i><a target=\"_blank\" href=\"https://engage.seeq.com/advanced-analytics-for-chemicals/home/allnex-energy-modeling-through-advanced-operational-analytics\" rel=\"nofollow noopener noreferrer\"><i>here</i></a><i>!</i></h4></td></tr></tbody></table></figure><h4>15% Energy Reduction</h4><h3><strong>Solution</strong></h3><p><strong>Access raw data</strong>, bringing in <a href=\"/links?type&#61;workstep&amp;workbook&#61;0EFA6A0B-7FE7-66E0-85F2-2E82217F4441&amp;worksheet&#61;0EFA6A0B-84BD-7390-B338-59108E854762&amp;workstep&#61;0EFA6A1F-6A35-7720-8673-32BB2BCB1AFB\" rel=\"nofollow noopener noreferrer\">total steam and all tags impacting it</a>. <i>(<strong>Do it! </strong>search for &#39;EnergyModel&#39; in the data tab to find some of the tags used in this analysis)</i></p><p><strong>Cleanse the data</strong>, <a href=\"/links?type&#61;workstep&amp;workbook&#61;0EFA6A0B-7FE7-66E0-85F2-2E82217F4441&amp;worksheet&#61;0EFA6A0B-84BD-7390-B338-59108E854762&amp;workstep&#61;0EFA6A6F-6AE1-7340-9436-D2508C85DDDB\" rel=\"nofollow noopener noreferrer\">converting string tags to numeric</a>, so they can be used in a regression model.\u00a0</p><p><strong>Identify uptime</strong>, total steam greater than zero. <i>(<strong>Do it!</strong> start Use Value Search to find when &#39;Total Steam&#39; is greater than zero, ignore capsules shorter than 1 day)</i></p><p><strong>Create an energy model</strong> of total predicted steam.\u00a0</p><p><strong>Validate the model</strong> using a scatterplot over the training window. Trendline: y &#61; 1.11x-1216 (r^2 &#61; 0.900)</p><p>Use the regression coefficients to <strong>inform continuous improvement efforts. </strong>Then,<strong> measure the impact</strong>. Trend of Energy Improvements OR Table of Monthly Improvements\u00a0</p>",
        "DocumentBackup\u02c9DEg3Lh5pLS4-lG84EjGXXXdzxhd1450vkLgiu8he2l8\u02c92024-11-19T18:51:00Z": "<h1 style=\"text-align:center;\"><strong>Energy Modeling</strong></h1><figure class=\"table\"><table class=\"ck-table-resized\" style=\"border-color:hsl(0, 0%, 100%);border-style:solid;\"><colgroup><col style=\"width:29.44%;\" /><col style=\"width:70.56%;\" /></colgroup><tbody><tr><td style=\"border-color:hsl(0, 0%, 100%);border-style:solid;\"><img src=\"/api/annotations/0EFA6A0B-98A6-EE10-A1D0-F359C9092E1C/images/image_v1.png\"></td><td style=\"border-color:hsl(0, 0%, 100%);border-style:solid;vertical-align:top;\"><h4><i>Allnex <strong>reduced greenhouse gas emissions</strong> equivalent to <strong>1,095 passenger vehicles driven for one year </strong>by using energy modeling in Seeq to inform continuous improvement efforts. Learn more </i><a target=\"_blank\" href=\"https://engage.seeq.com/advanced-analytics-for-chemicals/home/allnex-energy-modeling-through-advanced-operational-analytics\" rel=\"nofollow noopener noreferrer\"><i>here</i></a><i>!</i></h4></td></tr></tbody></table></figure><h4>15% Energy Reduction</h4><h3><strong>Solution</strong></h3><p><strong>Access raw data</strong>, bringing in <a href=\"/links?type&#61;workstep&amp;workbook&#61;0EFA6A0B-7FE7-66E0-85F2-2E82217F4441&amp;worksheet&#61;0EFA6A0B-84BD-7390-B338-59108E854762&amp;workstep&#61;0EFA6A1F-6A35-7720-8673-32BB2BCB1AFB\" rel=\"nofollow noopener noreferrer\">total steam and all tags impacting it</a>. <i>(<strong>Do it! </strong>search for &#39;EnergyModel&#39; in the data tab to find some of the tags used in this analysis)</i></p><p><strong>Cleanse the data</strong>, <a href=\"/links?type&#61;workstep&amp;workbook&#61;0EFA6A0B-7FE7-66E0-85F2-2E82217F4441&amp;worksheet&#61;0EFA6A0B-84BD-7390-B338-59108E854762&amp;workstep&#61;0EFA6A6F-6AE1-7340-9436-D2508C85DDDB\" rel=\"nofollow noopener noreferrer\">converting string tags to numeric</a>, so they can be used in a regression model.\u00a0</p><p><strong>Identify uptime</strong>, <a href=\"/links?type&#61;workstep&amp;workbook&#61;0EFA6A0B-7FE7-66E0-85F2-2E82217F4441&amp;worksheet&#61;0EFA6A0B-84BD-7390-B338-59108E854762&amp;workstep&#61;0EFA6A74-266B-6030-B7AC-DAEA90EB596F\" rel=\"nofollow noopener noreferrer\">total steam greater than zero</a>. <i>(<strong>Do it!</strong> Use Value Search to find when &#39;Total Steam&#39; is greater than zero, ignore capsules shorter than 1 day)</i></p><p><strong>Create an energy model</strong> of total predicted steam.\u00a0</p><p><strong>Validate the model</strong> using a scatterplot over the training window. Trendline: y &#61; 1.11x-1216 (r^2 &#61; 0.900)</p><p>Use the regression coefficients to <strong>inform continuous improvement efforts. </strong>Then,<strong> measure the impact</strong>. Trend of Energy Improvements OR Table of Monthly Improvements\u00a0</p>",
        "DocumentBackup\u02c9DEg3Lh5pLS4-lG84EjGXXXdzxhd1450vkLgiu8he2l8\u02c92024-11-19T18:55:00Z": "<h1 style=\"text-align:center;\"><strong>Energy Modeling</strong></h1><figure class=\"table\"><table class=\"ck-table-resized\" style=\"border-color:hsl(0, 0%, 100%);border-style:solid;\"><colgroup><col style=\"width:29.44%;\" /><col style=\"width:70.56%;\" /></colgroup><tbody><tr><td style=\"border-color:hsl(0, 0%, 100%);border-style:solid;\"><img src=\"/api/annotations/0EFA6A0B-98A6-EE10-A1D0-F359C9092E1C/images/image_v1.png\"></td><td style=\"border-color:hsl(0, 0%, 100%);border-style:solid;vertical-align:top;\"><h4><i>Allnex <strong>reduced greenhouse gas emissions</strong> equivalent to <strong>1,095 passenger vehicles driven for one year </strong>by using energy modeling in Seeq to inform continuous improvement efforts. Learn more </i><a target=\"_blank\" href=\"https://engage.seeq.com/advanced-analytics-for-chemicals/home/allnex-energy-modeling-through-advanced-operational-analytics\" rel=\"nofollow noopener noreferrer\"><i>here</i></a><i>!</i></h4></td></tr></tbody></table></figure><h4>15% Energy Reduction</h4><h3><strong>Solution</strong></h3><p><strong>Access raw data</strong>, bringing in <a href=\"/links?type&#61;workstep&amp;workbook&#61;0EFA6A0B-7FE7-66E0-85F2-2E82217F4441&amp;worksheet&#61;0EFA6A0B-84BD-7390-B338-59108E854762&amp;workstep&#61;0EFA6A1F-6A35-7720-8673-32BB2BCB1AFB\" rel=\"nofollow noopener noreferrer\">total steam and all tags impacting it</a>. <i>(<strong>Do it! </strong>search for &#39;EnergyModel&#39; in the data tab to find some of the tags used in this analysis)</i></p><p><strong>Cleanse the data</strong>, <a href=\"/links?type&#61;workstep&amp;workbook&#61;0EFA6A0B-7FE7-66E0-85F2-2E82217F4441&amp;worksheet&#61;0EFA6A0B-84BD-7390-B338-59108E854762&amp;workstep&#61;0EFA6A6F-6AE1-7340-9436-D2508C85DDDB\" rel=\"nofollow noopener noreferrer\">converting string tags to numeric</a>, so they can be used in a regression model.\u00a0</p><p><strong>Identify uptime</strong>, <a href=\"/links?type&#61;workstep&amp;workbook&#61;0EFA6A0B-7FE7-66E0-85F2-2E82217F4441&amp;worksheet&#61;0EFA6A0B-84BD-7390-B338-59108E854762&amp;workstep&#61;0EFA6A74-266B-6030-B7AC-DAEA90EB596F\" rel=\"nofollow noopener noreferrer\">total steam greater than zero</a>. <i>(<strong>Do it!</strong> Use Value Search to find when &#39;Total Steam&#39; is greater than zero, ignore capsules shorter than 1 day)</i></p><p><strong>Create an energy model</strong> of <a href=\"/links?type&#61;workstep&amp;workbook&#61;0EFA6A0B-7FE7-66E0-85F2-2E82217F4441&amp;worksheet&#61;0EFA6A0B-84BD-7390-B338-59108E854762&amp;workstep&#61;0EFA6A7E-3A49-ECA0-9AAF-6B5DDAE3D0E7\" rel=\"nofollow noopener noreferrer\">total predicted steam</a>.\u00a0</p><p><strong>Validate the model</strong> using a scatterplot over the training window. Trendline: y &#61; 1.11x-1216 (r^2 &#61; 0.900)</p><p>Use the regression coefficients to <strong>inform continuous improvement efforts. </strong>Then,<strong> measure the impact</strong>. Trend of Energy Improvements OR Table of Monthly Improvements\u00a0</p>",
        "DocumentBackup\u02c9DEg3Lh5pLS4-lG84EjGXXXdzxhd1450vkLgiu8he2l8\u02c92024-11-19T18:59:00Z": "<h1 style=\"text-align:center;\"><strong>Energy Modeling</strong></h1><figure class=\"table\"><table class=\"ck-table-resized\" style=\"border-color:hsl(0, 0%, 100%);border-style:solid;\"><colgroup><col style=\"width:29.44%;\" /><col style=\"width:70.56%;\" /></colgroup><tbody><tr><td style=\"border-color:hsl(0, 0%, 100%);border-style:solid;\"><img src=\"/api/annotations/0EFA6A0B-98A6-EE10-A1D0-F359C9092E1C/images/image_v1.png\"></td><td style=\"border-color:hsl(0, 0%, 100%);border-style:solid;vertical-align:top;\"><h4><i>Allnex <strong>reduced greenhouse gas emissions</strong> equivalent to <strong>1,095 passenger vehicles driven for one year </strong>by using energy modeling in Seeq to inform continuous improvement efforts. Learn more </i><a target=\"_blank\" href=\"https://engage.seeq.com/advanced-analytics-for-chemicals/home/allnex-energy-modeling-through-advanced-operational-analytics\" rel=\"nofollow noopener noreferrer\"><i>here</i></a><i>!</i></h4></td></tr></tbody></table></figure><h4>15% Energy Reduction</h4><h3><strong>Solution</strong></h3><p><strong>Access raw data</strong>, bringing in <a href=\"/links?type&#61;workstep&amp;workbook&#61;0EFA6A0B-7FE7-66E0-85F2-2E82217F4441&amp;worksheet&#61;0EFA6A0B-84BD-7390-B338-59108E854762&amp;workstep&#61;0EFA6A1F-6A35-7720-8673-32BB2BCB1AFB\" rel=\"nofollow noopener noreferrer\">total steam and all tags impacting it</a>. <i>(<strong>Do it! </strong>search for &#39;EnergyModel&#39; in the data tab to find some of the tags used in this analysis)</i></p><p><strong>Cleanse the data</strong>, <a href=\"/links?type&#61;workstep&amp;workbook&#61;0EFA6A0B-7FE7-66E0-85F2-2E82217F4441&amp;worksheet&#61;0EFA6A0B-84BD-7390-B338-59108E854762&amp;workstep&#61;0EFA6A6F-6AE1-7340-9436-D2508C85DDDB\" rel=\"nofollow noopener noreferrer\">converting string tags to numeric</a>, so they can be used in a regression model.\u00a0</p><p><strong>Identify uptime</strong>, <a href=\"/links?type&#61;workstep&amp;workbook&#61;0EFA6A0B-7FE7-66E0-85F2-2E82217F4441&amp;worksheet&#61;0EFA6A0B-84BD-7390-B338-59108E854762&amp;workstep&#61;0EFA6A74-266B-6030-B7AC-DAEA90EB596F\" rel=\"nofollow noopener noreferrer\">total steam greater than zero</a>. <i>(<strong>Do it!</strong> Use Value Search to find when &#39;Total Steam&#39; is greater than zero, ignore capsules shorter than 1 day)</i></p><p><strong>Create an energy model</strong> of <a href=\"/links?type&#61;workstep&amp;workbook&#61;0EFA6A0B-7FE7-66E0-85F2-2E82217F4441&amp;worksheet&#61;0EFA6A0B-84BD-7390-B338-59108E854762&amp;workstep&#61;0EFA6A7E-3A49-ECA0-9AAF-6B5DDAE3D0E7\" rel=\"nofollow noopener noreferrer\">total predicted steam</a>.\u00a0</p><p><strong>Validate the model</strong> using a <a href=\"/links?type&#61;workstep&amp;workbook&#61;0EFA6A0B-7FE7-66E0-85F2-2E82217F4441&amp;worksheet&#61;0EFA6A0B-84BD-7390-B338-59108E854762&amp;workstep&#61;0EFA6A86-D031-75D0-B47C-487A8ED0F484\" rel=\"nofollow noopener noreferrer\">scatterplot over the training window</a>. Trendline: y &#61; 1.11x-1216 (r^2 &#61; 0.900)</p><p>Use the regression coefficients to <strong>inform continuous improvement efforts. </strong>Then,<strong> measure the impact</strong>. Trend of Energy Improvements OR Table of Monthly Improvements\u00a0</p>",
        "DocumentBackup\u02c9DEg3Lh5pLS4-lG84EjGXXXdzxhd1450vkLgiu8he2l8\u02c92024-11-19T19:16:00Z": "<h1 style=\"text-align:center;\"><strong>Energy Modeling</strong></h1><figure class=\"table\"><table class=\"ck-table-resized\" style=\"border-color:hsl(0, 0%, 100%);border-style:solid;\"><colgroup><col style=\"width:29.44%;\" /><col style=\"width:70.56%;\" /></colgroup><tbody><tr><td style=\"border-color:hsl(0, 0%, 100%);border-style:solid;\"><img src=\"/api/annotations/0EFA6A0B-98A6-EE10-A1D0-F359C9092E1C/images/image_v1.png\"></td><td style=\"border-color:hsl(0, 0%, 100%);border-style:solid;vertical-align:top;\"><h4><i>Allnex <strong>reduced greenhouse gas emissions</strong> equivalent to <strong>1,095 passenger vehicles driven for one year </strong>by using energy modeling in Seeq to inform continuous improvement efforts. Learn more </i><a target=\"_blank\" href=\"https://engage.seeq.com/advanced-analytics-for-chemicals/home/allnex-energy-modeling-through-advanced-operational-analytics\" rel=\"nofollow noopener noreferrer\"><i>here</i></a><i>!</i></h4></td></tr></tbody></table></figure><h4>15% Energy Reduction</h4><h3><strong>Solution</strong></h3><p><strong>Access raw data</strong>, bringing in <a href=\"/links?type&#61;workstep&amp;workbook&#61;0EFA6A0B-7FE7-66E0-85F2-2E82217F4441&amp;worksheet&#61;0EFA6A0B-84BD-7390-B338-59108E854762&amp;workstep&#61;0EFA6A1F-6A35-7720-8673-32BB2BCB1AFB\" rel=\"nofollow noopener noreferrer\">total steam and all tags impacting it</a>. <i>(<strong>Do it! </strong>search for &#39;EnergyModel&#39; in the data tab to find some of the tags used in this analysis)</i></p><p><strong>Cleanse the data</strong>, <a href=\"/links?type&#61;workstep&amp;workbook&#61;0EFA6A0B-7FE7-66E0-85F2-2E82217F4441&amp;worksheet&#61;0EFA6A0B-84BD-7390-B338-59108E854762&amp;workstep&#61;0EFA6A6F-6AE1-7340-9436-D2508C85DDDB\" rel=\"nofollow noopener noreferrer\">converting string tags to numeric</a>, so they can be used in a regression model.\u00a0</p><p><strong>Identify uptime</strong>, <a href=\"/links?type&#61;workstep&amp;workbook&#61;0EFA6A0B-7FE7-66E0-85F2-2E82217F4441&amp;worksheet&#61;0EFA6A0B-84BD-7390-B338-59108E854762&amp;workstep&#61;0EFA6A74-266B-6030-B7AC-DAEA90EB596F\" rel=\"nofollow noopener noreferrer\">total steam greater than zero</a>. <i>(<strong>Do it!</strong> Use Value Search to find when &#39;Total Steam&#39; is greater than zero, ignore capsules shorter than 1 day)</i></p><p><strong>Create an energy model</strong> of <a href=\"/links?type&#61;workstep&amp;workbook&#61;0EFA6A0B-7FE7-66E0-85F2-2E82217F4441&amp;worksheet&#61;0EFA6A0B-84BD-7390-B338-59108E854762&amp;workstep&#61;0EFA6A7E-3A49-ECA0-9AAF-6B5DDAE3D0E7\" rel=\"nofollow noopener noreferrer\">total predicted steam</a>.\u00a0</p><p><strong>Validate the model</strong> using a <a href=\"/links?type&#61;workstep&amp;workbook&#61;0EFA6A0B-7FE7-66E0-85F2-2E82217F4441&amp;worksheet&#61;0EFA6A0B-84BD-7390-B338-59108E854762&amp;workstep&#61;0EFA6A86-D031-75D0-B47C-487A8ED0F484\" rel=\"nofollow noopener noreferrer\">scatterplot over the training window</a>. Trendline: y &#61; 1.11x-1216 (r^2 &#61; 0.900)</p><p>Use the regression coefficients to <strong>inform continuous improvement efforts. </strong>Then,<strong> measure the impact</strong>. <a href=\"/links?type&#61;workstep&amp;workbook&#61;0EFA6A0B-7FE7-66E0-85F2-2E82217F4441&amp;worksheet&#61;0EFA6A0B-84BD-7390-B338-59108E854762&amp;workstep&#61;0EFA6AAC-1C79-FB70-84CF-DC1CF928DB00\" rel=\"nofollow noopener noreferrer\">Trend of Energy Improvements</a> OR Table of Monthly Improvements\u00a0</p>",
        "Enabled": true,
        "ID": "0EFA6A0B-98A6-EE10-A1D0-F359C9092E1C",
        "Is CK Enabled": true,
        "Locked": false,
        "Name": "Energy Modeling",
        "Plain Text Document": "Energy ModelingAllnex reduced greenhouse gas emissions equivalent to 1,095 passenger vehicles driven for one year by using energy modeling in Seeq to inform continuous improvement efforts. Learn more here!15% Energy ReductionSolutionAccess raw data, bringing in total steam and all tags impacting it. (Do it! search for &#39;EnergyModel&#39; in the data tab to find some of the tags used in this analysis)Cleanse the data, converting string tags to numeric, so they can be used in a regression model.\u00a0Identify uptime, total steam greater than zero. (Do it! Use Value Search to find when &#39;Total Steam&#39; is greater than zero, ignore capsules shorter than 1 day)Create an energy model of total predicted steam.\u00a0Validate the model using a scatterplot over the training window. Trendline: y &#61; 1.11x-1216 (r^2 &#61; 0.900)Use the regression coefficients to inform continuous improvement efforts. Then, measure the impact. Trend of Energy Improvements OR Table of Monthly Improvements\u00a0",
        "Type": "Journal",
        "Unsearchable": false,
        "Updated At": "1732043925730954537"
    }
}