{
    "Archived": false,
    "Cache Enabled": false,
    "Created At": "1732039468873377078",
    "Enabled": true,
    "ID": "0EFA6A0B-84BD-7390-B338-59108E854762",
    "Locked": false,
    "Unsearchable": false,
    "Updated At": "1732043919727670070",
    "Name": "Energy Model Demo",
    "Type": "Worksheet",
    "Annotation ID": "0EFA6A0B-98A6-EE10-A1D0-F359C9092E1C",
    "Current Workstep ID": "0EFA6AAC-1C79-FB70-84CF-DC1CF928DB00",
    "URL": "https://demo.seeq.dev/0EFA6A0B-4C9B-71B0-ADCE-2000B1F79638/workbook/0EFA6A0B-7FE7-66E0-85F2-2E82217F4441/worksheet/0EFA6A0B-84BD-7390-B338-59108E854762"
}