{
  "B2AB32DC-4CF1-432F-95C5-4B0D7D0AC4E8": {
    "Definition": {
      "Datasource ID": "trainingData",
      "Source Value Unit Of Measure": "%",
      "Sync Token": "2023-02-16T00:00:00.365541947Z",
      "Enabled": true,
      "Key Unit Of Measure": "ns",
      "Archived": false,
      "Cache ID": "40E4763D-2239-420A-B625-3E0E55683E48",
      "Datasource Class": "Time Series CSV Files",
      "Cache Enabled": false,
      "Data ID": "[Tag] Batch Reactor Fill Level.sim.ts.csv",
      "Value Unit Of Measure": "%",
      "Interpolation Method": "Linear",
      "Stored Series Cache Version": 1,
      "Unsearchable": false,
      "Source Maximum Interpolation": "120000000000ns",
      "Locked": false,
      "Maximum Interpolation": "120.0s",
      "ID": "B2AB32DC-4CF1-432F-95C5-4B0D7D0AC4E8",
      "Name": "Batch Reactor Fill Level",
      "Type": "StoredSignal"
    },
    "Periods": [
      {
        "Start": "2023-03-19T03:38:00+00:00",
        "End": "2023-03-21T20:26:00+00:00"
      },
      {
        "Start": "2023-03-12T03:38:00+00:00",
        "End": "2023-03-28T20:26:00+00:00",
        "Added by User": true
      }
    ]
  },
  "70629BEA-A780-4595-8678-00093700A8C1": {
    "Definition": {
      "Datasource ID": "trainingData",
      "Source Value Unit Of Measure": "kg/h",
      "Sync Token": "2023-02-16T00:00:00.365541947Z",
      "Enabled": true,
      "Key Unit Of Measure": "ns",
      "Archived": false,
      "Cache ID": "9C45C435-E1E0-48E6-AC2A-A877EFBE799D",
      "Datasource Class": "Time Series CSV Files",
      "Cache Enabled": false,
      "Data ID": "[Tag] Batch Reactor Catalyst Feed Rate.sim.ts.csv",
      "Value Unit Of Measure": "kg/h",
      "Interpolation Method": "Linear",
      "Stored Series Cache Version": 1,
      "Unsearchable": false,
      "Source Maximum Interpolation": "120000000000ns",
      "Locked": false,
      "Maximum Interpolation": "120.0s",
      "ID": "70629BEA-A780-4595-8678-00093700A8C1",
      "Name": "Batch Reactor Catalyst Feed Rate",
      "Type": "StoredSignal"
    },
    "Periods": [
      {
        "Start": "2023-03-19T03:38:00+00:00",
        "End": "2023-03-21T20:26:00+00:00"
      },
      {
        "Start": "2023-03-12T03:38:00+00:00",
        "End": "2023-03-28T20:26:00+00:00",
        "Added by User": true
      }
    ]
  },
  "65954CDF-D113-46C0-9175-C13A8CFF9619": {
    "Definition": {
      "Datasource ID": "trainingData",
      "Source Value Unit Of Measure": "string",
      "Sync Token": "2023-02-16T00:00:00.365541947Z",
      "Enabled": true,
      "Key Unit Of Measure": "ns",
      "Archived": false,
      "Cache ID": "12EF1DC9-4244-4725-8D1D-204433F6C0F5",
      "Datasource Class": "Time Series CSV Files",
      "Cache Enabled": false,
      "Data ID": "[Tag] Batch Product Code.sim.ts.csv",
      "Value Unit Of Measure": "string",
      "Interpolation Method": "Step",
      "Stored Series Cache Version": 1,
      "Unsearchable": false,
      "Source Maximum Interpolation": "120000000000ns",
      "Locked": false,
      "Maximum Interpolation": "120.0s",
      "ID": "65954CDF-D113-46C0-9175-C13A8CFF9619",
      "Name": "Batch Product Code",
      "Type": "StoredSignal"
    },
    "Periods": [
      {
        "Start": "2023-03-19T03:38:00+00:00",
        "End": "2023-03-21T20:26:00+00:00"
      },
      {
        "Start": "2023-03-12T03:38:00+00:00",
        "End": "2023-03-28T20:26:00+00:00",
        "Added by User": true
      }
    ]
  },
  "CABA126B-BA56-4ED7-8211-4ED4AB419E15": {
    "Definition": {
      "Datasource ID": "trainingData",
      "Source Value Unit Of Measure": "\u00b0F",
      "Sync Token": "2023-02-16T00:00:00.365541947Z",
      "Enabled": true,
      "Key Unit Of Measure": "ns",
      "Archived": false,
      "Cache ID": "C6E68EB5-EDBC-4B11-8596-21FAF1D03E7E",
      "Datasource Class": "Time Series CSV Files",
      "Cache Enabled": false,
      "Data ID": "[Tag] Batch Reactor Temperature.sim.ts.csv",
      "Value Unit Of Measure": "\u00b0F",
      "Interpolation Method": "Linear",
      "Stored Series Cache Version": 1,
      "Unsearchable": false,
      "Source Maximum Interpolation": "120000000000ns",
      "Locked": false,
      "Maximum Interpolation": "120.0s",
      "ID": "CABA126B-BA56-4ED7-8211-4ED4AB419E15",
      "Name": "Batch Reactor Temperature",
      "Type": "StoredSignal"
    },
    "Periods": [
      {
        "Start": "2023-03-19T03:38:00+00:00",
        "End": "2023-03-21T20:26:00+00:00"
      },
      {
        "Start": "2023-03-12T03:38:00+00:00",
        "End": "2023-03-28T20:26:00+00:00",
        "Added by User": true
      }
    ]
  }
}