{
    "Definition": {
        "Archived": false,
        "Cache Enabled": false,
        "Created At": "1715592219003416421",
        "Description": "Product_Viscosity Predicted Viscosity - Linear Annotation Capsules 1 (Jan 1, 1970 1:00 AM)",
        "Discoverable": true,
        "Document": "<p>\u00a0</p><p><a href=\"/links?type&#61;signal&amp;item&#61;0EE771CA-C126-73A0-BA6E-CA0AE121F979\" rel=\"nofollow noopener noreferrer\">Product_Viscosity</a></p><p><a href=\"/links?type&#61;signal&amp;item&#61;9988B1A6-DF92-4202-BDA0-D2E418B5D991\" rel=\"nofollow noopener noreferrer\">Predicted Viscosity - Linear</a></p><p><a href=\"/links?type&#61;capsule&amp;item&#61;0EF110A7-956C-66D0-A095-BD1C13C9E1CF&amp;start&#61;0&amp;end&#61;0\" rel=\"nofollow noopener noreferrer\">Annotation Capsules 1 (Jan 1, 1970 1:00 AM)</a></p><p></p><h3><strong>\u2728 Action</strong></h3><p>2024-08-28 09:49:28</p><p><i>smooth and move temp conversion and flow. move by 1.5h</i></p><h4>Action Results: Success</h4>\n<p>Created: 3 items</p><p><a href=\"/links?type&#61;workstep&amp;workbook&#61;86BEA7EF-3A51-4BA0-8CDF-B3675E05EFFC&amp;worksheet&#61;0EE82DF7-A0E2-77D0-B6E0-8D8394E394CD&amp;workstep&#61;0EF6542E-006E-7590-82E8-0F71C524664A\" rel=\"nofollow noopener noreferrer\">Before</a>\u00a0\u00a0\u00a0<a href=\"/links?type&#61;workstep&amp;workbook&#61;86BEA7EF-3A51-4BA0-8CDF-B3675E05EFFC&amp;worksheet&#61;0EE82DF7-A0E2-77D0-B6E0-8D8394E394CD&amp;workstep&#61;0EF65445-8247-7320-AFB3-E41D19A15016\" rel=\"nofollow noopener noreferrer\">After</a></p><p></p><h3><strong>\u2728 Action</strong></h3><p>2024-08-28 09:50:13</p><p><i>reduce the smoothing to be 10 min</i></p><h4>Action Results: Success</h4>\n<p>Updated 3 calculations.</p><p><a href=\"/links?type&#61;workstep&amp;workbook&#61;86BEA7EF-3A51-4BA0-8CDF-B3675E05EFFC&amp;worksheet&#61;0EE82DF7-A0E2-77D0-B6E0-8D8394E394CD&amp;workstep&#61;0EF65446-73BD-6290-90B3-57D6595EE3FB\" rel=\"nofollow noopener noreferrer\">Before</a>\u00a0\u00a0\u00a0<a href=\"/links?type&#61;workstep&amp;workbook&#61;86BEA7EF-3A51-4BA0-8CDF-B3675E05EFFC&amp;worksheet&#61;0EE82DF7-A0E2-77D0-B6E0-8D8394E394CD&amp;workstep&#61;0EF65447-338D-62A0-AA5F-D2C9517DA9F1\" rel=\"nofollow noopener noreferrer\">After</a></p>",
        "DocumentBackup\u02c9uC8OJqHUY82ZQS2X13miq1-AqIvC5INX6wn7yeccCt8\u02c92024-05-13T09:23:00Z": "<p>\u00a0</p><p><a href=\"/links?type&#61;signal&amp;item&#61;0EE771CA-C126-73A0-BA6E-CA0AE121F979\" rel=\"nofollow noopener noreferrer\">Product_Viscosity</a></p><p><a href=\"/links?type&#61;signal&amp;item&#61;9988B1A6-DF92-4202-BDA0-D2E418B5D991\" rel=\"nofollow noopener noreferrer\">Predicted Viscosity - Linear</a></p><p><a href=\"/links?type&#61;capsule&amp;item&#61;0EF110A7-956C-66D0-A095-BD1C13C9E1CF&amp;start&#61;0&amp;end&#61;0\" rel=\"nofollow noopener noreferrer\">Annotation Capsules 1 (Jan 1, 1970 1:00 AM)</a></p>",
        "DocumentBackup\u02c9uC8OJqHUY82ZQS2X13miq1-AqIvC5INX6wn7yeccCt8\u02c92024-08-28T13:49:00Z": "<p>\u00a0</p><p><a href=\"/links?type&#61;signal&amp;item&#61;0EE771CA-C126-73A0-BA6E-CA0AE121F979\" rel=\"nofollow noopener noreferrer\">Product_Viscosity</a></p><p><a href=\"/links?type&#61;signal&amp;item&#61;9988B1A6-DF92-4202-BDA0-D2E418B5D991\" rel=\"nofollow noopener noreferrer\">Predicted Viscosity - Linear</a></p><p><a href=\"/links?type&#61;capsule&amp;item&#61;0EF110A7-956C-66D0-A095-BD1C13C9E1CF&amp;start&#61;0&amp;end&#61;0\" rel=\"nofollow noopener noreferrer\">Annotation Capsules 1 (Jan 1, 1970 1:00 AM)</a></p><p></p><h3><strong>\u2728 Action</strong></h3><p>2024-08-28 09:49:28</p><p><i>smooth and move temp conversion and flow. move by 1.5h</i></p><h4>Action Results: Success</h4>\n<p>Created: 3 items</p><p><a href=\"/links?type&#61;workstep&amp;workbook&#61;86BEA7EF-3A51-4BA0-8CDF-B3675E05EFFC&amp;worksheet&#61;0EE82DF7-A0E2-77D0-B6E0-8D8394E394CD&amp;workstep&#61;0EF6542E-006E-7590-82E8-0F71C524664A\" rel=\"nofollow noopener noreferrer\">Before</a>\u00a0\u00a0\u00a0<a href=\"/links?type&#61;workstep&amp;workbook&#61;86BEA7EF-3A51-4BA0-8CDF-B3675E05EFFC&amp;worksheet&#61;0EE82DF7-A0E2-77D0-B6E0-8D8394E394CD&amp;workstep&#61;0EF65445-8247-7320-AFB3-E41D19A15016\" rel=\"nofollow noopener noreferrer\">After</a></p>",
        "Enabled": true,
        "ID": "0EF110A7-B60A-6090-AF5B-0783D7341167",
        "Is CK Enabled": true,
        "Locked": false,
        "Name": "Product_Viscosity",
        "Plain Text Document": "\u00a0Product_ViscosityPredicted Viscosity - LinearAnnotation Capsules 1 (Jan 1, 1970 1:00 AM)\u2728 Action2024-08-28 09:49:28smooth and move temp conversion and flow. move by 1.5hAction Results: Success\nCreated: 3 itemsBefore\u00a0\u00a0\u00a0After\u2728 Action2024-08-28 09:50:13reduce the smoothing to be 10 minAction Results: Success\nUpdated 3 calculations.Before\u00a0\u00a0\u00a0After",
        "Type": "Journal",
        "Unsearchable": false,
        "Updated At": "1724853013812564903"
    }
}