{
    "ID": "0EE7EFB5-90D5-60C0-BF9B-DBE6FBA5AF7B",
    "Type": "Workstep",
    "Data": {
        "version": 54,
        "state": {
            "stores": {
                "sqAssetGroupStore": {
                    "id": "",
                    "assets": [],
                    "name": "",
                    "description": "",
                    "errors": [],
                    "isLoading": false,
                    "hasUnsavedChanges": false
                },
                "sqInvestigateStore": {
                    "item": {
                        "id": "42719DDF-3E0D-45E3-AA55-C611110DBC39",
                        "name": "All Grades (with Property)",
                        "itemType": "capsuleSetDisplayType",
                        "iconClass": "fc fc-capsule-set",
                        "calculationType": "power-search",
                        "isArchived": false
                    },
                    "activeTool": "properties",
                    "displayMode": "NEW",
                    "derivedDataPanelOpen": false
                },
                "sqPluginStore": {
                    "pluginState": {}
                },
                "sqDurationStore": {
                    "autoUpdate": {
                        "mode": "OFF",
                        "offset": -158368694663,
                        "manualInterval": {
                            "value": 1,
                            "units": "min"
                        }
                    },
                    "displayRange": {
                        "start": 1538481000000,
                        "end": 1540900200000
                    },
                    "investigateRange": {
                        "start": 1538481000000,
                        "end": 1540900200000
                    }
                },
                "sqExploreFolderModalStore": {
                    "pageSize": 5
                },
                "sqExploreWorkbookModalStore": {
                    "pageSize": 5
                },
                "sqWorksheetStore": {
                    "tabsets": {
                        "sidebar": 2
                    },
                    "viewKey": "SCATTER_PLOT",
                    "returnViewKey": "TREND",
                    "selectedIdsForView": {},
                    "browsePanelCollapsed": false,
                    "displayWidth": 850,
                    "displayHeight": 575,
                    "resizeEnabled": true,
                    "conditionToSeriesGrouping": {},
                    "capsuleGroupMode": false,
                    "showAssetSelectionWarnings": true
                },
                "sqSearchStore": {
                    "nameFilter": "",
                    "isExactName": false,
                    "descriptionFilter": "",
                    "typeFilter": [],
                    "datasourceFilter": [],
                    "sortBy": "",
                    "isAdvancedMode": false,
                    "mode": "usages",
                    "currentAsset": "",
                    "selectAllChecked": false,
                    "selectedItemIds": [],
                    "breadcrumbs": [
                        {
                            "id": ""
                        },
                        {
                            "id": "ITEM_USAGES"
                        },
                        {
                            "id": "5D23359B-5653-419D-A205-6151B17F11CF"
                        }
                    ]
                },
                "sqCompositeSearchStore": {
                    "originalParameters": [],
                    "advancedParametersCollapsed": true,
                    "color": "",
                    "isUpgradedUnionCondition": false,
                    "inclusiveA": true,
                    "inclusiveB": true,
                    "matchProperty": "n/a",
                    "useEarliestStart": true,
                    "keepProperties": false
                },
                "sqConditionWithPropertiesStore": {
                    "originalParameters": [],
                    "advancedParametersCollapsed": true,
                    "properties": [
                        {
                            "stringSignal": "",
                            "propertyName": ""
                        },
                        {
                            "stringSignal": "",
                            "propertyName": ""
                        }
                    ]
                },
                "sqValueSearchStore": {
                    "originalParameters": [],
                    "advancedParametersCollapsed": true,
                    "inputSignal": {
                        "predicate": [
                            "name",
                            "a"
                        ]
                    },
                    "isSimple": true,
                    "useValidValues": false,
                    "isCleansing": false,
                    "simpleValue": null,
                    "simpleLowerValue": null,
                    "minDuration": {
                        "value": 0,
                        "units": "min"
                    },
                    "mergeDuration": {
                        "value": 0,
                        "units": "min"
                    },
                    "advancedEntryValue": null,
                    "advancedEntryLowerValue": null,
                    "advancedEntryDuration": {
                        "value": 0,
                        "units": "min"
                    },
                    "advancedExitValue": null,
                    "advancedExitDuration": {
                        "value": 0,
                        "units": "min"
                    },
                    "isMigratedDeviationSearch": false,
                    "version": "V3"
                },
                "sqItemPropertiesStore": {
                    "advancedParametersCollapsed": true
                },
                "sqManualSignalStore": {
                    "originalParameters": [],
                    "advancedParametersCollapsed": true,
                    "interpolationMethod": "Linear",
                    "maximumInterpolation": {
                        "value": "40",
                        "units": "h"
                    },
                    "samples": [],
                    "sort": {
                        "asc": false,
                        "property": "dateTime"
                    },
                    "color": ""
                },
                "sqManualConditionStore": {
                    "originalParameters": [],
                    "advancedParametersCollapsed": true,
                    "color": ""
                },
                "sqFftStore": {
                    "originalParameters": [],
                    "advancedParametersCollapsed": true,
                    "signalToAggregate": {
                        "predicate": [
                            "name",
                            "signalToAggregate"
                        ]
                    },
                    "rateType": true,
                    "rate": {},
                    "outputUnits": "min",
                    "highPass": {},
                    "lowPass": {},
                    "useHighPass": false,
                    "useLowPass": false
                },
                "sqAggregationBinStore": {
                    "signalToAggregate": {
                        "predicate": [
                            "name",
                            "signalToAggregate"
                        ]
                    },
                    "mode": "by_y_value",
                    "includeEmptyBuckets": true,
                    "yValueSignal": "",
                    "stat": {
                        "key": null,
                        "timeUnits": "s"
                    },
                    "aggregationConfigs": [
                        {
                            "id": 1,
                            "mode": "by_y_value",
                            "capsuleMode": "intersect",
                            "yValueBinMode": "size",
                            "valid": false
                        }
                    ]
                },
                "sqSignalFromConditionStore": {
                    "originalParameters": [],
                    "advancedParametersCollapsed": true,
                    "inputItem": {
                        "predicate": [
                            "name",
                            "series"
                        ]
                    },
                    "condition": {
                        "predicate": [
                            "name",
                            "capsules"
                        ]
                    },
                    "interpolation": "DISCRETE",
                    "stat": {
                        "timeUnits": "s"
                    },
                    "color": ""
                },
                "sqPeriodicConditionStore": {
                    "originalParameters": [],
                    "advancedParametersCollapsed": true,
                    "timezone": "EET",
                    "frequencies": [],
                    "weekStart": "Day.Sunday",
                    "quarterStart": {
                        "month": "Month.January",
                        "day": 1
                    },
                    "shift": {
                        "offset": 8,
                        "duration": 8
                    },
                    "offset": {
                        "value": 0,
                        "units": "min"
                    }
                },
                "sqProfileSearchStore": {
                    "originalParameters": [],
                    "advancedParametersCollapsed": true,
                    "inputSignal": {
                        "predicate": [
                            "name",
                            "a"
                        ]
                    },
                    "similarity": 98,
                    "normalizeAmplitude": true,
                    "normalizeLocation": true,
                    "selectedRegion": {
                        "min": 0,
                        "max": 0
                    }
                },
                "sqPredictionPanelStore": {
                    "originalParameters": [],
                    "advancedParametersCollapsed": true,
                    "option": "linear",
                    "polynomialValue": 2,
                    "mustGoThroughZero": false,
                    "lambda": 0,
                    "windowStart": 1540295400000,
                    "windowEnd": 1540900200000,
                    "modelExpanded": false,
                    "regressionMethod": "OLS",
                    "variableSelection": 0.05,
                    "variableSelectionEnabled": false,
                    "color": ""
                },
                "sqSignalSmoothingStore": {
                    "originalParameters": [],
                    "advancedParametersCollapsed": true,
                    "inputSignal": {
                        "predicate": [
                            "name",
                            "inputSignal"
                        ]
                    },
                    "algorithmSelectedValue": "seeq-agile",
                    "samplingRate": {},
                    "smoothingWindow": {},
                    "cutoff": {},
                    "polynomialFactor": 2,
                    "isSamplingRateAuto": true,
                    "isCutoffAuto": true,
                    "isTau": true,
                    "tau": {
                        "value": 10,
                        "units": "min"
                    },
                    "alpha": 0.9,
                    "isMigratedLowPassFilter": false,
                    "color": ""
                },
                "sqDigitalFilterStore": {
                    "originalParameters": [],
                    "advancedParametersCollapsed": true,
                    "inputSignal": {
                        "predicate": [
                            "name",
                            "inputSignal"
                        ]
                    },
                    "cutoff": {},
                    "cutoff2": {},
                    "samplingRate": {},
                    "windowSize": {},
                    "isAutoSamplingRate": true,
                    "isAutoWindowSize": true,
                    "color": ""
                },
                "sqTrendMetricStore": {
                    "items": []
                },
                "sqTrendTableStore": {
                    "items": []
                },
                "sqReferencePanelStore": {
                    "originalParameters": [],
                    "advancedParametersCollapsed": true,
                    "windowStart": 1540295400000,
                    "windowEnd": 1540900200000,
                    "griddingPeriod": {
                        "value": 5,
                        "units": "min"
                    },
                    "referenceStat": "",
                    "multiplier": 1,
                    "inputGroups": [
                        {
                            "inputSignal": {},
                            "inputCondition": {}
                        }
                    ]
                },
                "sqDisplayToolStore": {
                    "originalParameters": [],
                    "advancedParametersCollapsed": true,
                    "isScaled": true
                },
                "sqTrendScalarStore": {
                    "items": []
                },
                "sqTrendSeriesStore": {
                    "items": [
                        {
                            "axisAlign": "D",
                            "axisAutoScale": true,
                            "lane": 4,
                            "rightAxis": false,
                            "dashStyle": "Solid",
                            "lineWidth": 1,
                            "autoDisabled": false,
                            "axisVisibility": true,
                            "yAxisType": "linear",
                            "sampleDisplayOption": "lineAndSample",
                            "id": "0EE771CA-C126-73A0-BA6E-CA0AE121F979",
                            "name": "Product_Viscosity",
                            "selected": true,
                            "color": "#736868"
                        },
                        {
                            "axisAlign": "A",
                            "axisAutoScale": true,
                            "lane": 3,
                            "rightAxis": false,
                            "dashStyle": "Solid",
                            "lineWidth": 1,
                            "autoDisabled": false,
                            "axisVisibility": true,
                            "yAxisType": "linear",
                            "sampleDisplayOption": "line",
                            "id": "9988B1A6-DF92-4202-BDA0-D2E418B5D991",
                            "name": "Predicted Viscosity - Linear",
                            "selected": false,
                            "color": "#F47B37"
                        },
                        {
                            "axisAlign": "B",
                            "axisAutoScale": true,
                            "lane": 5,
                            "rightAxis": false,
                            "dashStyle": "Solid",
                            "lineWidth": 1,
                            "autoDisabled": false,
                            "axisVisibility": true,
                            "yAxisType": "linear",
                            "sampleDisplayOption": "line",
                            "id": "52A7E109-19B1-4172-B512-60086FE234CE",
                            "name": "Predicted Viscosity - Log",
                            "selected": false,
                            "color": "#9D248F",
                            "interpolationMethod": "Linear"
                        },
                        {
                            "axisAlign": "C",
                            "axisAutoScale": true,
                            "lane": 6,
                            "rightAxis": false,
                            "dashStyle": "Solid",
                            "lineWidth": 1,
                            "autoDisabled": false,
                            "axisVisibility": true,
                            "yAxisType": "linear",
                            "sampleDisplayOption": "line",
                            "id": "2995F540-2C0D-40EA-84EE-17E6BEEDA031",
                            "name": "Predicted Viscosity - Expanded Basis",
                            "selected": false,
                            "color": "#CE561B",
                            "interpolationMethod": "Linear"
                        },
                        {
                            "axisAlign": "D",
                            "axisAutoScale": true,
                            "lane": 4,
                            "rightAxis": false,
                            "dashStyle": "Solid",
                            "lineWidth": 1,
                            "autoDisabled": false,
                            "axisVisibility": true,
                            "yAxisType": "linear",
                            "sampleDisplayOption": "line",
                            "id": "732D5591-3ADE-4491-82D1-20B5E5540BDC",
                            "name": "Predicted Viscosity - Polynomial - 2",
                            "selected": true,
                            "color": "#00B050"
                        },
                        {
                            "axisAlign": "E",
                            "axisAutoScale": true,
                            "lane": 7,
                            "rightAxis": false,
                            "dashStyle": "Solid",
                            "lineWidth": 1,
                            "autoDisabled": false,
                            "axisVisibility": true,
                            "yAxisType": "linear",
                            "sampleDisplayOption": "line",
                            "id": "5D23359B-5653-419D-A205-6151B17F11CF",
                            "name": "Product_Viscosity",
                            "selected": false,
                            "color": "#E1498E",
                            "interpolationMethod": "Step"
                        },
                        {
                            "axisAlign": "F",
                            "axisAutoScale": true,
                            "lane": 8,
                            "rightAxis": false,
                            "dashStyle": "Solid",
                            "lineWidth": 1,
                            "autoDisabled": false,
                            "axisVisibility": true,
                            "yAxisType": "linear",
                            "sampleDisplayOption": "line",
                            "id": "6AC815E2-CC06-47F9-888A-67B10D164DAF",
                            "name": "Grade_Code_with_Forecast",
                            "selected": false,
                            "color": "#AC4625",
                            "interpolationMethod": "Step"
                        }
                    ],
                    "editingId": null,
                    "previewSeriesDefinition": {}
                },
                "sqImportDatafileStore": {
                    "uploadFilename": "",
                    "filename": "",
                    "keyColumnIndex": 1,
                    "keyColumnName": "",
                    "interpolationMethod": {
                        "text": "IMPORTS.INTERPOLATION.LINEAR",
                        "value": "Linear"
                    },
                    "validationMode": {
                        "text": "IMPORTS.VALIDATION_MODE_TYPES.FAIL",
                        "value": "Fail"
                    },
                    "fileOutputType": {
                        "text": "IMPORTS.FILE_OUTPUT_TYPES.REPLACE",
                        "value": "Replace"
                    },
                    "fieldDelimiter": {
                        "text": ",",
                        "value": "Comma"
                    },
                    "maxInterpolation": {
                        "value": 40,
                        "units": "h"
                    },
                    "namePrefix": "",
                    "nameSuffix": "",
                    "firstDataRow": 2,
                    "nameRow": 1,
                    "description": "",
                    "valueColumnOption": {
                        "text": "IMPORTS.VALUE_COLUMN.ALL",
                        "value": "All"
                    },
                    "valueUom": "",
                    "lenientDaylightSavings": false,
                    "itemType": {
                        "text": "IMPORTS.SIGNAL",
                        "value": "Signal"
                    },
                    "maxDuration": {
                        "value": 40,
                        "units": "h"
                    },
                    "endColumnName": "",
                    "conditionName": "",
                    "dayFirstDefault": {
                        "text": "IMPORTS.FIRST.MONTH",
                        "value": false
                    },
                    "originalParameters": [],
                    "advancedParametersCollapsed": true
                },
                "sqTrendCapsuleStore": {
                    "selectedCapsules": [],
                    "dataStatus": "itemDataPresent",
                    "warningCount": 0,
                    "warningLogs": [],
                    "timingInformation": "",
                    "meterInformation": "",
                    "editingId": null,
                    "previewCapsulesDefinition": {},
                    "items": []
                },
                "sqCapsuleGroupStore": {
                    "capsules": []
                },
                "sqCursorStore": {
                    "calendarCursors": [
                        {
                            "xValue": 1540825201809.7358,
                            "name": 1,
                            "selected": false
                        }
                    ],
                    "capsuleCursors": [],
                    "showValues": true
                },
                "sqTrendCapsuleSetStore": {
                    "items": [
                        {
                            "lane": 1,
                            "lineWidth": 1,
                            "autoDisabled": false,
                            "id": "0EE7882A-B21B-EA60-93AE-7B6F8A94FBC6",
                            "name": "Training Window",
                            "selected": false,
                            "color": "#068C45"
                        },
                        {
                            "lane": 2,
                            "lineWidth": 1,
                            "autoDisabled": false,
                            "id": "42719DDF-3E0D-45E3-AA55-C611110DBC39",
                            "name": "All Grades (with Property)",
                            "selected": false,
                            "color": "#D3AA4C"
                        }
                    ]
                },
                "sqTrendStore": {
                    "view": "calendar",
                    "isCompareMode": false,
                    "enabledColumns": {
                        "CAPSULES": {
                            "startTime": true,
                            "properties.Value": true
                        },
                        "SERIES": {
                            "lane": true
                        }
                    },
                    "propertyColumns": {
                        "CAPSULES": {
                            "properties.Value": {
                                "key": "properties.Value",
                                "uomKey": "propertiesUOM.Value",
                                "propertyName": "Value",
                                "style": "string"
                            }
                        }
                    },
                    "selectedRegion": {
                        "min": 0,
                        "max": 0
                    },
                    "capsuleTimeOffsets": {
                        "lower": 0,
                        "upper": 0
                    },
                    "dataSummary": {
                        "type": "AUTO",
                        "value": 0,
                        "discreteUnits": {
                            "value": 0,
                            "units": "min"
                        },
                        "isSlider": true
                    },
                    "capsuleTimeColorMode": "signal",
                    "compareViewColorMode": "rainbow",
                    "capsulePreview": false,
                    "customizationMode": "off",
                    "dimDataOutsideCapsules": false,
                    "hideUnselectedItems": true,
                    "labelDisplayConfiguration": {
                        "name": "lane",
                        "description": "off",
                        "asset": "off",
                        "assetPathLevels": 1,
                        "line": "off",
                        "unitOfMeasure": "axis",
                        "custom": "off",
                        "customLabels": []
                    },
                    "showCapsuleLaneLabels": true,
                    "panelProps": {
                        "BOTTOM": {
                            "leftPanelWidth": 1305.3472900390625,
                            "height": "30%"
                        }
                    },
                    "panelSorters": {
                        "CAPSULES": {
                            "sortBy": "startTime",
                            "sortAsc": true
                        },
                        "CAPSULE_SERIES": {
                            "sortBy": "startTime",
                            "sortAsc": true
                        },
                        "SERIES": {
                            "sortBy": "lane",
                            "sortAsc": true
                        },
                        "INVESTIGATE_ITEMS": {
                            "sortBy": "name",
                            "sortAsc": true
                        }
                    },
                    "capsulePanelFilters": {},
                    "capsulePanelOffset": 0,
                    "capsulePanelMaxOffset": 0,
                    "capsulePanelHasNext": false,
                    "showGridlines": false,
                    "capsuleProperties": []
                },
                "sqTreemapStore": {
                    "parent": {},
                    "statistics": []
                },
                "sqExportExcelPanelStore": {
                    "name": "Promotional - MASTER - Predicting Product Properties Based on Upstream Conditions (Soft Sensor)",
                    "originalParameters": [],
                    "advancedParametersCollapsed": true,
                    "exportStatistics": true,
                    "exportData": true,
                    "timeRange": {
                        "start": 1540295400000,
                        "end": 1540900200000
                    },
                    "exportTimeZone": {
                        "name": "EET",
                        "displayName": "EET",
                        "offset": "+02:00",
                        "offsetMinutes": 120
                    },
                    "gridOption": "custom",
                    "gridSize": {
                        "value": 5,
                        "units": "min"
                    },
                    "gridOrigin": 1672524000000,
                    "gridOriginEnabled": false
                },
                "sqScatterPlotStore": {
                    "xSignal": {
                        "id": "0EE771CA-C126-73A0-BA6E-CA0AE121F979"
                    },
                    "ySignals": [
                        {
                            "id": "9988B1A6-DF92-4202-BDA0-D2E418B5D991",
                            "formatOptions": {}
                        }
                    ],
                    "selector": {
                        "low": 0.5,
                        "high": 0.75
                    },
                    "selectedRegion": {
                        "x": {
                            "min": null,
                            "max": null
                        },
                        "ys": {}
                    },
                    "viewRegion": {
                        "x": {
                            "min": null,
                            "max": null
                        },
                        "ys": {}
                    },
                    "fxLines": [],
                    "colorConditionIds": [
                        "42719DDF-3E0D-45E3-AA55-C611110DBC39"
                    ],
                    "colorCapsuleProperty": "Value",
                    "capsulePropertyColorsConfig": {
                        "isStringProperty": true,
                        "propertyIndex": 4,
                        "valueColorMap": {
                            "101": "#9D248F",
                            "102": "#CE561B",
                            "103": "#00A2DD",
                            "104": "#E1498E",
                            "105": "#996442",
                            "106": "#4B7ABD",
                            "107": "#4055A3",
                            "108": "#068C45"
                        }
                    },
                    "colorByItemColor": false,
                    "colorRanges": [],
                    "plotMode": "DISPLAY_RANGE",
                    "plotView": "SCATTER_PLOT",
                    "connect": false,
                    "showTooltips": true,
                    "markerSize": 1,
                    "isMarkerSizeCustom": false,
                    "densityPlotData": [],
                    "numXBins": 40,
                    "numYBins": 20,
                    "xBinSize": 0,
                    "yBinSize": 0
                },
                "sqExportODataPanelStore": {
                    "name": "Promotional - MASTER - Predicting Product Properties Based on Upstream Conditions (Soft Sensor)",
                    "originalParameters": [],
                    "advancedParametersCollapsed": true,
                    "autoupdateTimeRange": false,
                    "timeRange": {
                        "start": 1540295400000,
                        "end": 1540900200000
                    },
                    "exportTimeZone": {
                        "name": "EET",
                        "displayName": "EET",
                        "offset": "+02:00",
                        "offsetMinutes": 120
                    },
                    "gridOption": "custom",
                    "gridSize": {
                        "value": 5,
                        "units": "min"
                    },
                    "gridOrigin": 1672524000000,
                    "gridOriginEnabled": false,
                    "exportNameSuffix": ""
                },
                "sqTableBuilderStore": {
                    "mode": "condition",
                    "headers": {
                        "condition": {
                            "type": "startEnd",
                            "format": "lll"
                        },
                        "simple": {
                            "type": "startEnd",
                            "format": "lll"
                        }
                    },
                    "columns": {
                        "condition": [
                            {
                                "key": "name",
                                "headerTextAlign": "center",
                                "headerTextStyle": [
                                    "bold"
                                ]
                            }
                        ],
                        "simple": [
                            {
                                "key": "name",
                                "accessor": "name",
                                "propertyName": "Name",
                                "style": "string",
                                "title": "NAME",
                                "shortTitle": "NAME",
                                "headerTextAlign": "center",
                                "headerTextStyle": [
                                    "bold"
                                ]
                            },
                            {
                                "key": "statistics.average",
                                "title": "STATISTICS.AVERAGE.LONG",
                                "shortTitle": "STATISTICS.AVERAGE.SHORT",
                                "style": "decimal",
                                "stat": "average()",
                                "invalidsFirst": true,
                                "columnSuffix": "Average",
                                "headerTextAlign": "center",
                                "headerTextStyle": [
                                    "bold"
                                ]
                            }
                        ]
                    },
                    "isTransposed": {
                        "condition": true,
                        "simple": false
                    },
                    "assetId": {},
                    "isHomogenizeUnits": {
                        "condition": false,
                        "simple": false
                    },
                    "itemFilters": {},
                    "itemSorts": {},
                    "isMigrating": false,
                    "chartView": {
                        "enabled": false,
                        "settings": {
                            "title": "",
                            "legend": true,
                            "dataLabels": true,
                            "categoryLabels": true,
                            "rows": [],
                            "columns": [],
                            "categoryColumns": [
                                "name"
                            ],
                            "showSettings": false,
                            "position": {
                                "x": 100,
                                "y": 100
                            }
                        }
                    },
                    "useSignalColorsInChart": true
                },
                "sqFormulaToolStore": {
                    "originalParameters": [],
                    "advancedParametersCollapsed": true,
                    "formula": "",
                    "parameters": [],
                    "navigationStack": [],
                    "helpShown": true
                },
                "sqThresholdMetricStore": {
                    "originalParameters": [],
                    "advancedParametersCollapsed": true,
                    "measuredItem": {
                        "predicate": [
                            "name",
                            "measuredItem"
                        ]
                    },
                    "boundingCondition": {
                        "predicate": [
                            "name",
                            "boundingCondition"
                        ]
                    },
                    "processType": "Condition",
                    "aggregationOperator": {
                        "key": null,
                        "timeUnits": "s"
                    },
                    "duration": {},
                    "period": {},
                    "thresholds": {}
                },
                "sqScatterConditionStore": {
                    "originalParameters": [],
                    "advancedParametersCollapsed": true,
                    "isBounding": false,
                    "isCleansing": false,
                    "minDuration": {
                        "value": 0,
                        "units": "min"
                    },
                    "mergeDuration": {
                        "value": 0,
                        "units": "min"
                    }
                },
                "sqScorecardStore": {
                    "metrics": []
                }
            }
        }
    }
}