{
    "ID": "4A89150B-E8AB-42A5-9A35-4B00EE78D976",
    "Type": "Workstep",
    "Data": {
        "version": 1,
        "state": {
            "stores": {
                "sqTrendSeriesStore": {
                    "items": []
                },
                "sqTrendCapsuleSetStore": {
                    "items": []
                },
                "sqTrendScalarStore": {
                    "items": []
                },
                "sqTrendMetricStore": {
                    "items": []
                },
                "sqTrendTableStore": {
                    "items": []
                },
                "sqDurationStore": {
                    "autoUpdate": {
                        "offset": 17999997
                    },
                    "displayRange": {
                        "start": 1730920183244,
                        "end": 1731006583244
                    },
                    "investigateRange": {
                        "start": 1730398183246,
                        "end": 1731006583246
                    }
                },
                "sqWorksheetStore": {
                    "viewKey": "TREND"
                }
            }
        }
    }
}