{
    "Archived": false,
    "Cache Enabled": false,
    "Created At": "1679390570287238148",
    "Enabled": true,
    "ID": "2AA9F895-CAFF-457B-ADB5-791DF8822820",
    "Locked": false,
    "Removed Worksheet Workstep Relationships": "ab43b597-a825-45f7-9ccf-dd2dc0f5636d",
    "Unsearchable": false,
    "Updated At": "1730946871289351398",
    "Name": "Extended version",
    "Type": "Worksheet",
    "Annotation ID": "5052F779-1478-4D87-917F-0EB83C6A3C7F",
    "Current Workstep ID": "0EF9CB0D-162B-F960-B82C-88381D72B217",
    "URL": "https://demo.seeq.dev/BA689CE1-576C-4381-8C78-F64365932381/workbook/C92F19A5-3192-4CBF-AD19-A6FB862C02C4/worksheet/2AA9F895-CAFF-457B-ADB5-791DF8822820"
}