{
    "ID": "9C7E7280-E387-437E-AA75-5B09E3521FA9",
    "Type": "Workstep",
    "Data": {
        "version": 1,
        "state": {
            "stores": {
                "sqTrendSeriesStore": {
                    "items": []
                },
                "sqTrendCapsuleSetStore": {
                    "items": []
                },
                "sqTrendScalarStore": {
                    "items": []
                },
                "sqTrendMetricStore": {
                    "items": []
                },
                "sqTrendTableStore": {
                    "items": []
                },
                "sqDurationStore": {
                    "autoUpdate": {
                        "offset": 17999942
                    },
                    "displayRange": {
                        "start": 1730917051698,
                        "end": 1731003451698
                    },
                    "investigateRange": {
                        "start": 1730395051755,
                        "end": 1731003451755
                    }
                },
                "sqWorksheetStore": {
                    "viewKey": "TREND"
                }
            }
        }
    }
}