{
  "2C6881D7-2F02-418C-A3AF-CD1162052308": {
    "Definition": {
      "Datasource ID": "trainingData",
      "Source Value Unit Of Measure": "string",
      "Sync Token": "2023-02-16T00:00:00.365541947Z",
      "Enabled": true,
      "Override Maximum Interpolation": "40h",
      "Key Unit Of Measure": "ns",
      "Archived": false,
      "Cache ID": "0EE53BBC-1566-FB00-B40E-8B217CC97091",
      "Datasource Class": "Time Series CSV Files",
      "Cache Enabled": false,
      "Data ID": "[Tag] BatchDemo_Reactor 1_Batch ID.sim.ts.csv",
      "Value Unit Of Measure": "string",
      "Interpolation Method": "Step",
      "Stored Series Cache Version": 1,
      "Unsearchable": false,
      "Source Maximum Interpolation": "2min",
      "Locked": false,
      "Maximum Interpolation": "40h",
      "ID": "2C6881D7-2F02-418C-A3AF-CD1162052308",
      "Name": "BatchDemo_Reactor 1_Batch ID",
      "Type": "StoredSignal"
    },
    "Periods": [
      {
        "Start": "2023-02-03T09:02:12.015000+00:00",
        "End": "2023-02-06T06:26:44.559000+00:00"
      },
      {
        "Start": "2023-02-06T23:24:17.513000+00:00",
        "End": "2023-02-22T05:38:10.323000+00:00"
      },
      {
        "Start": "2022-02-03T07:55:32.015000+00:00",
        "End": "2024-02-06T07:33:24.559000+00:00",
        "Added by User": true
      },
      {
        "Start": "2022-02-06T22:17:37.513000+00:00",
        "End": "2024-02-22T06:44:50.323000+00:00",
        "Added by User": true
      }
    ]
  },
  "769AA51C-7D64-44A1-8BAB-D2B871A7BECB": {
    "Definition": {
      "Datasource ID": "trainingData",
      "Source Value Unit Of Measure": "%",
      "Sync Token": "2023-02-16T00:00:00.365541947Z",
      "Enabled": true,
      "Key Unit Of Measure": "ns",
      "Archived": false,
      "Cache ID": "58EEDAB4-CF89-46A1-9B78-07B290FE52F9",
      "Datasource Class": "Time Series CSV Files",
      "Cache Enabled": false,
      "Data ID": "[Tag] BatchDemo_Reactor 1_Drug Substance Potency.sim.ts.csv",
      "Value Unit Of Measure": "%",
      "Interpolation Method": "Linear",
      "Stored Series Cache Version": 1,
      "Unsearchable": false,
      "Source Maximum Interpolation": "2min",
      "Locked": false,
      "Maximum Interpolation": "2min",
      "ID": "769AA51C-7D64-44A1-8BAB-D2B871A7BECB",
      "Name": "BatchDemo_Reactor 1_Drug Substance Potency",
      "Type": "StoredSignal"
    },
    "Periods": [
      {
        "Start": "2023-02-03T09:02:12.015000+00:00",
        "End": "2023-02-06T06:26:44.559000+00:00"
      },
      {
        "Start": "2023-02-06T23:24:17.513000+00:00",
        "End": "2023-02-22T05:38:10.323000+00:00"
      },
      {
        "Start": "2022-02-03T07:55:32.015000+00:00",
        "End": "2024-02-06T07:33:24.559000+00:00",
        "Added by User": true
      },
      {
        "Start": "2022-02-06T22:17:37.513000+00:00",
        "End": "2024-02-22T06:44:50.323000+00:00",
        "Added by User": true
      }
    ]
  },
  "46FC052F-8540-4A24-A232-F6DB41DB114D": {
    "Definition": {
      "Datasource ID": "trainingData",
      "Source Value Unit Of Measure": "L",
      "Sync Token": "2023-02-16T00:00:00.365541947Z",
      "Enabled": true,
      "Key Unit Of Measure": "ns",
      "Archived": false,
      "Cache ID": "8E0AB17D-9AD3-4D5B-B309-69156D85ED57",
      "Datasource Class": "Time Series CSV Files",
      "Cache Enabled": false,
      "Data ID": "[Tag] BatchDemo_Reactor 1_Volume.sim.ts.csv",
      "Value Unit Of Measure": "L",
      "Interpolation Method": "Linear",
      "Stored Series Cache Version": 1,
      "Unsearchable": false,
      "Source Maximum Interpolation": "2min",
      "Locked": false,
      "Maximum Interpolation": "2min",
      "ID": "46FC052F-8540-4A24-A232-F6DB41DB114D",
      "Name": "BatchDemo_Reactor 1_Volume",
      "Type": "StoredSignal"
    },
    "Periods": [
      {
        "Start": "2023-02-03T09:02:12.015000+00:00",
        "End": "2023-02-06T06:26:44.559000+00:00"
      },
      {
        "Start": "2022-02-03T07:55:32.015000+00:00",
        "End": "2024-02-06T07:33:24.559000+00:00",
        "Added by User": true
      }
    ]
  },
  "EB1DD8E7-F6AA-448A-818E-071282AFDC26": {
    "Definition": {
      "Datasource ID": "trainingData",
      "Source Value Unit Of Measure": "string",
      "Sync Token": "2023-02-16T00:00:00.365541947Z",
      "Enabled": true,
      "Key Unit Of Measure": "ns",
      "Archived": false,
      "Cache ID": "816F388A-6FE3-4157-A27E-065B5A9F3E77",
      "Datasource Class": "Time Series CSV Files",
      "Cache Enabled": false,
      "Data ID": "[Tag] BatchDemo_Reactor 1_Product.sim.ts.csv",
      "Value Unit Of Measure": "string",
      "Interpolation Method": "Step",
      "Stored Series Cache Version": 1,
      "Unsearchable": false,
      "Source Maximum Interpolation": "2min",
      "Locked": false,
      "Maximum Interpolation": "2min",
      "ID": "EB1DD8E7-F6AA-448A-818E-071282AFDC26",
      "Name": "BatchDemo_Reactor 1_Product",
      "Type": "StoredSignal"
    },
    "Periods": [
      {
        "Start": "2023-02-03T09:02:12.015000+00:00",
        "End": "2023-02-06T06:26:44.559000+00:00"
      },
      {
        "Start": "2023-02-06T23:24:17.513000+00:00",
        "End": "2023-02-22T05:38:10.323000+00:00"
      },
      {
        "Start": "2022-02-03T07:55:32.015000+00:00",
        "End": "2024-02-06T07:33:24.559000+00:00",
        "Added by User": true
      },
      {
        "Start": "2022-02-06T22:17:37.513000+00:00",
        "End": "2024-02-22T06:44:50.323000+00:00",
        "Added by User": true
      }
    ]
  },
  "B39D9FD9-5922-4BEB-B182-990DB164A4B2": {
    "Definition": {
      "Datasource ID": "trainingData",
      "Source Value Unit Of Measure": "string",
      "Sync Token": "2023-02-16T00:00:00.365541947Z",
      "Enabled": true,
      "Key Unit Of Measure": "ns",
      "Archived": false,
      "Cache ID": "D845BDDD-6EE3-48F7-9566-ABA3294EA132",
      "Datasource Class": "Time Series CSV Files",
      "Cache Enabled": false,
      "Data ID": "[Tag] BatchDemo_Reactor 1_Operation.sim.ts.csv",
      "Value Unit Of Measure": "string",
      "Interpolation Method": "Step",
      "Stored Series Cache Version": 1,
      "Unsearchable": false,
      "Source Maximum Interpolation": "2min",
      "Locked": false,
      "Maximum Interpolation": "2min",
      "ID": "B39D9FD9-5922-4BEB-B182-990DB164A4B2",
      "Name": "BatchDemo_Reactor 1_Operation",
      "Type": "StoredSignal"
    },
    "Periods": [
      {
        "Start": "2023-02-03T09:02:12.015000+00:00",
        "End": "2023-02-06T06:26:44.559000+00:00"
      },
      {
        "Start": "2023-02-06T23:24:17.513000+00:00",
        "End": "2023-02-22T05:38:10.323000+00:00"
      },
      {
        "Start": "2022-02-03T07:55:32.015000+00:00",
        "End": "2024-02-06T07:33:24.559000+00:00",
        "Added by User": true
      },
      {
        "Start": "2022-02-06T22:17:37.513000+00:00",
        "End": "2024-02-22T06:44:50.323000+00:00",
        "Added by User": true
      }
    ]
  },
  "3FE609ED-F356-4E02-9A0C-5883E31CD875": {
    "Definition": {
      "Datasource ID": "trainingData",
      "Source Value Unit Of Measure": "g/L",
      "Sync Token": "2023-02-16T00:00:00.365541947Z",
      "Enabled": true,
      "Key Unit Of Measure": "ns",
      "Archived": false,
      "Cache ID": "3F6FFF22-1C28-4DCC-97F5-CC4D1C5CD9FC",
      "Datasource Class": "Time Series CSV Files",
      "Cache Enabled": false,
      "Data ID": "[Tag] BatchDemo_Reactor 1_Solution Concentration.sim.ts.csv",
      "Value Unit Of Measure": "g/L",
      "Interpolation Method": "Linear",
      "Stored Series Cache Version": 1,
      "Unsearchable": false,
      "Source Maximum Interpolation": "2min",
      "Locked": false,
      "Maximum Interpolation": "2min",
      "ID": "3FE609ED-F356-4E02-9A0C-5883E31CD875",
      "Name": "BatchDemo_Reactor 1_Solution Concentration",
      "Type": "StoredSignal"
    },
    "Periods": [
      {
        "Start": "2023-02-03T09:02:12.015000+00:00",
        "End": "2023-02-06T06:26:44.559000+00:00"
      },
      {
        "Start": "2023-02-06T23:24:17.513000+00:00",
        "End": "2023-02-22T05:38:10.323000+00:00"
      },
      {
        "Start": "2022-02-03T07:55:32.015000+00:00",
        "End": "2024-02-06T07:33:24.559000+00:00",
        "Added by User": true
      },
      {
        "Start": "2022-02-06T22:17:37.513000+00:00",
        "End": "2024-02-22T06:44:50.323000+00:00",
        "Added by User": true
      }
    ]
  }
}