{
  "317538A4-FEA2-401A-A73B-4D1ABBDB51E6": {
    "Definition": {
      "Datasource ID": "trainingData",
      "Source Value Unit Of Measure": "lb/h",
      "Sync Token": "2023-03-21T02:44:52.452844500Z",
      "Enabled": true,
      "Key Unit Of Measure": "ns",
      "Archived": false,
      "Cache ID": "0040C350-AB5B-4008-B1B9-E9C90107D7B4",
      "Datasource Class": "Time Series CSV Files",
      "Cache Enabled": false,
      "Data ID": "[Tag] Hot Liquid Flow HX.sim.ts.csv",
      "Value Unit Of Measure": "lb/h",
      "Interpolation Method": "Linear",
      "Stored Series Cache Version": 1,
      "Unsearchable": false,
      "Source Maximum Interpolation": "90000000000000ns",
      "Locked": false,
      "Maximum Interpolation": "90000.0s",
      "ID": "317538A4-FEA2-401A-A73B-4D1ABBDB51E6",
      "Name": "Hot Liquid Flow HX",
      "Type": "StoredSignal"
    },
    "Periods": [
      {
        "Start": "2019-09-20T20:24:22.409000+00:00",
        "End": "2026-09-18T20:24:22.409000+00:00"
      },
      {
        "Start": "2018-09-20T19:17:42.409000+00:00",
        "End": "2027-09-18T21:31:02.409000+00:00",
        "Added by User": true
      }
    ]
  },
  "8D5B6208-6FF3-4619-A108-83673AE5F797": {
    "Definition": {
      "Datasource ID": "trainingData",
      "Source Value Unit Of Measure": "\u00b0F",
      "Sync Token": "2023-03-21T02:44:52.452844500Z",
      "Enabled": true,
      "Key Unit Of Measure": "ns",
      "Archived": false,
      "Cache ID": "FF9FCAA6-0790-4EF7-920F-7B966C51D88F",
      "Datasource Class": "Time Series CSV Files",
      "Cache Enabled": false,
      "Data ID": "[Tag] T Hot out HX.sim.ts.csv",
      "Value Unit Of Measure": "\u00b0F",
      "Interpolation Method": "Linear",
      "Stored Series Cache Version": 1,
      "Unsearchable": false,
      "Source Maximum Interpolation": "90000000000000ns",
      "Locked": false,
      "Maximum Interpolation": "90000.0s",
      "ID": "8D5B6208-6FF3-4619-A108-83673AE5F797",
      "Name": "T Hot out HX",
      "Type": "StoredSignal"
    },
    "Periods": [
      {
        "Start": "2019-09-20T20:24:22.409000+00:00",
        "End": "2026-09-18T20:24:22.409000+00:00"
      },
      {
        "Start": "2018-09-20T19:17:42.409000+00:00",
        "End": "2027-09-18T21:31:02.409000+00:00",
        "Added by User": true
      }
    ]
  },
  "D5168D10-88DD-459C-BABA-E4A43159A0D7": {
    "Definition": {
      "Datasource ID": "trainingData",
      "Source Value Unit Of Measure": "\u00b0F",
      "Sync Token": "2023-03-21T02:44:52.452844500Z",
      "Enabled": true,
      "Key Unit Of Measure": "ns",
      "Archived": false,
      "Cache ID": "58042294-6BEF-402E-9E4C-4B860924BFF9",
      "Datasource Class": "Time Series CSV Files",
      "Cache Enabled": false,
      "Data ID": "[Tag] T Cold Out HX.sim.ts.csv",
      "Value Unit Of Measure": "\u00b0F",
      "Interpolation Method": "Linear",
      "Stored Series Cache Version": 1,
      "Unsearchable": false,
      "Source Maximum Interpolation": "90000000000000ns",
      "Locked": false,
      "Maximum Interpolation": "90000.0s",
      "ID": "D5168D10-88DD-459C-BABA-E4A43159A0D7",
      "Name": "T Cold Out HX",
      "Type": "StoredSignal"
    },
    "Periods": [
      {
        "Start": "2019-09-20T20:24:22.409000+00:00",
        "End": "2026-09-18T20:24:22.409000+00:00"
      },
      {
        "Start": "2018-09-20T19:17:42.409000+00:00",
        "End": "2027-09-18T21:31:02.409000+00:00",
        "Added by User": true
      }
    ]
  },
  "4AB87B32-C128-461C-BB67-8D1B14074BD0": {
    "Definition": {
      "Datasource ID": "trainingData",
      "Source Value Unit Of Measure": "\u00b0F",
      "Sync Token": "2023-03-21T02:44:52.452844500Z",
      "Enabled": true,
      "Key Unit Of Measure": "ns",
      "Archived": false,
      "Cache ID": "25761916-A9B1-4B49-B0DF-4077992ECB1D",
      "Datasource Class": "Time Series CSV Files",
      "Cache Enabled": false,
      "Data ID": "[Tag] T Hot in HX.sim.ts.csv",
      "Value Unit Of Measure": "\u00b0F",
      "Interpolation Method": "Linear",
      "Stored Series Cache Version": 1,
      "Unsearchable": false,
      "Source Maximum Interpolation": "90000000000000ns",
      "Locked": false,
      "Maximum Interpolation": "90000.0s",
      "ID": "4AB87B32-C128-461C-BB67-8D1B14074BD0",
      "Name": "T Hot in HX",
      "Type": "StoredSignal"
    },
    "Periods": [
      {
        "Start": "2019-09-20T20:24:22.409000+00:00",
        "End": "2026-09-18T20:24:22.409000+00:00"
      },
      {
        "Start": "2018-09-20T19:17:42.409000+00:00",
        "End": "2027-09-18T21:31:02.409000+00:00",
        "Added by User": true
      }
    ]
  },
  "F4E0087D-100A-4B8D-9FBB-13F09BFC7AB4": {
    "Definition": {
      "Datasource ID": "trainingData",
      "Source Value Unit Of Measure": "lb/h",
      "Sync Token": "2023-03-21T02:44:52.452844500Z",
      "Enabled": true,
      "Key Unit Of Measure": "ns",
      "Archived": false,
      "Cache ID": "C43AACC1-7770-4A3A-9CDC-A5F8610CA9A3",
      "Datasource Class": "Time Series CSV Files",
      "Cache Enabled": false,
      "Data ID": "[Tag] Cold Liquid Flow HX.sim.ts.csv",
      "Value Unit Of Measure": "lb/h",
      "Interpolation Method": "Linear",
      "Stored Series Cache Version": 1,
      "Unsearchable": false,
      "Source Maximum Interpolation": "90000000000000ns",
      "Locked": false,
      "Maximum Interpolation": "90000.0s",
      "ID": "F4E0087D-100A-4B8D-9FBB-13F09BFC7AB4",
      "Name": "Cold Liquid Flow HX",
      "Type": "StoredSignal"
    },
    "Periods": [
      {
        "Start": "2019-09-20T20:24:22.409000+00:00",
        "End": "2026-09-18T20:24:22.409000+00:00"
      },
      {
        "Start": "2018-09-20T19:17:42.409000+00:00",
        "End": "2027-09-18T21:31:02.409000+00:00",
        "Added by User": true
      }
    ]
  },
  "A5445D3C-FAA5-463C-A34B-A1DB00E93819": {
    "Definition": {
      "Datasource ID": "trainingData",
      "Source Value Unit Of Measure": "\u00b0F",
      "Sync Token": "2023-03-21T02:44:52.452844500Z",
      "Enabled": true,
      "Key Unit Of Measure": "ns",
      "Archived": false,
      "Cache ID": "228E3FD1-6CE2-456E-8B4F-285050FD1C7C",
      "Datasource Class": "Time Series CSV Files",
      "Cache Enabled": false,
      "Data ID": "[Tag] T Cold In HX.sim.ts.csv",
      "Value Unit Of Measure": "\u00b0F",
      "Interpolation Method": "Linear",
      "Stored Series Cache Version": 1,
      "Unsearchable": false,
      "Source Maximum Interpolation": "90000000000000ns",
      "Locked": false,
      "Maximum Interpolation": "90000.0s",
      "ID": "A5445D3C-FAA5-463C-A34B-A1DB00E93819",
      "Name": "T Cold In HX",
      "Type": "StoredSignal"
    },
    "Periods": [
      {
        "Start": "2019-09-20T20:24:22.409000+00:00",
        "End": "2026-09-18T20:24:22.409000+00:00"
      },
      {
        "Start": "2018-09-20T19:17:42.409000+00:00",
        "End": "2027-09-18T21:31:02.409000+00:00",
        "Added by User": true
      }
    ]
  },
  "F8E053D1-A4D5-4671-9969-1D5D7D4F27DD": {
    "Definition": {
      "Datasource ID": "Example Data",
      "Source Value Unit Of Measure": "\u00b0F",
      "Datasource Name": "Example Data",
      "Sync Token": "2024-06-22T13:12:17.356547255Z",
      "Line Width": 1.0,
      "Description": "Compressor DE Bearing Temperature",
      "Enabled": false,
      "Override Maximum Interpolation": "20h",
      "Key Unit Of Measure": "ns",
      "Archived": false,
      "Multivalued Samples Behavior": "Keep Last",
      "Cache ID": "1EF0445D-F3EC-6300-B533-F373FF820431",
      "Datasource Class": "Time Series CSV Files",
      "Cache Enabled": true,
      "Data ID": "Area A_Temperature.sim.ts.csv",
      "Value Unit Of Measure": "\u00b0F",
      "Interpolation Method": "Linear",
      "Stored Series Cache Version": 1,
      "Unsearchable": false,
      "Source Maximum Interpolation": "2min",
      "Locked": false,
      "Lane": 3,
      "Maximum Interpolation": "20h",
      "ID": "F8E053D1-A4D5-4671-9969-1D5D7D4F27DD",
      "Name": "Temperature",
      "Type": "StoredSignal",
      "Parent ID": "2407642C-0169-4ED0-A25C-321E29DC975B",
      "Path": "Example >> Cooling Tower 1",
      "Asset": "Area A"
    },
    "Periods": [
      {
        "Start": "2024-06-27T12:30:49.082000+00:00",
        "End": "2024-06-28T12:30:49.082000+00:00"
      },
      {
        "Start": "2023-06-28T11:24:09.082000+00:00",
        "End": "2025-06-28T13:37:29.082000+00:00",
        "Added by User": true
      }
    ]
  }
}