{
    "0600B137-A071-4323-954D-7FAB4A9D6385": {
        "Archived": false,
        "Cache Enabled": false,
        "Cache ID": "1CF210B5-99E9-4FB6-A8D9-097117D36835",
        "Data ID": "[Tag] CVB504_Tension.sim.ts.csv",
        "Datasource Class": "Time Series CSV Files",
        "Datasource ID": "trainingData",
        "Enabled": true,
        "ID": "0600B137-A071-4323-954D-7FAB4A9D6385",
        "Interpolation Method": "Linear",
        "Key Unit Of Measure": "ns",
        "Locked": false,
        "Maximum Interpolation": "60.0s",
        "Name": "CVB504_Tension",
        "Source Maximum Interpolation": "60000000000ns",
        "Source Value Unit Of Measure": "N/m",
        "Stored Series Cache Version": 1,
        "Sync Token": "2023-02-16T00:00:00.365541947Z",
        "Type": "StoredSignal",
        "Unsearchable": false,
        "Value Unit Of Measure": "N/m"
    },
    "0EFA6A0B-4C9B-71B0-ADCE-2000B1F79638": {
        "Access Control": [
            {
                "ID": "0efa6a0b-4c9b-71b0-832f-2cb144107853",
                "Identity": {
                    "Datasource Class": "OAuth 2.0",
                    "Datasource ID": "9ecc7e74-4c32-436d-9af0-70d8aa99386b",
                    "Datasource Name": "Seeq Azure SSO",
                    "Email": "Joseph.Reckamp@seeq.com",
                    "First Name": "Joe",
                    "ID": "C9FD5B90-17F3-4CA7-8C37-CD9B7D9B85D2",
                    "Is Admin": true,
                    "Last Name": "Reckamp",
                    "Name": "Joe Reckamp",
                    "Type": "User",
                    "Username": "DEg3Lh5pLS4-lG84EjGXXXdzxhd1450vkLgiu8he2l8"
                },
                "Origin": null,
                "Permissions": {
                    "Manage": true,
                    "Read": true,
                    "Write": true
                },
                "Redacted": false,
                "Role": "OWNER"
            },
            {
                "ID": "0efa6a0b-4cc7-60d0-a44e-06a6b1da5301",
                "Identity": {
                    "Datasource Class": "OAuth 2.0",
                    "Datasource ID": "9ecc7e74-4c32-436d-9af0-70d8aa99386b",
                    "Datasource Name": "Seeq Azure SSO",
                    "Email": "Joseph.Reckamp@seeq.com",
                    "First Name": "Joe",
                    "ID": "C9FD5B90-17F3-4CA7-8C37-CD9B7D9B85D2",
                    "Is Admin": true,
                    "Last Name": "Reckamp",
                    "Name": "Joe Reckamp",
                    "Type": "User",
                    "Username": "DEg3Lh5pLS4-lG84EjGXXXdzxhd1450vkLgiu8he2l8"
                },
                "Origin": "905A3390-CCA6-489B-89A3-492EC9F7FF26",
                "Permissions": {
                    "Manage": true,
                    "Read": true,
                    "Write": true
                },
                "Redacted": false,
                "Role": null
            }
        ],
        "Ancestors": [
            "__Users__",
            "905A3390-CCA6-489B-89A3-492EC9F7FF26"
        ],
        "Archived": false,
        "Cache Enabled": false,
        "Created At": "1732039462987374025",
        "Enabled": true,
        "ID": "0EFA6A0B-4C9B-71B0-ADCE-2000B1F79638",
        "Locked": false,
        "Name": "DO NOT USE (Please!)",
        "Owner": {
            "Datasource Class": "OAuth 2.0",
            "Datasource ID": "9ecc7e74-4c32-436d-9af0-70d8aa99386b",
            "Datasource Name": "Seeq Azure SSO",
            "Email": "Joseph.Reckamp@seeq.com",
            "First Name": "Joe",
            "ID": "C9FD5B90-17F3-4CA7-8C37-CD9B7D9B85D2",
            "Is Admin": true,
            "Last Name": "Reckamp",
            "Name": "Joe Reckamp",
            "Type": "User",
            "Username": "DEg3Lh5pLS4-lG84EjGXXXdzxhd1450vkLgiu8he2l8"
        },
        "Type": "Folder",
        "Unsearchable": false,
        "Updated At": "1732135031904791904"
    },
    "0EFA7707-EFB9-FF50-AF9F-CE94DAADF9BC": {
        "Archived": false,
        "Asset": "Conveyor Monitoring",
        "Asset Group Member": true,
        "Cache Enabled": false,
        "Created By": "C9FD5B90-17F3-4CA7-8C37-CD9B7D9B85D2",
        "Data ID": "0EFA7707-EFB9-FF50-AF9F-CE94DAADF9BC",
        "Datasource Class": "Seeq Metadata",
        "Datasource ID": "Seeq Metadata",
        "Enabled": true,
        "ID": "0EFA7707-EFB9-FF50-AF9F-CE94DAADF9BC",
        "Locked": false,
        "Name": "Conveyor Monitoring",
        "Old Asset Format": false,
        "Parent ID": "<root>",
        "Path": "",
        "Scoped To": "0EFA7698-8A6E-FB60-9AFE-05150AA7ACE5",
        "Tree Type": "Seeq Workbench",
        "Type": "Asset",
        "Unsearchable": false
    },
    "0EFA7707-FCF4-7300-8CAD-E2F05217008B": {
        "Archived": false,
        "Asset": "CVB-501",
        "Asset Group Member": true,
        "Cache Enabled": false,
        "Data ID": "0EFA7707-FCF4-7300-8CAD-E2F05217008B",
        "Datasource Class": "Seeq Metadata",
        "Datasource ID": "Seeq Metadata",
        "Enabled": true,
        "ID": "0EFA7707-FCF4-7300-8CAD-E2F05217008B",
        "Locked": false,
        "Name": "CVB-501",
        "Old Asset Format": false,
        "Parent ID": "0EFA7707-EFB9-FF50-AF9F-CE94DAADF9BC",
        "Path": "Conveyor Monitoring",
        "Scoped To": "0EFA7698-8A6E-FB60-9AFE-05150AA7ACE5",
        "Tree Type": "Seeq Workbench",
        "Type": "Asset",
        "Unsearchable": false,
        "manuallyAdded": "C9FD5B90-17F3-4CA7-8C37-CD9B7D9B85D2"
    },
    "0EFA7707-FD05-6470-91FE-A3039C1824C1": {
        "Archived": false,
        "Asset": "CVB-501",
        "Asset Group Member": true,
        "Cache Enabled": true,
        "Cache ID": "0EFA7707-FD0F-60B0-9CE9-525BDB09A492",
        "Data ID": "0EFA7707-FD05-6470-91FE-A3039C1824C1",
        "Datasource Class": "Seeq Calculations",
        "Datasource ID": "Seeq Calculations",
        "Enabled": true,
        "Formula": "$signal",
        "Formula Parameters": {
            "signal": "513D7D97-F53B-4B6C-BFD5-A8F975BE52D4"
        },
        "Formula Version": 31,
        "ID": "0EFA7707-FD05-6470-91FE-A3039C1824C1",
        "Interpolation Method": "Step",
        "Locked": false,
        "Maximum Interpolation": {
            "Unit Of Measure": "h",
            "Value": 1
        },
        "Name": "Tension",
        "Parent ID": "0EFA7707-FCF4-7300-8CAD-E2F05217008B",
        "Path": "Conveyor Monitoring",
        "Scoped To": "0EFA7698-8A6E-FB60-9AFE-05150AA7ACE5",
        "Tree Type": "Seeq Workbench",
        "Type": "CalculatedSignal",
        "Unsearchable": false,
        "Value Unit Of Measure": "N/m",
        "manuallyAdded": "C9FD5B90-17F3-4CA7-8C37-CD9B7D9B85D2"
    },
    "0EFA7707-FD13-EED0-A22E-8C5DBB3F09F9": {
        "Archived": false,
        "Asset": "CVB-502",
        "Asset Group Member": true,
        "Cache Enabled": false,
        "Data ID": "0EFA7707-FD13-EED0-A22E-8C5DBB3F09F9",
        "Datasource Class": "Seeq Metadata",
        "Datasource ID": "Seeq Metadata",
        "Enabled": true,
        "ID": "0EFA7707-FD13-EED0-A22E-8C5DBB3F09F9",
        "Locked": false,
        "Name": "CVB-502",
        "Old Asset Format": false,
        "Parent ID": "0EFA7707-EFB9-FF50-AF9F-CE94DAADF9BC",
        "Path": "Conveyor Monitoring",
        "Scoped To": "0EFA7698-8A6E-FB60-9AFE-05150AA7ACE5",
        "Tree Type": "Seeq Workbench",
        "Type": "Asset",
        "Unsearchable": false,
        "manuallyAdded": "C9FD5B90-17F3-4CA7-8C37-CD9B7D9B85D2"
    },
    "0EFA7707-FD2E-EC80-97D8-06C327B80081": {
        "Archived": false,
        "Asset": "CVB-502",
        "Asset Group Member": true,
        "Cache Enabled": true,
        "Cache ID": "0EFA7707-FD38-E8C0-926F-3E20821F2205",
        "Data ID": "0EFA7707-FD2E-EC80-97D8-06C327B80081",
        "Datasource Class": "Seeq Calculations",
        "Datasource ID": "Seeq Calculations",
        "Enabled": true,
        "Formula": "$signal",
        "Formula Parameters": {
            "signal": "F2A74CC0-32BA-4B0A-AB65-690C77501B15"
        },
        "Formula Version": 31,
        "ID": "0EFA7707-FD2E-EC80-97D8-06C327B80081",
        "Interpolation Method": "Linear",
        "Locked": false,
        "Maximum Interpolation": {
            "Unit Of Measure": "s",
            "Value": 60.0
        },
        "Name": "Tension",
        "Parent ID": "0EFA7707-FD13-EED0-A22E-8C5DBB3F09F9",
        "Path": "Conveyor Monitoring",
        "Scoped To": "0EFA7698-8A6E-FB60-9AFE-05150AA7ACE5",
        "Tree Type": "Seeq Workbench",
        "Type": "CalculatedSignal",
        "Unsearchable": false,
        "Value Unit Of Measure": "N/m",
        "manuallyAdded": "C9FD5B90-17F3-4CA7-8C37-CD9B7D9B85D2"
    },
    "0EFA7707-FD3D-66E0-A6CD-525815433512": {
        "Archived": false,
        "Asset": "CVB-503",
        "Asset Group Member": true,
        "Cache Enabled": false,
        "Data ID": "0EFA7707-FD3D-66E0-A6CD-525815433512",
        "Datasource Class": "Seeq Metadata",
        "Datasource ID": "Seeq Metadata",
        "Enabled": true,
        "ID": "0EFA7707-FD3D-66E0-A6CD-525815433512",
        "Locked": false,
        "Name": "CVB-503",
        "Old Asset Format": false,
        "Parent ID": "0EFA7707-EFB9-FF50-AF9F-CE94DAADF9BC",
        "Path": "Conveyor Monitoring",
        "Scoped To": "0EFA7698-8A6E-FB60-9AFE-05150AA7ACE5",
        "Tree Type": "Seeq Workbench",
        "Type": "Asset",
        "Unsearchable": false,
        "manuallyAdded": "C9FD5B90-17F3-4CA7-8C37-CD9B7D9B85D2"
    },
    "0EFA7707-FD53-6670-B226-BFA60E1EAE00": {
        "Archived": false,
        "Asset": "CVB-503",
        "Asset Group Member": true,
        "Cache Enabled": true,
        "Cache ID": "0EFA7707-FD5A-FBA0-A88A-02BD7BED858B",
        "Data ID": "0EFA7707-FD53-6670-B226-BFA60E1EAE00",
        "Datasource Class": "Seeq Calculations",
        "Datasource ID": "Seeq Calculations",
        "Enabled": true,
        "Formula": "$signal",
        "Formula Parameters": {
            "signal": "444C459A-A56D-4856-8853-6221E74B3915"
        },
        "Formula Version": 31,
        "ID": "0EFA7707-FD53-6670-B226-BFA60E1EAE00",
        "Interpolation Method": "Linear",
        "Locked": false,
        "Maximum Interpolation": {
            "Unit Of Measure": "s",
            "Value": 60.0
        },
        "Name": "Tension",
        "Parent ID": "0EFA7707-FD3D-66E0-A6CD-525815433512",
        "Path": "Conveyor Monitoring",
        "Scoped To": "0EFA7698-8A6E-FB60-9AFE-05150AA7ACE5",
        "Tree Type": "Seeq Workbench",
        "Type": "CalculatedSignal",
        "Unsearchable": false,
        "Value Unit Of Measure": "N/m",
        "manuallyAdded": "C9FD5B90-17F3-4CA7-8C37-CD9B7D9B85D2"
    },
    "0EFA7707-FD5F-F9C0-A976-D1F1646C615E": {
        "Archived": false,
        "Asset": "CVB-504",
        "Asset Group Member": true,
        "Cache Enabled": false,
        "Data ID": "0EFA7707-FD5F-F9C0-A976-D1F1646C615E",
        "Datasource Class": "Seeq Metadata",
        "Datasource ID": "Seeq Metadata",
        "Enabled": true,
        "ID": "0EFA7707-FD5F-F9C0-A976-D1F1646C615E",
        "Locked": false,
        "Name": "CVB-504",
        "Old Asset Format": false,
        "Parent ID": "0EFA7707-EFB9-FF50-AF9F-CE94DAADF9BC",
        "Path": "Conveyor Monitoring",
        "Scoped To": "0EFA7698-8A6E-FB60-9AFE-05150AA7ACE5",
        "Tree Type": "Seeq Workbench",
        "Type": "Asset",
        "Unsearchable": false,
        "manuallyAdded": "C9FD5B90-17F3-4CA7-8C37-CD9B7D9B85D2"
    },
    "0EFA7707-FD75-F950-B012-118CD8D2B582": {
        "Archived": false,
        "Asset": "CVB-504",
        "Asset Group Member": true,
        "Cache Enabled": true,
        "Cache ID": "0EFA7707-FD7C-EE80-8079-6DDF063293A1",
        "Data ID": "0EFA7707-FD75-F950-B012-118CD8D2B582",
        "Datasource Class": "Seeq Calculations",
        "Datasource ID": "Seeq Calculations",
        "Enabled": true,
        "Formula": "$signal",
        "Formula Parameters": {
            "signal": "0600B137-A071-4323-954D-7FAB4A9D6385"
        },
        "Formula Version": 31,
        "ID": "0EFA7707-FD75-F950-B012-118CD8D2B582",
        "Interpolation Method": "Linear",
        "Locked": false,
        "Maximum Interpolation": {
            "Unit Of Measure": "s",
            "Value": 60.0
        },
        "Name": "Tension",
        "Parent ID": "0EFA7707-FD5F-F9C0-A976-D1F1646C615E",
        "Path": "Conveyor Monitoring",
        "Scoped To": "0EFA7698-8A6E-FB60-9AFE-05150AA7ACE5",
        "Tree Type": "Seeq Workbench",
        "Type": "CalculatedSignal",
        "Unsearchable": false,
        "Value Unit Of Measure": "N/m",
        "manuallyAdded": "C9FD5B90-17F3-4CA7-8C37-CD9B7D9B85D2"
    },
    "0EFA7707-FD81-ECA0-B8EF-1DC1FF27117B": {
        "Archived": false,
        "Asset": "CVB-505",
        "Asset Group Member": true,
        "Cache Enabled": false,
        "Data ID": "0EFA7707-FD81-ECA0-B8EF-1DC1FF27117B",
        "Datasource Class": "Seeq Metadata",
        "Datasource ID": "Seeq Metadata",
        "Enabled": true,
        "ID": "0EFA7707-FD81-ECA0-B8EF-1DC1FF27117B",
        "Locked": false,
        "Name": "CVB-505",
        "Old Asset Format": false,
        "Parent ID": "0EFA7707-EFB9-FF50-AF9F-CE94DAADF9BC",
        "Path": "Conveyor Monitoring",
        "Scoped To": "0EFA7698-8A6E-FB60-9AFE-05150AA7ACE5",
        "Tree Type": "Seeq Workbench",
        "Type": "Asset",
        "Unsearchable": false,
        "manuallyAdded": "C9FD5B90-17F3-4CA7-8C37-CD9B7D9B85D2"
    },
    "0EFA7707-FD92-EE10-BB04-66D9775EED68": {
        "Archived": false,
        "Asset": "CVB-505",
        "Asset Group Member": true,
        "Cache Enabled": true,
        "Cache ID": "0EFA7707-FD9A-7340-A217-773EEC133079",
        "Data ID": "0EFA7707-FD92-EE10-BB04-66D9775EED68",
        "Datasource Class": "Seeq Calculations",
        "Datasource ID": "Seeq Calculations",
        "Enabled": true,
        "Formula": "$signal",
        "Formula Parameters": {
            "signal": "E1EA3B2A-BACD-4709-A2DF-36A2EE71F8B7"
        },
        "Formula Version": 31,
        "ID": "0EFA7707-FD92-EE10-BB04-66D9775EED68",
        "Interpolation Method": "Linear",
        "Locked": false,
        "Maximum Interpolation": {
            "Unit Of Measure": "s",
            "Value": 60.0
        },
        "Name": "Tension",
        "Parent ID": "0EFA7707-FD81-ECA0-B8EF-1DC1FF27117B",
        "Path": "Conveyor Monitoring",
        "Scoped To": "0EFA7698-8A6E-FB60-9AFE-05150AA7ACE5",
        "Tree Type": "Seeq Workbench",
        "Type": "CalculatedSignal",
        "Unsearchable": false,
        "Value Unit Of Measure": "N/m",
        "manuallyAdded": "C9FD5B90-17F3-4CA7-8C37-CD9B7D9B85D2"
    },
    "0EFA7707-FD9C-EA50-82D9-F6F0DB85CE8E": {
        "Archived": false,
        "Asset": "CVB-506",
        "Asset Group Member": true,
        "Cache Enabled": false,
        "Data ID": "0EFA7707-FD9C-EA50-82D9-F6F0DB85CE8E",
        "Datasource Class": "Seeq Metadata",
        "Datasource ID": "Seeq Metadata",
        "Enabled": true,
        "ID": "0EFA7707-FD9C-EA50-82D9-F6F0DB85CE8E",
        "Locked": false,
        "Name": "CVB-506",
        "Old Asset Format": false,
        "Parent ID": "0EFA7707-EFB9-FF50-AF9F-CE94DAADF9BC",
        "Path": "Conveyor Monitoring",
        "Scoped To": "0EFA7698-8A6E-FB60-9AFE-05150AA7ACE5",
        "Tree Type": "Seeq Workbench",
        "Type": "Asset",
        "Unsearchable": false,
        "manuallyAdded": "C9FD5B90-17F3-4CA7-8C37-CD9B7D9B85D2"
    },
    "0EFA7707-FDB0-62D0-A1E5-9E028D4F8243": {
        "Archived": false,
        "Asset": "CVB-506",
        "Asset Group Member": true,
        "Cache Enabled": true,
        "Cache ID": "0EFA7707-FDB5-60F0-909F-E29C6DF35B38",
        "Data ID": "0EFA7707-FDB0-62D0-A1E5-9E028D4F8243",
        "Datasource Class": "Seeq Calculations",
        "Datasource ID": "Seeq Calculations",
        "Enabled": true,
        "Formula": "$signal",
        "Formula Parameters": {
            "signal": "1244A3F0-18B7-40B3-A220-DDE0DEFAD36A"
        },
        "Formula Version": 31,
        "ID": "0EFA7707-FDB0-62D0-A1E5-9E028D4F8243",
        "Interpolation Method": "Linear",
        "Locked": false,
        "Maximum Interpolation": {
            "Unit Of Measure": "s",
            "Value": 60.0
        },
        "Name": "Tension",
        "Parent ID": "0EFA7707-FD9C-EA50-82D9-F6F0DB85CE8E",
        "Path": "Conveyor Monitoring",
        "Scoped To": "0EFA7698-8A6E-FB60-9AFE-05150AA7ACE5",
        "Tree Type": "Seeq Workbench",
        "Type": "CalculatedSignal",
        "Unsearchable": false,
        "Value Unit Of Measure": "N/m",
        "manuallyAdded": "C9FD5B90-17F3-4CA7-8C37-CD9B7D9B85D2"
    },
    "0EFA7707-FDB9-FF10-BB74-73FC6009A55C": {
        "Archived": false,
        "Asset": "CVB-507",
        "Asset Group Member": true,
        "Cache Enabled": false,
        "Data ID": "0EFA7707-FDB9-FF10-BB74-73FC6009A55C",
        "Datasource Class": "Seeq Metadata",
        "Datasource ID": "Seeq Metadata",
        "Enabled": true,
        "ID": "0EFA7707-FDB9-FF10-BB74-73FC6009A55C",
        "Locked": false,
        "Name": "CVB-507",
        "Old Asset Format": false,
        "Parent ID": "0EFA7707-EFB9-FF50-AF9F-CE94DAADF9BC",
        "Path": "Conveyor Monitoring",
        "Scoped To": "0EFA7698-8A6E-FB60-9AFE-05150AA7ACE5",
        "Tree Type": "Seeq Workbench",
        "Type": "Asset",
        "Unsearchable": false,
        "manuallyAdded": "C9FD5B90-17F3-4CA7-8C37-CD9B7D9B85D2"
    },
    "0EFA7707-FDCB-6080-AA96-5326ABDD458A": {
        "Archived": false,
        "Asset": "CVB-507",
        "Asset Group Member": true,
        "Cache Enabled": true,
        "Cache ID": "0EFA7707-FDD2-75B0-B731-DDB525D9FD48",
        "Data ID": "0EFA7707-FDCB-6080-AA96-5326ABDD458A",
        "Datasource Class": "Seeq Calculations",
        "Datasource ID": "Seeq Calculations",
        "Enabled": true,
        "Formula": "$signal",
        "Formula Parameters": {
            "signal": "B6986F87-72BF-4EBD-807F-B8B3E242CCA0"
        },
        "Formula Version": 31,
        "ID": "0EFA7707-FDCB-6080-AA96-5326ABDD458A",
        "Interpolation Method": "Linear",
        "Locked": false,
        "Maximum Interpolation": {
            "Unit Of Measure": "s",
            "Value": 60.0
        },
        "Name": "Tension",
        "Parent ID": "0EFA7707-FDB9-FF10-BB74-73FC6009A55C",
        "Path": "Conveyor Monitoring",
        "Scoped To": "0EFA7698-8A6E-FB60-9AFE-05150AA7ACE5",
        "Tree Type": "Seeq Workbench",
        "Type": "CalculatedSignal",
        "Unsearchable": false,
        "Value Unit Of Measure": "N/m",
        "manuallyAdded": "C9FD5B90-17F3-4CA7-8C37-CD9B7D9B85D2"
    },
    "0EFA7709-F5E7-EC40-9D22-84C5CF06C270": {
        "Archived": false,
        "Cache Enabled": true,
        "Cache ID": "0EFA7709-F5EF-7170-AAB7-F2A5E3C5A99C",
        "Data ID": "0EFA7709-F5E7-EC40-9D22-84C5CF06C270",
        "Datasource Class": "Seeq Calculations",
        "Datasource ID": "Seeq Calculations",
        "Enabled": true,
        "Formula": [
            "$Tension",
            "   //Smooth Raw Tension signal",
            "   .agileFilter(10min)",
            "   //Calculate derivative",
            "   .derivative()",
            "   //Change default units",
            "   .convertUnits('N/m/h')"
        ],
        "Formula Parameters": {
            "Tension": "0EFA7707-FD92-EE10-BB04-66D9775EED68"
        },
        "Formula Version": 31,
        "ID": "0EFA7709-F5E7-EC40-9D22-84C5CF06C270",
        "Interpolation Method": "Linear",
        "Locked": false,
        "Maximum Interpolation": {
            "Unit Of Measure": "s",
            "Value": 600.0
        },
        "Name": "Derivative",
        "Scoped To": "0EFA7698-8A6E-FB60-9AFE-05150AA7ACE5",
        "Type": "CalculatedSignal",
        "UIConfig": {
            "advancedParametersCollapsed": true,
            "configVersion": 11,
            "localFormula": "",
            "tabTransitioning": false,
            "type": "formula"
        },
        "Unsearchable": false,
        "Value Unit Of Measure": "N/(m\u00b7h)"
    },
    "0EFA770B-4BFA-F910-A0EF-3F70575D5EB4": {
        "Archived": false,
        "Cache Enabled": true,
        "Cache ID": "0EFA770B-4BFD-6020-80AD-3381E9FD3371",
        "Capsule ID Property": "start",
        "Capsule Property Units": {},
        "Data ID": "0EFA770B-4BFA-F910-A0EF-3F70575D5EB4",
        "Datasource Class": "Seeq Calculations",
        "Datasource ID": "Seeq Calculations",
        "Enabled": true,
        "Formula": [
            "($a.validValues() < -.0001)",
            ".merge(90min)",
            ".removeShorterThan(7.25h)"
        ],
        "Formula Parameters": {
            "a": "0EFA7709-F5E7-EC40-9D22-84C5CF06C270"
        },
        "Formula Version": 31,
        "ID": "0EFA770B-4BFA-F910-A0EF-3F70575D5EB4",
        "Locked": false,
        "Name": "Tension decreasing",
        "Scoped To": "0EFA7698-8A6E-FB60-9AFE-05150AA7ACE5",
        "Type": "CalculatedCondition",
        "UIConfig": {
            "advancedEntryDuration": {
                "units": "min",
                "value": 0
            },
            "advancedEntryLowerValue": null,
            "advancedEntryValue": null,
            "advancedExitDuration": {
                "units": "min",
                "value": 0
            },
            "advancedExitValue": null,
            "advancedParametersCollapsed": true,
            "configVersion": 11,
            "isCleansing": true,
            "isMigratedDeviationSearch": false,
            "isSimple": true,
            "mergeDuration": {
                "units": "min",
                "valid": true,
                "value": 90
            },
            "minDuration": {
                "units": "h",
                "valid": true,
                "value": 7.25
            },
            "simpleLowerValue": null,
            "simpleOperator": "<",
            "simpleValue": "-.0001",
            "type": "value-search",
            "useValidValues": true,
            "version": "V3"
        },
        "Unsearchable": false
    },
    "0EFA770C-6EAD-E830-8AE8-6826FAA00E7C": {
        "Archived": false,
        "Cache Enabled": true,
        "Cache ID": "0EFA770C-6EB2-6650-8478-14C6604F139A",
        "Capsule ID Property": "start",
        "Capsule Property Units": {},
        "Data ID": "0EFA770C-6EAD-E830-8AE8-6826FAA00E7C",
        "Datasource Class": "Seeq Calculations",
        "Datasource ID": "Seeq Calculations",
        "Enabled": true,
        "Formula": "$a.validValues() > .008",
        "Formula Parameters": {
            "a": "0EFA7709-F5E7-EC40-9D22-84C5CF06C270"
        },
        "Formula Version": 31,
        "ID": "0EFA770C-6EAD-E830-8AE8-6826FAA00E7C",
        "Locked": false,
        "Name": "In Between Cycles",
        "Scoped To": "0EFA7698-8A6E-FB60-9AFE-05150AA7ACE5",
        "Type": "CalculatedCondition",
        "UIConfig": {
            "advancedEntryDuration": {
                "units": "min",
                "value": 0
            },
            "advancedEntryLowerValue": null,
            "advancedEntryValue": null,
            "advancedExitDuration": {
                "units": "min",
                "value": 0
            },
            "advancedExitValue": null,
            "advancedParametersCollapsed": true,
            "configVersion": 11,
            "isCleansing": false,
            "isMigratedDeviationSearch": false,
            "isSimple": true,
            "mergeDuration": {
                "units": "min",
                "value": 0
            },
            "minDuration": {
                "units": "min",
                "value": 0
            },
            "simpleLowerValue": null,
            "simpleOperator": ">",
            "simpleValue": ".008",
            "type": "value-search",
            "useValidValues": true,
            "version": "V3"
        },
        "Unsearchable": false
    },
    "0EFA770D-6B75-66D0-B6DD-6F3D9ACD0D97": {
        "Archived": false,
        "Cache Enabled": true,
        "Cache ID": "0EFA770D-6B7A-64F0-93D8-B973F85CD9DA",
        "Capsule ID Property": "start",
        "Capsule Property Units": {},
        "Data ID": "0EFA770D-6B75-66D0-B6DD-6F3D9ACD0D97",
        "Datasource Class": "Seeq Calculations",
        "Datasource ID": "Seeq Calculations",
        "Enabled": true,
        "Formula": "$inBetweenCycles.inverse()",
        "Formula Parameters": {
            "inBetweenCycles": "0EFA770C-6EAD-E830-8AE8-6826FAA00E7C"
        },
        "Formula Version": 31,
        "ID": "0EFA770D-6B75-66D0-B6DD-6F3D9ACD0D97",
        "Locked": false,
        "Name": "Cycle",
        "Scoped To": "0EFA7698-8A6E-FB60-9AFE-05150AA7ACE5",
        "Type": "CalculatedCondition",
        "UIConfig": {
            "advancedParametersCollapsed": true,
            "configVersion": 11,
            "localFormula": "",
            "tabTransitioning": false,
            "type": "formula"
        },
        "Unsearchable": false
    },
    "0EFA770F-6893-EE60-AA48-325C02EFB1C5": {
        "Archived": false,
        "Cache Enabled": true,
        "Cache ID": "0EFA770F-6896-7570-8B14-DD691EDAAEA7",
        "Data ID": "0EFA770F-6893-EE60-AA48-325C02EFB1C5",
        "Datasource Class": "Seeq Calculations",
        "Datasource ID": "Seeq Calculations",
        "Enabled": true,
        "Formula": "timeSince($cycle.growEnd(30d),1h)",
        "Formula Parameters": {
            "cycle": "0EFA770D-6B75-66D0-B6DD-6F3D9ACD0D97"
        },
        "Formula Version": 31,
        "ID": "0EFA770F-6893-EE60-AA48-325C02EFB1C5",
        "Interpolation Method": "Linear",
        "Locked": false,
        "Maximum Interpolation": {
            "Unit Of Measure": "h",
            "Value": 1
        },
        "Name": "Time Counter",
        "Scoped To": "0EFA7698-8A6E-FB60-9AFE-05150AA7ACE5",
        "Type": "CalculatedSignal",
        "UIConfig": {
            "advancedParametersCollapsed": true,
            "configVersion": 11,
            "localFormula": "",
            "tabTransitioning": false,
            "type": "formula"
        },
        "Unsearchable": false,
        "Value Unit Of Measure": "h"
    },
    "0EFA7710-EE55-FBB0-BD6A-967FA92DDBFF": {
        "Archived": false,
        "Cache Enabled": true,
        "Cache ID": "0EFA7710-EE5D-60E0-BDAA-17A198158567",
        "Capsule ID Property": "start",
        "Capsule Property Units": {
            "Coeff1": "",
            "Coeff2": "",
            "Intercept": "",
            "rSquared": ""
        },
        "Data ID": "0EFA7710-EE55-FBB0-BD6A-967FA92DDBFF",
        "Datasource Class": "Seeq Calculations",
        "Datasource ID": "Seeq Calculations",
        "Enabled": true,
        "Formula": [
            "//ensure the model extends past the current cycle",
            "$current = condition(30d,capsule(now()-8h,now()+7d))",
            "$includeCurrent = $current.touches($Condition)",
            "$conditionForModel = $Condition.union($includeCurrent)",
            "",
            "//build the regression model",
            "$conditionForModel.removeLongerThan(30d).transform($cap->",
            "             {",
            "              $model=$ModelSignal.validValues().regressionModelOLS(group($cap),false,$Time,$Time^2)",
            "              $cap.setProperty('Coeff1',$model.get('coefficient1'))",
            "              .setProperty('Coeff2',$model.get('coefficient2'))",
            "              .setProperty('Intercept',$model.get('intercept'))",
            "              .setProperty('rSquared',$model.get('rSquared'))})"
        ],
        "Formula Parameters": {
            "Condition": "0EFA770B-4BFA-F910-A0EF-3F70575D5EB4",
            "ModelSignal": "0EFA7707-FD92-EE10-BB04-66D9775EED68",
            "Time": "0EFA770F-6893-EE60-AA48-325C02EFB1C5",
            "c": "0EFA770D-6B75-66D0-B6DD-6F3D9ACD0D97"
        },
        "Formula Version": 31,
        "ID": "0EFA7710-EE55-FBB0-BD6A-967FA92DDBFF",
        "Locked": false,
        "Maximum Duration": {
            "Unit Of Measure": "d",
            "Value": 30
        },
        "Name": "Regression Condition",
        "Scoped To": "0EFA7698-8A6E-FB60-9AFE-05150AA7ACE5",
        "Type": "CalculatedCondition",
        "UIConfig": {
            "advancedParametersCollapsed": true,
            "configVersion": 11,
            "localFormula": "",
            "tabTransitioning": false,
            "type": "formula"
        },
        "Unsearchable": false
    },
    "0EFA7711-EA72-FBF0-BD6A-1EED3316C8E7": {
        "Archived": false,
        "Cache Enabled": true,
        "Cache ID": "0EFA7711-EA75-7300-B56E-F4D810F8F9A6",
        "Data ID": "0EFA7711-EA72-FBF0-BD6A-1EED3316C8E7",
        "Datasource Class": "Seeq Calculations",
        "Datasource ID": "Seeq Calculations",
        "Enabled": true,
        "Formula": "$RegressionCondition.toSignal('Intercept')",
        "Formula Parameters": {
            "RegressionCondition": "0EFA7710-EE55-FBB0-BD6A-967FA92DDBFF"
        },
        "Formula Version": 31,
        "ID": "0EFA7711-EA72-FBF0-BD6A-1EED3316C8E7",
        "Interpolation Method": "Step",
        "Locked": false,
        "Maximum Interpolation": {
            "Unit Of Measure": "d",
            "Value": 30
        },
        "Name": "Regression Eqn Intercept",
        "Scoped To": "0EFA7698-8A6E-FB60-9AFE-05150AA7ACE5",
        "Type": "CalculatedSignal",
        "UIConfig": {
            "advancedParametersCollapsed": true,
            "configVersion": 11,
            "localFormula": "",
            "tabTransitioning": false,
            "type": "formula"
        },
        "Unsearchable": false,
        "Value Unit Of Measure": ""
    },
    "0EFA7712-B160-60A0-A518-677BA5AE2741": {
        "Archived": false,
        "Cache Enabled": true,
        "Cache ID": "0EFA7712-B162-77B0-94F5-3A62E267A8BC",
        "Data ID": "0EFA7712-B160-60A0-A518-677BA5AE2741",
        "Datasource Class": "Seeq Calculations",
        "Datasource ID": "Seeq Calculations",
        "Enabled": true,
        "Formula": "$RegressionCondition.toSignal('Coeff1')",
        "Formula Parameters": {
            "RegressionCondition": "0EFA7710-EE55-FBB0-BD6A-967FA92DDBFF"
        },
        "Formula Version": 31,
        "ID": "0EFA7712-B160-60A0-A518-677BA5AE2741",
        "Interpolation Method": "Step",
        "Locked": false,
        "Maximum Interpolation": {
            "Unit Of Measure": "d",
            "Value": 30
        },
        "Name": "Regression Eqn Coeff1",
        "Scoped To": "0EFA7698-8A6E-FB60-9AFE-05150AA7ACE5",
        "Type": "CalculatedSignal",
        "UIConfig": {
            "advancedParametersCollapsed": true,
            "configVersion": 11,
            "localFormula": "",
            "scopedTo": "0EFA7698-8A6E-FB60-9AFE-05150AA7ACE5",
            "tabTransitioning": false,
            "type": "formula"
        },
        "Unsearchable": false,
        "Value Unit Of Measure": ""
    },
    "0EFA7713-25EC-7770-B92C-ABF97E66A2FF": {
        "Archived": false,
        "Cache Enabled": true,
        "Cache ID": "0EFA7713-25EE-EE80-B200-61AE0E786D67",
        "Data ID": "0EFA7713-25EC-7770-B92C-ABF97E66A2FF",
        "Datasource Class": "Seeq Calculations",
        "Datasource ID": "Seeq Calculations",
        "Enabled": true,
        "Formula": "$RegressionCondition.toSignal('Coeff2')",
        "Formula Parameters": {
            "RegressionCondition": "0EFA7710-EE55-FBB0-BD6A-967FA92DDBFF"
        },
        "Formula Version": 31,
        "ID": "0EFA7713-25EC-7770-B92C-ABF97E66A2FF",
        "Interpolation Method": "Step",
        "Locked": false,
        "Maximum Interpolation": {
            "Unit Of Measure": "d",
            "Value": 30
        },
        "Name": "Regression Eqn Coeff2",
        "Scoped To": "0EFA7698-8A6E-FB60-9AFE-05150AA7ACE5",
        "Type": "CalculatedSignal",
        "UIConfig": {
            "advancedParametersCollapsed": true,
            "configVersion": 11,
            "localFormula": "",
            "scopedTo": "0EFA7698-8A6E-FB60-9AFE-05150AA7ACE5",
            "tabTransitioning": false,
            "type": "formula"
        },
        "Unsearchable": false,
        "Value Unit Of Measure": ""
    },
    "0EFA7714-9776-E840-AA69-52ACFF553A2A": {
        "Archived": false,
        "Cache Enabled": true,
        "Cache ID": "0EFA7714-9780-6480-9C60-9DB1A36A70CA",
        "Data ID": "0EFA7714-9776-E840-AA69-52ACFF553A2A",
        "Datasource Class": "Seeq Calculations",
        "Datasource ID": "Seeq Calculations",
        "Enabled": true,
        "Formula": "$intercept + ($time*$coeff1).setUnits('') + (($time^2)*$coeff2).setUnits('')",
        "Formula Parameters": {
            "c": "0EFA770D-6B75-66D0-B6DD-6F3D9ACD0D97",
            "coeff1": "0EFA7712-B160-60A0-A518-677BA5AE2741",
            "coeff2": "0EFA7713-25EC-7770-B92C-ABF97E66A2FF",
            "intercept": "0EFA7711-EA72-FBF0-BD6A-1EED3316C8E7",
            "t": "0EFA7707-FD92-EE10-BB04-66D9775EED68",
            "time": "0EFA770F-6893-EE60-AA48-325C02EFB1C5"
        },
        "Formula Version": 31,
        "ID": "0EFA7714-9776-E840-AA69-52ACFF553A2A",
        "Interpolation Method": "Linear",
        "Locked": false,
        "Maximum Interpolation": {
            "Unit Of Measure": "h",
            "Value": 1
        },
        "Name": "Tension Model",
        "Scoped To": "0EFA7698-8A6E-FB60-9AFE-05150AA7ACE5",
        "Type": "CalculatedSignal",
        "UIConfig": {
            "advancedParametersCollapsed": true,
            "configVersion": 11,
            "localFormula": "",
            "tabTransitioning": false,
            "type": "formula"
        },
        "Unsearchable": false,
        "Value Unit Of Measure": ""
    },
    "0EFA771A-D20B-6680-9F65-6263B77B56FA": {
        "Archived": false,
        "Cache Enabled": true,
        "Cache ID": "0EFA771A-D212-FBB0-A944-9E65AC99EAB1",
        "Capsule ID Property": "start",
        "Capsule Property Units": {},
        "Data ID": "0EFA771A-D20B-6680-9F65-6263B77B56FA",
        "Datasource Class": "Seeq Calculations",
        "Datasource ID": "Seeq Calculations",
        "Enabled": true,
        "Formula": "$c.afterstart(5d)",
        "Formula Parameters": {
            "c": "0EFA770D-6B75-66D0-B6DD-6F3D9ACD0D97"
        },
        "Formula Version": 31,
        "ID": "0EFA771A-D20B-6680-9F65-6263B77B56FA",
        "Locked": false,
        "Maximum Duration": {
            "Unit Of Measure": "d",
            "Value": 5
        },
        "Name": "First 5 days of Cycle",
        "Scoped To": "0EFA7698-8A6E-FB60-9AFE-05150AA7ACE5",
        "Type": "CalculatedCondition",
        "UIConfig": {
            "advancedParametersCollapsed": true,
            "configVersion": 11,
            "localFormula": "",
            "tabTransitioning": false,
            "type": "formula"
        },
        "Unsearchable": false
    },
    "0EFA771B-CC7F-F9E0-8FB4-82ABE84BFF43": {
        "Archived": false,
        "Cache Enabled": true,
        "Cache ID": "0EFA771B-CC84-E800-B36B-302B36E8F372",
        "Data ID": "0EFA771B-CC7F-F9E0-8FB4-82ABE84BFF43",
        "Datasource Class": "Seeq Calculations",
        "Datasource ID": "Seeq Calculations",
        "Enabled": true,
        "Formula": [
            "$tension.aggregate(average(),$first5,durationKey())",
            ".validValues()",
            ".toStep(40d)",
            ".forecastConstant(30d)"
        ],
        "Formula Parameters": {
            "first5": "0EFA771A-D20B-6680-9F65-6263B77B56FA",
            "tension": "0EFA7707-FD92-EE10-BB04-66D9775EED68"
        },
        "Formula Version": 31,
        "ID": "0EFA771B-CC7F-F9E0-8FB4-82ABE84BFF43",
        "Interpolation Method": "Step",
        "Locked": false,
        "Maximum Interpolation": {
            "Unit Of Measure": "d",
            "Value": 40
        },
        "Name": "Avg Tension during First 5d",
        "Scoped To": "0EFA7698-8A6E-FB60-9AFE-05150AA7ACE5",
        "Type": "CalculatedSignal",
        "UIConfig": {
            "advancedParametersCollapsed": true,
            "configVersion": 11,
            "localFormula": "",
            "tabTransitioning": false,
            "type": "formula"
        },
        "Unsearchable": false,
        "Value Unit Of Measure": "N/m"
    },
    "0EFA771C-B4BA-64D0-8CF9-F5FEAC1B232F": {
        "Archived": false,
        "Cache Enabled": true,
        "Cache ID": "0EFA771C-B4BC-FBE0-BFD9-D206F9832525",
        "Data ID": "0EFA771C-B4BA-64D0-8CF9-F5FEAC1B232F",
        "Datasource Class": "Seeq Calculations",
        "Datasource ID": "Seeq Calculations",
        "Enabled": true,
        "Formula": "$first5dAverage*0.5",
        "Formula Parameters": {
            "first5dAverage": "0EFA771B-CC7F-F9E0-8FB4-82ABE84BFF43"
        },
        "Formula Version": 31,
        "ID": "0EFA771C-B4BA-64D0-8CF9-F5FEAC1B232F",
        "Interpolation Method": "Step",
        "Locked": false,
        "Maximum Interpolation": {
            "Unit Of Measure": "d",
            "Value": 40
        },
        "Name": "Threshold Limit (50% Baseline)",
        "Scoped To": "0EFA7698-8A6E-FB60-9AFE-05150AA7ACE5",
        "Type": "CalculatedSignal",
        "UIConfig": {
            "advancedParametersCollapsed": true,
            "configVersion": 11,
            "localFormula": "",
            "tabTransitioning": false,
            "type": "formula"
        },
        "Unsearchable": false,
        "Value Unit Of Measure": "N/m"
    },
    "0EFA771D-D124-75C0-AB98-42C4E73C3D2F": {
        "Archived": false,
        "Cache Enabled": true,
        "Cache ID": "0EFA771D-D129-73E0-969F-1B4088E408A3",
        "Capsule ID Property": "start",
        "Capsule Property Units": {},
        "Data ID": "0EFA771D-D124-75C0-AB98-42C4E73C3D2F",
        "Datasource Class": "Seeq Calculations",
        "Datasource ID": "Seeq Calculations",
        "Enabled": true,
        "Formula": [
            "($a < $b)",
            ".merge(60min)",
            ".removeShorterThan(60min)"
        ],
        "Formula Parameters": {
            "a": "0EFA7714-9776-E840-AA69-52ACFF553A2A",
            "b": "0EFA771C-B4BA-64D0-8CF9-F5FEAC1B232F"
        },
        "Formula Version": 31,
        "ID": "0EFA771D-D124-75C0-AB98-42C4E73C3D2F",
        "Locked": false,
        "Name": "Tensioning Required ASAP",
        "Scoped To": "0EFA7698-8A6E-FB60-9AFE-05150AA7ACE5",
        "Type": "CalculatedCondition",
        "UIConfig": {
            "advancedEntryDuration": {
                "units": "min",
                "value": 0
            },
            "advancedEntryLowerValue": null,
            "advancedEntryValue": null,
            "advancedExitDuration": {
                "units": "min",
                "value": 0
            },
            "advancedExitValue": null,
            "advancedParametersCollapsed": true,
            "configVersion": 11,
            "isCleansing": true,
            "isMigratedDeviationSearch": false,
            "isSimple": true,
            "mergeDuration": {
                "units": "min",
                "valid": true,
                "value": 60
            },
            "minDuration": {
                "units": "min",
                "valid": true,
                "value": 60
            },
            "simpleLowerValue": null,
            "simpleOperator": "<",
            "simpleValue": "0EFA771C-B4BA-64D0-8CF9-F5FEAC1B232F",
            "type": "value-search",
            "useValidValues": false,
            "version": "V3"
        },
        "Unsearchable": false
    },
    "0EFA7723-F694-EA70-BCB8-6D029E1A4B90": {
        "Archived": false,
        "Cache Enabled": true,
        "Cache ID": "0EFA7723-F6AA-EA00-9548-09BD7EBA471D",
        "Data ID": "0EFA7723-F694-EA70-BCB8-6D029E1A4B90",
        "Datasource Class": "Seeq Calculations",
        "Datasource ID": "Seeq Calculations",
        "Enabled": true,
        "Formula": [
            "$Tension",
            "   //Smooth Raw Tension signal",
            "   .agileFilter(10min)",
            "   //Calculate derivative",
            "   .derivative()",
            "   //Change default units",
            "   .convertUnits('N/m/h')"
        ],
        "Formula Parameters": {
            "Tension": "0EFA7707-FD2E-EC80-97D8-06C327B80081"
        },
        "Formula Version": 31,
        "ID": "0EFA7723-F694-EA70-BCB8-6D029E1A4B90",
        "Interpolation Method": "Linear",
        "Locked": false,
        "Maximum Interpolation": {
            "Unit Of Measure": "s",
            "Value": 600.0
        },
        "Name": "Derivative",
        "Scoped To": "0EFA7698-8A6E-FB60-9AFE-05150AA7ACE5",
        "Swap Key": "0efa7707-fd81-eca0-b8ef-1dc1ff27117b|0efa7707-fd13-eed0-a22e-8c5dbb3f09f9",
        "Swap Source ID": "0EFA7709-F5E7-EC40-9D22-84C5CF06C270",
        "Type": "CalculatedSignal",
        "UIConfig": {
            "advancedParametersCollapsed": true,
            "configVersion": 11,
            "localFormula": "",
            "tabTransitioning": false,
            "type": "formula"
        },
        "Unsearchable": true,
        "Value Unit Of Measure": "N/(m\u00b7h)"
    },
    "0EFA7723-F6D6-F920-B3C9-1CDC353B7691": {
        "Archived": false,
        "Cache Enabled": true,
        "Cache ID": "0EFA7723-F6EC-E8B0-927D-D9B1178DD9FE",
        "Capsule ID Property": "start",
        "Capsule Property Units": {},
        "Data ID": "0EFA7723-F6D6-F920-B3C9-1CDC353B7691",
        "Datasource Class": "Seeq Calculations",
        "Datasource ID": "Seeq Calculations",
        "Enabled": true,
        "Formula": "$a.validValues() > .008",
        "Formula Parameters": {
            "a": "0EFA7723-F694-EA70-BCB8-6D029E1A4B90"
        },
        "Formula Version": 31,
        "ID": "0EFA7723-F6D6-F920-B3C9-1CDC353B7691",
        "Locked": false,
        "Name": "In Between Cycles",
        "Scoped To": "0EFA7698-8A6E-FB60-9AFE-05150AA7ACE5",
        "Swap Key": "0efa7707-fd81-eca0-b8ef-1dc1ff27117b|0efa7707-fd13-eed0-a22e-8c5dbb3f09f9",
        "Swap Source ID": "0EFA770C-6EAD-E830-8AE8-6826FAA00E7C",
        "Type": "CalculatedCondition",
        "UIConfig": {
            "advancedEntryDuration": {
                "units": "min",
                "value": 0
            },
            "advancedEntryLowerValue": null,
            "advancedEntryValue": null,
            "advancedExitDuration": {
                "units": "min",
                "value": 0
            },
            "advancedExitValue": null,
            "advancedParametersCollapsed": true,
            "configVersion": 11,
            "isCleansing": false,
            "isMigratedDeviationSearch": false,
            "isSimple": true,
            "mergeDuration": {
                "units": "min",
                "value": 0
            },
            "minDuration": {
                "units": "min",
                "value": 0
            },
            "simpleLowerValue": null,
            "simpleOperator": ">",
            "simpleValue": ".008",
            "type": "value-search",
            "useValidValues": true,
            "version": "V3"
        },
        "Unsearchable": true
    },
    "0EFA7723-F711-62A0-A198-F06D011773E5": {
        "Archived": false,
        "Cache Enabled": true,
        "Cache ID": "0EFA7723-F729-F940-8F5B-5AA06ADAD431",
        "Capsule ID Property": "start",
        "Capsule Property Units": {},
        "Data ID": "0EFA7723-F711-62A0-A198-F06D011773E5",
        "Datasource Class": "Seeq Calculations",
        "Datasource ID": "Seeq Calculations",
        "Enabled": true,
        "Formula": "$inBetweenCycles.inverse()",
        "Formula Parameters": {
            "inBetweenCycles": "0EFA7723-F6D6-F920-B3C9-1CDC353B7691"
        },
        "Formula Version": 31,
        "ID": "0EFA7723-F711-62A0-A198-F06D011773E5",
        "Locked": false,
        "Name": "Cycle",
        "Scoped To": "0EFA7698-8A6E-FB60-9AFE-05150AA7ACE5",
        "Swap Key": "0efa7707-fd81-eca0-b8ef-1dc1ff27117b|0efa7707-fd13-eed0-a22e-8c5dbb3f09f9",
        "Swap Source ID": "0EFA770D-6B75-66D0-B6DD-6F3D9ACD0D97",
        "Type": "CalculatedCondition",
        "UIConfig": {
            "advancedParametersCollapsed": true,
            "configVersion": 11,
            "localFormula": "",
            "tabTransitioning": false,
            "type": "formula"
        },
        "Unsearchable": true
    },
    "0EFA7723-F75A-6680-9B0F-22C4C53FCE5B": {
        "Archived": false,
        "Cache Enabled": true,
        "Cache ID": "0EFA7723-F76D-FF00-B45D-F88F5AE8C9F2",
        "Capsule ID Property": "start",
        "Capsule Property Units": {},
        "Data ID": "0EFA7723-F75A-6680-9B0F-22C4C53FCE5B",
        "Datasource Class": "Seeq Calculations",
        "Datasource ID": "Seeq Calculations",
        "Enabled": true,
        "Formula": [
            "($a.validValues() < -.0001)",
            ".merge(90min)",
            ".removeShorterThan(7.25h)"
        ],
        "Formula Parameters": {
            "a": "0EFA7723-F694-EA70-BCB8-6D029E1A4B90"
        },
        "Formula Version": 31,
        "ID": "0EFA7723-F75A-6680-9B0F-22C4C53FCE5B",
        "Locked": false,
        "Name": "Tension decreasing",
        "Scoped To": "0EFA7698-8A6E-FB60-9AFE-05150AA7ACE5",
        "Swap Key": "0efa7707-fd81-eca0-b8ef-1dc1ff27117b|0efa7707-fd13-eed0-a22e-8c5dbb3f09f9",
        "Swap Source ID": "0EFA770B-4BFA-F910-A0EF-3F70575D5EB4",
        "Type": "CalculatedCondition",
        "UIConfig": {
            "advancedEntryDuration": {
                "units": "min",
                "value": 0
            },
            "advancedEntryLowerValue": null,
            "advancedEntryValue": null,
            "advancedExitDuration": {
                "units": "min",
                "value": 0
            },
            "advancedExitValue": null,
            "advancedParametersCollapsed": true,
            "configVersion": 11,
            "isCleansing": true,
            "isMigratedDeviationSearch": false,
            "isSimple": true,
            "mergeDuration": {
                "units": "min",
                "valid": true,
                "value": 90
            },
            "minDuration": {
                "units": "h",
                "valid": true,
                "value": 7.25
            },
            "simpleLowerValue": null,
            "simpleOperator": "<",
            "simpleValue": "-.0001",
            "type": "value-search",
            "useValidValues": true,
            "version": "V3"
        },
        "Unsearchable": true
    },
    "0EFA7723-F792-E8F0-B7C7-EFC443B0CC36": {
        "Archived": false,
        "Cache Enabled": true,
        "Cache ID": "0EFA7723-F7AD-66A0-BCEF-26D3734AF89D",
        "Data ID": "0EFA7723-F792-E8F0-B7C7-EFC443B0CC36",
        "Datasource Class": "Seeq Calculations",
        "Datasource ID": "Seeq Calculations",
        "Enabled": true,
        "Formula": "timeSince($cycle.growEnd(30d),1h)",
        "Formula Parameters": {
            "cycle": "0EFA7723-F711-62A0-A198-F06D011773E5"
        },
        "Formula Version": 31,
        "ID": "0EFA7723-F792-E8F0-B7C7-EFC443B0CC36",
        "Interpolation Method": "Linear",
        "Locked": false,
        "Maximum Interpolation": {
            "Unit Of Measure": "h",
            "Value": 1
        },
        "Name": "Time Counter",
        "Scoped To": "0EFA7698-8A6E-FB60-9AFE-05150AA7ACE5",
        "Swap Key": "0efa7707-fd81-eca0-b8ef-1dc1ff27117b|0efa7707-fd13-eed0-a22e-8c5dbb3f09f9",
        "Swap Source ID": "0EFA770F-6893-EE60-AA48-325C02EFB1C5",
        "Type": "CalculatedSignal",
        "UIConfig": {
            "advancedParametersCollapsed": true,
            "configVersion": 11,
            "localFormula": "",
            "tabTransitioning": false,
            "type": "formula"
        },
        "Unsearchable": true,
        "Value Unit Of Measure": "h"
    },
    "0EFA7723-F7D9-75C0-BB52-78E3181723EE": {
        "Archived": false,
        "Cache Enabled": true,
        "Cache ID": "0EFA7723-F7F9-7190-93FD-65CBC804E3C3",
        "Capsule ID Property": "start",
        "Capsule Property Units": {
            "Coeff1": "",
            "Coeff2": "",
            "Intercept": "",
            "rSquared": ""
        },
        "Data ID": "0EFA7723-F7D9-75C0-BB52-78E3181723EE",
        "Datasource Class": "Seeq Calculations",
        "Datasource ID": "Seeq Calculations",
        "Enabled": true,
        "Formula": [
            "//ensure the model extends past the current cycle",
            "$current = condition(30d,capsule(now()-8h,now()+7d))",
            "$includeCurrent = $current.touches($Condition)",
            "$conditionForModel = $Condition.union($includeCurrent)",
            "",
            "//build the regression model",
            "$conditionForModel.removeLongerThan(30d).transform($cap->",
            "             {",
            "              $model=$ModelSignal.validValues().regressionModelOLS(group($cap),false,$Time,$Time^2)",
            "              $cap.setProperty('Coeff1',$model.get('coefficient1'))",
            "              .setProperty('Coeff2',$model.get('coefficient2'))",
            "              .setProperty('Intercept',$model.get('intercept'))",
            "              .setProperty('rSquared',$model.get('rSquared'))})"
        ],
        "Formula Parameters": {
            "Condition": "0EFA7723-F75A-6680-9B0F-22C4C53FCE5B",
            "ModelSignal": "0EFA7707-FD2E-EC80-97D8-06C327B80081",
            "Time": "0EFA7723-F792-E8F0-B7C7-EFC443B0CC36",
            "c": "0EFA7723-F711-62A0-A198-F06D011773E5"
        },
        "Formula Version": 31,
        "ID": "0EFA7723-F7D9-75C0-BB52-78E3181723EE",
        "Locked": false,
        "Maximum Duration": {
            "Unit Of Measure": "d",
            "Value": 30
        },
        "Name": "Regression Condition",
        "Scoped To": "0EFA7698-8A6E-FB60-9AFE-05150AA7ACE5",
        "Swap Key": "0efa7707-fd81-eca0-b8ef-1dc1ff27117b|0efa7707-fd13-eed0-a22e-8c5dbb3f09f9",
        "Swap Source ID": "0EFA7710-EE55-FBB0-BD6A-967FA92DDBFF",
        "Type": "CalculatedCondition",
        "UIConfig": {
            "advancedParametersCollapsed": true,
            "configVersion": 11,
            "localFormula": "",
            "tabTransitioning": false,
            "type": "formula"
        },
        "Unsearchable": true
    },
    "0EFA7723-F820-6290-8166-943D914A210C": {
        "Archived": false,
        "Cache Enabled": true,
        "Cache ID": "0EFA7723-F83D-7750-A614-98343817BF33",
        "Data ID": "0EFA7723-F820-6290-8166-943D914A210C",
        "Datasource Class": "Seeq Calculations",
        "Datasource ID": "Seeq Calculations",
        "Enabled": true,
        "Formula": "$RegressionCondition.toSignal('Coeff1')",
        "Formula Parameters": {
            "RegressionCondition": "0EFA7723-F7D9-75C0-BB52-78E3181723EE"
        },
        "Formula Version": 31,
        "ID": "0EFA7723-F820-6290-8166-943D914A210C",
        "Interpolation Method": "Step",
        "Locked": false,
        "Maximum Interpolation": {
            "Unit Of Measure": "d",
            "Value": 30
        },
        "Name": "Regression Eqn Coeff1",
        "Scoped To": "0EFA7698-8A6E-FB60-9AFE-05150AA7ACE5",
        "Swap Key": "0efa7707-fd81-eca0-b8ef-1dc1ff27117b|0efa7707-fd13-eed0-a22e-8c5dbb3f09f9",
        "Swap Source ID": "0EFA7712-B160-60A0-A518-677BA5AE2741",
        "Type": "CalculatedSignal",
        "UIConfig": {
            "advancedParametersCollapsed": true,
            "configVersion": 11,
            "localFormula": "",
            "scopedTo": "0EFA7698-8A6E-FB60-9AFE-05150AA7ACE5",
            "tabTransitioning": false,
            "type": "formula"
        },
        "Unsearchable": true,
        "Value Unit Of Measure": ""
    },
    "0EFA7723-F869-6670-B678-6CBA16E512BC": {
        "Archived": false,
        "Cache Enabled": true,
        "Cache ID": "0EFA7723-F884-6420-88E0-C009B849CF73",
        "Data ID": "0EFA7723-F869-6670-B678-6CBA16E512BC",
        "Datasource Class": "Seeq Calculations",
        "Datasource ID": "Seeq Calculations",
        "Enabled": true,
        "Formula": "$RegressionCondition.toSignal('Coeff2')",
        "Formula Parameters": {
            "RegressionCondition": "0EFA7723-F7D9-75C0-BB52-78E3181723EE"
        },
        "Formula Version": 31,
        "ID": "0EFA7723-F869-6670-B678-6CBA16E512BC",
        "Interpolation Method": "Step",
        "Locked": false,
        "Maximum Interpolation": {
            "Unit Of Measure": "d",
            "Value": 30
        },
        "Name": "Regression Eqn Coeff2",
        "Scoped To": "0EFA7698-8A6E-FB60-9AFE-05150AA7ACE5",
        "Swap Key": "0efa7707-fd81-eca0-b8ef-1dc1ff27117b|0efa7707-fd13-eed0-a22e-8c5dbb3f09f9",
        "Swap Source ID": "0EFA7713-25EC-7770-B92C-ABF97E66A2FF",
        "Type": "CalculatedSignal",
        "UIConfig": {
            "advancedParametersCollapsed": true,
            "configVersion": 11,
            "localFormula": "",
            "scopedTo": "0EFA7698-8A6E-FB60-9AFE-05150AA7ACE5",
            "tabTransitioning": false,
            "type": "formula"
        },
        "Unsearchable": true,
        "Value Unit Of Measure": ""
    },
    "0EFA7723-F8B0-7340-87D8-42F06F738687": {
        "Archived": false,
        "Cache Enabled": true,
        "Cache ID": "0EFA7723-F8C6-62D0-BA41-A816FE335A87",
        "Data ID": "0EFA7723-F8B0-7340-87D8-42F06F738687",
        "Datasource Class": "Seeq Calculations",
        "Datasource ID": "Seeq Calculations",
        "Enabled": true,
        "Formula": "$RegressionCondition.toSignal('Intercept')",
        "Formula Parameters": {
            "RegressionCondition": "0EFA7723-F7D9-75C0-BB52-78E3181723EE"
        },
        "Formula Version": 31,
        "ID": "0EFA7723-F8B0-7340-87D8-42F06F738687",
        "Interpolation Method": "Step",
        "Locked": false,
        "Maximum Interpolation": {
            "Unit Of Measure": "d",
            "Value": 30
        },
        "Name": "Regression Eqn Intercept",
        "Scoped To": "0EFA7698-8A6E-FB60-9AFE-05150AA7ACE5",
        "Swap Key": "0efa7707-fd81-eca0-b8ef-1dc1ff27117b|0efa7707-fd13-eed0-a22e-8c5dbb3f09f9",
        "Swap Source ID": "0EFA7711-EA72-FBF0-BD6A-1EED3316C8E7",
        "Type": "CalculatedSignal",
        "UIConfig": {
            "advancedParametersCollapsed": true,
            "configVersion": 11,
            "localFormula": "",
            "tabTransitioning": false,
            "type": "formula"
        },
        "Unsearchable": true,
        "Value Unit Of Measure": ""
    },
    "0EFA7723-F8F4-F900-BF0D-71CE034619CD": {
        "Archived": false,
        "Cache Enabled": true,
        "Cache ID": "0EFA7723-F916-FBE0-8BF3-3F033B8AF753",
        "Data ID": "0EFA7723-F8F4-F900-BF0D-71CE034619CD",
        "Datasource Class": "Seeq Calculations",
        "Datasource ID": "Seeq Calculations",
        "Enabled": true,
        "Formula": "$intercept + ($time*$coeff1).setUnits('') + (($time^2)*$coeff2).setUnits('')",
        "Formula Parameters": {
            "c": "0EFA7723-F711-62A0-A198-F06D011773E5",
            "coeff1": "0EFA7723-F820-6290-8166-943D914A210C",
            "coeff2": "0EFA7723-F869-6670-B678-6CBA16E512BC",
            "intercept": "0EFA7723-F8B0-7340-87D8-42F06F738687",
            "t": "0EFA7707-FD2E-EC80-97D8-06C327B80081",
            "time": "0EFA7723-F792-E8F0-B7C7-EFC443B0CC36"
        },
        "Formula Version": 31,
        "ID": "0EFA7723-F8F4-F900-BF0D-71CE034619CD",
        "Interpolation Method": "Linear",
        "Locked": false,
        "Maximum Interpolation": {
            "Unit Of Measure": "h",
            "Value": 1
        },
        "Name": "Tension Model",
        "Scoped To": "0EFA7698-8A6E-FB60-9AFE-05150AA7ACE5",
        "Swap Key": "0efa7707-fd81-eca0-b8ef-1dc1ff27117b|0efa7707-fd13-eed0-a22e-8c5dbb3f09f9",
        "Swap Source ID": "0EFA7714-9776-E840-AA69-52ACFF553A2A",
        "Type": "CalculatedSignal",
        "UIConfig": {
            "advancedParametersCollapsed": true,
            "configVersion": 11,
            "localFormula": "",
            "tabTransitioning": false,
            "type": "formula"
        },
        "Unsearchable": true,
        "Value Unit Of Measure": ""
    },
    "0EFA7723-F94C-7740-9F8E-50A6303AD2AE": {
        "Archived": false,
        "Cache Enabled": true,
        "Cache ID": "0EFA7723-F962-66D0-A8FA-6FEE95DB97AA",
        "Capsule ID Property": "start",
        "Capsule Property Units": {},
        "Data ID": "0EFA7723-F94C-7740-9F8E-50A6303AD2AE",
        "Datasource Class": "Seeq Calculations",
        "Datasource ID": "Seeq Calculations",
        "Enabled": true,
        "Formula": "$c.afterstart(5d)",
        "Formula Parameters": {
            "c": "0EFA7723-F711-62A0-A198-F06D011773E5"
        },
        "Formula Version": 31,
        "ID": "0EFA7723-F94C-7740-9F8E-50A6303AD2AE",
        "Locked": false,
        "Maximum Duration": {
            "Unit Of Measure": "d",
            "Value": 5
        },
        "Name": "First 5 days of Cycle",
        "Scoped To": "0EFA7698-8A6E-FB60-9AFE-05150AA7ACE5",
        "Swap Key": "0efa7707-fd81-eca0-b8ef-1dc1ff27117b|0efa7707-fd13-eed0-a22e-8c5dbb3f09f9",
        "Swap Source ID": "0EFA771A-D20B-6680-9F65-6263B77B56FA",
        "Type": "CalculatedCondition",
        "UIConfig": {
            "advancedParametersCollapsed": true,
            "configVersion": 11,
            "localFormula": "",
            "tabTransitioning": false,
            "type": "formula"
        },
        "Unsearchable": true
    },
    "0EFA7723-F990-FD00-8570-4043EB8C82CE": {
        "Archived": false,
        "Cache Enabled": true,
        "Cache ID": "0EFA7723-F9B0-E8D0-BDC7-6586BC2476F0",
        "Data ID": "0EFA7723-F990-FD00-8570-4043EB8C82CE",
        "Datasource Class": "Seeq Calculations",
        "Datasource ID": "Seeq Calculations",
        "Enabled": true,
        "Formula": [
            "$tension.aggregate(average(),$first5,durationKey())",
            ".validValues()",
            ".toStep(40d)",
            ".forecastConstant(30d)"
        ],
        "Formula Parameters": {
            "first5": "0EFA7723-F94C-7740-9F8E-50A6303AD2AE",
            "tension": "0EFA7707-FD2E-EC80-97D8-06C327B80081"
        },
        "Formula Version": 31,
        "ID": "0EFA7723-F990-FD00-8570-4043EB8C82CE",
        "Interpolation Method": "Step",
        "Locked": false,
        "Maximum Interpolation": {
            "Unit Of Measure": "d",
            "Value": 40
        },
        "Name": "Avg Tension during First 5d",
        "Scoped To": "0EFA7698-8A6E-FB60-9AFE-05150AA7ACE5",
        "Swap Key": "0efa7707-fd81-eca0-b8ef-1dc1ff27117b|0efa7707-fd13-eed0-a22e-8c5dbb3f09f9",
        "Swap Source ID": "0EFA771B-CC7F-F9E0-8FB4-82ABE84BFF43",
        "Type": "CalculatedSignal",
        "UIConfig": {
            "advancedParametersCollapsed": true,
            "configVersion": 11,
            "localFormula": "",
            "tabTransitioning": false,
            "type": "formula"
        },
        "Unsearchable": true,
        "Value Unit Of Measure": "N/m"
    },
    "0EFA7723-F9DA-60E0-B283-08DE9ADE6EC0": {
        "Archived": false,
        "Cache Enabled": true,
        "Cache ID": "0EFA7723-F9F9-ECB0-ADE3-DA9D8D915914",
        "Data ID": "0EFA7723-F9DA-60E0-B283-08DE9ADE6EC0",
        "Datasource Class": "Seeq Calculations",
        "Datasource ID": "Seeq Calculations",
        "Enabled": true,
        "Formula": "$first5dAverage*0.5",
        "Formula Parameters": {
            "first5dAverage": "0EFA7723-F990-FD00-8570-4043EB8C82CE"
        },
        "Formula Version": 31,
        "ID": "0EFA7723-F9DA-60E0-B283-08DE9ADE6EC0",
        "Interpolation Method": "Step",
        "Locked": false,
        "Maximum Interpolation": {
            "Unit Of Measure": "d",
            "Value": 40
        },
        "Name": "Threshold Limit (50% Baseline)",
        "Scoped To": "0EFA7698-8A6E-FB60-9AFE-05150AA7ACE5",
        "Swap Key": "0efa7707-fd81-eca0-b8ef-1dc1ff27117b|0efa7707-fd13-eed0-a22e-8c5dbb3f09f9",
        "Swap Source ID": "0EFA771C-B4BA-64D0-8CF9-F5FEAC1B232F",
        "Type": "CalculatedSignal",
        "UIConfig": {
            "advancedParametersCollapsed": true,
            "configVersion": 11,
            "localFormula": "",
            "tabTransitioning": false,
            "type": "formula"
        },
        "Unsearchable": true,
        "Value Unit Of Measure": "N/m"
    },
    "0EFA7723-FA28-62E0-A5EF-7D5ABF998DEB": {
        "Archived": false,
        "Cache Enabled": true,
        "Cache ID": "0EFA7723-FA4F-73E0-BD72-767DBB999F20",
        "Capsule ID Property": "start",
        "Capsule Property Units": {},
        "Data ID": "0EFA7723-FA28-62E0-A5EF-7D5ABF998DEB",
        "Datasource Class": "Seeq Calculations",
        "Datasource ID": "Seeq Calculations",
        "Enabled": true,
        "Formula": [
            "($a < $b)",
            ".merge(60min)",
            ".removeShorterThan(60min)"
        ],
        "Formula Parameters": {
            "a": "0EFA7723-F8F4-F900-BF0D-71CE034619CD",
            "b": "0EFA7723-F9DA-60E0-B283-08DE9ADE6EC0"
        },
        "Formula Version": 31,
        "ID": "0EFA7723-FA28-62E0-A5EF-7D5ABF998DEB",
        "Locked": false,
        "Name": "Tensioning Required ASAP",
        "Scoped To": "0EFA7698-8A6E-FB60-9AFE-05150AA7ACE5",
        "Swap Key": "0efa7707-fd81-eca0-b8ef-1dc1ff27117b|0efa7707-fd13-eed0-a22e-8c5dbb3f09f9",
        "Swap Source ID": "0EFA771D-D124-75C0-AB98-42C4E73C3D2F",
        "Type": "CalculatedCondition",
        "UIConfig": {
            "advancedEntryDuration": {
                "units": "min",
                "value": 0
            },
            "advancedEntryLowerValue": null,
            "advancedEntryValue": null,
            "advancedExitDuration": {
                "units": "min",
                "value": 0
            },
            "advancedExitValue": null,
            "advancedParametersCollapsed": true,
            "configVersion": 11,
            "isCleansing": true,
            "isMigratedDeviationSearch": false,
            "isSimple": true,
            "mergeDuration": {
                "units": "min",
                "valid": true,
                "value": 60
            },
            "minDuration": {
                "units": "min",
                "valid": true,
                "value": 60
            },
            "simpleLowerValue": null,
            "simpleOperator": "<",
            "simpleValue": "0EFA771C-B4BA-64D0-8CF9-F5FEAC1B232F",
            "type": "value-search",
            "useValidValues": false,
            "version": "V3"
        },
        "Unsearchable": true
    },
    "1244A3F0-18B7-40B3-A220-DDE0DEFAD36A": {
        "Archived": false,
        "Cache Enabled": false,
        "Cache ID": "3D301E1B-5118-4BCC-B0C6-9C2FEAEF6AAC",
        "Data ID": "[Tag] CVB506_Tension.sim.ts.csv",
        "Datasource Class": "Time Series CSV Files",
        "Datasource ID": "trainingData",
        "Enabled": true,
        "ID": "1244A3F0-18B7-40B3-A220-DDE0DEFAD36A",
        "Interpolation Method": "Linear",
        "Key Unit Of Measure": "ns",
        "Locked": false,
        "Maximum Interpolation": "60.0s",
        "Name": "CVB506_Tension",
        "Source Maximum Interpolation": "60000000000ns",
        "Source Value Unit Of Measure": "N/m",
        "Stored Series Cache Version": 1,
        "Sync Token": "2023-02-16T00:00:00.365541947Z",
        "Type": "StoredSignal",
        "Unsearchable": false,
        "Value Unit Of Measure": "N/m"
    },
    "444C459A-A56D-4856-8853-6221E74B3915": {
        "Archived": false,
        "Cache Enabled": false,
        "Cache ID": "AF16C15C-28EE-4E6E-B606-CEA36B06AB0B",
        "Data ID": "[Tag] CVB503_Tension.sim.ts.csv",
        "Datasource Class": "Time Series CSV Files",
        "Datasource ID": "trainingData",
        "Enabled": true,
        "ID": "444C459A-A56D-4856-8853-6221E74B3915",
        "Interpolation Method": "Linear",
        "Key Unit Of Measure": "ns",
        "Locked": false,
        "Maximum Interpolation": "60.0s",
        "Name": "CVB503_Tension",
        "Source Maximum Interpolation": "60000000000ns",
        "Source Value Unit Of Measure": "N/m",
        "Stored Series Cache Version": 1,
        "Sync Token": "2023-02-16T00:00:00.365541947Z",
        "Type": "StoredSignal",
        "Unsearchable": false,
        "Value Unit Of Measure": "N/m"
    },
    "513D7D97-F53B-4B6C-BFD5-A8F975BE52D4": {
        "Archived": false,
        "Cache Enabled": false,
        "Cache ID": "81BB680A-CEF8-4FFE-9AC4-A8A7BA698FED",
        "Data ID": "[Tag] CVB501_Tension.sim.ts.csv",
        "Datasource Class": "Time Series CSV Files",
        "Datasource ID": "trainingData",
        "Enabled": true,
        "ID": "513D7D97-F53B-4B6C-BFD5-A8F975BE52D4",
        "Interpolation Method": "Step",
        "Key Unit Of Measure": "ns",
        "Locked": false,
        "Maximum Interpolation": "1h",
        "Name": "CVB501_Tension",
        "Source Maximum Interpolation": "1h",
        "Source Value Unit Of Measure": "N/m",
        "Stored Series Cache Version": 1,
        "Sync Token": "2023-02-16T00:00:00.365541947Z",
        "Type": "StoredSignal",
        "Unsearchable": false,
        "Value Unit Of Measure": "N/m"
    },
    "905A3390-CCA6-489B-89A3-492EC9F7FF26": {
        "Access Control": [
            {
                "ID": "726694d8-3949-4a40-aa59-e01b172690cd",
                "Identity": {
                    "Datasource Class": "OAuth 2.0",
                    "Datasource ID": "9ecc7e74-4c32-436d-9af0-70d8aa99386b",
                    "Datasource Name": "Seeq Azure SSO",
                    "Email": "Joseph.Reckamp@seeq.com",
                    "First Name": "Joe",
                    "ID": "C9FD5B90-17F3-4CA7-8C37-CD9B7D9B85D2",
                    "Is Admin": true,
                    "Last Name": "Reckamp",
                    "Name": "Joe Reckamp",
                    "Type": "User",
                    "Username": "DEg3Lh5pLS4-lG84EjGXXXdzxhd1450vkLgiu8he2l8"
                },
                "Origin": null,
                "Permissions": {
                    "Manage": true,
                    "Read": true,
                    "Write": true
                },
                "Redacted": false,
                "Role": "OWNER"
            }
        ],
        "Ancestors": [
            "__Users__"
        ],
        "Archived": false,
        "Cache Enabled": false,
        "Created At": "1605736826077625600",
        "Enabled": true,
        "ID": "905A3390-CCA6-489B-89A3-492EC9F7FF26",
        "Locked": false,
        "Name": "Joseph Reckamp",
        "Owner": {
            "Datasource Class": "OAuth 2.0",
            "Datasource ID": "9ecc7e74-4c32-436d-9af0-70d8aa99386b",
            "Datasource Name": "Seeq Azure SSO",
            "Email": "Joseph.Reckamp@seeq.com",
            "First Name": "Joe",
            "ID": "C9FD5B90-17F3-4CA7-8C37-CD9B7D9B85D2",
            "Is Admin": true,
            "Last Name": "Reckamp",
            "Name": "Joe Reckamp",
            "Type": "User",
            "Username": "DEg3Lh5pLS4-lG84EjGXXXdzxhd1450vkLgiu8he2l8"
        },
        "Permission Inheritance Disabled": true,
        "Type": "Folder",
        "Unmodifiable": true,
        "Unsearchable": true,
        "Updated At": "1605736826077625600"
    },
    "B6986F87-72BF-4EBD-807F-B8B3E242CCA0": {
        "Archived": false,
        "Cache Enabled": false,
        "Cache ID": "99DD67EB-3CB6-4AFF-9FE7-B18EEBD3F421",
        "Data ID": "[Tag] CVB507_Tension.sim.ts.csv",
        "Datasource Class": "Time Series CSV Files",
        "Datasource ID": "trainingData",
        "Enabled": true,
        "ID": "B6986F87-72BF-4EBD-807F-B8B3E242CCA0",
        "Interpolation Method": "Linear",
        "Key Unit Of Measure": "ns",
        "Locked": false,
        "Maximum Interpolation": "60.0s",
        "Name": "CVB507_Tension",
        "Source Maximum Interpolation": "60000000000ns",
        "Source Value Unit Of Measure": "N/m",
        "Stored Series Cache Version": 1,
        "Sync Token": "2023-02-16T00:00:00.365541947Z",
        "Type": "StoredSignal",
        "Unsearchable": false,
        "Value Unit Of Measure": "N/m"
    },
    "E1EA3B2A-BACD-4709-A2DF-36A2EE71F8B7": {
        "Archived": false,
        "Cache Enabled": false,
        "Cache ID": "986BDC1C-8667-498A-A7A6-795BD58417E8",
        "Data ID": "[Tag] CVB505_Tension.sim.ts.csv",
        "Datasource Class": "Time Series CSV Files",
        "Datasource ID": "trainingData",
        "Enabled": true,
        "ID": "E1EA3B2A-BACD-4709-A2DF-36A2EE71F8B7",
        "Interpolation Method": "Linear",
        "Key Unit Of Measure": "ns",
        "Locked": false,
        "Maximum Interpolation": "60.0s",
        "Name": "CVB505_Tension",
        "Source Maximum Interpolation": "60000000000ns",
        "Source Value Unit Of Measure": "N/m",
        "Stored Series Cache Version": 1,
        "Sync Token": "2023-02-16T00:00:00.365541947Z",
        "Type": "StoredSignal",
        "Unsearchable": false,
        "Value Unit Of Measure": "N/m"
    },
    "F2A74CC0-32BA-4B0A-AB65-690C77501B15": {
        "Archived": false,
        "Cache Enabled": false,
        "Cache ID": "14B3919B-BD2B-4DD2-B20D-BC0E01725EBD",
        "Data ID": "[Tag] CVB502_Tension.sim.ts.csv",
        "Datasource Class": "Time Series CSV Files",
        "Datasource ID": "trainingData",
        "Enabled": true,
        "ID": "F2A74CC0-32BA-4B0A-AB65-690C77501B15",
        "Interpolation Method": "Linear",
        "Key Unit Of Measure": "ns",
        "Locked": false,
        "Maximum Interpolation": "60.0s",
        "Name": "CVB502_Tension",
        "Source Maximum Interpolation": "60000000000ns",
        "Source Value Unit Of Measure": "N/m",
        "Stored Series Cache Version": 1,
        "Sync Token": "2023-02-16T00:00:00.365541947Z",
        "Type": "StoredSignal",
        "Unsearchable": false,
        "Value Unit Of Measure": "N/m"
    }
}