{
    "Definition": {
        "Archived": false,
        "Cache Enabled": false,
        "Created At": "1732129675662777472",
        "Description": "Newcrest Mining performed a similar predictive analysis to assess wear on their crushers, enabling accurate condition-based maintenance leading to a reduction in maintenance costs and additional throughput . Learn more here Problem Statement: Conveyor belts are a key asset for mining companies. They are utilized to transport solids collected from",
        "Document": "<h2><strong>Predict Conveyor Belt Tensioning Requirements Across Conveyor Belts</strong></h2><figure class=\"table\"><table class=\"ck-table-resized\" style=\"border-color:hsl(0, 0%, 100%);border-style:solid;\"><colgroup><col style=\"width:23.51%;\" /><col style=\"width:76.49%;\" /></colgroup><tbody><tr><td style=\"border-color:hsl(0, 0%, 100%);border-style:solid;\"><img src=\"/api/annotations/0EFA772B-F4C6-7560-AA7F-F2704DE7D596/images/image_v1.png\" alt=\"Newcrest Mining - Wikipedia\"></td><td style=\"border-color:hsl(0, 0%, 100%);border-style:solid;\"><h4><i>Newcrest Mining performed a similar predictive analysis to assess wear on their crushers, enabling accurate condition-based maintenance leading to a </i><span style=\"color:hsl(210,75%,60%);\"><i><strong>reduction in maintenance costs and additional throughput</strong></i></span><i>. Learn more </i><a target=\"_blank\" href=\"https://www.nukon.com/success-stories/predicting-crusher-wear-using-analytics\" rel=\"nofollow noopener noreferrer\"><i>here</i></a></h4></td></tr></tbody></table></figure><h4 style=\"margin-left:0in;\"><span style=\"color:#172B4D;\"><strong>Problem Statement:</strong></span></h4><p>Conveyor belts are a key asset for mining companies. They are utilized to transport solids collected from the mines through various pre-processing steps and eventually transfer the materials to a shipping vessel for transfer to the final customer. Creating a predictive model for conveyor belt tension enables condition-based maintenance scheduling, reducing unnecessary spend on time-based maintenance and catching unplanned belt failures preventing line stoppage events.</p><h4><span style=\"color:#172B4D;\"><strong>Solution:</strong></span></h4><h3><a href=\"/links?type&#61;workstep&amp;workbook&#61;0EFA7698-8A6E-FB60-9AFE-05150AA7ACE5&amp;worksheet&#61;0EFA772B-F497-FF30-A5E1-9B95AAA35661&amp;workstep&#61;0EFA772B-F4C1-7740-BA51-FC6109CC91EB\" rel=\"nofollow noopener noreferrer\">Monitor Conveyor Belt Network</a></h3><p>\u00a0</p><p><a href=\"/links?type&#61;workstep&amp;workbook&#61;0EFA7698-8A6E-FB60-9AFE-05150AA7ACE5&amp;worksheet&#61;0EFA772B-F497-FF30-A5E1-9B95AAA35661&amp;workstep&#61;0EFA772B-F4BC-F920-AA49-7C99F101FDCE\" rel=\"nofollow noopener noreferrer\">Identify periods of rapidly decreasing tension</a></p><ul><li>Identify the <a href=\"/links?type&#61;workstep&amp;workbook&#61;0EFA7698-8A6E-FB60-9AFE-05150AA7ACE5&amp;worksheet&#61;0EFA772B-F497-FF30-A5E1-9B95AAA35661&amp;workstep&#61;0EFA772E-49ED-66E0-AB8C-8C5895670443\" rel=\"nofollow noopener noreferrer\">tension signals</a> for the belts (assets) in the conveyor belt network, load into the display pane, and visually examine trends in signals over time. Note that different belts will have different beginning tensions, different mean time to failure, varying degrees of signal noise, and different failure dates.</li><li>Note that even though we have 7 conveyor belts to analyze in our system, we can use Seeq&#39;s Asset Tree functionalities to do our analysis on a <a href=\"/links?type&#61;workstep&amp;workbook&#61;0EFA7698-8A6E-FB60-9AFE-05150AA7ACE5&amp;worksheet&#61;0EFA772B-F497-FF30-A5E1-9B95AAA35661&amp;workstep&#61;0EFA772F-0BD1-EA90-9141-4D45CB7A44A8\" rel=\"nofollow noopener noreferrer\">single asset</a>, then apply it across the entire network of belts. Select one conveyor belt to build the analytics out on. We will use CVB-505.</li><li>We need to identify the different tension cycles, as well as the end of each cycle when the belt begins to lose tension rapidly. We Identify the change in cycles by <a href=\"/links?type&#61;signal&amp;item&#61;0EFA7709-F5E7-EC40-9D22-84C5CF06C270\" rel=\"nofollow noopener noreferrer\">calculating the derivative</a>, and searching for when the <a href=\"/links?type&#61;condition&amp;item&#61;0EFA770C-6EAD-E830-8AE8-6826FAA00E7C\" rel=\"nofollow noopener noreferrer\">derivative is high</a>.\u00a0</li><li>We define the <a href=\"/links?type&#61;condition&amp;item&#61;0EFA770D-6B75-66D0-B6DD-6F3D9ACD0D97\" rel=\"nofollow noopener noreferrer\">cycles</a> as the time between these changes in cycle.\u00a0</li><li>Finally, we identify the time period when the <a href=\"/links?type&#61;condition&amp;item&#61;0EFA770B-4BFA-F910-A0EF-3F70575D5EB4\" rel=\"nofollow noopener noreferrer\">tension is rapidly decreasing</a> as when the derivative is negative.</li></ul><p><a href=\"/links?type&#61;workstep&amp;workbook&#61;0EFA7698-8A6E-FB60-9AFE-05150AA7ACE5&amp;worksheet&#61;0EFA772B-F497-FF30-A5E1-9B95AAA35661&amp;workstep&#61;0EFA772B-F4BF-6030-80C4-A8FE0EA87C65\" rel=\"nofollow noopener noreferrer\">Project tension into future based on decline period</a></p><ul><li>Create a model of the tension signal at the end of each cycle. Seeq Formula can be used to create a best fit model based on the data within each &#34;Tension Rapidly Decreasing&#34; capsule.\u00a0</li><li>First, we make a <a href=\"/links?type&#61;signal&amp;item&#61;0EFA770F-6893-EE60-AA48-325C02EFB1C5\" rel=\"nofollow noopener noreferrer\">time counter signal</a> that accumulates time during each cycle.\u00a0</li><li>We create the <a href=\"/links?type&#61;condition&amp;item&#61;0EFA7710-EE55-FBB0-BD6A-967FA92DDBFF\" rel=\"nofollow noopener noreferrer\">regression condition</a> which stores the intercept and coefficients of the regression equation as capsule properties.\u00a0</li><li>Then we <a href=\"/links?type&#61;workstep&amp;workbook&#61;0EFA7698-8A6E-FB60-9AFE-05150AA7ACE5&amp;worksheet&#61;0EFA772B-F497-FF30-A5E1-9B95AAA35661&amp;workstep&#61;0EFA7735-AC80-73F0-8202-64508BDC4CF4\" rel=\"nofollow noopener noreferrer\">extract these capsule properties as signals</a> and combine those properties with our time counter signal to create the <a href=\"/links?type&#61;signal&amp;item&#61;0EFA7714-9776-E840-AA69-52ACFF553A2A\" rel=\"nofollow noopener noreferrer\">polynomial model equation</a>.</li><li><a href=\"/links?type&#61;workstep&amp;workbook&#61;0EFA7698-8A6E-FB60-9AFE-05150AA7ACE5&amp;worksheet&#61;0EFA772B-F497-FF30-A5E1-9B95AAA35661&amp;workstep&#61;0EFA7738-158E-E8E0-9A28-8407D93D3D85\" rel=\"nofollow noopener noreferrer\">Evaluate goodness of fit of the model using Scatter Plot view</a>.\u00a0</li></ul><p><a href=\"/links?type&#61;workstep&amp;workbook&#61;0EFA7698-8A6E-FB60-9AFE-05150AA7ACE5&amp;worksheet&#61;0EFA772B-F497-FF30-A5E1-9B95AAA35661&amp;workstep&#61;0EFA772B-F4BF-6030-BC5A-EB84275E4C78\" rel=\"nofollow noopener noreferrer\">Detect when tensioning is required based on statistical limits</a></p><ul><li>Create the threshold limit that will be used to determine when a belt requires tensioning. In order to scale this across assets which may have different starting tensions and different threshold values, we will define the threshold value as when the tension falls below 50% of the average tension from the first 5 days of the cycle.\u00a0</li><li>We <a href=\"/links?type&#61;condition&amp;item&#61;0EFA771A-D20B-6680-9F65-6263B77B56FA\" rel=\"nofollow noopener noreferrer\">identify the first 5 days</a>, calculate the <a href=\"/links?type&#61;signal&amp;item&#61;0EFA771B-CC7F-F9E0-8FB4-82ABE84BFF43\" rel=\"nofollow noopener noreferrer\">average tension during that time period</a>, then <a href=\"/links?type&#61;signal&amp;item&#61;0EFA771C-B4BA-64D0-8CF9-F5FEAC1B232F\" rel=\"nofollow noopener noreferrer\">create a new signal that is equal to 50% of that starting tension</a>.</li><li>Use value search to <a href=\"/links?type&#61;condition&amp;item&#61;0EFA771D-D124-75C0-AB98-42C4E73C3D2F\" rel=\"nofollow noopener noreferrer\">identify when the predicted tension will fall below the 50% threshold</a> requiring a tensioning.</li></ul><p><a href=\"/links?type&#61;workstep&amp;workbook&#61;0EFA7698-8A6E-FB60-9AFE-05150AA7ACE5&amp;worksheet&#61;0EFA772B-F497-FF30-A5E1-9B95AAA35661&amp;workstep&#61;0EFA772B-F4C1-7740-BA51-FC6109CC91EB\" rel=\"nofollow noopener noreferrer\">Scale across all conveyor belts</a><br><i>(<strong>Do it!</strong> Swap conveyor from CVB-501 to </i><a href=\"/links?type&#61;workstep&amp;workbook&#61;0EFA7698-8A6E-FB60-9AFE-05150AA7ACE5&amp;worksheet&#61;0EFA772B-F497-FF30-A5E1-9B95AAA35661&amp;workstep&#61;0EFA772B-F4C3-EE50-85BF-22C5BE49D8F6\" rel=\"nofollow noopener noreferrer\"><i>CVB-502</i></a><i>)</i></p><ul><li>Scale this analysis to the other conveyor belts in the network. Use Treemap view to identify which belts have been in the Rapidly Decreasing Tension state over the last day.</li></ul>",
        "DocumentBackup\u02c9DEg3Lh5pLS4-lG84EjGXXXdzxhd1450vkLgiu8he2l8\u02c92024-11-20T19:07:00Z": "<h2><strong>Predict Conveyor Belt Tensioning Requirements Across Conveyor Belts</strong></h2>\n<figure class=\"table\">\n <table class=\"ck-table-resized\" style=\"border-color:hsl(0, 0%, 100%);border-style:solid;\"><colgroup><col style=\"width:23.51%;\" /><col style=\"width:76.49%;\" /></colgroup><tbody><tr><td style=\"border-color:hsl(0, 0%, 100%);border-style:solid;\"><img src=\"/api/annotations/0EFA772B-F4C6-7560-AA7F-F2704DE7D596/images/image_v1.png\" alt=\"Newcrest Mining - Wikipedia\"></td><td style=\"border-color:hsl(0, 0%, 100%);border-style:solid;\">\n     <h4><i>Newcrest Mining performed a similar predictive analysis to assess wear on their crushers, enabling accurate condition-based maintenance leading to a </i><span style=\"color:hsl(210,75%,60%);\"><i><strong>reduction in maintenance costs and additional throughput</strong></i></span><i>. Learn more </i><a target=\"_blank\" href=\"https://www.nukon.com/success-stories/predicting-crusher-wear-using-analytics\" rel=\"nofollow noopener noreferrer\"><i>here</i></a></h4></td></tr></tbody></table>\n</figure>\n<h4 style=\"margin-left:0in;\"><span style=\"color:#172B4D;\"><strong>Problem Statement:</strong></span></h4>\n<p>Conveyor belts are a key asset for mining companies. They are utilized to transport solids collected from the mines through various pre-processing steps and eventually transfer the materials to a shipping vessel for transfer to the final customer. Creating a predictive model for conveyor belt tension enables condition-based maintenance scheduling, reducing unnecessary spend on time-based maintenance and catching unplanned belt failures preventing line stoppage events.</p>\n<h4><span style=\"color:#172B4D;\"><strong>Solution:</strong></span></h4>\n<h3><a href=\"/links?type&#61;workstep&amp;workbook&#61;0EFA7698-8A6E-FB60-9AFE-05150AA7ACE5&amp;worksheet&#61;0EFA772B-F497-FF30-A5E1-9B95AAA35661&amp;workstep&#61;0EFA772B-F4C1-7740-BA51-FC6109CC91EB\" rel=\"nofollow noopener noreferrer\">Monitor Conveyor Belt Network</a></h3>\n<p>\u00a0</p>\n<p><a href=\"/links?type&#61;workstep&amp;workbook&#61;0EFA7698-8A6E-FB60-9AFE-05150AA7ACE5&amp;worksheet&#61;0EFA772B-F497-FF30-A5E1-9B95AAA35661&amp;workstep&#61;0EFA772B-F4BC-F920-AA49-7C99F101FDCE\" rel=\"nofollow noopener noreferrer\">Identify periods of rapidly decreasing tension</a></p>\n<p><a href=\"/links?type&#61;workstep&amp;workbook&#61;0EFA7698-8A6E-FB60-9AFE-05150AA7ACE5&amp;worksheet&#61;0EFA772B-F497-FF30-A5E1-9B95AAA35661&amp;workstep&#61;0EFA772B-F4BF-6030-80C4-A8FE0EA87C65\" rel=\"nofollow noopener noreferrer\">Project tension into future based on decline period</a></p>\n<p><a href=\"/links?type&#61;workstep&amp;workbook&#61;0EFA7698-8A6E-FB60-9AFE-05150AA7ACE5&amp;worksheet&#61;0EFA772B-F497-FF30-A5E1-9B95AAA35661&amp;workstep&#61;0EFA772B-F4BF-6030-BC5A-EB84275E4C78\" rel=\"nofollow noopener noreferrer\">Detect when tensioning is required based on statistical limits</a></p>\n<p><a href=\"/links?type&#61;workstep&amp;workbook&#61;0EFA7698-8A6E-FB60-9AFE-05150AA7ACE5&amp;worksheet&#61;0EFA772B-F497-FF30-A5E1-9B95AAA35661&amp;workstep&#61;0EFA772B-F4C1-7740-BA51-FC6109CC91EB\" rel=\"nofollow noopener noreferrer\">Scale across all conveyor belts</a><br><i>(<strong>Do it!</strong> Swap conveyor from CVB-501 to </i><a href=\"/links?type&#61;workstep&amp;workbook&#61;0EFA7698-8A6E-FB60-9AFE-05150AA7ACE5&amp;worksheet&#61;0EFA772B-F497-FF30-A5E1-9B95AAA35661&amp;workstep&#61;0EFA772B-F4C3-EE50-85BF-22C5BE49D8F6\" rel=\"nofollow noopener noreferrer\"><i>CVB-502</i></a><i>)</i></p>",
        "DocumentBackup\u02c9DEg3Lh5pLS4-lG84EjGXXXdzxhd1450vkLgiu8he2l8\u02c92024-11-20T19:08:00Z": "<h2><strong>Predict Conveyor Belt Tensioning Requirements Across Conveyor Belts</strong></h2><figure class=\"table\"><table class=\"ck-table-resized\" style=\"border-color:hsl(0, 0%, 100%);border-style:solid;\"><colgroup><col style=\"width:23.51%;\" /><col style=\"width:76.49%;\" /></colgroup><tbody><tr><td style=\"border-color:hsl(0, 0%, 100%);border-style:solid;\"><img src=\"/api/annotations/0EFA772B-F4C6-7560-AA7F-F2704DE7D596/images/image_v1.png\" alt=\"Newcrest Mining - Wikipedia\"></td><td style=\"border-color:hsl(0, 0%, 100%);border-style:solid;\"><h4><i>Newcrest Mining performed a similar predictive analysis to assess wear on their crushers, enabling accurate condition-based maintenance leading to a </i><span style=\"color:hsl(210,75%,60%);\"><i><strong>reduction in maintenance costs and additional throughput</strong></i></span><i>. Learn more </i><a target=\"_blank\" href=\"https://www.nukon.com/success-stories/predicting-crusher-wear-using-analytics\" rel=\"nofollow noopener noreferrer\"><i>here</i></a></h4></td></tr></tbody></table></figure><h4 style=\"margin-left:0in;\"><span style=\"color:#172B4D;\"><strong>Problem Statement:</strong></span></h4><p>Conveyor belts are a key asset for mining companies. They are utilized to transport solids collected from the mines through various pre-processing steps and eventually transfer the materials to a shipping vessel for transfer to the final customer. Creating a predictive model for conveyor belt tension enables condition-based maintenance scheduling, reducing unnecessary spend on time-based maintenance and catching unplanned belt failures preventing line stoppage events.</p><h4><span style=\"color:#172B4D;\"><strong>Solution:</strong></span></h4><h3><a href=\"/links?type&#61;workstep&amp;workbook&#61;0EFA7698-8A6E-FB60-9AFE-05150AA7ACE5&amp;worksheet&#61;0EFA772B-F497-FF30-A5E1-9B95AAA35661&amp;workstep&#61;0EFA772B-F4C1-7740-BA51-FC6109CC91EB\" rel=\"nofollow noopener noreferrer\">Monitor Conveyor Belt Network</a></h3><p>\u00a0</p><p><a href=\"/links?type&#61;workstep&amp;workbook&#61;0EFA7698-8A6E-FB60-9AFE-05150AA7ACE5&amp;worksheet&#61;0EFA772B-F497-FF30-A5E1-9B95AAA35661&amp;workstep&#61;0EFA772B-F4BC-F920-AA49-7C99F101FDCE\" rel=\"nofollow noopener noreferrer\">Identify periods of rapidly decreasing tension</a></p><ul><li>Identify the <a href=\"/links?type&#61;workstep&amp;workbook&#61;0EE7A6D8-FCDF-EED0-9785-02A5D684A4E2&amp;worksheet&#61;0EE7D7C5-EA2F-EA60-AF51-A8CB385E11B4&amp;workstep&#61;0EE7D7CB-FFB2-ECB0-8C6D-A63FB071D59A\" rel=\"nofollow noopener noreferrer\">tension signals</a> for the belts (assets) in the conveyor belt network, load into the display pane, and visually examine trends in signals over time. Note that different belts will have different beginning tensions, different mean time to failure, varying degrees of signal noise, and different failure dates.</li><li>Note that even though we have 7 conveyor belts to analyze in our system, we can use Seeq&#39;s Asset Tree functionalities to do our analysis on a <a href=\"/links?type&#61;workstep&amp;workbook&#61;0EE7A6D8-FCDF-EED0-9785-02A5D684A4E2&amp;worksheet&#61;0EE7D7C5-EA2F-EA60-AF51-A8CB385E11B4&amp;workstep&#61;0EE7D7CC-FD73-FBB0-BF35-215D3410D577\" rel=\"nofollow noopener noreferrer\">single asset</a>, then apply it across the entire network of belts. Select one conveyor belt to build the analytics out on. We will use CVB-505.</li><li>We need to identify the different tension cycles, as well as the end of each cycle when the belt begins to lose tension rapidly. We Identify the change in cycles by <a href=\"/links?type&#61;signal&amp;item&#61;0EE7A6E3-D789-FD10-80EA-969FDDA9DDEE\" rel=\"nofollow noopener noreferrer\">calculating the derivative</a>, and searching for when the <a href=\"/links?type&#61;condition&amp;item&#61;0EE7A6E4-EB8C-FFF0-9195-FDD30FC6595C\" rel=\"nofollow noopener noreferrer\">derivative is high</a>.\u00a0</li><li>We define the <a href=\"/links?type&#61;condition&amp;item&#61;0EE7A6E5-F47D-FB40-A32A-7AA1DBC1298F\" rel=\"nofollow noopener noreferrer\">cycles</a> as the time between these changes in cycle.\u00a0</li><li>Finally, we identify the time period when the <a href=\"/links?type&#61;condition&amp;item&#61;0EE7A6E7-0732-6690-AD6E-06C25854D397\" rel=\"nofollow noopener noreferrer\">tension is rapidly decreasing</a> as when the derivative is negative.</li></ul><p><a href=\"/links?type&#61;workstep&amp;workbook&#61;0EFA7698-8A6E-FB60-9AFE-05150AA7ACE5&amp;worksheet&#61;0EFA772B-F497-FF30-A5E1-9B95AAA35661&amp;workstep&#61;0EFA772B-F4BF-6030-80C4-A8FE0EA87C65\" rel=\"nofollow noopener noreferrer\">Project tension into future based on decline period</a></p><p><a href=\"/links?type&#61;workstep&amp;workbook&#61;0EFA7698-8A6E-FB60-9AFE-05150AA7ACE5&amp;worksheet&#61;0EFA772B-F497-FF30-A5E1-9B95AAA35661&amp;workstep&#61;0EFA772B-F4BF-6030-BC5A-EB84275E4C78\" rel=\"nofollow noopener noreferrer\">Detect when tensioning is required based on statistical limits</a></p><p><a href=\"/links?type&#61;workstep&amp;workbook&#61;0EFA7698-8A6E-FB60-9AFE-05150AA7ACE5&amp;worksheet&#61;0EFA772B-F497-FF30-A5E1-9B95AAA35661&amp;workstep&#61;0EFA772B-F4C1-7740-BA51-FC6109CC91EB\" rel=\"nofollow noopener noreferrer\">Scale across all conveyor belts</a><br><i>(<strong>Do it!</strong> Swap conveyor from CVB-501 to </i><a href=\"/links?type&#61;workstep&amp;workbook&#61;0EFA7698-8A6E-FB60-9AFE-05150AA7ACE5&amp;worksheet&#61;0EFA772B-F497-FF30-A5E1-9B95AAA35661&amp;workstep&#61;0EFA772B-F4C3-EE50-85BF-22C5BE49D8F6\" rel=\"nofollow noopener noreferrer\"><i>CVB-502</i></a><i>)</i></p>",
        "DocumentBackup\u02c9DEg3Lh5pLS4-lG84EjGXXXdzxhd1450vkLgiu8he2l8\u02c92024-11-20T19:09:00Z": "<h2><strong>Predict Conveyor Belt Tensioning Requirements Across Conveyor Belts</strong></h2><figure class=\"table\"><table class=\"ck-table-resized\" style=\"border-color:hsl(0, 0%, 100%);border-style:solid;\"><colgroup><col style=\"width:23.51%;\" /><col style=\"width:76.49%;\" /></colgroup><tbody><tr><td style=\"border-color:hsl(0, 0%, 100%);border-style:solid;\"><img src=\"/api/annotations/0EFA772B-F4C6-7560-AA7F-F2704DE7D596/images/image_v1.png\" alt=\"Newcrest Mining - Wikipedia\"></td><td style=\"border-color:hsl(0, 0%, 100%);border-style:solid;\"><h4><i>Newcrest Mining performed a similar predictive analysis to assess wear on their crushers, enabling accurate condition-based maintenance leading to a </i><span style=\"color:hsl(210,75%,60%);\"><i><strong>reduction in maintenance costs and additional throughput</strong></i></span><i>. Learn more </i><a target=\"_blank\" href=\"https://www.nukon.com/success-stories/predicting-crusher-wear-using-analytics\" rel=\"nofollow noopener noreferrer\"><i>here</i></a></h4></td></tr></tbody></table></figure><h4 style=\"margin-left:0in;\"><span style=\"color:#172B4D;\"><strong>Problem Statement:</strong></span></h4><p>Conveyor belts are a key asset for mining companies. They are utilized to transport solids collected from the mines through various pre-processing steps and eventually transfer the materials to a shipping vessel for transfer to the final customer. Creating a predictive model for conveyor belt tension enables condition-based maintenance scheduling, reducing unnecessary spend on time-based maintenance and catching unplanned belt failures preventing line stoppage events.</p><h4><span style=\"color:#172B4D;\"><strong>Solution:</strong></span></h4><h3><a href=\"/links?type&#61;workstep&amp;workbook&#61;0EFA7698-8A6E-FB60-9AFE-05150AA7ACE5&amp;worksheet&#61;0EFA772B-F497-FF30-A5E1-9B95AAA35661&amp;workstep&#61;0EFA772B-F4C1-7740-BA51-FC6109CC91EB\" rel=\"nofollow noopener noreferrer\">Monitor Conveyor Belt Network</a></h3><p>\u00a0</p><p><a href=\"/links?type&#61;workstep&amp;workbook&#61;0EFA7698-8A6E-FB60-9AFE-05150AA7ACE5&amp;worksheet&#61;0EFA772B-F497-FF30-A5E1-9B95AAA35661&amp;workstep&#61;0EFA772B-F4BC-F920-AA49-7C99F101FDCE\" rel=\"nofollow noopener noreferrer\">Identify periods of rapidly decreasing tension</a></p><ul><li>Identify the <a href=\"/links?type&#61;workstep&amp;workbook&#61;0EFA7698-8A6E-FB60-9AFE-05150AA7ACE5&amp;worksheet&#61;0EFA772B-F497-FF30-A5E1-9B95AAA35661&amp;workstep&#61;0EFA772E-49ED-66E0-AB8C-8C5895670443\" rel=\"nofollow noopener noreferrer\">tension signals</a> for the belts (assets) in the conveyor belt network, load into the display pane, and visually examine trends in signals over time. Note that different belts will have different beginning tensions, different mean time to failure, varying degrees of signal noise, and different failure dates.</li><li>Note that even though we have 7 conveyor belts to analyze in our system, we can use Seeq&#39;s Asset Tree functionalities to do our analysis on a single asset, then apply it across the entire network of belts. Select one conveyor belt to build the analytics out on. We will use CVB-505.</li><li>We need to identify the different tension cycles, as well as the end of each cycle when the belt begins to lose tension rapidly. We Identify the change in cycles by calculating the derivative, and searching for when the derivative is high.\u00a0</li><li>We define the cycles as the time between these changes in cycle.\u00a0</li><li>Finally, we identify the time period when the tension is rapidly decreasing as when the derivative is negative.</li></ul><p><a href=\"/links?type&#61;workstep&amp;workbook&#61;0EFA7698-8A6E-FB60-9AFE-05150AA7ACE5&amp;worksheet&#61;0EFA772B-F497-FF30-A5E1-9B95AAA35661&amp;workstep&#61;0EFA772B-F4BF-6030-80C4-A8FE0EA87C65\" rel=\"nofollow noopener noreferrer\">Project tension into future based on decline period</a></p><p><a href=\"/links?type&#61;workstep&amp;workbook&#61;0EFA7698-8A6E-FB60-9AFE-05150AA7ACE5&amp;worksheet&#61;0EFA772B-F497-FF30-A5E1-9B95AAA35661&amp;workstep&#61;0EFA772B-F4BF-6030-BC5A-EB84275E4C78\" rel=\"nofollow noopener noreferrer\">Detect when tensioning is required based on statistical limits</a></p><p><a href=\"/links?type&#61;workstep&amp;workbook&#61;0EFA7698-8A6E-FB60-9AFE-05150AA7ACE5&amp;worksheet&#61;0EFA772B-F497-FF30-A5E1-9B95AAA35661&amp;workstep&#61;0EFA772B-F4C1-7740-BA51-FC6109CC91EB\" rel=\"nofollow noopener noreferrer\">Scale across all conveyor belts</a><br><i>(<strong>Do it!</strong> Swap conveyor from CVB-501 to </i><a href=\"/links?type&#61;workstep&amp;workbook&#61;0EFA7698-8A6E-FB60-9AFE-05150AA7ACE5&amp;worksheet&#61;0EFA772B-F497-FF30-A5E1-9B95AAA35661&amp;workstep&#61;0EFA772B-F4C3-EE50-85BF-22C5BE49D8F6\" rel=\"nofollow noopener noreferrer\"><i>CVB-502</i></a><i>)</i></p>",
        "DocumentBackup\u02c9DEg3Lh5pLS4-lG84EjGXXXdzxhd1450vkLgiu8he2l8\u02c92024-11-20T19:10:00Z": "<h2><strong>Predict Conveyor Belt Tensioning Requirements Across Conveyor Belts</strong></h2><figure class=\"table\"><table class=\"ck-table-resized\" style=\"border-color:hsl(0, 0%, 100%);border-style:solid;\"><colgroup><col style=\"width:23.51%;\" /><col style=\"width:76.49%;\" /></colgroup><tbody><tr><td style=\"border-color:hsl(0, 0%, 100%);border-style:solid;\"><img src=\"/api/annotations/0EFA772B-F4C6-7560-AA7F-F2704DE7D596/images/image_v1.png\" alt=\"Newcrest Mining - Wikipedia\"></td><td style=\"border-color:hsl(0, 0%, 100%);border-style:solid;\"><h4><i>Newcrest Mining performed a similar predictive analysis to assess wear on their crushers, enabling accurate condition-based maintenance leading to a </i><span style=\"color:hsl(210,75%,60%);\"><i><strong>reduction in maintenance costs and additional throughput</strong></i></span><i>. Learn more </i><a target=\"_blank\" href=\"https://www.nukon.com/success-stories/predicting-crusher-wear-using-analytics\" rel=\"nofollow noopener noreferrer\"><i>here</i></a></h4></td></tr></tbody></table></figure><h4 style=\"margin-left:0in;\"><span style=\"color:#172B4D;\"><strong>Problem Statement:</strong></span></h4><p>Conveyor belts are a key asset for mining companies. They are utilized to transport solids collected from the mines through various pre-processing steps and eventually transfer the materials to a shipping vessel for transfer to the final customer. Creating a predictive model for conveyor belt tension enables condition-based maintenance scheduling, reducing unnecessary spend on time-based maintenance and catching unplanned belt failures preventing line stoppage events.</p><h4><span style=\"color:#172B4D;\"><strong>Solution:</strong></span></h4><h3><a href=\"/links?type&#61;workstep&amp;workbook&#61;0EFA7698-8A6E-FB60-9AFE-05150AA7ACE5&amp;worksheet&#61;0EFA772B-F497-FF30-A5E1-9B95AAA35661&amp;workstep&#61;0EFA772B-F4C1-7740-BA51-FC6109CC91EB\" rel=\"nofollow noopener noreferrer\">Monitor Conveyor Belt Network</a></h3><p>\u00a0</p><p><a href=\"/links?type&#61;workstep&amp;workbook&#61;0EFA7698-8A6E-FB60-9AFE-05150AA7ACE5&amp;worksheet&#61;0EFA772B-F497-FF30-A5E1-9B95AAA35661&amp;workstep&#61;0EFA772B-F4BC-F920-AA49-7C99F101FDCE\" rel=\"nofollow noopener noreferrer\">Identify periods of rapidly decreasing tension</a></p><ul><li>Identify the <a href=\"/links?type&#61;workstep&amp;workbook&#61;0EFA7698-8A6E-FB60-9AFE-05150AA7ACE5&amp;worksheet&#61;0EFA772B-F497-FF30-A5E1-9B95AAA35661&amp;workstep&#61;0EFA772E-49ED-66E0-AB8C-8C5895670443\" rel=\"nofollow noopener noreferrer\">tension signals</a> for the belts (assets) in the conveyor belt network, load into the display pane, and visually examine trends in signals over time. Note that different belts will have different beginning tensions, different mean time to failure, varying degrees of signal noise, and different failure dates.</li><li>Note that even though we have 7 conveyor belts to analyze in our system, we can use Seeq&#39;s Asset Tree functionalities to do our analysis on a <a href=\"/links?type&#61;workstep&amp;workbook&#61;0EFA7698-8A6E-FB60-9AFE-05150AA7ACE5&amp;worksheet&#61;0EFA772B-F497-FF30-A5E1-9B95AAA35661&amp;workstep&#61;0EFA772F-0BD1-EA90-9141-4D45CB7A44A8\" rel=\"nofollow noopener noreferrer\">single asset</a>, then apply it across the entire network of belts. Select one conveyor belt to build the analytics out on. We will use CVB-505.</li><li>We need to identify the different tension cycles, as well as the end of each cycle when the belt begins to lose tension rapidly. We Identify the change in cycles by <a href=\"/links?type&#61;signal&amp;item&#61;0EFA7709-F5E7-EC40-9D22-84C5CF06C270\" rel=\"nofollow noopener noreferrer\">calculating the derivative</a>, and searching for when the derivative is high.\u00a0</li><li>We define the cycles as the time between these changes in cycle.\u00a0</li><li>Finally, we identify the time period when the tension is rapidly decreasing as when the derivative is negative.</li></ul><p><a href=\"/links?type&#61;workstep&amp;workbook&#61;0EFA7698-8A6E-FB60-9AFE-05150AA7ACE5&amp;worksheet&#61;0EFA772B-F497-FF30-A5E1-9B95AAA35661&amp;workstep&#61;0EFA772B-F4BF-6030-80C4-A8FE0EA87C65\" rel=\"nofollow noopener noreferrer\">Project tension into future based on decline period</a></p><p><a href=\"/links?type&#61;workstep&amp;workbook&#61;0EFA7698-8A6E-FB60-9AFE-05150AA7ACE5&amp;worksheet&#61;0EFA772B-F497-FF30-A5E1-9B95AAA35661&amp;workstep&#61;0EFA772B-F4BF-6030-BC5A-EB84275E4C78\" rel=\"nofollow noopener noreferrer\">Detect when tensioning is required based on statistical limits</a></p><p><a href=\"/links?type&#61;workstep&amp;workbook&#61;0EFA7698-8A6E-FB60-9AFE-05150AA7ACE5&amp;worksheet&#61;0EFA772B-F497-FF30-A5E1-9B95AAA35661&amp;workstep&#61;0EFA772B-F4C1-7740-BA51-FC6109CC91EB\" rel=\"nofollow noopener noreferrer\">Scale across all conveyor belts</a><br><i>(<strong>Do it!</strong> Swap conveyor from CVB-501 to </i><a href=\"/links?type&#61;workstep&amp;workbook&#61;0EFA7698-8A6E-FB60-9AFE-05150AA7ACE5&amp;worksheet&#61;0EFA772B-F497-FF30-A5E1-9B95AAA35661&amp;workstep&#61;0EFA772B-F4C3-EE50-85BF-22C5BE49D8F6\" rel=\"nofollow noopener noreferrer\"><i>CVB-502</i></a><i>)</i></p>",
        "DocumentBackup\u02c9DEg3Lh5pLS4-lG84EjGXXXdzxhd1450vkLgiu8he2l8\u02c92024-11-20T19:11:00Z": "<h2><strong>Predict Conveyor Belt Tensioning Requirements Across Conveyor Belts</strong></h2><figure class=\"table\"><table class=\"ck-table-resized\" style=\"border-color:hsl(0, 0%, 100%);border-style:solid;\"><colgroup><col style=\"width:23.51%;\" /><col style=\"width:76.49%;\" /></colgroup><tbody><tr><td style=\"border-color:hsl(0, 0%, 100%);border-style:solid;\"><img src=\"/api/annotations/0EFA772B-F4C6-7560-AA7F-F2704DE7D596/images/image_v1.png\" alt=\"Newcrest Mining - Wikipedia\"></td><td style=\"border-color:hsl(0, 0%, 100%);border-style:solid;\"><h4><i>Newcrest Mining performed a similar predictive analysis to assess wear on their crushers, enabling accurate condition-based maintenance leading to a </i><span style=\"color:hsl(210,75%,60%);\"><i><strong>reduction in maintenance costs and additional throughput</strong></i></span><i>. Learn more </i><a target=\"_blank\" href=\"https://www.nukon.com/success-stories/predicting-crusher-wear-using-analytics\" rel=\"nofollow noopener noreferrer\"><i>here</i></a></h4></td></tr></tbody></table></figure><h4 style=\"margin-left:0in;\"><span style=\"color:#172B4D;\"><strong>Problem Statement:</strong></span></h4><p>Conveyor belts are a key asset for mining companies. They are utilized to transport solids collected from the mines through various pre-processing steps and eventually transfer the materials to a shipping vessel for transfer to the final customer. Creating a predictive model for conveyor belt tension enables condition-based maintenance scheduling, reducing unnecessary spend on time-based maintenance and catching unplanned belt failures preventing line stoppage events.</p><h4><span style=\"color:#172B4D;\"><strong>Solution:</strong></span></h4><h3><a href=\"/links?type&#61;workstep&amp;workbook&#61;0EFA7698-8A6E-FB60-9AFE-05150AA7ACE5&amp;worksheet&#61;0EFA772B-F497-FF30-A5E1-9B95AAA35661&amp;workstep&#61;0EFA772B-F4C1-7740-BA51-FC6109CC91EB\" rel=\"nofollow noopener noreferrer\">Monitor Conveyor Belt Network</a></h3><p>\u00a0</p><p><a href=\"/links?type&#61;workstep&amp;workbook&#61;0EFA7698-8A6E-FB60-9AFE-05150AA7ACE5&amp;worksheet&#61;0EFA772B-F497-FF30-A5E1-9B95AAA35661&amp;workstep&#61;0EFA772B-F4BC-F920-AA49-7C99F101FDCE\" rel=\"nofollow noopener noreferrer\">Identify periods of rapidly decreasing tension</a></p><ul><li>Identify the <a href=\"/links?type&#61;workstep&amp;workbook&#61;0EFA7698-8A6E-FB60-9AFE-05150AA7ACE5&amp;worksheet&#61;0EFA772B-F497-FF30-A5E1-9B95AAA35661&amp;workstep&#61;0EFA772E-49ED-66E0-AB8C-8C5895670443\" rel=\"nofollow noopener noreferrer\">tension signals</a> for the belts (assets) in the conveyor belt network, load into the display pane, and visually examine trends in signals over time. Note that different belts will have different beginning tensions, different mean time to failure, varying degrees of signal noise, and different failure dates.</li><li>Note that even though we have 7 conveyor belts to analyze in our system, we can use Seeq&#39;s Asset Tree functionalities to do our analysis on a <a href=\"/links?type&#61;workstep&amp;workbook&#61;0EFA7698-8A6E-FB60-9AFE-05150AA7ACE5&amp;worksheet&#61;0EFA772B-F497-FF30-A5E1-9B95AAA35661&amp;workstep&#61;0EFA772F-0BD1-EA90-9141-4D45CB7A44A8\" rel=\"nofollow noopener noreferrer\">single asset</a>, then apply it across the entire network of belts. Select one conveyor belt to build the analytics out on. We will use CVB-505.</li><li>We need to identify the different tension cycles, as well as the end of each cycle when the belt begins to lose tension rapidly. We Identify the change in cycles by <a href=\"/links?type&#61;signal&amp;item&#61;0EFA7709-F5E7-EC40-9D22-84C5CF06C270\" rel=\"nofollow noopener noreferrer\">calculating the derivative</a>, and searching for when the <a href=\"/links?type&#61;condition&amp;item&#61;0EFA770C-6EAD-E830-8AE8-6826FAA00E7C\" rel=\"nofollow noopener noreferrer\">derivative is high</a>.\u00a0</li><li>We define the <a href=\"/links?type&#61;condition&amp;item&#61;0EFA770D-6B75-66D0-B6DD-6F3D9ACD0D97\" rel=\"nofollow noopener noreferrer\">cycles</a> as the time between these changes in cycle.\u00a0</li><li>Finally, we identify the time period when the <a href=\"/links?type&#61;condition&amp;item&#61;0EFA770B-4BFA-F910-A0EF-3F70575D5EB4\" rel=\"nofollow noopener noreferrer\">tension is rapidly decreasing</a> as when the derivative is negative.</li></ul><p><a href=\"/links?type&#61;workstep&amp;workbook&#61;0EFA7698-8A6E-FB60-9AFE-05150AA7ACE5&amp;worksheet&#61;0EFA772B-F497-FF30-A5E1-9B95AAA35661&amp;workstep&#61;0EFA772B-F4BF-6030-80C4-A8FE0EA87C65\" rel=\"nofollow noopener noreferrer\">Project tension into future based on decline period</a></p><ul><li>Create a model of the tension signal at the end of each cycle. Seeq Formula can be used to create a best fit model based on the data within each &#34;Tension Rapidly Decreasing&#34; capsule.\u00a0</li><li>First, we make a <a href=\"/links?type&#61;signal&amp;item&#61;0EE7A6ED-7A28-EE50-8995-279C2D9E42A5\" rel=\"nofollow noopener noreferrer\">time counter signal</a> that accumulates time during each cycle.\u00a0</li><li>We create the <a href=\"/links?type&#61;condition&amp;item&#61;0EE7A6EF-3532-FDD0-ACC9-24EAC3308B09\" rel=\"nofollow noopener noreferrer\">regression condition</a> which stores the intercept and coefficients of the regression equation as capsule properties.\u00a0</li><li>Then we <a href=\"/links?type&#61;workstep&amp;workbook&#61;0EE7A6D8-FCDF-EED0-9785-02A5D684A4E2&amp;worksheet&#61;0EE7D7C5-EA2F-EA60-AF51-A8CB385E11B4&amp;workstep&#61;0EE7D7DE-18F6-E840-A499-C9149D157445\" rel=\"nofollow noopener noreferrer\">extract these capsule properties as signals</a> and combine those properties with our time counter signal to create the <a href=\"/links?type&#61;signal&amp;item&#61;0EE7A6FA-8082-EA50-B950-4A3E7E685947\" rel=\"nofollow noopener noreferrer\">polynomial model equation</a>.</li><li><a href=\"/links?type&#61;workstep&amp;workbook&#61;0EE7A6D8-FCDF-EED0-9785-02A5D684A4E2&amp;worksheet&#61;0EE7D7C5-EA2F-EA60-AF51-A8CB385E11B4&amp;workstep&#61;0EE7D7E0-4CA1-FD50-8B34-4D3F9A12F8E9\" rel=\"nofollow noopener noreferrer\">Evaluate goodness of fit of the model using Scatter Plot view</a>.\u00a0</li></ul><p><a href=\"/links?type&#61;workstep&amp;workbook&#61;0EFA7698-8A6E-FB60-9AFE-05150AA7ACE5&amp;worksheet&#61;0EFA772B-F497-FF30-A5E1-9B95AAA35661&amp;workstep&#61;0EFA772B-F4BF-6030-BC5A-EB84275E4C78\" rel=\"nofollow noopener noreferrer\">Detect when tensioning is required based on statistical limits</a></p><p><a href=\"/links?type&#61;workstep&amp;workbook&#61;0EFA7698-8A6E-FB60-9AFE-05150AA7ACE5&amp;worksheet&#61;0EFA772B-F497-FF30-A5E1-9B95AAA35661&amp;workstep&#61;0EFA772B-F4C1-7740-BA51-FC6109CC91EB\" rel=\"nofollow noopener noreferrer\">Scale across all conveyor belts</a><br><i>(<strong>Do it!</strong> Swap conveyor from CVB-501 to </i><a href=\"/links?type&#61;workstep&amp;workbook&#61;0EFA7698-8A6E-FB60-9AFE-05150AA7ACE5&amp;worksheet&#61;0EFA772B-F497-FF30-A5E1-9B95AAA35661&amp;workstep&#61;0EFA772B-F4C3-EE50-85BF-22C5BE49D8F6\" rel=\"nofollow noopener noreferrer\"><i>CVB-502</i></a><i>)</i></p>",
        "DocumentBackup\u02c9DEg3Lh5pLS4-lG84EjGXXXdzxhd1450vkLgiu8he2l8\u02c92024-11-20T19:12:00Z": "<h2><strong>Predict Conveyor Belt Tensioning Requirements Across Conveyor Belts</strong></h2><figure class=\"table\"><table class=\"ck-table-resized\" style=\"border-color:hsl(0, 0%, 100%);border-style:solid;\"><colgroup><col style=\"width:23.51%;\" /><col style=\"width:76.49%;\" /></colgroup><tbody><tr><td style=\"border-color:hsl(0, 0%, 100%);border-style:solid;\"><img src=\"/api/annotations/0EFA772B-F4C6-7560-AA7F-F2704DE7D596/images/image_v1.png\" alt=\"Newcrest Mining - Wikipedia\"></td><td style=\"border-color:hsl(0, 0%, 100%);border-style:solid;\"><h4><i>Newcrest Mining performed a similar predictive analysis to assess wear on their crushers, enabling accurate condition-based maintenance leading to a </i><span style=\"color:hsl(210,75%,60%);\"><i><strong>reduction in maintenance costs and additional throughput</strong></i></span><i>. Learn more </i><a target=\"_blank\" href=\"https://www.nukon.com/success-stories/predicting-crusher-wear-using-analytics\" rel=\"nofollow noopener noreferrer\"><i>here</i></a></h4></td></tr></tbody></table></figure><h4 style=\"margin-left:0in;\"><span style=\"color:#172B4D;\"><strong>Problem Statement:</strong></span></h4><p>Conveyor belts are a key asset for mining companies. They are utilized to transport solids collected from the mines through various pre-processing steps and eventually transfer the materials to a shipping vessel for transfer to the final customer. Creating a predictive model for conveyor belt tension enables condition-based maintenance scheduling, reducing unnecessary spend on time-based maintenance and catching unplanned belt failures preventing line stoppage events.</p><h4><span style=\"color:#172B4D;\"><strong>Solution:</strong></span></h4><h3><a href=\"/links?type&#61;workstep&amp;workbook&#61;0EFA7698-8A6E-FB60-9AFE-05150AA7ACE5&amp;worksheet&#61;0EFA772B-F497-FF30-A5E1-9B95AAA35661&amp;workstep&#61;0EFA772B-F4C1-7740-BA51-FC6109CC91EB\" rel=\"nofollow noopener noreferrer\">Monitor Conveyor Belt Network</a></h3><p>\u00a0</p><p><a href=\"/links?type&#61;workstep&amp;workbook&#61;0EFA7698-8A6E-FB60-9AFE-05150AA7ACE5&amp;worksheet&#61;0EFA772B-F497-FF30-A5E1-9B95AAA35661&amp;workstep&#61;0EFA772B-F4BC-F920-AA49-7C99F101FDCE\" rel=\"nofollow noopener noreferrer\">Identify periods of rapidly decreasing tension</a></p><ul><li>Identify the <a href=\"/links?type&#61;workstep&amp;workbook&#61;0EFA7698-8A6E-FB60-9AFE-05150AA7ACE5&amp;worksheet&#61;0EFA772B-F497-FF30-A5E1-9B95AAA35661&amp;workstep&#61;0EFA772E-49ED-66E0-AB8C-8C5895670443\" rel=\"nofollow noopener noreferrer\">tension signals</a> for the belts (assets) in the conveyor belt network, load into the display pane, and visually examine trends in signals over time. Note that different belts will have different beginning tensions, different mean time to failure, varying degrees of signal noise, and different failure dates.</li><li>Note that even though we have 7 conveyor belts to analyze in our system, we can use Seeq&#39;s Asset Tree functionalities to do our analysis on a <a href=\"/links?type&#61;workstep&amp;workbook&#61;0EFA7698-8A6E-FB60-9AFE-05150AA7ACE5&amp;worksheet&#61;0EFA772B-F497-FF30-A5E1-9B95AAA35661&amp;workstep&#61;0EFA772F-0BD1-EA90-9141-4D45CB7A44A8\" rel=\"nofollow noopener noreferrer\">single asset</a>, then apply it across the entire network of belts. Select one conveyor belt to build the analytics out on. We will use CVB-505.</li><li>We need to identify the different tension cycles, as well as the end of each cycle when the belt begins to lose tension rapidly. We Identify the change in cycles by <a href=\"/links?type&#61;signal&amp;item&#61;0EFA7709-F5E7-EC40-9D22-84C5CF06C270\" rel=\"nofollow noopener noreferrer\">calculating the derivative</a>, and searching for when the <a href=\"/links?type&#61;condition&amp;item&#61;0EFA770C-6EAD-E830-8AE8-6826FAA00E7C\" rel=\"nofollow noopener noreferrer\">derivative is high</a>.\u00a0</li><li>We define the <a href=\"/links?type&#61;condition&amp;item&#61;0EFA770D-6B75-66D0-B6DD-6F3D9ACD0D97\" rel=\"nofollow noopener noreferrer\">cycles</a> as the time between these changes in cycle.\u00a0</li><li>Finally, we identify the time period when the <a href=\"/links?type&#61;condition&amp;item&#61;0EFA770B-4BFA-F910-A0EF-3F70575D5EB4\" rel=\"nofollow noopener noreferrer\">tension is rapidly decreasing</a> as when the derivative is negative.</li></ul><p><a href=\"/links?type&#61;workstep&amp;workbook&#61;0EFA7698-8A6E-FB60-9AFE-05150AA7ACE5&amp;worksheet&#61;0EFA772B-F497-FF30-A5E1-9B95AAA35661&amp;workstep&#61;0EFA772B-F4BF-6030-80C4-A8FE0EA87C65\" rel=\"nofollow noopener noreferrer\">Project tension into future based on decline period</a></p><ul><li>Create a model of the tension signal at the end of each cycle. Seeq Formula can be used to create a best fit model based on the data within each &#34;Tension Rapidly Decreasing&#34; capsule.\u00a0</li><li>First, we make a <a href=\"/links?type&#61;signal&amp;item&#61;0EFA770F-6893-EE60-AA48-325C02EFB1C5\" rel=\"nofollow noopener noreferrer\">time counter signal</a> that accumulates time during each cycle.\u00a0</li><li>We create the <a href=\"/links?type&#61;condition&amp;item&#61;0EFA7710-EE55-FBB0-BD6A-967FA92DDBFF\" rel=\"nofollow noopener noreferrer\">regression condition</a> which stores the intercept and coefficients of the regression equation as capsule properties.\u00a0</li><li>Then we <a href=\"/links?type&#61;workstep&amp;workbook&#61;0EFA7698-8A6E-FB60-9AFE-05150AA7ACE5&amp;worksheet&#61;0EFA772B-F497-FF30-A5E1-9B95AAA35661&amp;workstep&#61;0EFA7735-AC80-73F0-8202-64508BDC4CF4\" rel=\"nofollow noopener noreferrer\">extract these capsule properties as signals</a> and combine those properties with our time counter signal to create the polynomial model equation.</li><li>Evaluate goodness of fit of the model using Scatter Plot view.\u00a0</li></ul><p><a href=\"/links?type&#61;workstep&amp;workbook&#61;0EFA7698-8A6E-FB60-9AFE-05150AA7ACE5&amp;worksheet&#61;0EFA772B-F497-FF30-A5E1-9B95AAA35661&amp;workstep&#61;0EFA772B-F4BF-6030-BC5A-EB84275E4C78\" rel=\"nofollow noopener noreferrer\">Detect when tensioning is required based on statistical limits</a></p><p><a href=\"/links?type&#61;workstep&amp;workbook&#61;0EFA7698-8A6E-FB60-9AFE-05150AA7ACE5&amp;worksheet&#61;0EFA772B-F497-FF30-A5E1-9B95AAA35661&amp;workstep&#61;0EFA772B-F4C1-7740-BA51-FC6109CC91EB\" rel=\"nofollow noopener noreferrer\">Scale across all conveyor belts</a><br><i>(<strong>Do it!</strong> Swap conveyor from CVB-501 to </i><a href=\"/links?type&#61;workstep&amp;workbook&#61;0EFA7698-8A6E-FB60-9AFE-05150AA7ACE5&amp;worksheet&#61;0EFA772B-F497-FF30-A5E1-9B95AAA35661&amp;workstep&#61;0EFA772B-F4C3-EE50-85BF-22C5BE49D8F6\" rel=\"nofollow noopener noreferrer\"><i>CVB-502</i></a><i>)</i></p>",
        "DocumentBackup\u02c9DEg3Lh5pLS4-lG84EjGXXXdzxhd1450vkLgiu8he2l8\u02c92024-11-20T19:13:00Z": "<h2><strong>Predict Conveyor Belt Tensioning Requirements Across Conveyor Belts</strong></h2><figure class=\"table\"><table class=\"ck-table-resized\" style=\"border-color:hsl(0, 0%, 100%);border-style:solid;\"><colgroup><col style=\"width:23.51%;\" /><col style=\"width:76.49%;\" /></colgroup><tbody><tr><td style=\"border-color:hsl(0, 0%, 100%);border-style:solid;\"><img src=\"/api/annotations/0EFA772B-F4C6-7560-AA7F-F2704DE7D596/images/image_v1.png\" alt=\"Newcrest Mining - Wikipedia\"></td><td style=\"border-color:hsl(0, 0%, 100%);border-style:solid;\"><h4><i>Newcrest Mining performed a similar predictive analysis to assess wear on their crushers, enabling accurate condition-based maintenance leading to a </i><span style=\"color:hsl(210,75%,60%);\"><i><strong>reduction in maintenance costs and additional throughput</strong></i></span><i>. Learn more </i><a target=\"_blank\" href=\"https://www.nukon.com/success-stories/predicting-crusher-wear-using-analytics\" rel=\"nofollow noopener noreferrer\"><i>here</i></a></h4></td></tr></tbody></table></figure><h4 style=\"margin-left:0in;\"><span style=\"color:#172B4D;\"><strong>Problem Statement:</strong></span></h4><p>Conveyor belts are a key asset for mining companies. They are utilized to transport solids collected from the mines through various pre-processing steps and eventually transfer the materials to a shipping vessel for transfer to the final customer. Creating a predictive model for conveyor belt tension enables condition-based maintenance scheduling, reducing unnecessary spend on time-based maintenance and catching unplanned belt failures preventing line stoppage events.</p><h4><span style=\"color:#172B4D;\"><strong>Solution:</strong></span></h4><h3><a href=\"/links?type&#61;workstep&amp;workbook&#61;0EFA7698-8A6E-FB60-9AFE-05150AA7ACE5&amp;worksheet&#61;0EFA772B-F497-FF30-A5E1-9B95AAA35661&amp;workstep&#61;0EFA772B-F4C1-7740-BA51-FC6109CC91EB\" rel=\"nofollow noopener noreferrer\">Monitor Conveyor Belt Network</a></h3><p>\u00a0</p><p><a href=\"/links?type&#61;workstep&amp;workbook&#61;0EFA7698-8A6E-FB60-9AFE-05150AA7ACE5&amp;worksheet&#61;0EFA772B-F497-FF30-A5E1-9B95AAA35661&amp;workstep&#61;0EFA772B-F4BC-F920-AA49-7C99F101FDCE\" rel=\"nofollow noopener noreferrer\">Identify periods of rapidly decreasing tension</a></p><ul><li>Identify the <a href=\"/links?type&#61;workstep&amp;workbook&#61;0EFA7698-8A6E-FB60-9AFE-05150AA7ACE5&amp;worksheet&#61;0EFA772B-F497-FF30-A5E1-9B95AAA35661&amp;workstep&#61;0EFA772E-49ED-66E0-AB8C-8C5895670443\" rel=\"nofollow noopener noreferrer\">tension signals</a> for the belts (assets) in the conveyor belt network, load into the display pane, and visually examine trends in signals over time. Note that different belts will have different beginning tensions, different mean time to failure, varying degrees of signal noise, and different failure dates.</li><li>Note that even though we have 7 conveyor belts to analyze in our system, we can use Seeq&#39;s Asset Tree functionalities to do our analysis on a <a href=\"/links?type&#61;workstep&amp;workbook&#61;0EFA7698-8A6E-FB60-9AFE-05150AA7ACE5&amp;worksheet&#61;0EFA772B-F497-FF30-A5E1-9B95AAA35661&amp;workstep&#61;0EFA772F-0BD1-EA90-9141-4D45CB7A44A8\" rel=\"nofollow noopener noreferrer\">single asset</a>, then apply it across the entire network of belts. Select one conveyor belt to build the analytics out on. We will use CVB-505.</li><li>We need to identify the different tension cycles, as well as the end of each cycle when the belt begins to lose tension rapidly. We Identify the change in cycles by <a href=\"/links?type&#61;signal&amp;item&#61;0EFA7709-F5E7-EC40-9D22-84C5CF06C270\" rel=\"nofollow noopener noreferrer\">calculating the derivative</a>, and searching for when the <a href=\"/links?type&#61;condition&amp;item&#61;0EFA770C-6EAD-E830-8AE8-6826FAA00E7C\" rel=\"nofollow noopener noreferrer\">derivative is high</a>.\u00a0</li><li>We define the <a href=\"/links?type&#61;condition&amp;item&#61;0EFA770D-6B75-66D0-B6DD-6F3D9ACD0D97\" rel=\"nofollow noopener noreferrer\">cycles</a> as the time between these changes in cycle.\u00a0</li><li>Finally, we identify the time period when the <a href=\"/links?type&#61;condition&amp;item&#61;0EFA770B-4BFA-F910-A0EF-3F70575D5EB4\" rel=\"nofollow noopener noreferrer\">tension is rapidly decreasing</a> as when the derivative is negative.</li></ul><p><a href=\"/links?type&#61;workstep&amp;workbook&#61;0EFA7698-8A6E-FB60-9AFE-05150AA7ACE5&amp;worksheet&#61;0EFA772B-F497-FF30-A5E1-9B95AAA35661&amp;workstep&#61;0EFA772B-F4BF-6030-80C4-A8FE0EA87C65\" rel=\"nofollow noopener noreferrer\">Project tension into future based on decline period</a></p><ul><li>Create a model of the tension signal at the end of each cycle. Seeq Formula can be used to create a best fit model based on the data within each &#34;Tension Rapidly Decreasing&#34; capsule.\u00a0</li><li>First, we make a <a href=\"/links?type&#61;signal&amp;item&#61;0EFA770F-6893-EE60-AA48-325C02EFB1C5\" rel=\"nofollow noopener noreferrer\">time counter signal</a> that accumulates time during each cycle.\u00a0</li><li>We create the <a href=\"/links?type&#61;condition&amp;item&#61;0EFA7710-EE55-FBB0-BD6A-967FA92DDBFF\" rel=\"nofollow noopener noreferrer\">regression condition</a> which stores the intercept and coefficients of the regression equation as capsule properties.\u00a0</li><li>Then we <a href=\"/links?type&#61;workstep&amp;workbook&#61;0EFA7698-8A6E-FB60-9AFE-05150AA7ACE5&amp;worksheet&#61;0EFA772B-F497-FF30-A5E1-9B95AAA35661&amp;workstep&#61;0EFA7735-AC80-73F0-8202-64508BDC4CF4\" rel=\"nofollow noopener noreferrer\">extract these capsule properties as signals</a> and combine those properties with our time counter signal to create the <a href=\"/links?type&#61;signal&amp;item&#61;0EFA7714-9776-E840-AA69-52ACFF553A2A\" rel=\"nofollow noopener noreferrer\">polynomial model equation</a>.</li><li><a href=\"/links?type&#61;workstep&amp;workbook&#61;0EFA7698-8A6E-FB60-9AFE-05150AA7ACE5&amp;worksheet&#61;0EFA772B-F497-FF30-A5E1-9B95AAA35661&amp;workstep&#61;0EFA7738-158E-E8E0-9A28-8407D93D3D85\" rel=\"nofollow noopener noreferrer\">Evaluate goodness of fit of the model using Scatter Plot view</a>.\u00a0</li></ul><p><a href=\"/links?type&#61;workstep&amp;workbook&#61;0EFA7698-8A6E-FB60-9AFE-05150AA7ACE5&amp;worksheet&#61;0EFA772B-F497-FF30-A5E1-9B95AAA35661&amp;workstep&#61;0EFA772B-F4BF-6030-BC5A-EB84275E4C78\" rel=\"nofollow noopener noreferrer\">Detect when tensioning is required based on statistical limits</a></p><p><a href=\"/links?type&#61;workstep&amp;workbook&#61;0EFA7698-8A6E-FB60-9AFE-05150AA7ACE5&amp;worksheet&#61;0EFA772B-F497-FF30-A5E1-9B95AAA35661&amp;workstep&#61;0EFA772B-F4C1-7740-BA51-FC6109CC91EB\" rel=\"nofollow noopener noreferrer\">Scale across all conveyor belts</a><br><i>(<strong>Do it!</strong> Swap conveyor from CVB-501 to </i><a href=\"/links?type&#61;workstep&amp;workbook&#61;0EFA7698-8A6E-FB60-9AFE-05150AA7ACE5&amp;worksheet&#61;0EFA772B-F497-FF30-A5E1-9B95AAA35661&amp;workstep&#61;0EFA772B-F4C3-EE50-85BF-22C5BE49D8F6\" rel=\"nofollow noopener noreferrer\"><i>CVB-502</i></a><i>)</i></p>",
        "DocumentBackup\u02c9DEg3Lh5pLS4-lG84EjGXXXdzxhd1450vkLgiu8he2l8\u02c92024-11-20T19:14:00Z": "<h2><strong>Predict Conveyor Belt Tensioning Requirements Across Conveyor Belts</strong></h2><figure class=\"table\"><table class=\"ck-table-resized\" style=\"border-color:hsl(0, 0%, 100%);border-style:solid;\"><colgroup><col style=\"width:23.51%;\" /><col style=\"width:76.49%;\" /></colgroup><tbody><tr><td style=\"border-color:hsl(0, 0%, 100%);border-style:solid;\"><img src=\"/api/annotations/0EFA772B-F4C6-7560-AA7F-F2704DE7D596/images/image_v1.png\" alt=\"Newcrest Mining - Wikipedia\"></td><td style=\"border-color:hsl(0, 0%, 100%);border-style:solid;\"><h4><i>Newcrest Mining performed a similar predictive analysis to assess wear on their crushers, enabling accurate condition-based maintenance leading to a </i><span style=\"color:hsl(210,75%,60%);\"><i><strong>reduction in maintenance costs and additional throughput</strong></i></span><i>. Learn more </i><a target=\"_blank\" href=\"https://www.nukon.com/success-stories/predicting-crusher-wear-using-analytics\" rel=\"nofollow noopener noreferrer\"><i>here</i></a></h4></td></tr></tbody></table></figure><h4 style=\"margin-left:0in;\"><span style=\"color:#172B4D;\"><strong>Problem Statement:</strong></span></h4><p>Conveyor belts are a key asset for mining companies. They are utilized to transport solids collected from the mines through various pre-processing steps and eventually transfer the materials to a shipping vessel for transfer to the final customer. Creating a predictive model for conveyor belt tension enables condition-based maintenance scheduling, reducing unnecessary spend on time-based maintenance and catching unplanned belt failures preventing line stoppage events.</p><h4><span style=\"color:#172B4D;\"><strong>Solution:</strong></span></h4><h3><a href=\"/links?type&#61;workstep&amp;workbook&#61;0EFA7698-8A6E-FB60-9AFE-05150AA7ACE5&amp;worksheet&#61;0EFA772B-F497-FF30-A5E1-9B95AAA35661&amp;workstep&#61;0EFA772B-F4C1-7740-BA51-FC6109CC91EB\" rel=\"nofollow noopener noreferrer\">Monitor Conveyor Belt Network</a></h3><p>\u00a0</p><p><a href=\"/links?type&#61;workstep&amp;workbook&#61;0EFA7698-8A6E-FB60-9AFE-05150AA7ACE5&amp;worksheet&#61;0EFA772B-F497-FF30-A5E1-9B95AAA35661&amp;workstep&#61;0EFA772B-F4BC-F920-AA49-7C99F101FDCE\" rel=\"nofollow noopener noreferrer\">Identify periods of rapidly decreasing tension</a></p><ul><li>Identify the <a href=\"/links?type&#61;workstep&amp;workbook&#61;0EFA7698-8A6E-FB60-9AFE-05150AA7ACE5&amp;worksheet&#61;0EFA772B-F497-FF30-A5E1-9B95AAA35661&amp;workstep&#61;0EFA772E-49ED-66E0-AB8C-8C5895670443\" rel=\"nofollow noopener noreferrer\">tension signals</a> for the belts (assets) in the conveyor belt network, load into the display pane, and visually examine trends in signals over time. Note that different belts will have different beginning tensions, different mean time to failure, varying degrees of signal noise, and different failure dates.</li><li>Note that even though we have 7 conveyor belts to analyze in our system, we can use Seeq&#39;s Asset Tree functionalities to do our analysis on a <a href=\"/links?type&#61;workstep&amp;workbook&#61;0EFA7698-8A6E-FB60-9AFE-05150AA7ACE5&amp;worksheet&#61;0EFA772B-F497-FF30-A5E1-9B95AAA35661&amp;workstep&#61;0EFA772F-0BD1-EA90-9141-4D45CB7A44A8\" rel=\"nofollow noopener noreferrer\">single asset</a>, then apply it across the entire network of belts. Select one conveyor belt to build the analytics out on. We will use CVB-505.</li><li>We need to identify the different tension cycles, as well as the end of each cycle when the belt begins to lose tension rapidly. We Identify the change in cycles by <a href=\"/links?type&#61;signal&amp;item&#61;0EFA7709-F5E7-EC40-9D22-84C5CF06C270\" rel=\"nofollow noopener noreferrer\">calculating the derivative</a>, and searching for when the <a href=\"/links?type&#61;condition&amp;item&#61;0EFA770C-6EAD-E830-8AE8-6826FAA00E7C\" rel=\"nofollow noopener noreferrer\">derivative is high</a>.\u00a0</li><li>We define the <a href=\"/links?type&#61;condition&amp;item&#61;0EFA770D-6B75-66D0-B6DD-6F3D9ACD0D97\" rel=\"nofollow noopener noreferrer\">cycles</a> as the time between these changes in cycle.\u00a0</li><li>Finally, we identify the time period when the <a href=\"/links?type&#61;condition&amp;item&#61;0EFA770B-4BFA-F910-A0EF-3F70575D5EB4\" rel=\"nofollow noopener noreferrer\">tension is rapidly decreasing</a> as when the derivative is negative.</li></ul><p><a href=\"/links?type&#61;workstep&amp;workbook&#61;0EFA7698-8A6E-FB60-9AFE-05150AA7ACE5&amp;worksheet&#61;0EFA772B-F497-FF30-A5E1-9B95AAA35661&amp;workstep&#61;0EFA772B-F4BF-6030-80C4-A8FE0EA87C65\" rel=\"nofollow noopener noreferrer\">Project tension into future based on decline period</a></p><ul><li>Create a model of the tension signal at the end of each cycle. Seeq Formula can be used to create a best fit model based on the data within each &#34;Tension Rapidly Decreasing&#34; capsule.\u00a0</li><li>First, we make a <a href=\"/links?type&#61;signal&amp;item&#61;0EFA770F-6893-EE60-AA48-325C02EFB1C5\" rel=\"nofollow noopener noreferrer\">time counter signal</a> that accumulates time during each cycle.\u00a0</li><li>We create the <a href=\"/links?type&#61;condition&amp;item&#61;0EFA7710-EE55-FBB0-BD6A-967FA92DDBFF\" rel=\"nofollow noopener noreferrer\">regression condition</a> which stores the intercept and coefficients of the regression equation as capsule properties.\u00a0</li><li>Then we <a href=\"/links?type&#61;workstep&amp;workbook&#61;0EFA7698-8A6E-FB60-9AFE-05150AA7ACE5&amp;worksheet&#61;0EFA772B-F497-FF30-A5E1-9B95AAA35661&amp;workstep&#61;0EFA7735-AC80-73F0-8202-64508BDC4CF4\" rel=\"nofollow noopener noreferrer\">extract these capsule properties as signals</a> and combine those properties with our time counter signal to create the <a href=\"/links?type&#61;signal&amp;item&#61;0EFA7714-9776-E840-AA69-52ACFF553A2A\" rel=\"nofollow noopener noreferrer\">polynomial model equation</a>.</li><li><a href=\"/links?type&#61;workstep&amp;workbook&#61;0EFA7698-8A6E-FB60-9AFE-05150AA7ACE5&amp;worksheet&#61;0EFA772B-F497-FF30-A5E1-9B95AAA35661&amp;workstep&#61;0EFA7738-158E-E8E0-9A28-8407D93D3D85\" rel=\"nofollow noopener noreferrer\">Evaluate goodness of fit of the model using Scatter Plot view</a>.\u00a0</li></ul><p><a href=\"/links?type&#61;workstep&amp;workbook&#61;0EFA7698-8A6E-FB60-9AFE-05150AA7ACE5&amp;worksheet&#61;0EFA772B-F497-FF30-A5E1-9B95AAA35661&amp;workstep&#61;0EFA772B-F4BF-6030-BC5A-EB84275E4C78\" rel=\"nofollow noopener noreferrer\">Detect when tensioning is required based on statistical limits</a></p><ul><li>Create the threshold limit that will be used to determine when a belt requires tensioning. In order to scale this across assets which may have different starting tensions and different threshold values, we will define the threshold value as when the tension falls below 50% of the average tension from the first 5 days of the cycle.\u00a0</li><li>We identify the first 5 days, calculate the average tension during that time period, then create a new signal that is equal to 50% of that starting tension.</li><li>Use value search to identify when the predicted tension will fall below the 50% threshold requiring a tensioning.</li></ul><p><a href=\"/links?type&#61;workstep&amp;workbook&#61;0EFA7698-8A6E-FB60-9AFE-05150AA7ACE5&amp;worksheet&#61;0EFA772B-F497-FF30-A5E1-9B95AAA35661&amp;workstep&#61;0EFA772B-F4C1-7740-BA51-FC6109CC91EB\" rel=\"nofollow noopener noreferrer\">Scale across all conveyor belts</a><br><i>(<strong>Do it!</strong> Swap conveyor from CVB-501 to </i><a href=\"/links?type&#61;workstep&amp;workbook&#61;0EFA7698-8A6E-FB60-9AFE-05150AA7ACE5&amp;worksheet&#61;0EFA772B-F497-FF30-A5E1-9B95AAA35661&amp;workstep&#61;0EFA772B-F4C3-EE50-85BF-22C5BE49D8F6\" rel=\"nofollow noopener noreferrer\"><i>CVB-502</i></a><i>)</i></p>",
        "DocumentBackup\u02c9DEg3Lh5pLS4-lG84EjGXXXdzxhd1450vkLgiu8he2l8\u02c92024-11-20T19:23:00Z": "<h2><strong>Predict Conveyor Belt Tensioning Requirements Across Conveyor Belts</strong></h2><figure class=\"table\"><table class=\"ck-table-resized\" style=\"border-color:hsl(0, 0%, 100%);border-style:solid;\"><colgroup><col style=\"width:23.51%;\" /><col style=\"width:76.49%;\" /></colgroup><tbody><tr><td style=\"border-color:hsl(0, 0%, 100%);border-style:solid;\"><img src=\"/api/annotations/0EFA772B-F4C6-7560-AA7F-F2704DE7D596/images/image_v1.png\" alt=\"Newcrest Mining - Wikipedia\"></td><td style=\"border-color:hsl(0, 0%, 100%);border-style:solid;\"><h4><i>Newcrest Mining performed a similar predictive analysis to assess wear on their crushers, enabling accurate condition-based maintenance leading to a </i><span style=\"color:hsl(210,75%,60%);\"><i><strong>reduction in maintenance costs and additional throughput</strong></i></span><i>. Learn more </i><a target=\"_blank\" href=\"https://www.nukon.com/success-stories/predicting-crusher-wear-using-analytics\" rel=\"nofollow noopener noreferrer\"><i>here</i></a></h4></td></tr></tbody></table></figure><h4 style=\"margin-left:0in;\"><span style=\"color:#172B4D;\"><strong>Problem Statement:</strong></span></h4><p>Conveyor belts are a key asset for mining companies. They are utilized to transport solids collected from the mines through various pre-processing steps and eventually transfer the materials to a shipping vessel for transfer to the final customer. Creating a predictive model for conveyor belt tension enables condition-based maintenance scheduling, reducing unnecessary spend on time-based maintenance and catching unplanned belt failures preventing line stoppage events.</p><h4><span style=\"color:#172B4D;\"><strong>Solution:</strong></span></h4><h3><a href=\"/links?type&#61;workstep&amp;workbook&#61;0EFA7698-8A6E-FB60-9AFE-05150AA7ACE5&amp;worksheet&#61;0EFA772B-F497-FF30-A5E1-9B95AAA35661&amp;workstep&#61;0EFA772B-F4C1-7740-BA51-FC6109CC91EB\" rel=\"nofollow noopener noreferrer\">Monitor Conveyor Belt Network</a></h3><p>\u00a0</p><p><a href=\"/links?type&#61;workstep&amp;workbook&#61;0EFA7698-8A6E-FB60-9AFE-05150AA7ACE5&amp;worksheet&#61;0EFA772B-F497-FF30-A5E1-9B95AAA35661&amp;workstep&#61;0EFA772B-F4BC-F920-AA49-7C99F101FDCE\" rel=\"nofollow noopener noreferrer\">Identify periods of rapidly decreasing tension</a></p><ul><li>Identify the <a href=\"/links?type&#61;workstep&amp;workbook&#61;0EFA7698-8A6E-FB60-9AFE-05150AA7ACE5&amp;worksheet&#61;0EFA772B-F497-FF30-A5E1-9B95AAA35661&amp;workstep&#61;0EFA772E-49ED-66E0-AB8C-8C5895670443\" rel=\"nofollow noopener noreferrer\">tension signals</a> for the belts (assets) in the conveyor belt network, load into the display pane, and visually examine trends in signals over time. Note that different belts will have different beginning tensions, different mean time to failure, varying degrees of signal noise, and different failure dates.</li><li>Note that even though we have 7 conveyor belts to analyze in our system, we can use Seeq&#39;s Asset Tree functionalities to do our analysis on a <a href=\"/links?type&#61;workstep&amp;workbook&#61;0EFA7698-8A6E-FB60-9AFE-05150AA7ACE5&amp;worksheet&#61;0EFA772B-F497-FF30-A5E1-9B95AAA35661&amp;workstep&#61;0EFA772F-0BD1-EA90-9141-4D45CB7A44A8\" rel=\"nofollow noopener noreferrer\">single asset</a>, then apply it across the entire network of belts. Select one conveyor belt to build the analytics out on. We will use CVB-505.</li><li>We need to identify the different tension cycles, as well as the end of each cycle when the belt begins to lose tension rapidly. We Identify the change in cycles by <a href=\"/links?type&#61;signal&amp;item&#61;0EFA7709-F5E7-EC40-9D22-84C5CF06C270\" rel=\"nofollow noopener noreferrer\">calculating the derivative</a>, and searching for when the <a href=\"/links?type&#61;condition&amp;item&#61;0EFA770C-6EAD-E830-8AE8-6826FAA00E7C\" rel=\"nofollow noopener noreferrer\">derivative is high</a>.\u00a0</li><li>We define the <a href=\"/links?type&#61;condition&amp;item&#61;0EFA770D-6B75-66D0-B6DD-6F3D9ACD0D97\" rel=\"nofollow noopener noreferrer\">cycles</a> as the time between these changes in cycle.\u00a0</li><li>Finally, we identify the time period when the <a href=\"/links?type&#61;condition&amp;item&#61;0EFA770B-4BFA-F910-A0EF-3F70575D5EB4\" rel=\"nofollow noopener noreferrer\">tension is rapidly decreasing</a> as when the derivative is negative.</li></ul><p><a href=\"/links?type&#61;workstep&amp;workbook&#61;0EFA7698-8A6E-FB60-9AFE-05150AA7ACE5&amp;worksheet&#61;0EFA772B-F497-FF30-A5E1-9B95AAA35661&amp;workstep&#61;0EFA772B-F4BF-6030-80C4-A8FE0EA87C65\" rel=\"nofollow noopener noreferrer\">Project tension into future based on decline period</a></p><ul><li>Create a model of the tension signal at the end of each cycle. Seeq Formula can be used to create a best fit model based on the data within each &#34;Tension Rapidly Decreasing&#34; capsule.\u00a0</li><li>First, we make a <a href=\"/links?type&#61;signal&amp;item&#61;0EFA770F-6893-EE60-AA48-325C02EFB1C5\" rel=\"nofollow noopener noreferrer\">time counter signal</a> that accumulates time during each cycle.\u00a0</li><li>We create the <a href=\"/links?type&#61;condition&amp;item&#61;0EFA7710-EE55-FBB0-BD6A-967FA92DDBFF\" rel=\"nofollow noopener noreferrer\">regression condition</a> which stores the intercept and coefficients of the regression equation as capsule properties.\u00a0</li><li>Then we <a href=\"/links?type&#61;workstep&amp;workbook&#61;0EFA7698-8A6E-FB60-9AFE-05150AA7ACE5&amp;worksheet&#61;0EFA772B-F497-FF30-A5E1-9B95AAA35661&amp;workstep&#61;0EFA7735-AC80-73F0-8202-64508BDC4CF4\" rel=\"nofollow noopener noreferrer\">extract these capsule properties as signals</a> and combine those properties with our time counter signal to create the <a href=\"/links?type&#61;signal&amp;item&#61;0EFA7714-9776-E840-AA69-52ACFF553A2A\" rel=\"nofollow noopener noreferrer\">polynomial model equation</a>.</li><li><a href=\"/links?type&#61;workstep&amp;workbook&#61;0EFA7698-8A6E-FB60-9AFE-05150AA7ACE5&amp;worksheet&#61;0EFA772B-F497-FF30-A5E1-9B95AAA35661&amp;workstep&#61;0EFA7738-158E-E8E0-9A28-8407D93D3D85\" rel=\"nofollow noopener noreferrer\">Evaluate goodness of fit of the model using Scatter Plot view</a>.\u00a0</li></ul><p><a href=\"/links?type&#61;workstep&amp;workbook&#61;0EFA7698-8A6E-FB60-9AFE-05150AA7ACE5&amp;worksheet&#61;0EFA772B-F497-FF30-A5E1-9B95AAA35661&amp;workstep&#61;0EFA772B-F4BF-6030-BC5A-EB84275E4C78\" rel=\"nofollow noopener noreferrer\">Detect when tensioning is required based on statistical limits</a></p><ul><li>Create the threshold limit that will be used to determine when a belt requires tensioning. In order to scale this across assets which may have different starting tensions and different threshold values, we will define the threshold value as when the tension falls below 50% of the average tension from the first 5 days of the cycle.\u00a0</li><li>We <a href=\"/links?type&#61;condition&amp;item&#61;0EFA771A-D20B-6680-9F65-6263B77B56FA\" rel=\"nofollow noopener noreferrer\">identify the first 5 days</a>, calculate the average tension during that time period, then create a new signal that is equal to 50% of that starting tension.</li><li>Use value search to identify when the predicted tension will fall below the 50% threshold requiring a tensioning.</li></ul><p><a href=\"/links?type&#61;workstep&amp;workbook&#61;0EFA7698-8A6E-FB60-9AFE-05150AA7ACE5&amp;worksheet&#61;0EFA772B-F497-FF30-A5E1-9B95AAA35661&amp;workstep&#61;0EFA772B-F4C1-7740-BA51-FC6109CC91EB\" rel=\"nofollow noopener noreferrer\">Scale across all conveyor belts</a><br><i>(<strong>Do it!</strong> Swap conveyor from CVB-501 to </i><a href=\"/links?type&#61;workstep&amp;workbook&#61;0EFA7698-8A6E-FB60-9AFE-05150AA7ACE5&amp;worksheet&#61;0EFA772B-F497-FF30-A5E1-9B95AAA35661&amp;workstep&#61;0EFA772B-F4C3-EE50-85BF-22C5BE49D8F6\" rel=\"nofollow noopener noreferrer\"><i>CVB-502</i></a><i>)</i></p>",
        "DocumentBackup\u02c9DEg3Lh5pLS4-lG84EjGXXXdzxhd1450vkLgiu8he2l8\u02c92024-11-20T19:24:00Z": "<h2><strong>Predict Conveyor Belt Tensioning Requirements Across Conveyor Belts</strong></h2><figure class=\"table\"><table class=\"ck-table-resized\" style=\"border-color:hsl(0, 0%, 100%);border-style:solid;\"><colgroup><col style=\"width:23.51%;\" /><col style=\"width:76.49%;\" /></colgroup><tbody><tr><td style=\"border-color:hsl(0, 0%, 100%);border-style:solid;\"><img src=\"/api/annotations/0EFA772B-F4C6-7560-AA7F-F2704DE7D596/images/image_v1.png\" alt=\"Newcrest Mining - Wikipedia\"></td><td style=\"border-color:hsl(0, 0%, 100%);border-style:solid;\"><h4><i>Newcrest Mining performed a similar predictive analysis to assess wear on their crushers, enabling accurate condition-based maintenance leading to a </i><span style=\"color:hsl(210,75%,60%);\"><i><strong>reduction in maintenance costs and additional throughput</strong></i></span><i>. Learn more </i><a target=\"_blank\" href=\"https://www.nukon.com/success-stories/predicting-crusher-wear-using-analytics\" rel=\"nofollow noopener noreferrer\"><i>here</i></a></h4></td></tr></tbody></table></figure><h4 style=\"margin-left:0in;\"><span style=\"color:#172B4D;\"><strong>Problem Statement:</strong></span></h4><p>Conveyor belts are a key asset for mining companies. They are utilized to transport solids collected from the mines through various pre-processing steps and eventually transfer the materials to a shipping vessel for transfer to the final customer. Creating a predictive model for conveyor belt tension enables condition-based maintenance scheduling, reducing unnecessary spend on time-based maintenance and catching unplanned belt failures preventing line stoppage events.</p><h4><span style=\"color:#172B4D;\"><strong>Solution:</strong></span></h4><h3><a href=\"/links?type&#61;workstep&amp;workbook&#61;0EFA7698-8A6E-FB60-9AFE-05150AA7ACE5&amp;worksheet&#61;0EFA772B-F497-FF30-A5E1-9B95AAA35661&amp;workstep&#61;0EFA772B-F4C1-7740-BA51-FC6109CC91EB\" rel=\"nofollow noopener noreferrer\">Monitor Conveyor Belt Network</a></h3><p>\u00a0</p><p><a href=\"/links?type&#61;workstep&amp;workbook&#61;0EFA7698-8A6E-FB60-9AFE-05150AA7ACE5&amp;worksheet&#61;0EFA772B-F497-FF30-A5E1-9B95AAA35661&amp;workstep&#61;0EFA772B-F4BC-F920-AA49-7C99F101FDCE\" rel=\"nofollow noopener noreferrer\">Identify periods of rapidly decreasing tension</a></p><ul><li>Identify the <a href=\"/links?type&#61;workstep&amp;workbook&#61;0EFA7698-8A6E-FB60-9AFE-05150AA7ACE5&amp;worksheet&#61;0EFA772B-F497-FF30-A5E1-9B95AAA35661&amp;workstep&#61;0EFA772E-49ED-66E0-AB8C-8C5895670443\" rel=\"nofollow noopener noreferrer\">tension signals</a> for the belts (assets) in the conveyor belt network, load into the display pane, and visually examine trends in signals over time. Note that different belts will have different beginning tensions, different mean time to failure, varying degrees of signal noise, and different failure dates.</li><li>Note that even though we have 7 conveyor belts to analyze in our system, we can use Seeq&#39;s Asset Tree functionalities to do our analysis on a <a href=\"/links?type&#61;workstep&amp;workbook&#61;0EFA7698-8A6E-FB60-9AFE-05150AA7ACE5&amp;worksheet&#61;0EFA772B-F497-FF30-A5E1-9B95AAA35661&amp;workstep&#61;0EFA772F-0BD1-EA90-9141-4D45CB7A44A8\" rel=\"nofollow noopener noreferrer\">single asset</a>, then apply it across the entire network of belts. Select one conveyor belt to build the analytics out on. We will use CVB-505.</li><li>We need to identify the different tension cycles, as well as the end of each cycle when the belt begins to lose tension rapidly. We Identify the change in cycles by <a href=\"/links?type&#61;signal&amp;item&#61;0EFA7709-F5E7-EC40-9D22-84C5CF06C270\" rel=\"nofollow noopener noreferrer\">calculating the derivative</a>, and searching for when the <a href=\"/links?type&#61;condition&amp;item&#61;0EFA770C-6EAD-E830-8AE8-6826FAA00E7C\" rel=\"nofollow noopener noreferrer\">derivative is high</a>.\u00a0</li><li>We define the <a href=\"/links?type&#61;condition&amp;item&#61;0EFA770D-6B75-66D0-B6DD-6F3D9ACD0D97\" rel=\"nofollow noopener noreferrer\">cycles</a> as the time between these changes in cycle.\u00a0</li><li>Finally, we identify the time period when the <a href=\"/links?type&#61;condition&amp;item&#61;0EFA770B-4BFA-F910-A0EF-3F70575D5EB4\" rel=\"nofollow noopener noreferrer\">tension is rapidly decreasing</a> as when the derivative is negative.</li></ul><p><a href=\"/links?type&#61;workstep&amp;workbook&#61;0EFA7698-8A6E-FB60-9AFE-05150AA7ACE5&amp;worksheet&#61;0EFA772B-F497-FF30-A5E1-9B95AAA35661&amp;workstep&#61;0EFA772B-F4BF-6030-80C4-A8FE0EA87C65\" rel=\"nofollow noopener noreferrer\">Project tension into future based on decline period</a></p><ul><li>Create a model of the tension signal at the end of each cycle. Seeq Formula can be used to create a best fit model based on the data within each &#34;Tension Rapidly Decreasing&#34; capsule.\u00a0</li><li>First, we make a <a href=\"/links?type&#61;signal&amp;item&#61;0EFA770F-6893-EE60-AA48-325C02EFB1C5\" rel=\"nofollow noopener noreferrer\">time counter signal</a> that accumulates time during each cycle.\u00a0</li><li>We create the <a href=\"/links?type&#61;condition&amp;item&#61;0EFA7710-EE55-FBB0-BD6A-967FA92DDBFF\" rel=\"nofollow noopener noreferrer\">regression condition</a> which stores the intercept and coefficients of the regression equation as capsule properties.\u00a0</li><li>Then we <a href=\"/links?type&#61;workstep&amp;workbook&#61;0EFA7698-8A6E-FB60-9AFE-05150AA7ACE5&amp;worksheet&#61;0EFA772B-F497-FF30-A5E1-9B95AAA35661&amp;workstep&#61;0EFA7735-AC80-73F0-8202-64508BDC4CF4\" rel=\"nofollow noopener noreferrer\">extract these capsule properties as signals</a> and combine those properties with our time counter signal to create the <a href=\"/links?type&#61;signal&amp;item&#61;0EFA7714-9776-E840-AA69-52ACFF553A2A\" rel=\"nofollow noopener noreferrer\">polynomial model equation</a>.</li><li><a href=\"/links?type&#61;workstep&amp;workbook&#61;0EFA7698-8A6E-FB60-9AFE-05150AA7ACE5&amp;worksheet&#61;0EFA772B-F497-FF30-A5E1-9B95AAA35661&amp;workstep&#61;0EFA7738-158E-E8E0-9A28-8407D93D3D85\" rel=\"nofollow noopener noreferrer\">Evaluate goodness of fit of the model using Scatter Plot view</a>.\u00a0</li></ul><p><a href=\"/links?type&#61;workstep&amp;workbook&#61;0EFA7698-8A6E-FB60-9AFE-05150AA7ACE5&amp;worksheet&#61;0EFA772B-F497-FF30-A5E1-9B95AAA35661&amp;workstep&#61;0EFA772B-F4BF-6030-BC5A-EB84275E4C78\" rel=\"nofollow noopener noreferrer\">Detect when tensioning is required based on statistical limits</a></p><ul><li>Create the threshold limit that will be used to determine when a belt requires tensioning. In order to scale this across assets which may have different starting tensions and different threshold values, we will define the threshold value as when the tension falls below 50% of the average tension from the first 5 days of the cycle.\u00a0</li><li>We <a href=\"/links?type&#61;condition&amp;item&#61;0EFA771A-D20B-6680-9F65-6263B77B56FA\" rel=\"nofollow noopener noreferrer\">identify the first 5 days</a>, calculate the <a href=\"/links?type&#61;signal&amp;item&#61;0EFA771B-CC7F-F9E0-8FB4-82ABE84BFF43\" rel=\"nofollow noopener noreferrer\">average tension during that time period</a>, then create a new signal that is equal to 50% of that starting tension.</li><li>Use value search to identify when the predicted tension will fall below the 50% threshold requiring a tensioning.</li></ul><p><a href=\"/links?type&#61;workstep&amp;workbook&#61;0EFA7698-8A6E-FB60-9AFE-05150AA7ACE5&amp;worksheet&#61;0EFA772B-F497-FF30-A5E1-9B95AAA35661&amp;workstep&#61;0EFA772B-F4C1-7740-BA51-FC6109CC91EB\" rel=\"nofollow noopener noreferrer\">Scale across all conveyor belts</a><br><i>(<strong>Do it!</strong> Swap conveyor from CVB-501 to </i><a href=\"/links?type&#61;workstep&amp;workbook&#61;0EFA7698-8A6E-FB60-9AFE-05150AA7ACE5&amp;worksheet&#61;0EFA772B-F497-FF30-A5E1-9B95AAA35661&amp;workstep&#61;0EFA772B-F4C3-EE50-85BF-22C5BE49D8F6\" rel=\"nofollow noopener noreferrer\"><i>CVB-502</i></a><i>)</i></p>",
        "Enabled": true,
        "ID": "0EFA772B-F4C6-7560-AA7F-F2704DE7D596",
        "Is CK Enabled": true,
        "Locked": false,
        "Name": "Predict Conveyor Belt Tensioning Requirements Across Conveyor Belts",
        "Plain Text Document": "Predict Conveyor Belt Tensioning Requirements Across Conveyor BeltsNewcrest Mining performed a similar predictive analysis to assess wear on their crushers, enabling accurate condition-based maintenance leading to a reduction in maintenance costs and additional throughput. Learn more hereProblem Statement:Conveyor belts are a key asset for mining companies. They are utilized to transport solids collected from the mines through various pre-processing steps and eventually transfer the materials to a shipping vessel for transfer to the final customer. Creating a predictive model for conveyor belt tension enables condition-based maintenance scheduling, reducing unnecessary spend on time-based maintenance and catching unplanned belt failures preventing line stoppage events.Solution:Monitor Conveyor Belt Network\u00a0Identify periods of rapidly decreasing tensionIdentify the tension signals for the belts (assets) in the conveyor belt network, load into the display pane, and visually examine trends in signals over time. Note that different belts will have different beginning tensions, different mean time to failure, varying degrees of signal noise, and different failure dates.Note that even though we have 7 conveyor belts to analyze in our system, we can use Seeq&#39;s Asset Tree functionalities to do our analysis on a single asset, then apply it across the entire network of belts. Select one conveyor belt to build the analytics out on. We will use CVB-505.We need to identify the different tension cycles, as well as the end of each cycle when the belt begins to lose tension rapidly. We Identify the change in cycles by calculating the derivative, and searching for when the derivative is high.\u00a0We define the cycles as the time between these changes in cycle.\u00a0Finally, we identify the time period when the tension is rapidly decreasing as when the derivative is negative.Project tension into future based on decline periodCreate a model of the tension signal at the end of each cycle. Seeq Formula can be used to create a best fit model based on the data within each &#34;Tension Rapidly Decreasing&#34; capsule.\u00a0First, we make a time counter signal that accumulates time during each cycle.\u00a0We create the regression condition which stores the intercept and coefficients of the regression equation as capsule properties.\u00a0Then we extract these capsule properties as signals and combine those properties with our time counter signal to create the polynomial model equation.Evaluate goodness of fit of the model using Scatter Plot view.\u00a0Detect when tensioning is required based on statistical limitsCreate the threshold limit that will be used to determine when a belt requires tensioning. In order to scale this across assets which may have different starting tensions and different threshold values, we will define the threshold value as when the tension falls below 50% of the average tension from the first 5 days of the cycle.\u00a0We identify the first 5 days, calculate the average tension during that time period, then create a new signal that is equal to 50% of that starting tension.Use value search to identify when the predicted tension will fall below the 50% threshold requiring a tensioning.Scale across all conveyor belts(Do it! Swap conveyor from CVB-501 to CVB-502)Scale this analysis to the other conveyor belts in the network. Use Treemap view to identify which belts have been in the Rapidly Decreasing Tension state over the last day.",
        "Type": "Journal",
        "Unsearchable": false,
        "Updated At": "1732130694314893011"
    }
}