{
    "Access Control": [
        {
            "ID": "0efa7698-8a7f-ecd0-bcee-3f90bd214d6d",
            "Identity": {
                "Datasource Class": "OAuth 2.0",
                "Datasource ID": "9ecc7e74-4c32-436d-9af0-70d8aa99386b",
                "Datasource Name": "Seeq Azure SSO",
                "Email": "Joseph.Reckamp@seeq.com",
                "First Name": "Joe",
                "ID": "C9FD5B90-17F3-4CA7-8C37-CD9B7D9B85D2",
                "Is Admin": true,
                "Last Name": "Reckamp",
                "Name": "Joe Reckamp",
                "Type": "User",
                "Username": "DEg3Lh5pLS4-lG84EjGXXXdzxhd1450vkLgiu8he2l8"
            },
            "Origin": "0EFA6A0B-4C9B-71B0-ADCE-2000B1F79638",
            "Permissions": {
                "Manage": true,
                "Read": true,
                "Write": true
            },
            "Redacted": false,
            "Role": null
        },
        {
            "ID": "0efa7698-8a6e-fb60-a817-68f38f829c89",
            "Identity": {
                "Datasource Class": "OAuth 2.0",
                "Datasource ID": "9ecc7e74-4c32-436d-9af0-70d8aa99386b",
                "Datasource Name": "Seeq Azure SSO",
                "Email": "Joseph.Reckamp@seeq.com",
                "First Name": "Joe",
                "ID": "C9FD5B90-17F3-4CA7-8C37-CD9B7D9B85D2",
                "Is Admin": true,
                "Last Name": "Reckamp",
                "Name": "Joe Reckamp",
                "Type": "User",
                "Username": "DEg3Lh5pLS4-lG84EjGXXXdzxhd1450vkLgiu8he2l8"
            },
            "Origin": null,
            "Permissions": {
                "Manage": true,
                "Read": true,
                "Write": true
            },
            "Redacted": false,
            "Role": "OWNER"
        }
    ],
    "Ancestors": [
        "__Users__",
        "905A3390-CCA6-489B-89A3-492EC9F7FF26",
        "0EFA6A0B-4C9B-71B0-ADCE-2000B1F79638"
    ],
    "Archived": false,
    "Cache Enabled": false,
    "Created At": "1732125717783018176",
    "Enabled": true,
    "ID": "0EFA7698-8A6E-FB60-9AFE-05150AA7ACE5",
    "Locked": false,
    "Name": "Use Case Selector: Conveyor Belt Tension",
    "Original Server URL": "http://seeq-server",
    "Owner": {
        "Datasource Class": "OAuth 2.0",
        "Datasource ID": "9ecc7e74-4c32-436d-9af0-70d8aa99386b",
        "Datasource Name": "Seeq Azure SSO",
        "Email": "Joseph.Reckamp@seeq.com",
        "First Name": "Joe",
        "ID": "C9FD5B90-17F3-4CA7-8C37-CD9B7D9B85D2",
        "Is Admin": true,
        "Last Name": "Reckamp",
        "Name": "Joe Reckamp",
        "Type": "User",
        "Username": "DEg3Lh5pLS4-lG84EjGXXXdzxhd1450vkLgiu8he2l8"
    },
    "Path": "Users >> Joseph Reckamp >> DO NOT USE (Please!)",
    "Search Folder ID": "0EFA6A0B-4C9B-71B0-ADCE-2000B1F79638",
    "Type": "Workbook",
    "URL": "https://demo.seeq.dev/0EFA6A0B-4C9B-71B0-ADCE-2000B1F79638/workbook/0EFA7698-8A6E-FB60-9AFE-05150AA7ACE5/worksheet/0EFA7698-9AE4-F940-AE8E-B692F7761299",
    "Unsearchable": false,
    "Updated At": "1732637490386586132",
    "Workbook Type": "Analysis",
    "Worksheets": [
        "0EFA7698-9AE4-F940-AE8E-B692F7761299",
        "0EFA772B-F497-FF30-A5E1-9B95AAA35661"
    ],
    "workbookState": {
        "state": {
            "stores": {
                "sqAnnotationStore": {
                    "height": 0,
                    "id": "0EFA7698-AFC7-6420-B9EC-704FA522B9DE",
                    "isAnnotatesExpanded": false,
                    "isCkEnabled": true,
                    "isCommentsExpanded": false,
                    "isExpanded": false,
                    "width": 0
                }
            }
        },
        "version": 1
    }
}