{
    "ID": "07C95542-BDE3-469F-A64B-4C61C58A12BD",
    "Type": "Workstep",
    "Data": {
        "version": 1,
        "state": {
            "stores": {
                "sqTrendSeriesStore": {
                    "items": []
                },
                "sqTrendCapsuleSetStore": {
                    "items": []
                },
                "sqTrendScalarStore": {
                    "items": []
                },
                "sqTrendMetricStore": {
                    "items": []
                },
                "sqTrendTableStore": {
                    "items": []
                },
                "sqDurationStore": {
                    "autoUpdate": {
                        "offset": 17999997
                    },
                    "displayRange": {
                        "start": 1732062341458,
                        "end": 1732148741458
                    },
                    "investigateRange": {
                        "start": 1731543941460,
                        "end": 1732148741460
                    }
                },
                "sqWorksheetStore": {
                    "viewKey": "TREND"
                }
            }
        }
    }
}