{
    "ID": "33265E4B-5DF2-4CAE-8D72-A23EEBF9E3D4",
    "Type": "Workstep",
    "Data": {
        "version": 1,
        "state": {
            "stores": {
                "sqTrendSeriesStore": {
                    "items": []
                },
                "sqTrendCapsuleSetStore": {
                    "items": []
                },
                "sqTrendScalarStore": {
                    "items": []
                },
                "sqTrendMetricStore": {
                    "items": []
                },
                "sqTrendTableStore": {
                    "items": []
                },
                "sqDurationStore": {
                    "autoUpdate": {
                        "offset": 17999995
                    },
                    "displayRange": {
                        "start": 1732569109730,
                        "end": 1732655509730
                    },
                    "investigateRange": {
                        "start": 1732050709734,
                        "end": 1732655509734
                    }
                },
                "sqWorksheetStore": {
                    "viewKey": "TREND"
                }
            }
        }
    }
}