{
    "Archived": false,
    "Cache Enabled": false,
    "Created At": "1732125719508940095",
    "Enabled": true,
    "ID": "0EFA7698-9AE4-F940-AE8E-B692F7761299",
    "Locked": false,
    "Unsearchable": false,
    "Updated At": "1732129532560420688",
    "Name": "Conveyor Belt Tension Demo",
    "Type": "Worksheet",
    "Annotation ID": "0EFA7698-AFC7-6420-B9EC-704FA522B9DE",
    "Current Workstep ID": "0EFA7725-3823-FFD0-9BAB-E7FE502EB0A7",
    "URL": "https://demo.seeq.dev/0EFA6A0B-4C9B-71B0-ADCE-2000B1F79638/workbook/0EFA7698-8A6E-FB60-9AFE-05150AA7ACE5/worksheet/0EFA7698-9AE4-F940-AE8E-B692F7761299"
}