{
    "Archived": false,
    "Cache Enabled": false,
    "Created At": "1732129674915399364",
    "Enabled": true,
    "ID": "0EFA772B-F497-FF30-A5E1-9B95AAA35661",
    "Locked": false,
    "Unsearchable": false,
    "Updated At": "1732130656638499870",
    "Name": "Conveyor Belt Tension Extended Demo",
    "Type": "Worksheet",
    "Annotation ID": "0EFA772B-F4C6-7560-AA7F-F2704DE7D596",
    "Current Workstep ID": "0EFA772B-F4C1-7740-BA51-FC6109CC91EB",
    "URL": "https://demo.seeq.dev/0EFA6A0B-4C9B-71B0-ADCE-2000B1F79638/workbook/0EFA7698-8A6E-FB60-9AFE-05150AA7ACE5/worksheet/0EFA772B-F497-FF30-A5E1-9B95AAA35661"
}