{
    "ID": "27B913E7-D9E4-49BC-8A72-66D939621C02",
    "Type": "Workstep",
    "Data": {
        "version": 1,
        "state": {
            "stores": {
                "sqTrendSeriesStore": {
                    "items": []
                },
                "sqTrendCapsuleSetStore": {
                    "items": []
                },
                "sqTrendScalarStore": {
                    "items": []
                },
                "sqTrendMetricStore": {
                    "items": []
                },
                "sqTrendTableStore": {
                    "items": []
                },
                "sqDurationStore": {
                    "autoUpdate": {
                        "offset": 17999995
                    },
                    "displayRange": {
                        "start": 1732569109999,
                        "end": 1732655509999
                    },
                    "investigateRange": {
                        "start": 1732050710003,
                        "end": 1732655510003
                    }
                },
                "sqWorksheetStore": {
                    "viewKey": "TREND"
                }
            }
        }
    }
}