{
    "Definition": {
        "Archived": false,
        "Cache Enabled": false,
        "Created At": "1681930177298527331",
        "Description": "files CHR Hansen created golden profiles in Seeq to proactively correct costly batch deviations . Challenge Golden profiles are a critical tool in assessing process performance and detecting early signs of trouble. Combining disparate datasources and building the profiles at scale can prove to be a challenge. Solution Leverage Seeq",
        "Document": "<h1 style=\"text-align:center;\"><a href=\"/links?type&#61;workstep&amp;workbook&#61;E55DFF43-A1C8-4354-AC51-08756A534A7E&amp;worksheet&#61;97B4451D-670C-4D51-AE91-8065862C0E74&amp;workstep&#61;0EE77667-339E-EE50-968E-3E10DE3F9761\" rel=\"nofollow noopener noreferrer\"><strong><u>Golden Pro</u></strong></a><a href=\"/links?type&#61;workstep&amp;workbook&#61;E55DFF43-A1C8-4354-AC51-08756A534A7E&amp;worksheet&#61;97B4451D-670C-4D51-AE91-8065862C0E74&amp;workstep&#61;0EE77667-CF1B-F950-8F5F-5A9BF170D3EB\" rel=\"nofollow noopener noreferrer\"><strong><u>files</u></strong></a></h1><figure class=\"table\"><table class=\"ck-table-resized\" style=\"border-color:hsl(0, 0%, 100%);border-style:solid;\"><colgroup><col style=\"width:39.6%;\" /><col style=\"width:60.4%;\" /></colgroup><tbody><tr><td style=\"border-color:hsl(0, 0%, 100%);border-style:solid;\"><img src=\"/api/annotations/DDBBF4CF-9991-4D2C-B615-7D29B98D1F6C/images/image_v19.png\" alt=\"File:ChrHansen.svg - Wikimedia Commons\"></td><td style=\"border-color:hsl(0, 0%, 100%);border-style:solid;\"><h4><i><strong>CHR Hansen</strong> created golden profiles in Seeq to <strong>proactively correct costly batch deviations</strong>.</i></h4></td></tr></tbody></table></figure><h3><strong>Challenge</strong></h3><p>Golden profiles are a critical tool in assessing process performance and detecting early signs of trouble. Combining disparate datasources and building the profiles at scale can prove to be a challenge.</p><h3><strong>Solution</strong></h3><p>Leverage Seeq to combine datasources and build and deploy golden profiles ad-hoc. \u00a0Visualize and monitor how well a process remains within historical norms.\u00a0</p><h4><strong>Creating Context</strong></h4><p>Using the available signals, build in the context to define the periods of interest.\u00a0</p><ul><li><a href=\"/links?type&#61;workstep&amp;workbook&#61;E55DFF43-A1C8-4354-AC51-08756A534A7E&amp;worksheet&#61;97B4451D-670C-4D51-AE91-8065862C0E74&amp;workstep&#61;0EE77667-D50F-6050-8929-C2376DB3EFF5\" rel=\"nofollow noopener noreferrer\">Raw Data</a></li><li><a href=\"/links?type&#61;workstep&amp;workbook&#61;E55DFF43-A1C8-4354-AC51-08756A534A7E&amp;worksheet&#61;97B4451D-670C-4D51-AE91-8065862C0E74&amp;workstep&#61;0EE77667-D18C-F950-9C39-6D218079F8FF\" rel=\"nofollow noopener noreferrer\">Prepped Data</a></li><li><a href=\"/links?type&#61;workstep&amp;workbook&#61;E55DFF43-A1C8-4354-AC51-08756A534A7E&amp;worksheet&#61;97B4451D-670C-4D51-AE91-8065862C0E74&amp;workstep&#61;0EE77667-32BE-6490-96BE-B3156BD0F71F\" rel=\"nofollow noopener noreferrer\">Context\u00a0</a> \u00a0--&gt; \u00a0Compare**</li><li><a href=\"/links?type&#61;workstep&amp;workbook&#61;E55DFF43-A1C8-4354-AC51-08756A534A7E&amp;worksheet&#61;97B4451D-670C-4D51-AE91-8065862C0E74&amp;workstep&#61;0EE77667-CFC6-77B0-ACC3-DE060DF0A045\" rel=\"nofollow noopener noreferrer\">Process</a></li></ul><h4><strong>Selecting Reference Data</strong></h4><p>Select the best (golden) periods using any KPI(s) or by manual selection.\u00a0</p><ul><li><a href=\"/links?type&#61;workstep&amp;workbook&#61;E55DFF43-A1C8-4354-AC51-08756A534A7E&amp;worksheet&#61;97B4451D-670C-4D51-AE91-8065862C0E74&amp;workstep&#61;0EE77667-CE3A-FF90-AC72-9BF8997E98F5\" rel=\"nofollow noopener noreferrer\">Training</a> **</li></ul><h4><strong>Create Statistical Limits</strong></h4><p>Build statistical limits using the training dataset. Build a UCL, LCL, and any other control limits as needed.</p><ul><li><a href=\"/links?type&#61;workstep&amp;workbook&#61;E55DFF43-A1C8-4354-AC51-08756A534A7E&amp;worksheet&#61;97B4451D-670C-4D51-AE91-8065862C0E74&amp;workstep&#61;0EE77667-347F-E810-A5ED-D66AB8B2913B\" rel=\"nofollow noopener noreferrer\">Overlay Control Limits</a> --&gt; Swap Assets</li></ul><h4><strong>Deviation Detection and Monitoring</strong></h4><p>Identify periods where the temperature deviates from the limits for more than three minutes. Send email notifications during a deviation event.\u00a0</p><ul><li><a href=\"/links?type&#61;workstep&amp;workbook&#61;E55DFF43-A1C8-4354-AC51-08756A534A7E&amp;worksheet&#61;97B4451D-670C-4D51-AE91-8065862C0E74&amp;workstep&#61;0EE77667-D26D-7310-A8C2-1810454F5BFD\" rel=\"nofollow noopener noreferrer\">Deviations</a> -- &gt; Schedule Notifications</li></ul><h4><strong>Golden Profile Scaling</strong></h4><p>Leverage Seeq Data Lab to scale the reference profiles. This example creates a Seeq add-on to enable a wide audience to scale the profiles. \u00a0</p><figure class=\"image image_resized\" style=\"width:90.93%;\"><img src=\"/api/annotations/DDBBF4CF-9991-4D2C-B615-7D29B98D1F6C/images/image_v20.png\"></figure><p><a href=\"/links?type&#61;workstep&amp;workbook&#61;E55DFF43-A1C8-4354-AC51-08756A534A7E&amp;worksheet&#61;97B4451D-670C-4D51-AE91-8065862C0E74&amp;workstep&#61;0EE9A912-18FC-6630-8C6C-C7B4A207BE75\" rel=\"nofollow noopener noreferrer\"><img class=\"image_resized\" style=\"width:58.05%;\" src=\"/api/annotations/DDBBF4CF-9991-4D2C-B615-7D29B98D1F6C/images/image_v21.png\"></a></p><p>\u00a0</p><p>\u00a0</p>",
        "DocumentBackup\u02c9-jPWuY9WzL6sLEmpYVGBOvvRkburuy3tFLazPSnGtwc\u02c92023-09-15T15:16:00Z": "<h1 style=\"text-align:center;\"><a href=\"/links?type&#61;workstep&amp;workbook&#61;E55DFF43-A1C8-4354-AC51-08756A534A7E&amp;worksheet&#61;97B4451D-670C-4D51-AE91-8065862C0E74&amp;workstep&#61;0EE3DDFE-03BF-6090-8C59-127E08CD025A\" rel=\"nofollow noopener noreferrer\"><strong><u>Golden Pro</u></strong></a><a href=\"/links?type&#61;workstep&amp;workbook&#61;E55DFF43-A1C8-4354-AC51-08756A534A7E&amp;worksheet&#61;97B4451D-670C-4D51-AE91-8065862C0E74&amp;workstep&#61;0EE3DDFE-E913-E880-B662-D4A4E1580A8E\" rel=\"nofollow noopener noreferrer\"><strong><u>files</u></strong></a></h1><figure class=\"table\"><table style=\"border-color:hsl(0, 0%, 100%);border-style:solid;\"><colgroup><col style=\"width:39.6%;\" /><col style=\"width:60.4%;\" /></colgroup><tbody><tr><td style=\"border-color:hsl(0, 0%, 100%);border-style:solid;\"><img src=\"/api/annotations/DDBBF4CF-9991-4D2C-B615-7D29B98D1F6C/images/image_v13.png\" alt=\"File:ChrHansen.svg - Wikimedia Commons\"></td><td style=\"border-color:hsl(0, 0%, 100%);border-style:solid;\"><h4><i><strong>CHR Hansen</strong> created golden profiles in Seeq to <strong>proactively correct costly batch deviations</strong>.</i></h4></td></tr></tbody></table></figure><h3><strong>Challenge</strong></h3><p>Golden profiles are a critical tool in assessing process performance and detecting early signs of trouble. Combining disparate datasources and building the profiles at scale can prove to be a challenge.</p><h3><strong>Solution</strong></h3><p>Leverage Seeq to combine datasources and build and deploy golden profiles ad-hoc. \u00a0Visualize and monitor how well a process remains within historical norms.\u00a0</p><h4><strong>Creating Context</strong></h4><p>Using the available signals, build in the context to define the periods of interest.\u00a0</p><ul><li><a href=\"/links?type&#61;workstep&amp;workbook&#61;E55DFF43-A1C8-4354-AC51-08756A534A7E&amp;worksheet&#61;97B4451D-670C-4D51-AE91-8065862C0E74&amp;workstep&#61;0EE508F0-ED21-FB20-A6F1-68D01F937C49\" rel=\"nofollow noopener noreferrer\">Raw Data</a></li><li><a href=\"/links?type&#61;workstep&amp;workbook&#61;E55DFF43-A1C8-4354-AC51-08756A534A7E&amp;worksheet&#61;97B4451D-670C-4D51-AE91-8065862C0E74&amp;workstep&#61;0EE508F0-2001-77D0-BC0B-E4219C1960FD\" rel=\"nofollow noopener noreferrer\">Prepped Data</a></li><li><a href=\"/links?type&#61;workstep&amp;workbook&#61;E55DFF43-A1C8-4354-AC51-08756A534A7E&amp;worksheet&#61;97B4451D-670C-4D51-AE91-8065862C0E74&amp;workstep&#61;0EE508EF-8DCE-FBB0-89CB-3EE67D2BEDC4\" rel=\"nofollow noopener noreferrer\">Context\u00a0</a> \u00a0--&gt; \u00a0Compare**</li><li><a href=\"/links?type&#61;workstep&amp;workbook&#61;E55DFF43-A1C8-4354-AC51-08756A534A7E&amp;worksheet&#61;97B4451D-670C-4D51-AE91-8065862C0E74&amp;workstep&#61;0EE3DDFE-0035-6460-97D5-4B3E3B32578E\" rel=\"nofollow noopener noreferrer\">Process</a></li><li>\u00a0</li></ul><h4><strong>Selecting Reference Data</strong></h4><p>Select the best (golden) periods using any KPI(s) or by manual selection.\u00a0</p><ul><li><a href=\"/links?type&#61;workstep&amp;workbook&#61;E55DFF43-A1C8-4354-AC51-08756A534A7E&amp;worksheet&#61;97B4451D-670C-4D51-AE91-8065862C0E74&amp;workstep&#61;0EE3DDFE-ED91-66F0-98B9-BC867D7C927C\" rel=\"nofollow noopener noreferrer\">Training</a> **</li></ul><h4><strong>Create Statistical Limits</strong></h4><p>Build statistical limits using the training dataset. Build a UCL, LCL, and any other control limits as needed.</p><ul><li><a href=\"/links?type&#61;workstep&amp;workbook&#61;E55DFF43-A1C8-4354-AC51-08756A534A7E&amp;worksheet&#61;97B4451D-670C-4D51-AE91-8065862C0E74&amp;workstep&#61;0EE3DDFE-EA33-F9E0-81FE-B56FCB0B8E72\" rel=\"nofollow noopener noreferrer\">Overlay Control Limits</a> --&gt; Swap Assets</li></ul><h4><strong>Deviation Detection and Monitoring</strong></h4><p>Identify periods where the temperature deviates from the limits for more than three minutes. Send email notifications during a deviation event.\u00a0</p><ul><li><a href=\"/links?type&#61;workstep&amp;workbook&#61;E55DFF43-A1C8-4354-AC51-08756A534A7E&amp;worksheet&#61;97B4451D-670C-4D51-AE91-8065862C0E74&amp;workstep&#61;0EE3DDFE-E2E0-F9E0-BF36-753AD674F8C1\" rel=\"nofollow noopener noreferrer\">Deviations</a> -- &gt; Schedule Notifications</li></ul><h4><strong>Golden Profile Scaling</strong></h4><p>Leverage Seeq Data Lab to scale the reference profiles. This example creates a Seeq add-on to enable a wide audience to scale the profiles. \u00a0</p><ul><li><a href=\"/links?type&#61;workstep&amp;workbook&#61;E55DFF43-A1C8-4354-AC51-08756A534A7E&amp;worksheet&#61;97B4451D-670C-4D51-AE91-8065862C0E74&amp;workstep&#61;0EE3DDFE-00C5-7510-8A23-BD5DB4EA52FB\" rel=\"nofollow noopener noreferrer\">The Setup</a> - <a href=\"/links?type&#61;workstep&amp;workbook&#61;E55DFF43-A1C8-4354-AC51-08756A534A7E&amp;worksheet&#61;97B4451D-670C-4D51-AE91-8065862C0E74&amp;workstep&#61;0EE3DDFE-E7E9-EAE0-B288-66D6CEB77D6F\" rel=\"nofollow noopener noreferrer\">Phase Based Results</a><ul><li><a href=\"/links?type&#61;workstep&amp;workbook&#61;E55DFF43-A1C8-4354-AC51-08756A534A7E&amp;worksheet&#61;97B4451D-670C-4D51-AE91-8065862C0E74&amp;workstep&#61;0EE3DDFE-EB3B-64A0-9310-C11B511A0D40\" rel=\"nofollow noopener noreferrer\">Treemap</a></li></ul></li><li><a href=\"/links?type&#61;workstep&amp;workbook&#61;E55DFF43-A1C8-4354-AC51-08756A534A7E&amp;worksheet&#61;97B4451D-670C-4D51-AE91-8065862C0E74&amp;workstep&#61;0EE3DDFE-E6F5-E8A0-BBF0-3BCC4C67D681\" rel=\"nofollow noopener noreferrer\">The Setup</a> - <a href=\"/links?type&#61;workstep&amp;workbook&#61;E55DFF43-A1C8-4354-AC51-08756A534A7E&amp;worksheet&#61;97B4451D-670C-4D51-AE91-8065862C0E74&amp;workstep&#61;0EE3DDFE-E40A-7780-B1B9-F68D40B7A14D\" rel=\"nofollow noopener noreferrer\">Product Based Results</a><ul><li><a href=\"/links?type&#61;workstep&amp;workbook&#61;E55DFF43-A1C8-4354-AC51-08756A534A7E&amp;worksheet&#61;97B4451D-670C-4D51-AE91-8065862C0E74&amp;workstep&#61;0EE3DDFE-E505-EEF0-9D5B-F4C3AF7A244C\" rel=\"nofollow noopener noreferrer\">Treemap</a></li></ul></li></ul><p>\u00a0</p><figure class=\"image image_resized\" style=\"width:90.93%;\"><img src=\"/api/annotations/DDBBF4CF-9991-4D2C-B615-7D29B98D1F6C/images/image_v14.png\"></figure><p><img src=\"/api/annotations/DDBBF4CF-9991-4D2C-B615-7D29B98D1F6C/images/image_v18.png\"></p><p>\u00a0</p><p>\u00a0</p>",
        "DocumentBackup\u02c9-jPWuY9WzL6sLEmpYVGBOvvRkburuy3tFLazPSnGtwc\u02c92023-09-15T20:24:00Z": "<h1 style=\"text-align:center;\"><a href=\"/links?type&#61;workstep&amp;workbook&#61;E55DFF43-A1C8-4354-AC51-08756A534A7E&amp;worksheet&#61;97B4451D-670C-4D51-AE91-8065862C0E74&amp;workstep&#61;0EE3DDFE-03BF-6090-8C59-127E08CD025A\" rel=\"nofollow noopener noreferrer\"><strong><u>Golden Pro</u></strong></a><a href=\"/links?type&#61;workstep&amp;workbook&#61;E55DFF43-A1C8-4354-AC51-08756A534A7E&amp;worksheet&#61;97B4451D-670C-4D51-AE91-8065862C0E74&amp;workstep&#61;0EE3DDFE-E913-E880-B662-D4A4E1580A8E\" rel=\"nofollow noopener noreferrer\"><strong><u>files</u></strong></a></h1><figure class=\"table\"><table style=\"border-color:hsl(0, 0%, 100%);border-style:solid;\"><colgroup><col style=\"width:39.6%;\" /><col style=\"width:60.4%;\" /></colgroup><tbody><tr><td style=\"border-color:hsl(0, 0%, 100%);border-style:solid;\"><img src=\"/api/annotations/DDBBF4CF-9991-4D2C-B615-7D29B98D1F6C/images/image_v13.png\" alt=\"File:ChrHansen.svg - Wikimedia Commons\"></td><td style=\"border-color:hsl(0, 0%, 100%);border-style:solid;\"><h4><i><strong>CHR Hansen</strong> created golden profiles in Seeq to <strong>proactively correct costly batch deviations</strong>.</i></h4></td></tr></tbody></table></figure><h3><strong>Challenge</strong></h3><p>Golden profiles are a critical tool in assessing process performance and detecting early signs of trouble. Combining disparate datasources and building the profiles at scale can prove to be a challenge.</p><h3><strong>Solution</strong></h3><p>Leverage Seeq to combine datasources and build and deploy golden profiles ad-hoc. \u00a0Visualize and monitor how well a process remains within historical norms.\u00a0</p><h4><strong>Creating Context</strong></h4><p>Using the available signals, build in the context to define the periods of interest.\u00a0</p><ul><li><a href=\"/links?type&#61;workstep&amp;workbook&#61;E55DFF43-A1C8-4354-AC51-08756A534A7E&amp;worksheet&#61;97B4451D-670C-4D51-AE91-8065862C0E74&amp;workstep&#61;0EE508F0-ED21-FB20-A6F1-68D01F937C49\" rel=\"nofollow noopener noreferrer\">Raw Data</a></li><li><a href=\"/links?type&#61;workstep&amp;workbook&#61;E55DFF43-A1C8-4354-AC51-08756A534A7E&amp;worksheet&#61;97B4451D-670C-4D51-AE91-8065862C0E74&amp;workstep&#61;0EE508F0-2001-77D0-BC0B-E4219C1960FD\" rel=\"nofollow noopener noreferrer\">Prepped Data</a></li><li><a href=\"/links?type&#61;workstep&amp;workbook&#61;E55DFF43-A1C8-4354-AC51-08756A534A7E&amp;worksheet&#61;97B4451D-670C-4D51-AE91-8065862C0E74&amp;workstep&#61;0EE508EF-8DCE-FBB0-89CB-3EE67D2BEDC4\" rel=\"nofollow noopener noreferrer\">Context\u00a0</a> \u00a0--&gt; \u00a0Compare**</li><li><a href=\"/links?type&#61;workstep&amp;workbook&#61;E55DFF43-A1C8-4354-AC51-08756A534A7E&amp;worksheet&#61;97B4451D-670C-4D51-AE91-8065862C0E74&amp;workstep&#61;0EE53DAE-3DD9-6670-A935-65CA381B6A00\" rel=\"nofollow noopener noreferrer\">Process</a></li></ul><h4><strong>Selecting Reference Data</strong></h4><p>Select the best (golden) periods using any KPI(s) or by manual selection.\u00a0</p><ul><li><a href=\"/links?type&#61;workstep&amp;workbook&#61;E55DFF43-A1C8-4354-AC51-08756A534A7E&amp;worksheet&#61;97B4451D-670C-4D51-AE91-8065862C0E74&amp;workstep&#61;0EE3DDFE-ED91-66F0-98B9-BC867D7C927C\" rel=\"nofollow noopener noreferrer\">Training</a> **</li></ul><h4><strong>Create Statistical Limits</strong></h4><p>Build statistical limits using the training dataset. Build a UCL, LCL, and any other control limits as needed.</p><ul><li><a href=\"/links?type&#61;workstep&amp;workbook&#61;E55DFF43-A1C8-4354-AC51-08756A534A7E&amp;worksheet&#61;97B4451D-670C-4D51-AE91-8065862C0E74&amp;workstep&#61;0EE3DDFE-EA33-F9E0-81FE-B56FCB0B8E72\" rel=\"nofollow noopener noreferrer\">Overlay Control Limits</a> --&gt; Swap Assets</li></ul><h4><strong>Deviation Detection and Monitoring</strong></h4><p>Identify periods where the temperature deviates from the limits for more than three minutes. Send email notifications during a deviation event.\u00a0</p><ul><li><a href=\"/links?type&#61;workstep&amp;workbook&#61;E55DFF43-A1C8-4354-AC51-08756A534A7E&amp;worksheet&#61;97B4451D-670C-4D51-AE91-8065862C0E74&amp;workstep&#61;0EE3DDFE-E2E0-F9E0-BF36-753AD674F8C1\" rel=\"nofollow noopener noreferrer\">Deviations</a> -- &gt; Schedule Notifications</li></ul><h4><strong>Golden Profile Scaling</strong></h4><p>Leverage Seeq Data Lab to scale the reference profiles. This example creates a Seeq add-on to enable a wide audience to scale the profiles. \u00a0</p><ul><li><a href=\"/links?type&#61;workstep&amp;workbook&#61;E55DFF43-A1C8-4354-AC51-08756A534A7E&amp;worksheet&#61;97B4451D-670C-4D51-AE91-8065862C0E74&amp;workstep&#61;0EE3DDFE-00C5-7510-8A23-BD5DB4EA52FB\" rel=\"nofollow noopener noreferrer\">The Setup</a> - <a href=\"/links?type&#61;workstep&amp;workbook&#61;E55DFF43-A1C8-4354-AC51-08756A534A7E&amp;worksheet&#61;97B4451D-670C-4D51-AE91-8065862C0E74&amp;workstep&#61;0EE3DDFE-E7E9-EAE0-B288-66D6CEB77D6F\" rel=\"nofollow noopener noreferrer\">Phase Based Results</a><ul><li><a href=\"/links?type&#61;workstep&amp;workbook&#61;E55DFF43-A1C8-4354-AC51-08756A534A7E&amp;worksheet&#61;97B4451D-670C-4D51-AE91-8065862C0E74&amp;workstep&#61;0EE3DDFE-EB3B-64A0-9310-C11B511A0D40\" rel=\"nofollow noopener noreferrer\">Treemap</a></li></ul></li><li><a href=\"/links?type&#61;workstep&amp;workbook&#61;E55DFF43-A1C8-4354-AC51-08756A534A7E&amp;worksheet&#61;97B4451D-670C-4D51-AE91-8065862C0E74&amp;workstep&#61;0EE3DDFE-E6F5-E8A0-BBF0-3BCC4C67D681\" rel=\"nofollow noopener noreferrer\">The Setup</a> - <a href=\"/links?type&#61;workstep&amp;workbook&#61;E55DFF43-A1C8-4354-AC51-08756A534A7E&amp;worksheet&#61;97B4451D-670C-4D51-AE91-8065862C0E74&amp;workstep&#61;0EE3DDFE-E40A-7780-B1B9-F68D40B7A14D\" rel=\"nofollow noopener noreferrer\">Product Based Results</a><ul><li><a href=\"/links?type&#61;workstep&amp;workbook&#61;E55DFF43-A1C8-4354-AC51-08756A534A7E&amp;worksheet&#61;97B4451D-670C-4D51-AE91-8065862C0E74&amp;workstep&#61;0EE3DDFE-E505-EEF0-9D5B-F4C3AF7A244C\" rel=\"nofollow noopener noreferrer\">Treemap</a></li></ul></li></ul><figure class=\"image image_resized\" style=\"width:90.93%;\"><img src=\"/api/annotations/DDBBF4CF-9991-4D2C-B615-7D29B98D1F6C/images/image_v14.png\"></figure><p><img src=\"/api/annotations/DDBBF4CF-9991-4D2C-B615-7D29B98D1F6C/images/image_v18.png\"></p><p>\u00a0</p><p>\u00a0</p>",
        "DocumentBackup\u02c9-jPWuY9WzL6sLEmpYVGBOvvRkburuy3tFLazPSnGtwc\u02c92023-09-19T20:17:00Z": "<h1 style=\"text-align:center;\"><a href=\"/links?type&#61;workstep&amp;workbook&#61;E55DFF43-A1C8-4354-AC51-08756A534A7E&amp;worksheet&#61;97B4451D-670C-4D51-AE91-8065862C0E74&amp;workstep&#61;0EE57299-7D97-62B0-81C8-85EED7DC7815\" rel=\"nofollow noopener noreferrer\"><strong><u>Golden Pro</u></strong></a><a href=\"/links?type&#61;workstep&amp;workbook&#61;E55DFF43-A1C8-4354-AC51-08756A534A7E&amp;worksheet&#61;97B4451D-670C-4D51-AE91-8065862C0E74&amp;workstep&#61;0EE57299-81DC-EEB0-B3CB-AB45AA429453\" rel=\"nofollow noopener noreferrer\"><strong><u>files</u></strong></a></h1><figure class=\"table\"><table style=\"border-color:hsl(0, 0%, 100%);border-style:solid;\"><colgroup><col style=\"width:39.6%;\" /><col style=\"width:60.4%;\" /></colgroup><tbody><tr><td style=\"border-color:hsl(0, 0%, 100%);border-style:solid;\"><img src=\"/api/annotations/DDBBF4CF-9991-4D2C-B615-7D29B98D1F6C/images/image_v1.png\" alt=\"File:ChrHansen.svg - Wikimedia Commons\"></td><td style=\"border-color:hsl(0, 0%, 100%);border-style:solid;\"><h4><i><strong>CHR Hansen</strong> created golden profiles in Seeq to <strong>proactively correct costly batch deviations</strong>.</i></h4></td></tr></tbody></table></figure><h3><strong>Challenge</strong></h3><p>Golden profiles are a critical tool in assessing process performance and detecting early signs of trouble. Combining disparate datasources and building the profiles at scale can prove to be a challenge.</p><h3><strong>Solution</strong></h3><p>Leverage Seeq to combine datasources and build and deploy golden profiles ad-hoc. \u00a0Visualize and monitor how well a process remains within historical norms.\u00a0</p><h4><strong>Creating Context</strong></h4><p>Using the available signals, build in the context to define the periods of interest.\u00a0</p><ul><li><a href=\"/links?type&#61;workstep&amp;workbook&#61;E55DFF43-A1C8-4354-AC51-08756A534A7E&amp;worksheet&#61;97B4451D-670C-4D51-AE91-8065862C0E74&amp;workstep&#61;0EE57299-7BD5-FF30-9B6C-9D83E678B3BA\" rel=\"nofollow noopener noreferrer\">Raw Data</a></li><li><a href=\"/links?type&#61;workstep&amp;workbook&#61;E55DFF43-A1C8-4354-AC51-08756A534A7E&amp;worksheet&#61;97B4451D-670C-4D51-AE91-8065862C0E74&amp;workstep&#61;0EE57299-82C7-64B0-9BC7-2C7BC2A4FE01\" rel=\"nofollow noopener noreferrer\">Prepped Data</a></li><li><a href=\"/links?type&#61;workstep&amp;workbook&#61;E55DFF43-A1C8-4354-AC51-08756A534A7E&amp;worksheet&#61;97B4451D-670C-4D51-AE91-8065862C0E74&amp;workstep&#61;0EE57299-7E6E-6030-9EFC-CEC4D67CE6BA\" rel=\"nofollow noopener noreferrer\">Context\u00a0</a> \u00a0--&gt; \u00a0Compare**</li><li><a href=\"/links?type&#61;workstep&amp;workbook&#61;E55DFF43-A1C8-4354-AC51-08756A534A7E&amp;worksheet&#61;97B4451D-670C-4D51-AE91-8065862C0E74&amp;workstep&#61;0EE57299-8337-F990-99D3-77632539EB78\" rel=\"nofollow noopener noreferrer\">Process</a></li></ul><h4><strong>Selecting Reference Data</strong></h4><p>Select the best (golden) periods using any KPI(s) or by manual selection.\u00a0</p><ul><li><a href=\"/links?type&#61;workstep&amp;workbook&#61;E55DFF43-A1C8-4354-AC51-08756A534A7E&amp;worksheet&#61;97B4451D-670C-4D51-AE91-8065862C0E74&amp;workstep&#61;0EE57299-7F44-FDB0-88CE-7E40871BC9AD\" rel=\"nofollow noopener noreferrer\">Training</a> **</li></ul><h4><strong>Create Statistical Limits</strong></h4><p>Build statistical limits using the training dataset. Build a UCL, LCL, and any other control limits as needed.</p><ul><li><a href=\"/links?type&#61;workstep&amp;workbook&#61;E55DFF43-A1C8-4354-AC51-08756A534A7E&amp;worksheet&#61;97B4451D-670C-4D51-AE91-8065862C0E74&amp;workstep&#61;0EE57299-7AF5-7570-BD1D-A9C86FDA6A60\" rel=\"nofollow noopener noreferrer\">Overlay Control Limits</a> --&gt; Swap Assets</li></ul><h4><strong>Deviation Detection and Monitoring</strong></h4><p>Identify periods where the temperature deviates from the limits for more than three minutes. Send email notifications during a deviation event.\u00a0</p><ul><li><a href=\"/links?type&#61;workstep&amp;workbook&#61;E55DFF43-A1C8-4354-AC51-08756A534A7E&amp;worksheet&#61;97B4451D-670C-4D51-AE91-8065862C0E74&amp;workstep&#61;0EE57299-77CA-ECB0-B587-33290EAF9E29\" rel=\"nofollow noopener noreferrer\">Deviations</a> -- &gt; Schedule Notifications</li></ul><h4><strong>Golden Profile Scaling</strong></h4><p>Leverage Seeq Data Lab to scale the reference profiles. This example creates a Seeq add-on to enable a wide audience to scale the profiles. \u00a0</p><ul><li><a href=\"/links?type&#61;workstep&amp;workbook&#61;E55DFF43-A1C8-4354-AC51-08756A534A7E&amp;worksheet&#61;97B4451D-670C-4D51-AE91-8065862C0E74&amp;workstep&#61;0EE57299-78A1-EA30-907E-BC456F177E11\" rel=\"nofollow noopener noreferrer\">The Setup</a> - <a href=\"/links?type&#61;workstep&amp;workbook&#61;E55DFF43-A1C8-4354-AC51-08756A534A7E&amp;worksheet&#61;97B4451D-670C-4D51-AE91-8065862C0E74&amp;workstep&#61;0EE57299-83B1-EAB0-A9DA-EE1860308941\" rel=\"nofollow noopener noreferrer\">Phase Based Results</a><ul><li><a href=\"/links?type&#61;workstep&amp;workbook&#61;E55DFF43-A1C8-4354-AC51-08756A534A7E&amp;worksheet&#61;97B4451D-670C-4D51-AE91-8065862C0E74&amp;workstep&#61;0EE57299-7A62-FDB0-84E6-052A88844AFC\" rel=\"nofollow noopener noreferrer\">Treemap</a></li></ul></li><li><a href=\"/links?type&#61;workstep&amp;workbook&#61;E55DFF43-A1C8-4354-AC51-08756A534A7E&amp;worksheet&#61;97B4451D-670C-4D51-AE91-8065862C0E74&amp;workstep&#61;0EE57299-801B-FB30-A944-5DC805A9D7B2\" rel=\"nofollow noopener noreferrer\">The Setup</a> - <a href=\"/links?type&#61;workstep&amp;workbook&#61;E55DFF43-A1C8-4354-AC51-08756A534A7E&amp;worksheet&#61;97B4451D-670C-4D51-AE91-8065862C0E74&amp;workstep&#61;0EE57299-8106-7130-93C2-EBE4DC7058AE\" rel=\"nofollow noopener noreferrer\">Product Based Results</a><ul><li><a href=\"/links?type&#61;workstep&amp;workbook&#61;E55DFF43-A1C8-4354-AC51-08756A534A7E&amp;worksheet&#61;97B4451D-670C-4D51-AE91-8065862C0E74&amp;workstep&#61;0EE57299-7CB6-E8F0-9AAE-9B779891A426\" rel=\"nofollow noopener noreferrer\">Treemap</a></li></ul></li></ul><figure class=\"image image_resized\" style=\"width:90.93%;\"><img src=\"/api/annotations/DDBBF4CF-9991-4D2C-B615-7D29B98D1F6C/images/image_v2.png\"></figure><p><img src=\"/api/annotations/DDBBF4CF-9991-4D2C-B615-7D29B98D1F6C/images/image_v3.png\"></p><p>\u00a0</p><p>\u00a0</p>",
        "DocumentBackup\u02c9-jPWuY9WzL6sLEmpYVGBOvvRkburuy3tFLazPSnGtwc\u02c92023-09-19T20:18:00Z": "<h1 style=\"text-align:center;\"><a href=\"/links?type&#61;workstep&amp;workbook&#61;E55DFF43-A1C8-4354-AC51-08756A534A7E&amp;worksheet&#61;97B4451D-670C-4D51-AE91-8065862C0E74&amp;workstep&#61;0EE57299-FED5-71B0-972C-B06C24A9FA6A\" rel=\"nofollow noopener noreferrer\"><strong><u>Golden Pro</u></strong></a><a href=\"/links?type&#61;workstep&amp;workbook&#61;E55DFF43-A1C8-4354-AC51-08756A534A7E&amp;worksheet&#61;97B4451D-670C-4D51-AE91-8065862C0E74&amp;workstep&#61;0EE57299-FC33-6470-9D9D-746C63B15D59\" rel=\"nofollow noopener noreferrer\"><strong><u>files</u></strong></a></h1><figure class=\"table\"><table style=\"border-color:hsl(0, 0%, 100%);border-style:solid;\"><colgroup><col style=\"width:39.6%;\" /><col style=\"width:60.4%;\" /></colgroup><tbody><tr><td style=\"border-color:hsl(0, 0%, 100%);border-style:solid;\"><img src=\"/api/annotations/DDBBF4CF-9991-4D2C-B615-7D29B98D1F6C/images/image_v4.png\" alt=\"File:ChrHansen.svg - Wikimedia Commons\"></td><td style=\"border-color:hsl(0, 0%, 100%);border-style:solid;\"><h4><i><strong>CHR Hansen</strong> created golden profiles in Seeq to <strong>proactively correct costly batch deviations</strong>.</i></h4></td></tr></tbody></table></figure><h3><strong>Challenge</strong></h3><p>Golden profiles are a critical tool in assessing process performance and detecting early signs of trouble. Combining disparate datasources and building the profiles at scale can prove to be a challenge.</p><h3><strong>Solution</strong></h3><p>Leverage Seeq to combine datasources and build and deploy golden profiles ad-hoc. \u00a0Visualize and monitor how well a process remains within historical norms.\u00a0</p><h4><strong>Creating Context</strong></h4><p>Using the available signals, build in the context to define the periods of interest.\u00a0</p><ul><li><a href=\"/links?type&#61;workstep&amp;workbook&#61;E55DFF43-A1C8-4354-AC51-08756A534A7E&amp;worksheet&#61;97B4451D-670C-4D51-AE91-8065862C0E74&amp;workstep&#61;0EE57299-FFB5-FB70-BB6A-33ACE25C06F9\" rel=\"nofollow noopener noreferrer\">Raw Data</a></li><li><a href=\"/links?type&#61;workstep&amp;workbook&#61;E55DFF43-A1C8-4354-AC51-08756A534A7E&amp;worksheet&#61;97B4451D-670C-4D51-AE91-8065862C0E74&amp;workstep&#61;0EE57299-FDF4-77F0-B4A2-CAE2F6162697\" rel=\"nofollow noopener noreferrer\">Prepped Data</a></li><li><a href=\"/links?type&#61;workstep&amp;workbook&#61;E55DFF43-A1C8-4354-AC51-08756A534A7E&amp;worksheet&#61;97B4451D-670C-4D51-AE91-8065862C0E74&amp;workstep&#61;0EE5729A-008C-E8F0-BD07-FFCF1F40B6D1\" rel=\"nofollow noopener noreferrer\">Context\u00a0</a> \u00a0--&gt; \u00a0Compare**</li><li><a href=\"/links?type&#61;workstep&amp;workbook&#61;E55DFF43-A1C8-4354-AC51-08756A534A7E&amp;worksheet&#61;97B4451D-670C-4D51-AE91-8065862C0E74&amp;workstep&#61;0EE5729A-064F-62B0-A427-F5BF6CD78C95\" rel=\"nofollow noopener noreferrer\">Process</a></li></ul><h4><strong>Selecting Reference Data</strong></h4><p>Select the best (golden) periods using any KPI(s) or by manual selection.\u00a0</p><ul><li><a href=\"/links?type&#61;workstep&amp;workbook&#61;E55DFF43-A1C8-4354-AC51-08756A534A7E&amp;worksheet&#61;97B4451D-670C-4D51-AE91-8065862C0E74&amp;workstep&#61;0EE5729A-037C-E830-891B-0833E14D1619\" rel=\"nofollow noopener noreferrer\">Training</a> **</li></ul><h4><strong>Create Statistical Limits</strong></h4><p>Build statistical limits using the training dataset. Build a UCL, LCL, and any other control limits as needed.</p><ul><li><a href=\"/links?type&#61;workstep&amp;workbook&#61;E55DFF43-A1C8-4354-AC51-08756A534A7E&amp;worksheet&#61;97B4451D-670C-4D51-AE91-8065862C0E74&amp;workstep&#61;0EE5729A-0726-6030-86D2-8B7D95676618\" rel=\"nofollow noopener noreferrer\">Overlay Control Limits</a> --&gt; Swap Assets</li></ul><h4><strong>Deviation Detection and Monitoring</strong></h4><p>Identify periods where the temperature deviates from the limits for more than three minutes. Send email notifications during a deviation event.\u00a0</p><ul><li><a href=\"/links?type&#61;workstep&amp;workbook&#61;E55DFF43-A1C8-4354-AC51-08756A534A7E&amp;worksheet&#61;97B4451D-670C-4D51-AE91-8065862C0E74&amp;workstep&#61;0EE57299-77CA-ECB0-B587-33290EAF9E29\" rel=\"nofollow noopener noreferrer\">Deviations</a> -- &gt; Schedule Notifications</li></ul><h4><strong>Golden Profile Scaling</strong></h4><p>Leverage Seeq Data Lab to scale the reference profiles. This example creates a Seeq add-on to enable a wide audience to scale the profiles. \u00a0</p><ul><li><a href=\"/links?type&#61;workstep&amp;workbook&#61;E55DFF43-A1C8-4354-AC51-08756A534A7E&amp;worksheet&#61;97B4451D-670C-4D51-AE91-8065862C0E74&amp;workstep&#61;0EE57299-78A1-EA30-907E-BC456F177E11\" rel=\"nofollow noopener noreferrer\">The Setup</a> - <a href=\"/links?type&#61;workstep&amp;workbook&#61;E55DFF43-A1C8-4354-AC51-08756A534A7E&amp;worksheet&#61;97B4451D-670C-4D51-AE91-8065862C0E74&amp;workstep&#61;0EE57299-FD0A-71F0-85D4-2532B37B0788\" rel=\"nofollow noopener noreferrer\">Phase Based Results</a><ul><li><a href=\"/links?type&#61;workstep&amp;workbook&#61;E55DFF43-A1C8-4354-AC51-08756A534A7E&amp;worksheet&#61;97B4451D-670C-4D51-AE91-8065862C0E74&amp;workstep&#61;0EE5729A-053D-FBB0-ADE9-8ECBD017A01A\" rel=\"nofollow noopener noreferrer\">Treemap</a></li></ul></li><li><a href=\"/links?type&#61;workstep&amp;workbook&#61;E55DFF43-A1C8-4354-AC51-08756A534A7E&amp;worksheet&#61;97B4451D-670C-4D51-AE91-8065862C0E74&amp;workstep&#61;0EE5729A-0274-FD70-A7F4-C9DAC2A73A7D\" rel=\"nofollow noopener noreferrer\">The Setup</a> - <a href=\"/links?type&#61;workstep&amp;workbook&#61;E55DFF43-A1C8-4354-AC51-08756A534A7E&amp;worksheet&#61;97B4451D-670C-4D51-AE91-8065862C0E74&amp;workstep&#61;0EE5729A-0163-6670-AAF7-F5CB13008110\" rel=\"nofollow noopener noreferrer\">Product Based Results</a><ul><li><a href=\"/links?type&#61;workstep&amp;workbook&#61;E55DFF43-A1C8-4354-AC51-08756A534A7E&amp;worksheet&#61;97B4451D-670C-4D51-AE91-8065862C0E74&amp;workstep&#61;0EE5729A-0453-75B0-8FF3-A1F563C4BB87\" rel=\"nofollow noopener noreferrer\">Treemap</a></li></ul></li></ul><figure class=\"image image_resized\" style=\"width:90.93%;\"><img src=\"/api/annotations/DDBBF4CF-9991-4D2C-B615-7D29B98D1F6C/images/image_v5.png\"></figure><p><img src=\"/api/annotations/DDBBF4CF-9991-4D2C-B615-7D29B98D1F6C/images/image_v6.png\"></p><p>\u00a0</p><p>\u00a0</p>",
        "DocumentBackup\u02c9-jPWuY9WzL6sLEmpYVGBOvvRkburuy3tFLazPSnGtwc\u02c92023-09-26T18:43:00Z": "<h1 style=\"text-align:center;\"><a href=\"/links?type&#61;workstep&amp;workbook&#61;E55DFF43-A1C8-4354-AC51-08756A534A7E&amp;worksheet&#61;97B4451D-670C-4D51-AE91-8065862C0E74&amp;workstep&#61;0EE5C9C8-E057-7540-AEA6-355C175E5952\" rel=\"nofollow noopener noreferrer\"><strong><u>Golden Pro</u></strong></a><a href=\"/links?type&#61;workstep&amp;workbook&#61;E55DFF43-A1C8-4354-AC51-08756A534A7E&amp;worksheet&#61;97B4451D-670C-4D51-AE91-8065862C0E74&amp;workstep&#61;0EE5C9C8-E78A-F970-8BD9-4D4B57F00C19\" rel=\"nofollow noopener noreferrer\"><strong><u>files</u></strong></a></h1><figure class=\"table\"><table style=\"border-color:hsl(0, 0%, 100%);border-style:solid;\"><colgroup><col style=\"width:39.6%;\" /><col style=\"width:60.4%;\" /></colgroup><tbody><tr><td style=\"border-color:hsl(0, 0%, 100%);border-style:solid;\"><img src=\"/api/annotations/DDBBF4CF-9991-4D2C-B615-7D29B98D1F6C/images/image_v7.png\" alt=\"File:ChrHansen.svg - Wikimedia Commons\"></td><td style=\"border-color:hsl(0, 0%, 100%);border-style:solid;\"><h4><i><strong>CHR Hansen</strong> created golden profiles in Seeq to <strong>proactively correct costly batch deviations</strong>.</i></h4></td></tr></tbody></table></figure><h3><strong>Challenge</strong></h3><p>Golden profiles are a critical tool in assessing process performance and detecting early signs of trouble. Combining disparate datasources and building the profiles at scale can prove to be a challenge.</p><h3><strong>Solution</strong></h3><p>Leverage Seeq to combine datasources and build and deploy golden profiles ad-hoc. \u00a0Visualize and monitor how well a process remains within historical norms.\u00a0</p><h4><strong>Creating Context</strong></h4><p>Using the available signals, build in the context to define the periods of interest.\u00a0</p><ul><li><a href=\"/links?type&#61;workstep&amp;workbook&#61;E55DFF43-A1C8-4354-AC51-08756A534A7E&amp;worksheet&#61;97B4451D-670C-4D51-AE91-8065862C0E74&amp;workstep&#61;0EE5C9C8-E969-71B0-8A27-48AC87895799\" rel=\"nofollow noopener noreferrer\">Raw Data</a></li><li><a href=\"/links?type&#61;workstep&amp;workbook&#61;E55DFF43-A1C8-4354-AC51-08756A534A7E&amp;worksheet&#61;97B4451D-670C-4D51-AE91-8065862C0E74&amp;workstep&#61;0EE5C9C8-E3EA-FDB0-8670-96C8752E80F2\" rel=\"nofollow noopener noreferrer\">Prepped Data</a></li><li><a href=\"/links?type&#61;workstep&amp;workbook&#61;E55DFF43-A1C8-4354-AC51-08756A534A7E&amp;worksheet&#61;97B4451D-670C-4D51-AE91-8065862C0E74&amp;workstep&#61;0EE5C9C8-E21F-FDF0-9AE4-F28C913421B7\" rel=\"nofollow noopener noreferrer\">Context\u00a0</a> \u00a0--&gt; \u00a0Compare**</li><li><a href=\"/links?type&#61;workstep&amp;workbook&#61;E55DFF43-A1C8-4354-AC51-08756A534A7E&amp;worksheet&#61;97B4451D-670C-4D51-AE91-8065862C0E74&amp;workstep&#61;0EE5C9C8-E30A-73F0-88A8-F96A67103A03\" rel=\"nofollow noopener noreferrer\">Process</a></li></ul><h4><strong>Selecting Reference Data</strong></h4><p>Select the best (golden) periods using any KPI(s) or by manual selection.\u00a0</p><ul><li><a href=\"/links?type&#61;workstep&amp;workbook&#61;E55DFF43-A1C8-4354-AC51-08756A534A7E&amp;worksheet&#61;97B4451D-670C-4D51-AE91-8065862C0E74&amp;workstep&#61;0EE5C9C8-E5C9-75F0-AE84-8418E5179131\" rel=\"nofollow noopener noreferrer\">Training</a> **</li></ul><h4><strong>Create Statistical Limits</strong></h4><p>Build statistical limits using the training dataset. Build a UCL, LCL, and any other control limits as needed.</p><ul><li><a href=\"/links?type&#61;workstep&amp;workbook&#61;E55DFF43-A1C8-4354-AC51-08756A534A7E&amp;worksheet&#61;97B4451D-670C-4D51-AE91-8065862C0E74&amp;workstep&#61;0EE5C9C8-DFCE-F9C0-B7C1-6AFDC539E8B6\" rel=\"nofollow noopener noreferrer\">Overlay Control Limits</a> --&gt; Swap Assets</li></ul><h4><strong>Deviation Detection and Monitoring</strong></h4><p>Identify periods where the temperature deviates from the limits for more than three minutes. Send email notifications during a deviation event.\u00a0</p><ul><li><a href=\"/links?type&#61;workstep&amp;workbook&#61;E55DFF43-A1C8-4354-AC51-08756A534A7E&amp;worksheet&#61;97B4451D-670C-4D51-AE91-8065862C0E74&amp;workstep&#61;0EE5C9C8-E4DE-FFF0-8FBF-74A00BF4DD9F\" rel=\"nofollow noopener noreferrer\">Deviations</a> -- &gt; Schedule Notifications</li></ul><h4><strong>Golden Profile Scaling</strong></h4><p>Leverage Seeq Data Lab to scale the reference profiles. This example creates a Seeq add-on to enable a wide audience to scale the profiles. \u00a0</p><ul><li><a href=\"/links?type&#61;workstep&amp;workbook&#61;E55DFF43-A1C8-4354-AC51-08756A534A7E&amp;worksheet&#61;97B4451D-670C-4D51-AE91-8065862C0E74&amp;workstep&#61;0EE5C9C8-DD8B-FFF0-A923-96D511640524\" rel=\"nofollow noopener noreferrer\">The Setup</a> - <a href=\"/links?type&#61;workstep&amp;workbook&#61;E55DFF43-A1C8-4354-AC51-08756A534A7E&amp;worksheet&#61;97B4451D-670C-4D51-AE91-8065862C0E74&amp;workstep&#61;0EE5C9C8-DF56-FFB0-BEF9-413A9EC7E521\" rel=\"nofollow noopener noreferrer\">Phase Based Results</a><ul><li><a href=\"/links?type&#61;workstep&amp;workbook&#61;E55DFF43-A1C8-4354-AC51-08756A534A7E&amp;worksheet&#61;97B4451D-670C-4D51-AE91-8065862C0E74&amp;workstep&#61;0EE5C9C8-DE6C-F9B0-BA6D-4DFECBA03D52\" rel=\"nofollow noopener noreferrer\">Treemap</a></li></ul></li><li><a href=\"/links?type&#61;workstep&amp;workbook&#61;E55DFF43-A1C8-4354-AC51-08756A534A7E&amp;worksheet&#61;97B4451D-670C-4D51-AE91-8065862C0E74&amp;workstep&#61;0EE5C9C8-E86B-7330-8C92-0661BBC41F9B\" rel=\"nofollow noopener noreferrer\">The Setup</a> - <a href=\"/links?type&#61;workstep&amp;workbook&#61;E55DFF43-A1C8-4354-AC51-08756A534A7E&amp;worksheet&#61;97B4451D-670C-4D51-AE91-8065862C0E74&amp;workstep&#61;0EE5C9C8-E6A0-7370-B70D-60C8EC068245\" rel=\"nofollow noopener noreferrer\">Product Based Results</a><ul><li><a href=\"/links?type&#61;workstep&amp;workbook&#61;E55DFF43-A1C8-4354-AC51-08756A534A7E&amp;worksheet&#61;97B4451D-670C-4D51-AE91-8065862C0E74&amp;workstep&#61;0EE5C9C8-DCAB-6630-B6F2-282797D44F0B\" rel=\"nofollow noopener noreferrer\">Treemap</a></li></ul></li></ul><figure class=\"image image_resized\" style=\"width:90.93%;\"><img src=\"/api/annotations/DDBBF4CF-9991-4D2C-B615-7D29B98D1F6C/images/image_v8.png\"></figure><p><img src=\"/api/annotations/DDBBF4CF-9991-4D2C-B615-7D29B98D1F6C/images/image_v9.png\"></p><p>\u00a0</p><p>\u00a0</p>",
        "DocumentBackup\u02c9-jPWuY9WzL6sLEmpYVGBOvvRkburuy3tFLazPSnGtwc\u02c92023-10-30T20:54:00Z": "<h1 style=\"text-align:center;\"><a href=\"/links?type&#61;workstep&amp;workbook&#61;E55DFF43-A1C8-4354-AC51-08756A534A7E&amp;worksheet&#61;97B4451D-670C-4D51-AE91-8065862C0E74&amp;workstep&#61;0EE77667-339E-EE50-968E-3E10DE3F9761\" rel=\"nofollow noopener noreferrer\"><strong><u>Golden Pro</u></strong></a><a href=\"/links?type&#61;workstep&amp;workbook&#61;E55DFF43-A1C8-4354-AC51-08756A534A7E&amp;worksheet&#61;97B4451D-670C-4D51-AE91-8065862C0E74&amp;workstep&#61;0EE77667-3DF5-6610-BB44-2404BBFF514A\" rel=\"nofollow noopener noreferrer\"><strong><u>files</u></strong></a></h1><figure class=\"table\"><table style=\"border-color:hsl(0, 0%, 100%);border-style:solid;\"><colgroup><col style=\"width:39.6%;\" /><col style=\"width:60.4%;\" /></colgroup><tbody><tr><td style=\"border-color:hsl(0, 0%, 100%);border-style:solid;\"><img src=\"/api/annotations/DDBBF4CF-9991-4D2C-B615-7D29B98D1F6C/images/image_v15.png\" alt=\"File:ChrHansen.svg - Wikimedia Commons\"></td><td style=\"border-color:hsl(0, 0%, 100%);border-style:solid;\"><h4><i><strong>CHR Hansen</strong> created golden profiles in Seeq to <strong>proactively correct costly batch deviations</strong>.</i></h4></td></tr></tbody></table></figure><h3><strong>Challenge</strong></h3><p>Golden profiles are a critical tool in assessing process performance and detecting early signs of trouble. Combining disparate datasources and building the profiles at scale can prove to be a challenge.</p><h3><strong>Solution</strong></h3><p>Leverage Seeq to combine datasources and build and deploy golden profiles ad-hoc. \u00a0Visualize and monitor how well a process remains within historical norms.\u00a0</p><h4><strong>Creating Context</strong></h4><p>Using the available signals, build in the context to define the periods of interest.\u00a0</p><ul><li><a href=\"/links?type&#61;workstep&amp;workbook&#61;E55DFF43-A1C8-4354-AC51-08756A534A7E&amp;worksheet&#61;97B4451D-670C-4D51-AE91-8065862C0E74&amp;workstep&#61;0EE77667-43A4-7750-AD26-1DDCBE2CC809\" rel=\"nofollow noopener noreferrer\">Raw Data</a></li><li><a href=\"/links?type&#61;workstep&amp;workbook&#61;E55DFF43-A1C8-4354-AC51-08756A534A7E&amp;worksheet&#61;97B4451D-670C-4D51-AE91-8065862C0E74&amp;workstep&#61;0EE77667-364A-77D0-A2FD-BAD075462D42\" rel=\"nofollow noopener noreferrer\">Prepped Data</a></li><li><a href=\"/links?type&#61;workstep&amp;workbook&#61;E55DFF43-A1C8-4354-AC51-08756A534A7E&amp;worksheet&#61;97B4451D-670C-4D51-AE91-8065862C0E74&amp;workstep&#61;0EE77667-32BE-6490-96BE-B3156BD0F71F\" rel=\"nofollow noopener noreferrer\">Context\u00a0</a> \u00a0--&gt; \u00a0Compare**</li><li><a href=\"/links?type&#61;workstep&amp;workbook&#61;E55DFF43-A1C8-4354-AC51-08756A534A7E&amp;worksheet&#61;97B4451D-670C-4D51-AE91-8065862C0E74&amp;workstep&#61;0EE77667-4598-FF20-82D6-F87FA04B815D\" rel=\"nofollow noopener noreferrer\">Process</a></li></ul><h4><strong>Selecting Reference Data</strong></h4><p>Select the best (golden) periods using any KPI(s) or by manual selection.\u00a0</p><ul><li><a href=\"/links?type&#61;workstep&amp;workbook&#61;E55DFF43-A1C8-4354-AC51-08756A534A7E&amp;worksheet&#61;97B4451D-670C-4D51-AE91-8065862C0E74&amp;workstep&#61;0EE77667-3C08-7370-A418-6E2C810EF2F3\" rel=\"nofollow noopener noreferrer\">Training</a> **</li></ul><h4><strong>Create Statistical Limits</strong></h4><p>Build statistical limits using the training dataset. Build a UCL, LCL, and any other control limits as needed.</p><ul><li><a href=\"/links?type&#61;workstep&amp;workbook&#61;E55DFF43-A1C8-4354-AC51-08756A534A7E&amp;worksheet&#61;97B4451D-670C-4D51-AE91-8065862C0E74&amp;workstep&#61;0EE77667-347F-E810-A5ED-D66AB8B2913B\" rel=\"nofollow noopener noreferrer\">Overlay Control Limits</a> --&gt; Swap Assets</li></ul><h4><strong>Deviation Detection and Monitoring</strong></h4><p>Identify periods where the temperature deviates from the limits for more than three minutes. Send email notifications during a deviation event.\u00a0</p><ul><li><a href=\"/links?type&#61;workstep&amp;workbook&#61;E55DFF43-A1C8-4354-AC51-08756A534A7E&amp;worksheet&#61;97B4451D-670C-4D51-AE91-8065862C0E74&amp;workstep&#61;0EE77667-3830-7540-AF0F-685C37F06D52\" rel=\"nofollow noopener noreferrer\">Deviations</a> -- &gt; Schedule Notifications</li></ul><h4><strong>Golden Profile Scaling</strong></h4><p>Leverage Seeq Data Lab to scale the reference profiles. This example creates a Seeq add-on to enable a wide audience to scale the profiles. \u00a0</p><ul><li><a href=\"/links?type&#61;workstep&amp;workbook&#61;E55DFF43-A1C8-4354-AC51-08756A534A7E&amp;worksheet&#61;97B4451D-670C-4D51-AE91-8065862C0E74&amp;workstep&#61;0EE77667-449F-EEC0-B31B-33760E9A3DD7\" rel=\"nofollow noopener noreferrer\">The Setup</a> - <a href=\"/links?type&#61;workstep&amp;workbook&#61;E55DFF43-A1C8-4354-AC51-08756A534A7E&amp;worksheet&#61;97B4451D-670C-4D51-AE91-8065862C0E74&amp;workstep&#61;0EE77667-38B4-62A0-8DC4-8A660C822337\" rel=\"nofollow noopener noreferrer\">Phase Based Results</a><ul><li><a href=\"/links?type&#61;workstep&amp;workbook&#61;E55DFF43-A1C8-4354-AC51-08756A534A7E&amp;worksheet&#61;97B4451D-670C-4D51-AE91-8065862C0E74&amp;workstep&#61;0EE77667-3743-E830-9A4B-30BA935B901D\" rel=\"nofollow noopener noreferrer\">Treemap</a></li></ul></li><li><a href=\"/links?type&#61;workstep&amp;workbook&#61;E55DFF43-A1C8-4354-AC51-08756A534A7E&amp;worksheet&#61;97B4451D-670C-4D51-AE91-8065862C0E74&amp;workstep&#61;0EE77667-3FDD-EA90-A001-111A2C1BE95E\" rel=\"nofollow noopener noreferrer\">The Setup</a> - <a href=\"/links?type&#61;workstep&amp;workbook&#61;E55DFF43-A1C8-4354-AC51-08756A534A7E&amp;worksheet&#61;97B4451D-670C-4D51-AE91-8065862C0E74&amp;workstep&#61;0EE77667-3A1B-60D0-AC63-64F60636D717\" rel=\"nofollow noopener noreferrer\">Product Based Results</a><ul><li><a href=\"/links?type&#61;workstep&amp;workbook&#61;E55DFF43-A1C8-4354-AC51-08756A534A7E&amp;worksheet&#61;97B4451D-670C-4D51-AE91-8065862C0E74&amp;workstep&#61;0EE77667-41BE-F9E0-9974-752E1EB6145C\" rel=\"nofollow noopener noreferrer\">Treemap</a></li></ul></li></ul><figure class=\"image image_resized\" style=\"width:90.93%;\"><img src=\"/api/annotations/DDBBF4CF-9991-4D2C-B615-7D29B98D1F6C/images/image_v16.png\"></figure><p><img src=\"/api/annotations/DDBBF4CF-9991-4D2C-B615-7D29B98D1F6C/images/image_v17.png\"></p><p>\u00a0</p><p>\u00a0</p>",
        "DocumentBackup\u02c9DEg3Lh5pLS4-lG84EjGXXXdzxhd1450vkLgiu8he2l8\u02c92024-01-12T12:26:00Z": "<h1 style=\"text-align:center;\"><a href=\"/links?type&#61;workstep&amp;workbook&#61;E55DFF43-A1C8-4354-AC51-08756A534A7E&amp;worksheet&#61;97B4451D-670C-4D51-AE91-8065862C0E74&amp;workstep&#61;0EE77667-339E-EE50-968E-3E10DE3F9761\" rel=\"nofollow noopener noreferrer\"><strong><u>Golden Pro</u></strong></a><a href=\"/links?type&#61;workstep&amp;workbook&#61;E55DFF43-A1C8-4354-AC51-08756A534A7E&amp;worksheet&#61;97B4451D-670C-4D51-AE91-8065862C0E74&amp;workstep&#61;0EE77667-CF1B-F950-8F5F-5A9BF170D3EB\" rel=\"nofollow noopener noreferrer\"><strong><u>files</u></strong></a></h1><figure class=\"table\"><table class=\"ck-table-resized\" style=\"border-color:hsl(0, 0%, 100%);border-style:solid;\"><colgroup><col style=\"width:39.6%;\" /><col style=\"width:60.4%;\" /></colgroup><tbody><tr><td style=\"border-color:hsl(0, 0%, 100%);border-style:solid;\"><img src=\"/api/annotations/DDBBF4CF-9991-4D2C-B615-7D29B98D1F6C/images/image_v19.png\" alt=\"File:ChrHansen.svg - Wikimedia Commons\"></td><td style=\"border-color:hsl(0, 0%, 100%);border-style:solid;\"><h4><i><strong>CHR Hansen</strong> created golden profiles in Seeq to <strong>proactively correct costly batch deviations</strong>.</i></h4></td></tr></tbody></table></figure><h3><strong>Challenge</strong></h3><p>Golden profiles are a critical tool in assessing process performance and detecting early signs of trouble. Combining disparate datasources and building the profiles at scale can prove to be a challenge.</p><h3><strong>Solution</strong></h3><p>Leverage Seeq to combine datasources and build and deploy golden profiles ad-hoc. \u00a0Visualize and monitor how well a process remains within historical norms.\u00a0</p><h4><strong>Creating Context</strong></h4><p>Using the available signals, build in the context to define the periods of interest.\u00a0</p><ul><li><a href=\"/links?type&#61;workstep&amp;workbook&#61;E55DFF43-A1C8-4354-AC51-08756A534A7E&amp;worksheet&#61;97B4451D-670C-4D51-AE91-8065862C0E74&amp;workstep&#61;0EE77667-D50F-6050-8929-C2376DB3EFF5\" rel=\"nofollow noopener noreferrer\">Raw Data</a></li><li><a href=\"/links?type&#61;workstep&amp;workbook&#61;E55DFF43-A1C8-4354-AC51-08756A534A7E&amp;worksheet&#61;97B4451D-670C-4D51-AE91-8065862C0E74&amp;workstep&#61;0EE77667-D18C-F950-9C39-6D218079F8FF\" rel=\"nofollow noopener noreferrer\">Prepped Data</a></li><li><a href=\"/links?type&#61;workstep&amp;workbook&#61;E55DFF43-A1C8-4354-AC51-08756A534A7E&amp;worksheet&#61;97B4451D-670C-4D51-AE91-8065862C0E74&amp;workstep&#61;0EE77667-32BE-6490-96BE-B3156BD0F71F\" rel=\"nofollow noopener noreferrer\">Context\u00a0</a> \u00a0--&gt; \u00a0Compare**</li><li><a href=\"/links?type&#61;workstep&amp;workbook&#61;E55DFF43-A1C8-4354-AC51-08756A534A7E&amp;worksheet&#61;97B4451D-670C-4D51-AE91-8065862C0E74&amp;workstep&#61;0EE77667-CFC6-77B0-ACC3-DE060DF0A045\" rel=\"nofollow noopener noreferrer\">Process</a></li></ul><h4><strong>Selecting Reference Data</strong></h4><p>Select the best (golden) periods using any KPI(s) or by manual selection.\u00a0</p><ul><li><a href=\"/links?type&#61;workstep&amp;workbook&#61;E55DFF43-A1C8-4354-AC51-08756A534A7E&amp;worksheet&#61;97B4451D-670C-4D51-AE91-8065862C0E74&amp;workstep&#61;0EE77667-CE3A-FF90-AC72-9BF8997E98F5\" rel=\"nofollow noopener noreferrer\">Training</a> **</li></ul><h4><strong>Create Statistical Limits</strong></h4><p>Build statistical limits using the training dataset. Build a UCL, LCL, and any other control limits as needed.</p><ul><li><a href=\"/links?type&#61;workstep&amp;workbook&#61;E55DFF43-A1C8-4354-AC51-08756A534A7E&amp;worksheet&#61;97B4451D-670C-4D51-AE91-8065862C0E74&amp;workstep&#61;0EE77667-347F-E810-A5ED-D66AB8B2913B\" rel=\"nofollow noopener noreferrer\">Overlay Control Limits</a> --&gt; Swap Assets</li></ul><h4><strong>Deviation Detection and Monitoring</strong></h4><p>Identify periods where the temperature deviates from the limits for more than three minutes. Send email notifications during a deviation event.\u00a0</p><ul><li><a href=\"/links?type&#61;workstep&amp;workbook&#61;E55DFF43-A1C8-4354-AC51-08756A534A7E&amp;worksheet&#61;97B4451D-670C-4D51-AE91-8065862C0E74&amp;workstep&#61;0EE77667-D26D-7310-A8C2-1810454F5BFD\" rel=\"nofollow noopener noreferrer\">Deviations</a> -- &gt; Schedule Notifications</li></ul><h4><strong>Golden Profile Scaling</strong></h4><p>Leverage Seeq Data Lab to scale the reference profiles. This example creates a Seeq add-on to enable a wide audience to scale the profiles. \u00a0</p><ul><li><a href=\"/links?type&#61;workstep&amp;workbook&#61;E55DFF43-A1C8-4354-AC51-08756A534A7E&amp;worksheet&#61;97B4451D-670C-4D51-AE91-8065862C0E74&amp;workstep&#61;0EE77667-D689-7700-9A58-32417B5FB761\" rel=\"nofollow noopener noreferrer\">The Setup</a> - <a href=\"/links?type&#61;workstep&amp;workbook&#61;E55DFF43-A1C8-4354-AC51-08756A534A7E&amp;worksheet&#61;97B4451D-670C-4D51-AE91-8065862C0E74&amp;workstep&#61;0EE77667-D34D-ECD0-9486-DB1EBC883C46\" rel=\"nofollow noopener noreferrer\">Phase Based Results</a><ul><li><a href=\"/links?type&#61;workstep&amp;workbook&#61;E55DFF43-A1C8-4354-AC51-08756A534A7E&amp;worksheet&#61;97B4451D-670C-4D51-AE91-8065862C0E74&amp;workstep&#61;0EE77667-D0A2-7350-B5ED-FD2252A2142B\" rel=\"nofollow noopener noreferrer\">Treemap</a></li></ul></li><li><a href=\"/links?type&#61;workstep&amp;workbook&#61;E55DFF43-A1C8-4354-AC51-08756A534A7E&amp;worksheet&#61;97B4451D-670C-4D51-AE91-8065862C0E74&amp;workstep&#61;0EE77667-CDC5-EC90-BF2C-EA188678FB58\" rel=\"nofollow noopener noreferrer\">The Setup</a> - <a href=\"/links?type&#61;workstep&amp;workbook&#61;E55DFF43-A1C8-4354-AC51-08756A534A7E&amp;worksheet&#61;97B4451D-670C-4D51-AE91-8065862C0E74&amp;workstep&#61;0EE77667-D42E-6690-9559-FE16097A863D\" rel=\"nofollow noopener noreferrer\">Product Based Results</a><ul><li><a href=\"/links?type&#61;workstep&amp;workbook&#61;E55DFF43-A1C8-4354-AC51-08756A534A7E&amp;worksheet&#61;97B4451D-670C-4D51-AE91-8065862C0E74&amp;workstep&#61;0EE77667-D5C6-6200-B3E7-15C47D992350\" rel=\"nofollow noopener noreferrer\">Treemap</a></li></ul></li></ul><figure class=\"image image_resized\" style=\"width:90.93%;\"><img src=\"/api/annotations/DDBBF4CF-9991-4D2C-B615-7D29B98D1F6C/images/image_v20.png\"></figure><p><a href=\"/links?type&#61;workstep&amp;workbook&#61;E55DFF43-A1C8-4354-AC51-08756A534A7E&amp;worksheet&#61;97B4451D-670C-4D51-AE91-8065862C0E74&amp;workstep&#61;0EE9A912-18FC-6630-8C6C-C7B4A207BE75\" rel=\"nofollow noopener noreferrer\"><img class=\"image_resized\" style=\"width:58.05%;\" src=\"/api/annotations/DDBBF4CF-9991-4D2C-B615-7D29B98D1F6C/images/image_v21.png\"></a></p><p>\u00a0</p><p>\u00a0</p>",
        "DocumentBackup\u02c9DEg3Lh5pLS4-lG84EjGXXXdzxhd1450vkLgiu8he2l8\u02c92024-11-07T13:23:00Z": "<h1 style=\"text-align:center;\"><a href=\"/links?type&#61;workstep&amp;workbook&#61;E55DFF43-A1C8-4354-AC51-08756A534A7E&amp;worksheet&#61;97B4451D-670C-4D51-AE91-8065862C0E74&amp;workstep&#61;0EE77667-339E-EE50-968E-3E10DE3F9761\" rel=\"nofollow noopener noreferrer\"><strong><u>Golden Pro</u></strong></a><a href=\"/links?type&#61;workstep&amp;workbook&#61;E55DFF43-A1C8-4354-AC51-08756A534A7E&amp;worksheet&#61;97B4451D-670C-4D51-AE91-8065862C0E74&amp;workstep&#61;0EE77667-CF1B-F950-8F5F-5A9BF170D3EB\" rel=\"nofollow noopener noreferrer\"><strong><u>files</u></strong></a></h1><figure class=\"table\"><table class=\"ck-table-resized\" style=\"border-color:hsl(0, 0%, 100%);border-style:solid;\"><colgroup><col style=\"width:39.6%;\" /><col style=\"width:60.4%;\" /></colgroup><tbody><tr><td style=\"border-color:hsl(0, 0%, 100%);border-style:solid;\"><img src=\"/api/annotations/DDBBF4CF-9991-4D2C-B615-7D29B98D1F6C/images/image_v19.png\" alt=\"File:ChrHansen.svg - Wikimedia Commons\"></td><td style=\"border-color:hsl(0, 0%, 100%);border-style:solid;\"><h4><i><strong>CHR Hansen</strong> created golden profiles in Seeq to <strong>proactively correct costly batch deviations</strong>.</i></h4></td></tr></tbody></table></figure><h3><strong>Challenge</strong></h3><p>Golden profiles are a critical tool in assessing process performance and detecting early signs of trouble. Combining disparate datasources and building the profiles at scale can prove to be a challenge.</p><h3><strong>Solution</strong></h3><p>Leverage Seeq to combine datasources and build and deploy golden profiles ad-hoc. \u00a0Visualize and monitor how well a process remains within historical norms.\u00a0</p><h4><strong>Creating Context</strong></h4><p>Using the available signals, build in the context to define the periods of interest.\u00a0</p><ul><li><a href=\"/links?type&#61;workstep&amp;workbook&#61;E55DFF43-A1C8-4354-AC51-08756A534A7E&amp;worksheet&#61;97B4451D-670C-4D51-AE91-8065862C0E74&amp;workstep&#61;0EE77667-D50F-6050-8929-C2376DB3EFF5\" rel=\"nofollow noopener noreferrer\">Raw Data</a></li><li><a href=\"/links?type&#61;workstep&amp;workbook&#61;E55DFF43-A1C8-4354-AC51-08756A534A7E&amp;worksheet&#61;97B4451D-670C-4D51-AE91-8065862C0E74&amp;workstep&#61;0EE77667-D18C-F950-9C39-6D218079F8FF\" rel=\"nofollow noopener noreferrer\">Prepped Data</a></li><li><a href=\"/links?type&#61;workstep&amp;workbook&#61;E55DFF43-A1C8-4354-AC51-08756A534A7E&amp;worksheet&#61;97B4451D-670C-4D51-AE91-8065862C0E74&amp;workstep&#61;0EE77667-32BE-6490-96BE-B3156BD0F71F\" rel=\"nofollow noopener noreferrer\">Context\u00a0</a> \u00a0--&gt; \u00a0Compare**</li><li><a href=\"/links?type&#61;workstep&amp;workbook&#61;E55DFF43-A1C8-4354-AC51-08756A534A7E&amp;worksheet&#61;97B4451D-670C-4D51-AE91-8065862C0E74&amp;workstep&#61;0EE77667-CFC6-77B0-ACC3-DE060DF0A045\" rel=\"nofollow noopener noreferrer\">Process</a></li></ul><h4><strong>Selecting Reference Data</strong></h4><p>Select the best (golden) periods using any KPI(s) or by manual selection.\u00a0</p><ul><li><a href=\"/links?type&#61;workstep&amp;workbook&#61;E55DFF43-A1C8-4354-AC51-08756A534A7E&amp;worksheet&#61;97B4451D-670C-4D51-AE91-8065862C0E74&amp;workstep&#61;0EE77667-CE3A-FF90-AC72-9BF8997E98F5\" rel=\"nofollow noopener noreferrer\">Training</a> **</li></ul><h4><strong>Create Statistical Limits</strong></h4><p>Build statistical limits using the training dataset. Build a UCL, LCL, and any other control limits as needed.</p><ul><li><a href=\"/links?type&#61;workstep&amp;workbook&#61;E55DFF43-A1C8-4354-AC51-08756A534A7E&amp;worksheet&#61;97B4451D-670C-4D51-AE91-8065862C0E74&amp;workstep&#61;0EE77667-347F-E810-A5ED-D66AB8B2913B\" rel=\"nofollow noopener noreferrer\">Overlay Control Limits</a> --&gt; Swap Assets</li></ul><h4><strong>Deviation Detection and Monitoring</strong></h4><p>Identify periods where the temperature deviates from the limits for more than three minutes. Send email notifications during a deviation event.\u00a0</p><ul><li><a href=\"/links?type&#61;workstep&amp;workbook&#61;E55DFF43-A1C8-4354-AC51-08756A534A7E&amp;worksheet&#61;97B4451D-670C-4D51-AE91-8065862C0E74&amp;workstep&#61;0EE77667-D26D-7310-A8C2-1810454F5BFD\" rel=\"nofollow noopener noreferrer\">Deviations</a> -- &gt; Schedule Notifications</li></ul><h4><strong>Golden Profile Scaling</strong></h4><p>Leverage Seeq Data Lab to scale the reference profiles. This example creates a Seeq add-on to enable a wide audience to scale the profiles. \u00a0</p><p>\u00a0</p><figure class=\"image image_resized\" style=\"width:90.93%;\"><img src=\"/api/annotations/DDBBF4CF-9991-4D2C-B615-7D29B98D1F6C/images/image_v20.png\"></figure><p><a href=\"/links?type&#61;workstep&amp;workbook&#61;E55DFF43-A1C8-4354-AC51-08756A534A7E&amp;worksheet&#61;97B4451D-670C-4D51-AE91-8065862C0E74&amp;workstep&#61;0EE9A912-18FC-6630-8C6C-C7B4A207BE75\" rel=\"nofollow noopener noreferrer\"><img class=\"image_resized\" style=\"width:58.05%;\" src=\"/api/annotations/DDBBF4CF-9991-4D2C-B615-7D29B98D1F6C/images/image_v21.png\"></a></p><p>\u00a0</p><p>\u00a0</p>",
        "DocumentBackup\u02c9chhaya.singh@tridiagonal.com\u02c92023-10-30T20:54:00Z": "<h1 style=\"text-align:center;\"><a href=\"/links?type&#61;workstep&amp;workbook&#61;E55DFF43-A1C8-4354-AC51-08756A534A7E&amp;worksheet&#61;97B4451D-670C-4D51-AE91-8065862C0E74&amp;workstep&#61;0EE77667-339E-EE50-968E-3E10DE3F9761\" rel=\"nofollow noopener noreferrer\"><strong><u>Golden Pro</u></strong></a><a href=\"/links?type&#61;workstep&amp;workbook&#61;E55DFF43-A1C8-4354-AC51-08756A534A7E&amp;worksheet&#61;97B4451D-670C-4D51-AE91-8065862C0E74&amp;workstep&#61;0EE77667-CF1B-F950-8F5F-5A9BF170D3EB\" rel=\"nofollow noopener noreferrer\"><strong><u>files</u></strong></a></h1><figure class=\"table\"><table style=\"border-color:hsl(0, 0%, 100%);border-style:solid;\"><colgroup><col style=\"width:39.6%;\" /><col style=\"width:60.4%;\" /></colgroup><tbody><tr><td style=\"border-color:hsl(0, 0%, 100%);border-style:solid;\"><img src=\"/api/annotations/DDBBF4CF-9991-4D2C-B615-7D29B98D1F6C/images/image_v19.png\" alt=\"File:ChrHansen.svg - Wikimedia Commons\"></td><td style=\"border-color:hsl(0, 0%, 100%);border-style:solid;\"><h4><i><strong>CHR Hansen</strong> created golden profiles in Seeq to <strong>proactively correct costly batch deviations</strong>.</i></h4></td></tr></tbody></table></figure><h3><strong>Challenge</strong></h3><p>Golden profiles are a critical tool in assessing process performance and detecting early signs of trouble. Combining disparate datasources and building the profiles at scale can prove to be a challenge.</p><h3><strong>Solution</strong></h3><p>Leverage Seeq to combine datasources and build and deploy golden profiles ad-hoc. \u00a0Visualize and monitor how well a process remains within historical norms.\u00a0</p><h4><strong>Creating Context</strong></h4><p>Using the available signals, build in the context to define the periods of interest.\u00a0</p><ul><li><a href=\"/links?type&#61;workstep&amp;workbook&#61;E55DFF43-A1C8-4354-AC51-08756A534A7E&amp;worksheet&#61;97B4451D-670C-4D51-AE91-8065862C0E74&amp;workstep&#61;0EE77667-D50F-6050-8929-C2376DB3EFF5\" rel=\"nofollow noopener noreferrer\">Raw Data</a></li><li><a href=\"/links?type&#61;workstep&amp;workbook&#61;E55DFF43-A1C8-4354-AC51-08756A534A7E&amp;worksheet&#61;97B4451D-670C-4D51-AE91-8065862C0E74&amp;workstep&#61;0EE77667-D18C-F950-9C39-6D218079F8FF\" rel=\"nofollow noopener noreferrer\">Prepped Data</a></li><li><a href=\"/links?type&#61;workstep&amp;workbook&#61;E55DFF43-A1C8-4354-AC51-08756A534A7E&amp;worksheet&#61;97B4451D-670C-4D51-AE91-8065862C0E74&amp;workstep&#61;0EE77667-32BE-6490-96BE-B3156BD0F71F\" rel=\"nofollow noopener noreferrer\">Context\u00a0</a> \u00a0--&gt; \u00a0Compare**</li><li><a href=\"/links?type&#61;workstep&amp;workbook&#61;E55DFF43-A1C8-4354-AC51-08756A534A7E&amp;worksheet&#61;97B4451D-670C-4D51-AE91-8065862C0E74&amp;workstep&#61;0EE77667-CFC6-77B0-ACC3-DE060DF0A045\" rel=\"nofollow noopener noreferrer\">Process</a></li></ul><h4><strong>Selecting Reference Data</strong></h4><p>Select the best (golden) periods using any KPI(s) or by manual selection.\u00a0</p><ul><li><a href=\"/links?type&#61;workstep&amp;workbook&#61;E55DFF43-A1C8-4354-AC51-08756A534A7E&amp;worksheet&#61;97B4451D-670C-4D51-AE91-8065862C0E74&amp;workstep&#61;0EE77667-CE3A-FF90-AC72-9BF8997E98F5\" rel=\"nofollow noopener noreferrer\">Training</a> **</li></ul><h4><strong>Create Statistical Limits</strong></h4><p>Build statistical limits using the training dataset. Build a UCL, LCL, and any other control limits as needed.</p><ul><li><a href=\"/links?type&#61;workstep&amp;workbook&#61;E55DFF43-A1C8-4354-AC51-08756A534A7E&amp;worksheet&#61;97B4451D-670C-4D51-AE91-8065862C0E74&amp;workstep&#61;0EE77667-347F-E810-A5ED-D66AB8B2913B\" rel=\"nofollow noopener noreferrer\">Overlay Control Limits</a> --&gt; Swap Assets</li></ul><h4><strong>Deviation Detection and Monitoring</strong></h4><p>Identify periods where the temperature deviates from the limits for more than three minutes. Send email notifications during a deviation event.\u00a0</p><ul><li><a href=\"/links?type&#61;workstep&amp;workbook&#61;E55DFF43-A1C8-4354-AC51-08756A534A7E&amp;worksheet&#61;97B4451D-670C-4D51-AE91-8065862C0E74&amp;workstep&#61;0EE77667-D26D-7310-A8C2-1810454F5BFD\" rel=\"nofollow noopener noreferrer\">Deviations</a> -- &gt; Schedule Notifications</li></ul><h4><strong>Golden Profile Scaling</strong></h4><p>Leverage Seeq Data Lab to scale the reference profiles. This example creates a Seeq add-on to enable a wide audience to scale the profiles. \u00a0</p><ul><li><a href=\"/links?type&#61;workstep&amp;workbook&#61;E55DFF43-A1C8-4354-AC51-08756A534A7E&amp;worksheet&#61;97B4451D-670C-4D51-AE91-8065862C0E74&amp;workstep&#61;0EE77667-D689-7700-9A58-32417B5FB761\" rel=\"nofollow noopener noreferrer\">The Setup</a> - <a href=\"/links?type&#61;workstep&amp;workbook&#61;E55DFF43-A1C8-4354-AC51-08756A534A7E&amp;worksheet&#61;97B4451D-670C-4D51-AE91-8065862C0E74&amp;workstep&#61;0EE77667-D34D-ECD0-9486-DB1EBC883C46\" rel=\"nofollow noopener noreferrer\">Phase Based Results</a><ul><li><a href=\"/links?type&#61;workstep&amp;workbook&#61;E55DFF43-A1C8-4354-AC51-08756A534A7E&amp;worksheet&#61;97B4451D-670C-4D51-AE91-8065862C0E74&amp;workstep&#61;0EE77667-D0A2-7350-B5ED-FD2252A2142B\" rel=\"nofollow noopener noreferrer\">Treemap</a></li></ul></li><li><a href=\"/links?type&#61;workstep&amp;workbook&#61;E55DFF43-A1C8-4354-AC51-08756A534A7E&amp;worksheet&#61;97B4451D-670C-4D51-AE91-8065862C0E74&amp;workstep&#61;0EE77667-CDC5-EC90-BF2C-EA188678FB58\" rel=\"nofollow noopener noreferrer\">The Setup</a> - <a href=\"/links?type&#61;workstep&amp;workbook&#61;E55DFF43-A1C8-4354-AC51-08756A534A7E&amp;worksheet&#61;97B4451D-670C-4D51-AE91-8065862C0E74&amp;workstep&#61;0EE77667-D42E-6690-9559-FE16097A863D\" rel=\"nofollow noopener noreferrer\">Product Based Results</a><ul><li><a href=\"/links?type&#61;workstep&amp;workbook&#61;E55DFF43-A1C8-4354-AC51-08756A534A7E&amp;worksheet&#61;97B4451D-670C-4D51-AE91-8065862C0E74&amp;workstep&#61;0EE77667-D5C6-6200-B3E7-15C47D992350\" rel=\"nofollow noopener noreferrer\">Treemap</a></li></ul></li></ul><figure class=\"image image_resized\" style=\"width:90.93%;\"><img src=\"/api/annotations/DDBBF4CF-9991-4D2C-B615-7D29B98D1F6C/images/image_v20.png\"></figure><p><img src=\"/api/annotations/DDBBF4CF-9991-4D2C-B615-7D29B98D1F6C/images/image_v21.png\"></p><p>\u00a0</p><p>\u00a0</p>",
        "DocumentBackup\u02c9chhaya.singh@tridiagonal.com\u02c92024-01-12T12:25:00Z": "<h1 style=\"text-align:center;\"><a href=\"/links?type&#61;workstep&amp;workbook&#61;E55DFF43-A1C8-4354-AC51-08756A534A7E&amp;worksheet&#61;97B4451D-670C-4D51-AE91-8065862C0E74&amp;workstep&#61;0EE77667-339E-EE50-968E-3E10DE3F9761\" rel=\"nofollow noopener noreferrer\"><strong><u>Golden Pro</u></strong></a><a href=\"/links?type&#61;workstep&amp;workbook&#61;E55DFF43-A1C8-4354-AC51-08756A534A7E&amp;worksheet&#61;97B4451D-670C-4D51-AE91-8065862C0E74&amp;workstep&#61;0EE77667-CF1B-F950-8F5F-5A9BF170D3EB\" rel=\"nofollow noopener noreferrer\"><strong><u>files</u></strong></a></h1><figure class=\"table\"><table class=\"ck-table-resized\" style=\"border-color:hsl(0, 0%, 100%);border-style:solid;\"><colgroup><col style=\"width:39.6%;\" /><col style=\"width:60.4%;\" /></colgroup><tbody><tr><td style=\"border-color:hsl(0, 0%, 100%);border-style:solid;\"><img src=\"/api/annotations/DDBBF4CF-9991-4D2C-B615-7D29B98D1F6C/images/image_v19.png\" alt=\"File:ChrHansen.svg - Wikimedia Commons\"></td><td style=\"border-color:hsl(0, 0%, 100%);border-style:solid;\"><h4><i><strong>CHR Hansen</strong> created golden profiles in Seeq to <strong>proactively correct costly batch deviations</strong>.</i></h4></td></tr></tbody></table></figure><h3><strong>Challenge</strong></h3><p>Golden profiles are a critical tool in assessing process performance and detecting early signs of trouble. Combining disparate datasources and building the profiles at scale can prove to be a challenge.</p><h3><strong>Solution</strong></h3><p>Leverage Seeq to combine datasources and build and deploy golden profiles ad-hoc. \u00a0Visualize and monitor how well a process remains within historical norms.\u00a0</p><h4><strong>Creating Context</strong></h4><p>Using the available signals, build in the context to define the periods of interest.\u00a0</p><ul><li><a href=\"/links?type&#61;workstep&amp;workbook&#61;E55DFF43-A1C8-4354-AC51-08756A534A7E&amp;worksheet&#61;97B4451D-670C-4D51-AE91-8065862C0E74&amp;workstep&#61;0EE77667-D50F-6050-8929-C2376DB3EFF5\" rel=\"nofollow noopener noreferrer\">Raw Data</a></li><li><a href=\"/links?type&#61;workstep&amp;workbook&#61;E55DFF43-A1C8-4354-AC51-08756A534A7E&amp;worksheet&#61;97B4451D-670C-4D51-AE91-8065862C0E74&amp;workstep&#61;0EE77667-D18C-F950-9C39-6D218079F8FF\" rel=\"nofollow noopener noreferrer\">Prepped Data</a></li><li><a href=\"/links?type&#61;workstep&amp;workbook&#61;E55DFF43-A1C8-4354-AC51-08756A534A7E&amp;worksheet&#61;97B4451D-670C-4D51-AE91-8065862C0E74&amp;workstep&#61;0EE77667-32BE-6490-96BE-B3156BD0F71F\" rel=\"nofollow noopener noreferrer\">Context\u00a0</a> \u00a0--&gt; \u00a0Compare**</li><li><a href=\"/links?type&#61;workstep&amp;workbook&#61;E55DFF43-A1C8-4354-AC51-08756A534A7E&amp;worksheet&#61;97B4451D-670C-4D51-AE91-8065862C0E74&amp;workstep&#61;0EE77667-CFC6-77B0-ACC3-DE060DF0A045\" rel=\"nofollow noopener noreferrer\">Process</a></li></ul><h4><strong>Selecting Reference Data</strong></h4><p>Select the best (golden) periods using any KPI(s) or by manual selection.\u00a0</p><ul><li><a href=\"/links?type&#61;workstep&amp;workbook&#61;E55DFF43-A1C8-4354-AC51-08756A534A7E&amp;worksheet&#61;97B4451D-670C-4D51-AE91-8065862C0E74&amp;workstep&#61;0EE77667-CE3A-FF90-AC72-9BF8997E98F5\" rel=\"nofollow noopener noreferrer\">Training</a> **</li></ul><h4><strong>Create Statistical Limits</strong></h4><p>Build statistical limits using the training dataset. Build a UCL, LCL, and any other control limits as needed.</p><ul><li><a href=\"/links?type&#61;workstep&amp;workbook&#61;E55DFF43-A1C8-4354-AC51-08756A534A7E&amp;worksheet&#61;97B4451D-670C-4D51-AE91-8065862C0E74&amp;workstep&#61;0EE77667-347F-E810-A5ED-D66AB8B2913B\" rel=\"nofollow noopener noreferrer\">Overlay Control Limits</a> --&gt; Swap Assets</li></ul><h4><strong>Deviation Detection and Monitoring</strong></h4><p>Identify periods where the temperature deviates from the limits for more than three minutes. Send email notifications during a deviation event.\u00a0</p><ul><li><a href=\"/links?type&#61;workstep&amp;workbook&#61;E55DFF43-A1C8-4354-AC51-08756A534A7E&amp;worksheet&#61;97B4451D-670C-4D51-AE91-8065862C0E74&amp;workstep&#61;0EE77667-D26D-7310-A8C2-1810454F5BFD\" rel=\"nofollow noopener noreferrer\">Deviations</a> -- &gt; Schedule Notifications</li></ul><h4><strong>Golden Profile Scaling</strong></h4><p>Leverage Seeq Data Lab to scale the reference profiles. This example creates a Seeq add-on to enable a wide audience to scale the profiles. \u00a0</p><ul><li><a href=\"/links?type&#61;workstep&amp;workbook&#61;E55DFF43-A1C8-4354-AC51-08756A534A7E&amp;worksheet&#61;97B4451D-670C-4D51-AE91-8065862C0E74&amp;workstep&#61;0EE77667-D689-7700-9A58-32417B5FB761\" rel=\"nofollow noopener noreferrer\">The Setup</a> - <a href=\"/links?type&#61;workstep&amp;workbook&#61;E55DFF43-A1C8-4354-AC51-08756A534A7E&amp;worksheet&#61;97B4451D-670C-4D51-AE91-8065862C0E74&amp;workstep&#61;0EE77667-D34D-ECD0-9486-DB1EBC883C46\" rel=\"nofollow noopener noreferrer\">Phase Based Results</a><ul><li><a href=\"/links?type&#61;workstep&amp;workbook&#61;E55DFF43-A1C8-4354-AC51-08756A534A7E&amp;worksheet&#61;97B4451D-670C-4D51-AE91-8065862C0E74&amp;workstep&#61;0EE77667-D0A2-7350-B5ED-FD2252A2142B\" rel=\"nofollow noopener noreferrer\">Treemap</a></li></ul></li><li><a href=\"/links?type&#61;workstep&amp;workbook&#61;E55DFF43-A1C8-4354-AC51-08756A534A7E&amp;worksheet&#61;97B4451D-670C-4D51-AE91-8065862C0E74&amp;workstep&#61;0EE77667-CDC5-EC90-BF2C-EA188678FB58\" rel=\"nofollow noopener noreferrer\">The Setup</a> - <a href=\"/links?type&#61;workstep&amp;workbook&#61;E55DFF43-A1C8-4354-AC51-08756A534A7E&amp;worksheet&#61;97B4451D-670C-4D51-AE91-8065862C0E74&amp;workstep&#61;0EE77667-D42E-6690-9559-FE16097A863D\" rel=\"nofollow noopener noreferrer\">Product Based Results</a><ul><li><a href=\"/links?type&#61;workstep&amp;workbook&#61;E55DFF43-A1C8-4354-AC51-08756A534A7E&amp;worksheet&#61;97B4451D-670C-4D51-AE91-8065862C0E74&amp;workstep&#61;0EE77667-D5C6-6200-B3E7-15C47D992350\" rel=\"nofollow noopener noreferrer\">Treemap</a></li></ul></li></ul><figure class=\"image image_resized\" style=\"width:90.93%;\"><img src=\"/api/annotations/DDBBF4CF-9991-4D2C-B615-7D29B98D1F6C/images/image_v20.png\"></figure><p><img class=\"image_resized\" style=\"width:58.05%;\" src=\"/api/annotations/DDBBF4CF-9991-4D2C-B615-7D29B98D1F6C/images/image_v21.png\"></p><p>\u00a0</p><p>\u00a0</p>",
        "Enabled": true,
        "Froala Backup": "<h1><a href=\"/links?type&#61;workstep&amp;workbook&#61;E55DFF43-A1C8-4354-AC51-08756A534A7E&amp;worksheet&#61;97B4451D-670C-4D51-AE91-8065862C0E74&amp;workstep&#61;8F93E642-C827-42ED-B2D1-6B3C1F53F977\" rel=\"nofollow noopener noreferrer\"><strong><u>Golden Profiles</u></strong></a></h1><figure class=\"table\"><table><colgroup><col style=\"width:50%;\" /><col style=\"width:50%;\" /></colgroup><tbody><tr><td>Company Logo**</td><td><strong>Quantified </strong>value that customers are using this use case for in dollars, time, etc.</td></tr></tbody></table></figure><p>Deploy CPP golden profiles across assets and operations to detect real-time deviations and take corrective actions.\u00a0</p><ul><li>Rapid deployment and iterations\u00a0<ul><li>Save hours to days in model building</li></ul></li><li>Real-time insights<ul><li>Reduce time to action by hour or days to prevent costly deviations or quality losses</li></ul></li></ul><h3><strong>Challenge</strong></h3><p>Golden profiles are a critical tool in assessing process performance and detecting early signs of trouble. Combining disparate datasources and building the profiles at scale can prove to be a challenge.</p><h3><strong>Solution</strong></h3><p>Leverage Seeq to combine datasources and build and deploy golden profiles ad-hoc. \u00a0Visualize and monitor how well a process is remaining within historical norms.\u00a0</p><h4><strong>Creating Context</strong></h4><p>Using the available signals, build in the context to define the periods of interest.\u00a0</p><ul><li><a href=\"/links?type&#61;workstep&amp;workbook&#61;E55DFF43-A1C8-4354-AC51-08756A534A7E&amp;worksheet&#61;97B4451D-670C-4D51-AE91-8065862C0E74&amp;workstep&#61;A47B5AEE-5282-46E7-9F04-B323022FFBF2\" rel=\"nofollow noopener noreferrer\">Start with Data</a></li><li><a href=\"/links?type&#61;workstep&amp;workbook&#61;E55DFF43-A1C8-4354-AC51-08756A534A7E&amp;worksheet&#61;97B4451D-670C-4D51-AE91-8065862C0E74&amp;workstep&#61;E6ECFF7A-4CEC-4134-B822-2F0AFE2F702C\" rel=\"nofollow noopener noreferrer\">Add Context</a></li><li><a href=\"/links?type&#61;workstep&amp;workbook&#61;E55DFF43-A1C8-4354-AC51-08756A534A7E&amp;worksheet&#61;97B4451D-670C-4D51-AE91-8065862C0E74&amp;workstep&#61;060EE537-B92D-4BFE-BB01-B6995B7A49E1\" rel=\"nofollow noopener noreferrer\">Identify Process</a></li></ul><h4><strong>Selecting Reference Data</strong></h4><p>Select the best (golden) periods using any KPI(s) or by manual selection.\u00a0</p><ul><li><a href=\"/links?type&#61;workstep&amp;workbook&#61;E55DFF43-A1C8-4354-AC51-08756A534A7E&amp;worksheet&#61;97B4451D-670C-4D51-AE91-8065862C0E74&amp;workstep&#61;8F553FED-F438-4EF1-977D-5C74179ABAC3\" rel=\"nofollow noopener noreferrer\">Training operations</a></li></ul><h4><strong>Create Statistical Limits</strong></h4><p>Build statistical limits using the training dataset. Build an <a href=\"/links?type&#61;signal&amp;item&#61;43E9F499-513F-4A8B-A2DB-C196650CBC9F\" rel=\"nofollow noopener noreferrer\">upper</a>, <a href=\"/links?type&#61;signal&amp;item&#61;00BD12C6-609E-4B78-A7A8-9A3CB42D89A9\" rel=\"nofollow noopener noreferrer\">lower</a>, and any other set of control limits as needed.</p><ul><li><a href=\"/links?type&#61;workstep&amp;workbook&#61;E55DFF43-A1C8-4354-AC51-08756A534A7E&amp;worksheet&#61;97B4451D-670C-4D51-AE91-8065862C0E74&amp;workstep&#61;A846A49F-EA4C-47B2-94E2-5E2CBD316056\" rel=\"nofollow noopener noreferrer\">Overlay Profiles</a></li></ul><h4><strong>Deviation Detection and Monitoring</strong></h4><p>Identify periods where the temperature deviate from the limits for more than three minutes. Send email notifications during a deviation event.\u00a0</p><ul><li><a href=\"/links?type&#61;workstep&amp;workbook&#61;E55DFF43-A1C8-4354-AC51-08756A534A7E&amp;worksheet&#61;97B4451D-670C-4D51-AE91-8065862C0E74&amp;workstep&#61;924CB159-294C-4567-AEDB-2D7453FCED1A\" rel=\"nofollow noopener noreferrer\">Deviations</a> \u00a0--&gt; Schedule Notification</li></ul><h4><strong>Golden Profile Scaling</strong></h4><p>Leverage Seeq Data Lab to scale the reference profiles. This example creates a Seeq add-on to enable a wide audience to scale the profiles. \u00a0</p><ul><li><a href=\"/links?type&#61;workstep&amp;workbook&#61;E55DFF43-A1C8-4354-AC51-08756A534A7E&amp;worksheet&#61;97B4451D-670C-4D51-AE91-8065862C0E74&amp;workstep&#61;92FDBE07-4E64-4304-9FAE-AF393740E1F2\" rel=\"nofollow noopener noreferrer\">The Setup</a></li><li><a href=\"/links?type&#61;workstep&amp;workbook&#61;E55DFF43-A1C8-4354-AC51-08756A534A7E&amp;worksheet&#61;97B4451D-670C-4D51-AE91-8065862C0E74&amp;workstep&#61;8F93E642-C827-42ED-B2D1-6B3C1F53F977\" rel=\"nofollow noopener noreferrer\">Add-on Results</a></li><li><a href=\"/links?type&#61;workstep&amp;workbook&#61;E55DFF43-A1C8-4354-AC51-08756A534A7E&amp;worksheet&#61;97B4451D-670C-4D51-AE91-8065862C0E74&amp;workstep&#61;6A78E098-04FA-446C-86AC-A4E1F0FC9EB0\" rel=\"nofollow noopener noreferrer\">Treemap</a></li></ul><figure class=\"image\"><img src=\"/api/annotations/DDBBF4CF-9991-4D2C-B615-7D29B98D1F6C/images/image_v12.png\"></figure><figure class=\"image\"><img src=\"/api/annotations/DDBBF4CF-9991-4D2C-B615-7D29B98D1F6C/images/image_v6.png\"></figure><p>\u00a0</p><p>\u00a0</p>",
        "ID": "DDBBF4CF-9991-4D2C-B615-7D29B98D1F6C",
        "Is CK Enabled": true,
        "Locked": false,
        "Name": "Golden Profiles",
        "Plain Text Document": "Golden ProfilesCHR Hansen created golden profiles in Seeq to proactively correct costly batch deviations.ChallengeGolden profiles are a critical tool in assessing process performance and detecting early signs of trouble. Combining disparate datasources and building the profiles at scale can prove to be a challenge.SolutionLeverage Seeq to combine datasources and build and deploy golden profiles ad-hoc. \u00a0Visualize and monitor how well a process remains within historical norms.\u00a0Creating ContextUsing the available signals, build in the context to define the periods of interest.\u00a0Raw DataPrepped DataContext\u00a0 \u00a0--&gt; \u00a0Compare**ProcessSelecting Reference DataSelect the best (golden) periods using any KPI(s) or by manual selection.\u00a0Training **Create Statistical LimitsBuild statistical limits using the training dataset. Build a UCL, LCL, and any other control limits as needed.Overlay Control Limits --&gt; Swap AssetsDeviation Detection and MonitoringIdentify periods where the temperature deviates from the limits for more than three minutes. Send email notifications during a deviation event.\u00a0Deviations -- &gt; Schedule NotificationsGolden Profile ScalingLeverage Seeq Data Lab to scale the reference profiles. This example creates a Seeq add-on to enable a wide audience to scale the profiles. \u00a0\u00a0\u00a0",
        "Type": "Journal",
        "Unsearchable": false,
        "Updated At": "1730985787681483365"
    }
}