{
    "ID": "0EE77667-29A0-64D0-8D2E-64997E37B2D6",
    "Type": "Workstep",
    "Data": {
        "version": 54,
        "state": {
            "stores": {
                "sqAssetGroupStore": {
                    "id": "",
                    "assets": [],
                    "name": "",
                    "description": "",
                    "errors": [],
                    "isLoading": false,
                    "hasUnsavedChanges": false
                },
                "sqInvestigateStore": {
                    "item": {},
                    "activeTool": "overview",
                    "displayMode": "NEW",
                    "derivedDataPanelOpen": false
                },
                "sqPluginStore": {
                    "pluginState": {}
                },
                "sqDurationStore": {
                    "autoUpdate": {
                        "mode": "OFF",
                        "offset": -15854514319,
                        "manualInterval": {
                            "value": 1,
                            "units": "min"
                        }
                    },
                    "displayRange": {
                        "start": 1675414932015,
                        "end": 1675664804559
                    },
                    "investigateRange": {
                        "start": 1675361167526,
                        "end": 1676968977707
                    }
                },
                "sqExploreFolderModalStore": {
                    "pageSize": 5
                },
                "sqExploreWorkbookModalStore": {
                    "pageSize": 5
                },
                "sqWorksheetStore": {
                    "tabsets": {
                        "sidebar": 2
                    },
                    "viewKey": "TREND",
                    "returnViewKey": "TREND",
                    "selectedIdsForView": {},
                    "browsePanelCollapsed": false,
                    "displayWidth": 1170,
                    "displayHeight": 575,
                    "resizeEnabled": true,
                    "conditionToSeriesGrouping": {},
                    "capsuleGroupMode": false,
                    "showAssetSelectionWarnings": true
                },
                "sqSearchStore": {
                    "nameFilter": "",
                    "isExactName": false,
                    "descriptionFilter": "",
                    "typeFilter": [],
                    "datasourceFilter": [],
                    "sortBy": "",
                    "isAdvancedMode": false,
                    "mode": "overview",
                    "currentAsset": "",
                    "selectAllChecked": false,
                    "selectedItemIds": []
                },
                "sqCompositeSearchStore": {
                    "originalParameters": [],
                    "advancedParametersCollapsed": true,
                    "color": "",
                    "isUpgradedUnionCondition": false,
                    "inclusiveA": true,
                    "inclusiveB": true,
                    "matchProperty": "n/a",
                    "useEarliestStart": true,
                    "keepProperties": false
                },
                "sqConditionWithPropertiesStore": {
                    "originalParameters": [],
                    "advancedParametersCollapsed": true,
                    "properties": [
                        {
                            "stringSignal": "",
                            "propertyName": ""
                        },
                        {
                            "stringSignal": "",
                            "propertyName": ""
                        }
                    ]
                },
                "sqValueSearchStore": {
                    "originalParameters": [],
                    "advancedParametersCollapsed": true,
                    "inputSignal": {
                        "predicate": [
                            "name",
                            "a"
                        ]
                    },
                    "isSimple": true,
                    "useValidValues": false,
                    "isCleansing": false,
                    "simpleValue": null,
                    "simpleLowerValue": null,
                    "minDuration": {
                        "value": 0,
                        "units": "min"
                    },
                    "mergeDuration": {
                        "value": 0,
                        "units": "min"
                    },
                    "advancedEntryValue": null,
                    "advancedEntryLowerValue": null,
                    "advancedEntryDuration": {
                        "value": 0,
                        "units": "min"
                    },
                    "advancedExitValue": null,
                    "advancedExitDuration": {
                        "value": 0,
                        "units": "min"
                    },
                    "isMigratedDeviationSearch": false,
                    "version": "V3"
                },
                "sqItemPropertiesStore": {
                    "advancedParametersCollapsed": false
                },
                "sqManualSignalStore": {
                    "originalParameters": [],
                    "advancedParametersCollapsed": true,
                    "interpolationMethod": "Linear",
                    "maximumInterpolation": {
                        "value": "40",
                        "units": "h"
                    },
                    "samples": [],
                    "sort": {
                        "asc": false,
                        "property": "dateTime"
                    },
                    "color": ""
                },
                "sqManualConditionStore": {
                    "originalParameters": [],
                    "advancedParametersCollapsed": true,
                    "color": ""
                },
                "sqFftStore": {
                    "originalParameters": [],
                    "advancedParametersCollapsed": true,
                    "signalToAggregate": {
                        "predicate": [
                            "name",
                            "signalToAggregate"
                        ]
                    },
                    "rateType": true,
                    "rate": {},
                    "outputUnits": "min",
                    "highPass": {},
                    "lowPass": {},
                    "useHighPass": false,
                    "useLowPass": false
                },
                "sqAggregationBinStore": {
                    "signalToAggregate": {
                        "predicate": [
                            "name",
                            "signalToAggregate"
                        ]
                    },
                    "mode": "by_y_value",
                    "includeEmptyBuckets": true,
                    "yValueSignal": "",
                    "stat": {
                        "key": null,
                        "timeUnits": "s"
                    },
                    "aggregationConfigs": [
                        {
                            "id": 1,
                            "mode": "by_y_value",
                            "capsuleMode": "intersect",
                            "yValueBinMode": "size",
                            "valid": false
                        }
                    ]
                },
                "sqSignalFromConditionStore": {
                    "originalParameters": [],
                    "advancedParametersCollapsed": true,
                    "inputItem": {
                        "predicate": [
                            "name",
                            "series"
                        ]
                    },
                    "condition": {
                        "predicate": [
                            "name",
                            "capsules"
                        ]
                    },
                    "interpolation": "DISCRETE",
                    "stat": {
                        "timeUnits": "s"
                    },
                    "color": ""
                },
                "sqPeriodicConditionStore": {
                    "originalParameters": [],
                    "advancedParametersCollapsed": true,
                    "timezone": "US/Central",
                    "frequencies": [],
                    "weekStart": "Day.Sunday",
                    "quarterStart": {
                        "month": "Month.January",
                        "day": 1
                    },
                    "shift": {
                        "offset": 8,
                        "duration": 8
                    },
                    "offset": {
                        "value": 0,
                        "units": "min"
                    }
                },
                "sqProfileSearchStore": {
                    "originalParameters": [],
                    "advancedParametersCollapsed": true,
                    "inputSignal": {
                        "predicate": [
                            "name",
                            "a"
                        ]
                    },
                    "similarity": 98,
                    "normalizeAmplitude": true,
                    "normalizeLocation": true,
                    "selectedRegion": {
                        "min": 0,
                        "max": 0
                    }
                },
                "sqPredictionPanelStore": {
                    "originalParameters": [],
                    "advancedParametersCollapsed": true,
                    "option": "linear",
                    "polynomialValue": 2,
                    "mustGoThroughZero": false,
                    "lambda": 0,
                    "windowStart": 1675524047116,
                    "windowEnd": 1675783554198,
                    "modelExpanded": false,
                    "regressionMethod": "OLS",
                    "variableSelection": 0.05,
                    "variableSelectionEnabled": false,
                    "color": ""
                },
                "sqSignalSmoothingStore": {
                    "originalParameters": [],
                    "advancedParametersCollapsed": true,
                    "inputSignal": {
                        "predicate": [
                            "name",
                            "inputSignal"
                        ]
                    },
                    "algorithmSelectedValue": "seeq-agile",
                    "samplingRate": {},
                    "smoothingWindow": {},
                    "cutoff": {},
                    "polynomialFactor": 2,
                    "isSamplingRateAuto": true,
                    "isCutoffAuto": true,
                    "isTau": true,
                    "tau": {
                        "value": 10,
                        "units": "min"
                    },
                    "alpha": 0.9,
                    "isMigratedLowPassFilter": false,
                    "color": ""
                },
                "sqDigitalFilterStore": {
                    "originalParameters": [],
                    "advancedParametersCollapsed": true,
                    "inputSignal": {
                        "predicate": [
                            "name",
                            "inputSignal"
                        ]
                    },
                    "cutoff": {},
                    "cutoff2": {},
                    "samplingRate": {},
                    "windowSize": {},
                    "isAutoSamplingRate": true,
                    "isAutoWindowSize": true,
                    "color": ""
                },
                "sqTrendMetricStore": {
                    "items": [
                        {
                            "name": "Concentration with Limits 2",
                            "id": "0EE36129-A7F9-FDB0-BB02-24905A539484",
                            "color": "#068C45",
                            "dashStyle": "Solid",
                            "lineWidth": 1.0,
                            "lane": 3,
                            "sampleDisplayOption": "line",
                            "axisAutoScale": false,
                            "rightAxis": false,
                            "axisAlign": "A",
                            "axisVisibility": true,
                            "selected": false,
                            "yAxisMin": -2.5999468021465226,
                            "yAxisMax": 25.259682554164407
                        }
                    ]
                },
                "sqTrendTableStore": {
                    "items": []
                },
                "sqReferencePanelStore": {
                    "originalParameters": [],
                    "advancedParametersCollapsed": true,
                    "windowStart": 1675524047116,
                    "windowEnd": 1675783554198,
                    "griddingPeriod": {
                        "value": 5,
                        "units": "min"
                    },
                    "referenceStat": "",
                    "multiplier": 1,
                    "inputGroups": [
                        {
                            "inputSignal": {},
                            "inputCondition": {}
                        }
                    ]
                },
                "sqDisplayToolStore": {
                    "originalParameters": [],
                    "advancedParametersCollapsed": true,
                    "isScaled": true
                },
                "sqTrendScalarStore": {
                    "items": []
                },
                "sqTrendSeriesStore": {
                    "items": [
                        {
                            "name": "Volume",
                            "id": "0EE36166-C4F9-77C0-AA84-02F70D04BB9E",
                            "color": "#9D248F",
                            "dashStyle": "Solid",
                            "lineWidth": 1.0,
                            "lane": 4,
                            "sampleDisplayOption": "line",
                            "axisAutoScale": true,
                            "rightAxis": false,
                            "axisAlign": "B",
                            "axisVisibility": true,
                            "selected": false
                        }
                    ],
                    "editingId": null,
                    "previewSeriesDefinition": {}
                },
                "sqImportDatafileStore": {
                    "uploadFilename": "",
                    "filename": "",
                    "keyColumnIndex": 1,
                    "keyColumnName": "",
                    "interpolationMethod": {
                        "text": "IMPORTS.INTERPOLATION.LINEAR",
                        "value": "Linear"
                    },
                    "validationMode": {
                        "text": "IMPORTS.VALIDATION_MODE_TYPES.FAIL",
                        "value": "Fail"
                    },
                    "fileOutputType": {
                        "text": "IMPORTS.FILE_OUTPUT_TYPES.REPLACE",
                        "value": "Replace"
                    },
                    "fieldDelimiter": {
                        "text": ",",
                        "value": "Comma"
                    },
                    "maxInterpolation": {
                        "value": 40,
                        "units": "h"
                    },
                    "namePrefix": "",
                    "nameSuffix": "",
                    "firstDataRow": 2,
                    "nameRow": 1,
                    "description": "",
                    "valueColumnOption": {
                        "text": "IMPORTS.VALUE_COLUMN.ALL",
                        "value": "All"
                    },
                    "valueUom": "",
                    "lenientDaylightSavings": false,
                    "itemType": {
                        "text": "IMPORTS.SIGNAL",
                        "value": "Signal"
                    },
                    "maxDuration": {
                        "value": 40,
                        "units": "h"
                    },
                    "endColumnName": "",
                    "conditionName": "",
                    "dayFirstDefault": {
                        "text": "IMPORTS.FIRST.MONTH",
                        "value": false
                    },
                    "originalParameters": [],
                    "advancedParametersCollapsed": true
                },
                "sqTrendCapsuleStore": {
                    "selectedCapsules": [],
                    "dataStatus": "itemDataPresent",
                    "warningCount": 0,
                    "warningLogs": [],
                    "timingInformation": "",
                    "meterInformation": "",
                    "capsulesPerPage": 100,
                    "editingId": null,
                    "previewCapsulesDefinition": {},
                    "items": []
                },
                "sqCapsuleGroupStore": {
                    "capsules": []
                },
                "sqCursorStore": {
                    "calendarCursors": [],
                    "capsuleCursors": [],
                    "showValues": true
                },
                "sqTrendCapsuleSetStore": {
                    "items": [
                        {
                            "name": "Reactor Process",
                            "id": "0EE0351C-46D3-6630-B50F-1C4BB53DB278",
                            "color": "#4055A3",
                            "lineWidth": 1.0,
                            "lane": 1,
                            "axisAlign": "A",
                            "selected": false
                        },
                        {
                            "name": "Deviation 2",
                            "id": "0EE36157-5B51-F980-998C-325A3A19322C",
                            "color": "#ff0000",
                            "lineWidth": 1.0,
                            "lane": 2,
                            "axisAlign": "C",
                            "selected": false
                        }
                    ]
                },
                "sqTrendStore": {
                    "view": "calendar",
                    "isCompareMode": false,
                    "enabledColumns": {
                        "CAPSULES": {
                            "startTime": true,
                            "properties.Batch ID": true,
                            "properties.Product": true,
                            "properties.DS Potency": true,
                            "properties.Operation": true,
                            "duration": true
                        },
                        "SERIES": {
                            "asset": true,
                            "lane": true
                        },
                        "CHART_CAPSULES": {
                            "properties.Batch ID": true,
                            "properties.Operation": true
                        }
                    },
                    "propertyColumns": {
                        "CHART_CAPSULES": {
                            "properties.Batch ID": {
                                "key": "properties.Batch ID",
                                "uomKey": "propertiesUOM.Batch ID",
                                "propertyName": "Batch ID",
                                "style": "string"
                            },
                            "properties.Operation": {
                                "key": "properties.Operation",
                                "uomKey": "propertiesUOM.Operation",
                                "propertyName": "Operation",
                                "style": "string"
                            }
                        },
                        "CAPSULES": {
                            "properties.Batch ID": {
                                "key": "properties.Batch ID",
                                "uomKey": "propertiesUOM.Batch ID",
                                "propertyName": "Batch ID"
                            },
                            "properties.Product": {
                                "key": "properties.Product",
                                "uomKey": "propertiesUOM.Product",
                                "propertyName": "Product",
                                "style": "string"
                            },
                            "properties.DS Potency": {
                                "key": "properties.DS Potency",
                                "uomKey": "propertiesUOM.DS Potency",
                                "propertyName": "DS Potency",
                                "style": "%"
                            },
                            "properties.Operation": {
                                "key": "properties.Operation",
                                "uomKey": "propertiesUOM.Operation",
                                "propertyName": "Operation"
                            }
                        }
                    },
                    "selectedRegion": {
                        "min": 0,
                        "max": 0
                    },
                    "capsuleTimeOffsets": {
                        "lower": 0,
                        "upper": 0
                    },
                    "dataSummary": {
                        "type": "AUTO",
                        "value": 0,
                        "discreteUnits": {
                            "value": 0,
                            "units": "min"
                        },
                        "isSlider": true
                    },
                    "capsuleTimeColorMode": "signal",
                    "compareViewColorMode": "rainbow",
                    "capsulePreview": false,
                    "customizationMode": "off",
                    "dimDataOutsideCapsules": false,
                    "hideUnselectedItems": false,
                    "labelDisplayConfiguration": {
                        "name": "off",
                        "description": "off",
                        "asset": "off",
                        "assetPathLevels": 1,
                        "line": "off",
                        "unitOfMeasure": "axis",
                        "custom": "off",
                        "customLabels": []
                    },
                    "showCapsuleLaneLabels": false,
                    "panelProps": {
                        "BOTTOM": {
                            "leftPanelWidth": 517,
                            "height": "19.8%"
                        }
                    },
                    "panelSorters": {
                        "CAPSULES": {
                            "sortBy": "startTime",
                            "sortAsc": true
                        },
                        "CAPSULE_SERIES": {
                            "sortBy": "startTime",
                            "sortAsc": true
                        },
                        "SERIES": {
                            "sortBy": "lane",
                            "sortAsc": true
                        },
                        "INVESTIGATE_ITEMS": {
                            "sortBy": "name",
                            "sortAsc": true
                        }
                    },
                    "capsulePanelFilters": {
                        "duration": {
                            "values": [
                                {
                                    "units": "h",
                                    "value": 0.5
                                }
                            ],
                            "operator": "isGreaterThan"
                        }
                    },
                    "capsulePanelOffset": 0,
                    "capsulePanelMaxOffset": 0,
                    "capsulePanelHasNext": false,
                    "showGridlines": false,
                    "capsuleProperties": [],
                    "colorByProperty": "Batch ID",
                    "separateByProperty": "Operation"
                },
                "sqTreemapStore": {
                    "parent": {
                        "id": "94636F8A-33F9-4640-976D-BFBE96F7A147"
                    },
                    "statistics": []
                },
                "sqExportExcelPanelStore": {
                    "name": "Golden Profiles",
                    "originalParameters": [],
                    "advancedParametersCollapsed": true,
                    "exportStatistics": true,
                    "exportData": true,
                    "timeRange": {
                        "start": 1675524047116,
                        "end": 1675783554198
                    },
                    "exportTimeZone": {
                        "name": "US/Central",
                        "displayName": "US/Central",
                        "offset": "-05:00",
                        "offsetMinutes": -300
                    },
                    "gridOption": "custom",
                    "gridSize": {
                        "value": 5,
                        "units": "min"
                    },
                    "gridOrigin": 1672552800000,
                    "gridOriginEnabled": false
                },
                "sqScatterPlotStore": {
                    "xSignal": null,
                    "ySignals": [],
                    "selector": {
                        "low": 0.5,
                        "high": 0.75
                    },
                    "selectedRegion": {
                        "x": {
                            "min": null,
                            "max": null
                        },
                        "ys": {}
                    },
                    "viewRegion": {
                        "x": {
                            "min": null,
                            "max": null
                        },
                        "ys": {}
                    },
                    "fxLines": [],
                    "colorConditionIds": [],
                    "colorByItemColor": false,
                    "colorRanges": [],
                    "plotMode": "DISPLAY_RANGE",
                    "plotView": "SCATTER_PLOT",
                    "connect": false,
                    "showTooltips": true,
                    "isMarkerSizeCustom": false,
                    "densityPlotData": [],
                    "numXBins": 40,
                    "numYBins": 20,
                    "xBinSize": 0,
                    "yBinSize": 0
                },
                "sqExportODataPanelStore": {
                    "name": "Golden Profiles",
                    "originalParameters": [],
                    "advancedParametersCollapsed": true,
                    "autoupdateTimeRange": false,
                    "timeRange": {
                        "start": 1675524047116,
                        "end": 1675783554198
                    },
                    "exportTimeZone": {
                        "name": "US/Central",
                        "displayName": "US/Central",
                        "offset": "-05:00",
                        "offsetMinutes": -300
                    },
                    "gridOption": "custom",
                    "gridSize": {
                        "value": 5,
                        "units": "min"
                    },
                    "gridOrigin": 1672552800000,
                    "gridOriginEnabled": false,
                    "exportNameSuffix": ""
                },
                "sqTableBuilderStore": {
                    "mode": "simple",
                    "headers": {
                        "condition": {
                            "type": "startEnd",
                            "format": "lll"
                        },
                        "simple": {
                            "type": "startEnd",
                            "format": "lll"
                        }
                    },
                    "columns": {
                        "condition": [
                            {
                                "key": "name",
                                "headerTextAlign": "center",
                                "headerTextStyle": [
                                    "bold"
                                ]
                            }
                        ],
                        "simple": [
                            {
                                "key": "name",
                                "accessor": "name",
                                "propertyName": "Name",
                                "style": "string",
                                "title": "NAME",
                                "shortTitle": "NAME",
                                "headerTextAlign": "center",
                                "headerTextStyle": [
                                    "bold"
                                ]
                            },
                            {
                                "key": "statistics.average",
                                "title": "STATISTICS.AVERAGE.LONG",
                                "shortTitle": "STATISTICS.AVERAGE.SHORT",
                                "style": "decimal",
                                "stat": "average()",
                                "invalidsFirst": true,
                                "columnSuffix": "Average",
                                "headerTextAlign": "center",
                                "headerTextStyle": [
                                    "bold"
                                ]
                            }
                        ]
                    },
                    "isTransposed": {
                        "condition": true,
                        "simple": false
                    },
                    "assetId": {},
                    "isHomogenizeUnits": {
                        "condition": false,
                        "simple": false
                    },
                    "itemFilters": {},
                    "itemSorts": {},
                    "isMigrating": false,
                    "chartView": {
                        "enabled": false,
                        "settings": {
                            "title": "",
                            "legend": true,
                            "dataLabels": true,
                            "categoryLabels": true,
                            "rows": [],
                            "columns": [],
                            "categoryColumns": [
                                "name"
                            ],
                            "showSettings": false,
                            "position": {
                                "x": 100,
                                "y": 100
                            }
                        }
                    },
                    "useSignalColorsInChart": true
                },
                "sqFormulaToolStore": {
                    "originalParameters": [],
                    "advancedParametersCollapsed": true,
                    "formula": "",
                    "parameters": [],
                    "navigationStack": [],
                    "helpShown": true
                },
                "sqThresholdMetricStore": {
                    "originalParameters": [],
                    "advancedParametersCollapsed": true,
                    "measuredItem": {
                        "predicate": [
                            "name",
                            "measuredItem"
                        ]
                    },
                    "boundingCondition": {
                        "predicate": [
                            "name",
                            "boundingCondition"
                        ]
                    },
                    "processType": "Simple",
                    "aggregationOperator": {
                        "key": null,
                        "timeUnits": "s"
                    },
                    "duration": {},
                    "period": {},
                    "thresholds": {}
                },
                "sqScatterConditionStore": {
                    "originalParameters": [],
                    "advancedParametersCollapsed": true,
                    "isBounding": false,
                    "isCleansing": false,
                    "minDuration": {
                        "value": 0,
                        "units": "min"
                    },
                    "mergeDuration": {
                        "value": 0,
                        "units": "min"
                    }
                },
                "sqScorecardStore": {
                    "metrics": []
                }
            }
        }
    }
}