{
  "62E6F850-E523-408D-AD10-0C87E65F996B": {
    "Definition": {
      "Datasource ID": "Example Data",
      "Source Value Unit Of Measure": "",
      "Datasource Name": "Example Data",
      "Sync Token": "2024-06-22T13:12:17.356547255Z",
      "Number Format": "#,##0.00",
      "Enabled": false,
      "Override Maximum Interpolation": "2min",
      "Key Unit Of Measure": "ns",
      "Archived": false,
      "Multivalued Samples Behavior": "Keep Last",
      "Cache ID": "0EEFCB40-94D0-7760-B591-5E51632395B9",
      "Datasource Class": "Time Series CSV Files",
      "Cache Enabled": true,
      "Data ID": "Area A_Optimizer.sim.ts.csv",
      "Value Unit Of Measure": "",
      "Interpolation Method": "Linear",
      "Stored Series Cache Version": 1,
      "Unsearchable": false,
      "Source Maximum Interpolation": "2min",
      "Locked": false,
      "Maximum Interpolation": "2min",
      "ID": "62E6F850-E523-408D-AD10-0C87E65F996B",
      "Name": "Optimizer",
      "Type": "StoredSignal",
      "Parent ID": "2407642C-0169-4ED0-A25C-321E29DC975B",
      "Path": "Example >> Cooling Tower 1",
      "Asset": "Area A"
    },
    "Periods": [
      {
        "Start": "2023-02-11T21:35:00+00:00",
        "End": "2023-03-14T07:35:00+00:00"
      },
      {
        "Start": "2023-03-14T22:35:00+00:00",
        "End": "2023-03-15T22:35:00+00:00"
      },
      {
        "Start": "2023-03-20T19:22:00+00:00",
        "End": "2023-03-27T19:22:00+00:00"
      },
      {
        "Start": "2022-12-13T01:35:00+00:00",
        "End": "2023-05-14T03:35:00+00:00",
        "Added by User": true
      },
      {
        "Start": "2023-01-13T02:35:00+00:00",
        "End": "2023-05-15T18:35:00+00:00",
        "Added by User": true
      },
      {
        "Start": "2023-01-18T23:22:00+00:00",
        "End": "2023-05-27T15:22:00+00:00",
        "Added by User": true
      }
    ]
  }
}