{
  "C7FF3051-E40A-499C-A7FA-0057608DE90D": {
    "Definition": {
      "Datasource ID": "trainingData",
      "Source Value Unit Of Measure": "",
      "Sync Token": "2023-02-16T00:00:00.365541947Z",
      "Enabled": true,
      "Key Unit Of Measure": "ns",
      "Archived": false,
      "Cache ID": "68D1BD6C-7DCB-4860-827D-33EE2330416D",
      "Datasource Class": "Time Series CSV Files",
      "Cache Enabled": false,
      "Data ID": "[Tag] EnergyModel_Steam Flow 2.sim.ts.csv",
      "Value Unit Of Measure": "",
      "Interpolation Method": "Linear",
      "Stored Series Cache Version": 1,
      "Unsearchable": false,
      "Source Maximum Interpolation": "3600000000000ns",
      "Locked": false,
      "Maximum Interpolation": "3600.0s",
      "ID": "C7FF3051-E40A-499C-A7FA-0057608DE90D",
      "Name": "EnergyModel_Steam Flow 2",
      "Type": "StoredSignal"
    },
    "Periods": [
      {
        "Start": "2019-09-18T02:41:00+00:00",
        "End": "2022-04-24T02:41:00+00:00"
      },
      {
        "Start": "2019-08-18T16:41:00+00:00",
        "End": "2022-05-24T12:41:00+00:00",
        "Added by User": true
      }
    ]
  },
  "2FA5C76C-C198-4191-93AB-4BE09C332F8D": {
    "Definition": {
      "Datasource ID": "trainingData",
      "Source Value Unit Of Measure": "string",
      "Sync Token": "2023-02-16T00:00:00.365541947Z",
      "Enabled": true,
      "Key Unit Of Measure": "ns",
      "Archived": false,
      "Cache ID": "85A3A57E-416B-42A6-8E28-6DDE4FE7B50E",
      "Datasource Class": "Time Series CSV Files",
      "Cache Enabled": false,
      "Data ID": "[Tag] EnergyModel_Steam Jet 1.sim.ts.csv",
      "Value Unit Of Measure": "string",
      "Interpolation Method": "Step",
      "Stored Series Cache Version": 1,
      "Unsearchable": false,
      "Source Maximum Interpolation": "3600000000000ns",
      "Locked": false,
      "Maximum Interpolation": "3600.0s",
      "ID": "2FA5C76C-C198-4191-93AB-4BE09C332F8D",
      "Name": "EnergyModel_Steam Jet 1",
      "Type": "StoredSignal"
    },
    "Periods": [
      {
        "Start": "2019-09-18T02:41:00+00:00",
        "End": "2022-04-24T02:41:00+00:00"
      },
      {
        "Start": "2019-08-18T16:41:00+00:00",
        "End": "2022-05-24T12:41:00+00:00",
        "Added by User": true
      }
    ]
  },
  "190A75D0-DBFA-4970-84E7-3B19C5D37067": {
    "Definition": {
      "Datasource ID": "trainingData",
      "Source Value Unit Of Measure": "string",
      "Sync Token": "2023-02-16T00:00:00.365541947Z",
      "Enabled": true,
      "Key Unit Of Measure": "ns",
      "Archived": false,
      "Cache ID": "C52B6BFC-D2FD-4093-AC19-DA6D1026BDB7",
      "Datasource Class": "Time Series CSV Files",
      "Cache Enabled": false,
      "Data ID": "[Tag] EnergyModel_Steam Jet 5.sim.ts.csv",
      "Value Unit Of Measure": "string",
      "Interpolation Method": "Step",
      "Stored Series Cache Version": 1,
      "Unsearchable": false,
      "Source Maximum Interpolation": "3600000000000ns",
      "Locked": false,
      "Maximum Interpolation": "3600.0s",
      "ID": "190A75D0-DBFA-4970-84E7-3B19C5D37067",
      "Name": "EnergyModel_Steam Jet 5",
      "Type": "StoredSignal"
    },
    "Periods": [
      {
        "Start": "2019-09-18T02:41:00+00:00",
        "End": "2022-04-24T02:41:00+00:00"
      },
      {
        "Start": "2019-08-18T16:41:00+00:00",
        "End": "2022-05-24T12:41:00+00:00",
        "Added by User": true
      }
    ]
  },
  "87C29967-87D4-4595-9A44-8385A3FF80A9": {
    "Definition": {
      "Datasource ID": "trainingData",
      "Source Value Unit Of Measure": "string",
      "Sync Token": "2023-02-16T00:00:00.365541947Z",
      "Enabled": true,
      "Key Unit Of Measure": "ns",
      "Archived": false,
      "Cache ID": "D25A7CC8-235C-410B-A19B-FE18945FA73F",
      "Datasource Class": "Time Series CSV Files",
      "Cache Enabled": false,
      "Data ID": "[Tag] EnergyModel_Steam Valve 3.sim.ts.csv",
      "Value Unit Of Measure": "string",
      "Interpolation Method": "Step",
      "Stored Series Cache Version": 1,
      "Unsearchable": false,
      "Source Maximum Interpolation": "3600000000000ns",
      "Locked": false,
      "Maximum Interpolation": "3600.0s",
      "ID": "87C29967-87D4-4595-9A44-8385A3FF80A9",
      "Name": "EnergyModel_Steam Valve 3",
      "Type": "StoredSignal"
    },
    "Periods": [
      {
        "Start": "2019-09-18T02:41:00+00:00",
        "End": "2022-04-24T02:41:00+00:00"
      },
      {
        "Start": "2019-08-18T16:41:00+00:00",
        "End": "2022-05-24T12:41:00+00:00",
        "Added by User": true
      }
    ]
  },
  "89939F97-79E2-44AD-B66A-36C44FCE0166": {
    "Definition": {
      "Datasource ID": "trainingData",
      "Source Value Unit Of Measure": "",
      "Sync Token": "2023-02-16T00:00:00.365541947Z",
      "Enabled": true,
      "Key Unit Of Measure": "ns",
      "Archived": false,
      "Cache ID": "174AC87A-D7F6-4606-922F-68CAF648868D",
      "Datasource Class": "Time Series CSV Files",
      "Cache Enabled": false,
      "Data ID": "[Tag] EnergyModel_Steam Flow 1.sim.ts.csv",
      "Value Unit Of Measure": "",
      "Interpolation Method": "Linear",
      "Stored Series Cache Version": 1,
      "Unsearchable": false,
      "Source Maximum Interpolation": "3600000000000ns",
      "Locked": false,
      "Maximum Interpolation": "3600.0s",
      "ID": "89939F97-79E2-44AD-B66A-36C44FCE0166",
      "Name": "EnergyModel_Steam Flow 1",
      "Type": "StoredSignal"
    },
    "Periods": [
      {
        "Start": "2019-09-18T02:41:00+00:00",
        "End": "2022-04-24T02:41:00+00:00"
      },
      {
        "Start": "2019-08-18T16:41:00+00:00",
        "End": "2022-05-24T12:41:00+00:00",
        "Added by User": true
      }
    ]
  },
  "CFBCCB2A-C573-4C1D-8A0D-047676BC9B63": {
    "Definition": {
      "Datasource ID": "trainingData",
      "Source Value Unit Of Measure": "string",
      "Sync Token": "2023-02-16T00:00:00.365541947Z",
      "Enabled": true,
      "Key Unit Of Measure": "ns",
      "Archived": false,
      "Cache ID": "FF6EE4D7-6D4C-4C60-A3E8-9F5F068B810F",
      "Datasource Class": "Time Series CSV Files",
      "Cache Enabled": false,
      "Data ID": "[Tag] EnergyModel_Steam Valve 1.sim.ts.csv",
      "Value Unit Of Measure": "string",
      "Interpolation Method": "Step",
      "Stored Series Cache Version": 1,
      "Unsearchable": false,
      "Source Maximum Interpolation": "3600000000000ns",
      "Locked": false,
      "Maximum Interpolation": "3600.0s",
      "ID": "CFBCCB2A-C573-4C1D-8A0D-047676BC9B63",
      "Name": "EnergyModel_Steam Valve 1",
      "Type": "StoredSignal"
    },
    "Periods": [
      {
        "Start": "2019-09-18T02:41:00+00:00",
        "End": "2022-04-24T02:41:00+00:00"
      },
      {
        "Start": "2019-08-18T16:41:00+00:00",
        "End": "2022-05-24T12:41:00+00:00",
        "Added by User": true
      }
    ]
  },
  "296D07B4-8DE2-4B84-9411-BBC7D8D4B242": {
    "Definition": {
      "Datasource ID": "trainingData",
      "Source Value Unit Of Measure": "string",
      "Sync Token": "2023-02-16T00:00:00.365541947Z",
      "Enabled": true,
      "Key Unit Of Measure": "ns",
      "Archived": false,
      "Cache ID": "9A309D97-0FFF-4BE1-8809-7EAF2C216B3F",
      "Datasource Class": "Time Series CSV Files",
      "Cache Enabled": false,
      "Data ID": "[Tag] EnergyModel_Steam Jet 3.sim.ts.csv",
      "Value Unit Of Measure": "string",
      "Interpolation Method": "Step",
      "Stored Series Cache Version": 1,
      "Unsearchable": false,
      "Source Maximum Interpolation": "3600000000000ns",
      "Locked": false,
      "Maximum Interpolation": "3600.0s",
      "ID": "296D07B4-8DE2-4B84-9411-BBC7D8D4B242",
      "Name": "EnergyModel_Steam Jet 3",
      "Type": "StoredSignal"
    },
    "Periods": [
      {
        "Start": "2019-09-18T02:41:00+00:00",
        "End": "2022-04-24T02:41:00+00:00"
      },
      {
        "Start": "2019-08-18T16:41:00+00:00",
        "End": "2022-05-24T12:41:00+00:00",
        "Added by User": true
      }
    ]
  },
  "5BDA7048-0ED0-414E-9A94-D93B03787132": {
    "Definition": {
      "Datasource ID": "trainingData",
      "Source Value Unit Of Measure": "lb/h",
      "Sync Token": "2023-02-16T00:00:00.365541947Z",
      "Enabled": true,
      "Key Unit Of Measure": "ns",
      "Archived": false,
      "Cache ID": "526169A3-C73D-4284-A180-0D5B48EF3FC2",
      "Datasource Class": "Time Series CSV Files",
      "Cache Enabled": false,
      "Data ID": "[Tag] EnergyModel_Total Steam.sim.ts.csv",
      "Value Unit Of Measure": "lb/h",
      "Interpolation Method": "Linear",
      "Stored Series Cache Version": 1,
      "Unsearchable": false,
      "Source Maximum Interpolation": "3600000000000ns",
      "Locked": false,
      "Maximum Interpolation": "3600.0s",
      "ID": "5BDA7048-0ED0-414E-9A94-D93B03787132",
      "Name": "EnergyModel_Total Steam",
      "Type": "StoredSignal"
    },
    "Periods": [
      {
        "Start": "2019-09-18T02:41:00+00:00",
        "End": "2022-04-24T02:41:00+00:00"
      },
      {
        "Start": "2019-08-18T16:41:00+00:00",
        "End": "2022-05-24T12:41:00+00:00",
        "Added by User": true
      }
    ]
  },
  "028560F2-5D26-46FD-9CD3-6B796E391373": {
    "Definition": {
      "Datasource ID": "trainingData",
      "Source Value Unit Of Measure": "",
      "Sync Token": "2023-02-16T00:00:00.365541947Z",
      "Enabled": true,
      "Key Unit Of Measure": "ns",
      "Archived": false,
      "Cache ID": "37C8827C-DCC9-4FF1-9047-047D79984818",
      "Datasource Class": "Time Series CSV Files",
      "Cache Enabled": false,
      "Data ID": "[Tag] EnergyModel_Steam Flow 5.sim.ts.csv",
      "Value Unit Of Measure": "",
      "Interpolation Method": "Linear",
      "Stored Series Cache Version": 1,
      "Unsearchable": false,
      "Source Maximum Interpolation": "3600000000000ns",
      "Locked": false,
      "Maximum Interpolation": "3600.0s",
      "ID": "028560F2-5D26-46FD-9CD3-6B796E391373",
      "Name": "EnergyModel_Steam Flow 5",
      "Type": "StoredSignal"
    },
    "Periods": [
      {
        "Start": "2019-09-18T02:41:00+00:00",
        "End": "2022-04-24T02:41:00+00:00"
      },
      {
        "Start": "2019-08-18T16:41:00+00:00",
        "End": "2022-05-24T12:41:00+00:00",
        "Added by User": true
      }
    ]
  },
  "EF8BC923-A5CA-4E1C-BF33-78121E0F7920": {
    "Definition": {
      "Datasource ID": "trainingData",
      "Source Value Unit Of Measure": "",
      "Sync Token": "2023-02-16T00:00:00.365541947Z",
      "Enabled": true,
      "Key Unit Of Measure": "ns",
      "Archived": false,
      "Cache ID": "D64C5A8C-01A3-4721-A999-39CDEE63F074",
      "Datasource Class": "Time Series CSV Files",
      "Cache Enabled": false,
      "Data ID": "[Tag] EnergyModel_Ambient Temp.sim.ts.csv",
      "Value Unit Of Measure": "",
      "Interpolation Method": "Linear",
      "Stored Series Cache Version": 1,
      "Unsearchable": false,
      "Source Maximum Interpolation": "3600000000000ns",
      "Locked": false,
      "Maximum Interpolation": "3600.0s",
      "ID": "EF8BC923-A5CA-4E1C-BF33-78121E0F7920",
      "Name": "EnergyModel_Ambient Temp",
      "Type": "StoredSignal"
    },
    "Periods": [
      {
        "Start": "2019-09-18T02:41:00+00:00",
        "End": "2022-04-24T02:41:00+00:00"
      },
      {
        "Start": "2019-08-18T16:41:00+00:00",
        "End": "2022-05-24T12:41:00+00:00",
        "Added by User": true
      }
    ]
  },
  "5F36A83C-00D6-4003-98E5-C2CD57F22B93": {
    "Definition": {
      "Datasource ID": "trainingData",
      "Source Value Unit Of Measure": "",
      "Sync Token": "2023-02-16T00:00:00.365541947Z",
      "Enabled": true,
      "Key Unit Of Measure": "ns",
      "Archived": false,
      "Cache ID": "7F44FB6F-BAF4-48B7-957B-08FC49D25879",
      "Datasource Class": "Time Series CSV Files",
      "Cache Enabled": false,
      "Data ID": "[Tag] EnergyModel_Steam Flow 4.sim.ts.csv",
      "Value Unit Of Measure": "",
      "Interpolation Method": "Linear",
      "Stored Series Cache Version": 1,
      "Unsearchable": false,
      "Source Maximum Interpolation": "3600000000000ns",
      "Locked": false,
      "Maximum Interpolation": "3600.0s",
      "ID": "5F36A83C-00D6-4003-98E5-C2CD57F22B93",
      "Name": "EnergyModel_Steam Flow 4",
      "Type": "StoredSignal"
    },
    "Periods": [
      {
        "Start": "2019-09-18T02:41:00+00:00",
        "End": "2022-04-24T02:41:00+00:00"
      },
      {
        "Start": "2019-08-18T16:41:00+00:00",
        "End": "2022-05-24T12:41:00+00:00",
        "Added by User": true
      }
    ]
  },
  "30643FFE-5A7B-487C-A0F8-3B0527D0132C": {
    "Definition": {
      "Datasource ID": "trainingData",
      "Source Value Unit Of Measure": "string",
      "Sync Token": "2023-02-16T00:00:00.365541947Z",
      "Enabled": true,
      "Key Unit Of Measure": "ns",
      "Archived": false,
      "Cache ID": "4913D5A5-1A85-47D3-B094-AEBCCC939948",
      "Datasource Class": "Time Series CSV Files",
      "Cache Enabled": false,
      "Data ID": "[Tag] EnergyModel_Steam Valve 2.sim.ts.csv",
      "Value Unit Of Measure": "string",
      "Interpolation Method": "Step",
      "Stored Series Cache Version": 1,
      "Unsearchable": false,
      "Source Maximum Interpolation": "3600000000000ns",
      "Locked": false,
      "Maximum Interpolation": "3600.0s",
      "ID": "30643FFE-5A7B-487C-A0F8-3B0527D0132C",
      "Name": "EnergyModel_Steam Valve 2",
      "Type": "StoredSignal"
    },
    "Periods": [
      {
        "Start": "2019-09-18T02:41:00+00:00",
        "End": "2022-04-24T02:41:00+00:00"
      },
      {
        "Start": "2019-08-18T16:41:00+00:00",
        "End": "2022-05-24T12:41:00+00:00",
        "Added by User": true
      }
    ]
  },
  "F2F3F57A-FB11-43B4-9B7E-393B1669DBB1": {
    "Definition": {
      "Datasource ID": "trainingData",
      "Source Value Unit Of Measure": "string",
      "Sync Token": "2023-02-16T00:00:00.365541947Z",
      "Enabled": true,
      "Key Unit Of Measure": "ns",
      "Archived": false,
      "Cache ID": "C79D16CF-3B5F-40FF-BAD6-A5D6E3E29A85",
      "Datasource Class": "Time Series CSV Files",
      "Cache Enabled": false,
      "Data ID": "[Tag] EnergyModel_Steam Jet 4.sim.ts.csv",
      "Value Unit Of Measure": "string",
      "Interpolation Method": "Step",
      "Stored Series Cache Version": 1,
      "Unsearchable": false,
      "Source Maximum Interpolation": "3600000000000ns",
      "Locked": false,
      "Maximum Interpolation": "3600.0s",
      "ID": "F2F3F57A-FB11-43B4-9B7E-393B1669DBB1",
      "Name": "EnergyModel_Steam Jet 4",
      "Type": "StoredSignal"
    },
    "Periods": [
      {
        "Start": "2019-09-18T02:41:00+00:00",
        "End": "2022-04-24T02:41:00+00:00"
      },
      {
        "Start": "2019-08-18T16:41:00+00:00",
        "End": "2022-05-24T12:41:00+00:00",
        "Added by User": true
      }
    ]
  },
  "32BE317E-010B-4628-993D-52E3EC2F0D01": {
    "Definition": {
      "Datasource ID": "trainingData",
      "Source Value Unit Of Measure": "",
      "Sync Token": "2023-02-16T00:00:00.365541947Z",
      "Enabled": true,
      "Key Unit Of Measure": "ns",
      "Archived": false,
      "Cache ID": "FC2D267E-A6BA-42D8-A7F5-7757839E7461",
      "Datasource Class": "Time Series CSV Files",
      "Cache Enabled": false,
      "Data ID": "[Tag] EnergyModel_Steam Flow 3.sim.ts.csv",
      "Value Unit Of Measure": "",
      "Interpolation Method": "Linear",
      "Stored Series Cache Version": 1,
      "Unsearchable": false,
      "Source Maximum Interpolation": "3600000000000ns",
      "Locked": false,
      "Maximum Interpolation": "3600.0s",
      "ID": "32BE317E-010B-4628-993D-52E3EC2F0D01",
      "Name": "EnergyModel_Steam Flow 3",
      "Type": "StoredSignal"
    },
    "Periods": [
      {
        "Start": "2019-09-18T02:41:00+00:00",
        "End": "2022-04-24T02:41:00+00:00"
      },
      {
        "Start": "2019-08-18T16:41:00+00:00",
        "End": "2022-05-24T12:41:00+00:00",
        "Added by User": true
      }
    ]
  },
  "43F52215-635F-4DA9-A755-487A6A2DF77B": {
    "Definition": {
      "Datasource ID": "trainingData",
      "Source Value Unit Of Measure": "string",
      "Sync Token": "2023-02-16T00:00:00.365541947Z",
      "Enabled": true,
      "Key Unit Of Measure": "ns",
      "Archived": false,
      "Cache ID": "9357E67E-4EDA-4239-852D-555423E7AEE5",
      "Datasource Class": "Time Series CSV Files",
      "Cache Enabled": false,
      "Data ID": "[Tag] EnergyModel_Steam Jet 2.sim.ts.csv",
      "Value Unit Of Measure": "string",
      "Interpolation Method": "Step",
      "Stored Series Cache Version": 1,
      "Unsearchable": false,
      "Source Maximum Interpolation": "3600000000000ns",
      "Locked": false,
      "Maximum Interpolation": "3600.0s",
      "ID": "43F52215-635F-4DA9-A755-487A6A2DF77B",
      "Name": "EnergyModel_Steam Jet 2",
      "Type": "StoredSignal"
    },
    "Periods": [
      {
        "Start": "2019-09-18T02:41:00+00:00",
        "End": "2022-04-24T02:41:00+00:00"
      },
      {
        "Start": "2019-08-18T16:41:00+00:00",
        "End": "2022-05-24T12:41:00+00:00",
        "Added by User": true
      }
    ]
  },
  "3F127580-FB51-45D8-A857-6C620B3B9E97": {
    "Definition": {
      "Datasource ID": "Imported CSV Files",
      "Source Value Unit Of Measure": "",
      "Description": "column = Total Steam 95; last file imported = Energy Model June.csv",
      "Enabled": true,
      "Last Key Written": {
        "Value": 1630468800000000000,
        "Unit Of Measure": "ns"
      },
      "Archived": false,
      "Cache ID": "83304FC4-CEA4-4C49-BBA8-D3990CEBB4A2",
      "Datasource Class": "Imported CSV Files",
      "Cache Enabled": false,
      "Data ID": "a5f4be77-dbd6-48c8-a014-c16bab086afa-Total Steam 95-SIGNAL",
      "Value Unit Of Measure": "",
      "Interpolation Method": "Linear",
      "Stored Series Cache Version": 1,
      "Unsearchable": false,
      "Storage Location": "FILE_SIGNAL_STORAGE",
      "Source Maximum Interpolation": "40h",
      "Locked": false,
      "Maximum Interpolation": "40h",
      "ID": "3F127580-FB51-45D8-A857-6C620B3B9E97",
      "Name": "Total Steam 95",
      "Type": "StoredSignal",
      "Parent ID": "A5F4BE77-DBD6-48C8-A014-C16BAB086AFA",
      "Path": null,
      "Asset": "Energy Model June 2"
    },
    "Periods": [
      {
        "Start": "2021-07-30T14:31:00+00:00",
        "End": "2022-02-07T05:31:00+00:00"
      },
      {
        "Start": "2021-06-30T04:31:00+00:00",
        "End": "2022-03-09T15:31:00+00:00",
        "Added by User": true
      }
    ]
  },
  "AA9A8C55-35FC-447E-B815-3AFC6426D807": {
    "Definition": {
      "Datasource ID": "Imported CSV Files",
      "Source Value Unit Of Measure": "",
      "Description": "column = Total Steam 80; last file imported = Energy Model September.csv",
      "Enabled": true,
      "Last Key Written": {
        "Value": 1644372000000000000,
        "Unit Of Measure": "ns"
      },
      "Archived": false,
      "Cache ID": "DEEF6A4F-2F41-470C-A80E-A61C6D6EC013",
      "Datasource Class": "Imported CSV Files",
      "Cache Enabled": false,
      "Data ID": "64ec0ec9-ce68-478b-8305-1ed2687b99ff-Total Steam 80-SIGNAL",
      "Value Unit Of Measure": "",
      "Interpolation Method": "Linear",
      "Stored Series Cache Version": 1,
      "Unsearchable": false,
      "Storage Location": "FILE_SIGNAL_STORAGE",
      "Source Maximum Interpolation": "40h",
      "Locked": false,
      "Maximum Interpolation": "40h",
      "ID": "AA9A8C55-35FC-447E-B815-3AFC6426D807",
      "Name": "Total Steam 80",
      "Type": "StoredSignal",
      "Parent ID": "64EC0EC9-CE68-478B-8305-1ED2687B99FF",
      "Path": null,
      "Asset": "Energy Model September"
    },
    "Periods": [
      {
        "Start": "2021-07-30T14:31:00+00:00",
        "End": "2022-02-07T05:31:00+00:00"
      },
      {
        "Start": "2021-06-30T04:31:00+00:00",
        "End": "2022-03-09T15:31:00+00:00",
        "Added by User": true
      }
    ]
  }
}