{
    "Definition": {
        "Archived": false,
        "Cache Enabled": false,
        "Created At": "1686085670225073738",
        "Description": "Flint Hills Resources used Seeq to deploy anomaly detectors across their fleet of over 4000 pieces of equipment and effectively triage these results, allowing them to predict failures early and enable profitable actions. Learn more here Problem Statement: By identifying leading and lagging indicators of pump health and continuously monitor",
        "Discoverable": false,
        "Document": "<h2><strong>Pump Health Monitoring</strong></h2><figure class=\"table\"><table class=\"ck-table-resized\" style=\"border-color:hsl(0, 0%, 100%);border-style:solid;\"><colgroup><col style=\"width:39.18%;\" /><col style=\"width:60.82%;\" /></colgroup><tbody><tr><td style=\"border-color:hsl(0, 0%, 100%);border-style:solid;\"><img src=\"/api/annotations/0EE04AE3-1D9C-7500-BA44-34DCD06B9A2C/images/image_v3.png\" alt=\"Flint Hills Resources Retains J.P. Morgan To Market Ingleside Crude Oil  Terminal\"></td><td style=\"border-color:hsl(0, 0%, 100%);border-style:solid;\"><h4><i>Flint Hills Resources used Seeq to </i><span style=\"color:hsl(210,75%,60%);\"><i><strong>deploy anomaly detectors across their fleet of over 4000 pieces of equipment</strong></i></span><i> and effectively triage these results, allowing them to </i><span style=\"color:hsl(210,75%,60%);\"><i><strong>predict failures early and enable profitable actions. </strong></i></span><span style=\"color:hsl(0,0%,0%);\"><i>Learn more </i></span><a target=\"_blank\" href=\"https://engage.seeq.com/conneqt-2023-recap/oil--gas/monitoring-at-scale-with-seeq---flint-hills-resources?w&#61;0207d\" rel=\"nofollow noopener noreferrer\"><span style=\"color:hsl(180,75%,60%);\"><i>here</i></span></a></h4></td></tr></tbody></table></figure><h4><strong>Problem Statement:</strong></h4><p>By identifying leading and lagging indicators of pump health and continuously monitor these indicator variables, poor performance can be detected and corrective actions can be taken.</p><p><a href=\"/links?type&#61;workstep&amp;workbook&#61;F977EA0C-8B81-4E58-8641-4B719E963BC7&amp;worksheet&#61;0EE04AE2-79BD-EA10-AD4D-477EEA09225B&amp;workstep&#61;0EE2026F-4E74-FF70-9EFC-71D34CC77F75\" rel=\"nofollow noopener noreferrer\">Deviation from Pump Curve</a></p><h4><strong>Solution:</strong></h4><p><strong>Access </strong>the raw data, display the <a href=\"/links?type&#61;workstep&amp;workbook&#61;F977EA0C-8B81-4E58-8641-4B719E963BC7&amp;worksheet&#61;0EE04AE2-79BD-EA10-AD4D-477EEA09225B&amp;workstep&#61;3EFCD59F-0166-4FA2-9859-6B6BE4A98B17\" rel=\"nofollow noopener noreferrer\">pumps process signal.</a></p><p><strong>Cleanse</strong> the raw signals by easily <a href=\"/links?type&#61;workstep&amp;workbook&#61;F977EA0C-8B81-4E58-8641-4B719E963BC7&amp;worksheet&#61;0EE04AE2-79BD-EA10-AD4D-477EEA09225B&amp;workstep&#61;0EF45151-8F1E-7330-BA21-F40EFAF508D9\" rel=\"nofollow noopener noreferrer\">removing the downtime and outliers.</a></p><p><strong>Identify</strong> when <a href=\"/links?type&#61;workstep&amp;workbook&#61;F977EA0C-8B81-4E58-8641-4B719E963BC7&amp;worksheet&#61;0EE04AE2-79BD-EA10-AD4D-477EEA09225B&amp;workstep&#61;0EF45157-A4C3-E860-B81E-E6615B1122AE\" rel=\"nofollow noopener noreferrer\">process data deviates &#43;/- 30%</a> from the design pump curve. Pump curves can be plotted using <a target=\"_blank\" href=\"https://seeq12.github.io/seeq-plot-digitizer/introduction.html\" rel=\"nofollow noopener noreferrer\"><span style=\"color:hsl(210,75%,60%);\">Seeq Add-on tool, Plot Digitizer</span></a><br>(<i><strong>Do it! </strong>Create a notification for when the pump is not in normal operation</i>)</p><p><strong>Identify</strong> the indicators, <a href=\"/links?type&#61;workstep&amp;workbook&#61;F977EA0C-8B81-4E58-8641-4B719E963BC7&amp;worksheet&#61;0EE04AE2-79BD-EA10-AD4D-477EEA09225B&amp;workstep&#61;0EE04D88-9C3E-FD70-A10B-B06FF588526E\" rel=\"nofollow noopener noreferrer\">unique operating modes</a>, based on deviation from the Best Efficiency Point (B.E.P. on reference image below). (<a href=\"/links?type&#61;workstep&amp;workbook&#61;F977EA0C-8B81-4E58-8641-4B719E963BC7&amp;worksheet&#61;0EE04AE2-79BD-EA10-AD4D-477EEA09225B&amp;workstep&#61;0EE04D8A-78B8-6610-8CEF-A70B372431EE\" rel=\"nofollow noopener noreferrer\"><i>all indicators</i></a>)</p><p><img class=\"image_resized\" style=\"width:100%;\" src=\"/api/annotations/0EE04AE3-1D9C-7500-BA44-34DCD06B9A2C/images/image_v1.png\"></p><p><strong>Quantify </strong>the <a href=\"/links?type&#61;workstep&amp;workbook&#61;F977EA0C-8B81-4E58-8641-4B719E963BC7&amp;worksheet&#61;0EE04AE2-79BD-EA10-AD4D-477EEA09225B&amp;workstep&#61;0EE04C2F-F0B4-E800-B3E9-DBBB5CE31EEE\" rel=\"nofollow noopener noreferrer\">total duration of each indicator </a>on days of the year.</p><p><strong>Monitor </strong>these indicators in an <a href=\"https://demo.seeq.dev/workbook/4928DD65-24D4-472B-BD93-EC263DCB4B80/worksheet/0EE798C2-0CAF-FBA0-9F7D-01525D573EB8\" rel=\"nofollow noopener noreferrer\"><span style=\"color:hsl(210,75%,60%);\">Organizer Topic</span></a></p>",
        "DocumentBackup\u02c98tDOnRtvJ_0fJzBE2zXbzNqYmvH92F9UQ36NuzvSPeQ\u02c92024-07-18T14:53:00Z": "<h2><strong>Pump Health Monitoring</strong></h2><figure class=\"table\"><table class=\"ck-table-resized\" style=\"border-color:hsl(0, 0%, 100%);border-style:solid;\"><colgroup><col style=\"width:39.18%;\" /><col style=\"width:60.82%;\" /></colgroup><tbody><tr><td style=\"border-color:hsl(0, 0%, 100%);border-style:solid;\"><img src=\"/api/annotations/0EE04AE3-1D9C-7500-BA44-34DCD06B9A2C/images/image_v3.png\" alt=\"Flint Hills Resources Retains J.P. Morgan To Market Ingleside Crude Oil  Terminal\"></td><td style=\"border-color:hsl(0, 0%, 100%);border-style:solid;\"><h4><i>Flint Hills Resources used Seeq to </i><span style=\"color:hsl(210,75%,60%);\"><i><strong>deploy anomaly detectors across their fleet of over 4000 pieces of equipment</strong></i></span><i> and effectively triage these results, allowing them to </i><span style=\"color:hsl(210,75%,60%);\"><i><strong>predict failures early and enable profitable actions. </strong></i></span><span style=\"color:hsl(0,0%,0%);\"><i>Learn more </i></span><a target=\"_blank\" href=\"https://engage.seeq.com/conneqt-2023-recap/oil--gas/monitoring-at-scale-with-seeq---flint-hills-resources?w&#61;0207d\" rel=\"nofollow noopener noreferrer\"><span style=\"color:hsl(180,75%,60%);\"><i>here</i></span></a></h4></td></tr></tbody></table></figure><h4><strong>Problem Statement:</strong></h4><p>By identifying leading and lagging indicators of pump health and continuously monitor these indicator variables, poor performance can be detected and corrective actions can be taken.</p><p><a href=\"/links?type&#61;workstep&amp;workbook&#61;F977EA0C-8B81-4E58-8641-4B719E963BC7&amp;worksheet&#61;0EE04AE2-79BD-EA10-AD4D-477EEA09225B&amp;workstep&#61;0EE2026F-4E74-FF70-9EFC-71D34CC77F75\" rel=\"nofollow noopener noreferrer\">Deviation from Pump Curve</a></p><h4><strong>Solution:</strong></h4><p><strong>Access </strong>the raw data, display the <a href=\"/links?type&#61;workstep&amp;workbook&#61;F977EA0C-8B81-4E58-8641-4B719E963BC7&amp;worksheet&#61;0EE04AE2-79BD-EA10-AD4D-477EEA09225B&amp;workstep&#61;3EFCD59F-0166-4FA2-9859-6B6BE4A98B17\" rel=\"nofollow noopener noreferrer\">pumps process signal.</a></p><p><strong>Cleanse</strong> the raw signals by easily <a href=\"/links?type&#61;workstep&amp;workbook&#61;F977EA0C-8B81-4E58-8641-4B719E963BC7&amp;worksheet&#61;0EE04AE2-79BD-EA10-AD4D-477EEA09225B&amp;workstep&#61;0EF45151-8F1E-7330-BA21-F40EFAF508D9\" rel=\"nofollow noopener noreferrer\">removing the downtime and outliers.</a></p><p><strong>Identify</strong> when <a href=\"/links?type&#61;workstep&amp;workbook&#61;F977EA0C-8B81-4E58-8641-4B719E963BC7&amp;worksheet&#61;0EE04AE2-79BD-EA10-AD4D-477EEA09225B&amp;workstep&#61;0EF45157-A4C3-E860-B81E-E6615B1122AE\" rel=\"nofollow noopener noreferrer\">process data deviates &#43;/- 30%</a> from the design pump curve. Pump curves can be plotted using <a target=\"_blank\" href=\"https://seeq12.github.io/seeq-plot-digitizer/introduction.html\" rel=\"nofollow noopener noreferrer\"><span style=\"color:hsl(210,75%,60%);\">Seeq Add-on tool, Plot Digitizer</span></a><br>(<i><strong>Do it! </strong>Create a notification for when the pump is not in normal operation</i>)</p><p><strong>Identify</strong> the indicators, <a href=\"/links?type&#61;workstep&amp;workbook&#61;F977EA0C-8B81-4E58-8641-4B719E963BC7&amp;worksheet&#61;0EE04AE2-79BD-EA10-AD4D-477EEA09225B&amp;workstep&#61;0EE04D88-9C3E-FD70-A10B-B06FF588526E\" rel=\"nofollow noopener noreferrer\">unique operating modes</a>, based on deviation from the Best Efficiency Point (B.E.P. on reference image below). (<a href=\"/links?type&#61;workstep&amp;workbook&#61;F977EA0C-8B81-4E58-8641-4B719E963BC7&amp;worksheet&#61;0EE04AE2-79BD-EA10-AD4D-477EEA09225B&amp;workstep&#61;0EE04D8A-78B8-6610-8CEF-A70B372431EE\" rel=\"nofollow noopener noreferrer\"><i>all indicators</i></a>)</p><p><img class=\"image_resized\" style=\"width:100%;\" src=\"/api/annotations/0EE04AE3-1D9C-7500-BA44-34DCD06B9A2C/images/image_v1.png\"></p><p><strong>Quantify </strong>the <a href=\"/links?type&#61;workstep&amp;workbook&#61;F977EA0C-8B81-4E58-8641-4B719E963BC7&amp;worksheet&#61;0EE04AE2-79BD-EA10-AD4D-477EEA09225B&amp;workstep&#61;0EE04C2F-F0B4-E800-B3E9-DBBB5CE31EEE\" rel=\"nofollow noopener noreferrer\">total duration of each indicator </a>on days of the year.</p><p><strong>Monitor </strong>these indicators in an <a href=\"https://demo.seeq.dev/workbook/4928DD65-24D4-472B-BD93-EC263DCB4B80/worksheet/0EE798C2-0CAF-FBA0-9F7D-01525D573EB8\" rel=\"nofollow noopener noreferrer\"><span style=\"color:hsl(210,75%,60%);\">Organizer Topic</span></a></p><p>\u00a0</p>",
        "DocumentBackup\u02c98tDOnRtvJ_0fJzBE2zXbzNqYmvH92F9UQ36NuzvSPeQ\u02c92024-09-11T23:58:00Z": "<h2><strong>Pump Health Monitoring</strong></h2><figure class=\"table\"><table class=\"ck-table-resized\" style=\"border-color:hsl(0, 0%, 100%);border-style:solid;\"><colgroup><col style=\"width:39.18%;\" /><col style=\"width:60.82%;\" /></colgroup><tbody><tr><td style=\"border-color:hsl(0, 0%, 100%);border-style:solid;\"><img src=\"/api/annotations/0EE04AE3-1D9C-7500-BA44-34DCD06B9A2C/images/image_v3.png\" alt=\"Flint Hills Resources Retains J.P. Morgan To Market Ingleside Crude Oil  Terminal\"></td><td style=\"border-color:hsl(0, 0%, 100%);border-style:solid;\"><h4><i>Flint Hills Resources used Seeq to </i><span style=\"color:hsl(210,75%,60%);\"><i><strong>deploy anomaly detectors across their fleet of over 4000 pieces of equipment</strong></i></span><i> and effectively triage these results, allowing them to </i><span style=\"color:hsl(210,75%,60%);\"><i><strong>predict failures early and enable profitable actions. </strong></i></span><span style=\"color:hsl(0,0%,0%);\"><i>Learn more </i></span><a target=\"_blank\" href=\"https://engage.seeq.com/conneqt-2023-recap/oil--gas/monitoring-at-scale-with-seeq---flint-hills-resources?w&#61;0207d\" rel=\"nofollow noopener noreferrer\"><span style=\"color:hsl(180,75%,60%);\"><i>here</i></span></a></h4></td></tr></tbody></table></figure><h4><strong>Problem Statement:</strong></h4><p>By identifying leading and lagging indicators of pump health and continuously monitor these indicator variables, poor performance can be detected and corrective actions can be taken.</p><p><a href=\"/links?type&#61;workstep&amp;workbook&#61;F977EA0C-8B81-4E58-8641-4B719E963BC7&amp;worksheet&#61;0EE04AE2-79BD-EA10-AD4D-477EEA09225B&amp;workstep&#61;0EE2026F-4E74-FF70-9EFC-71D34CC77F75\" rel=\"nofollow noopener noreferrer\">Deviation from Pump Curve</a></p><h4><strong>Solution:</strong></h4><p><strong>Access </strong>the raw data, display the <a href=\"/links?type&#61;workstep&amp;workbook&#61;F977EA0C-8B81-4E58-8641-4B719E963BC7&amp;worksheet&#61;0EE04AE2-79BD-EA10-AD4D-477EEA09225B&amp;workstep&#61;3EFCD59F-0166-4FA2-9859-6B6BE4A98B17\" rel=\"nofollow noopener noreferrer\">pumps process signal.</a></p><p><strong>Cleanse</strong> the raw signals by easily <a href=\"/links?type&#61;workstep&amp;workbook&#61;F977EA0C-8B81-4E58-8641-4B719E963BC7&amp;worksheet&#61;0EE04AE2-79BD-EA10-AD4D-477EEA09225B&amp;workstep&#61;0EF45151-8F1E-7330-BA21-F40EFAF508D9\" rel=\"nofollow noopener noreferrer\">removing the downtime and outliers.</a></p><p><strong>Identify</strong> when <a href=\"/links?type&#61;workstep&amp;workbook&#61;F977EA0C-8B81-4E58-8641-4B719E963BC7&amp;worksheet&#61;0EE04AE2-79BD-EA10-AD4D-477EEA09225B&amp;workstep&#61;0EF45157-A4C3-E860-B81E-E6615B1122AE\" rel=\"nofollow noopener noreferrer\">process data deviates &#43;/- 30%</a> from the design pump curve. Pump curves can be plotted using <a target=\"_blank\" href=\"https://seeq12.github.io/seeq-plot-digitizer/introduction.html\" rel=\"nofollow noopener noreferrer\"><span style=\"color:hsl(210,75%,60%);\">Seeq Add-on tool, Plot Digitizer</span></a><br>(<i><strong>Do it! </strong>Create a notification for when the pump is not in normal operation</i>)</p><p><strong>Identify</strong> the indicators, <a href=\"/links?type&#61;workstep&amp;workbook&#61;F977EA0C-8B81-4E58-8641-4B719E963BC7&amp;worksheet&#61;0EE04AE2-79BD-EA10-AD4D-477EEA09225B&amp;workstep&#61;0EE04D88-9C3E-FD70-A10B-B06FF588526E\" rel=\"nofollow noopener noreferrer\">unique operating modes</a>, based on deviation from the Best Efficiency Point (B.E.P. on reference image below). (<a href=\"/links?type&#61;workstep&amp;workbook&#61;F977EA0C-8B81-4E58-8641-4B719E963BC7&amp;worksheet&#61;0EE04AE2-79BD-EA10-AD4D-477EEA09225B&amp;workstep&#61;0EE04D8A-78B8-6610-8CEF-A70B372431EE\" rel=\"nofollow noopener noreferrer\"><i>all indicators</i></a>)</p><p><img class=\"image_resized\" style=\"width:100%;\" src=\"/api/annotations/0EE04AE3-1D9C-7500-BA44-34DCD06B9A2C/images/image_v1.png\"></p><p><strong>Quantify </strong>the <a href=\"/links?type&#61;workstep&amp;workbook&#61;F977EA0C-8B81-4E58-8641-4B719E963BC7&amp;worksheet&#61;0EE04AE2-79BD-EA10-AD4D-477EEA09225B&amp;workstep&#61;0EE04C2F-F0B4-E800-B3E9-DBBB5CE31EEE\" rel=\"nofollow noopener noreferrer\">total duration of each indicator </a>on days of the year.</p><p><strong>Monitor </strong>these indicators in an <a href=\"https://demo.seeq.dev/workbook/4928DD65-24D4-472B-BD93-EC263DCB4B80/worksheet/0EE798C2-0CAF-FBA0-9F7D-01525D573EB8\" rel=\"nofollow noopener noreferrer\"><span style=\"color:hsl(210,75%,60%);\">Organizer Topic</span></a></p><p>\u00a0</p><p></p><h3><strong>\u2728 Action</strong></h3><p>2024-09-11 17:58:05</p><p><i>can you clean my discharge pressure signal</i></p><h4>Action Results: Success</h4>\n<p>Created: 1 items</p><p><a href=\"/links?type&#61;workstep&amp;workbook&#61;F977EA0C-8B81-4E58-8641-4B719E963BC7&amp;worksheet&#61;0EE04AE2-79BD-EA10-AD4D-477EEA09225B&amp;workstep&#61;0EF70999-E9AF-FF80-B423-F1A002F25225\" rel=\"nofollow noopener noreferrer\">Before</a>\u00a0\u00a0\u00a0<a href=\"/links?type&#61;workstep&amp;workbook&#61;F977EA0C-8B81-4E58-8641-4B719E963BC7&amp;worksheet&#61;0EE04AE2-79BD-EA10-AD4D-477EEA09225B&amp;workstep&#61;0EF7099B-0118-64A0-976F-6C9BECC7A2D7\" rel=\"nofollow noopener noreferrer\">After</a></p>",
        "DocumentBackup\u02c98tDOnRtvJ_0fJzBE2zXbzNqYmvH92F9UQ36NuzvSPeQ\u02c92024-09-18T18:33:00Z": "<h2><strong>Pump Health Monitoring</strong></h2><figure class=\"table\"><table class=\"ck-table-resized\" style=\"border-color:hsl(0, 0%, 100%);border-style:solid;\"><colgroup><col style=\"width:39.18%;\" /><col style=\"width:60.82%;\" /></colgroup><tbody><tr><td style=\"border-color:hsl(0, 0%, 100%);border-style:solid;\"><img src=\"/api/annotations/0EE04AE3-1D9C-7500-BA44-34DCD06B9A2C/images/image_v3.png\" alt=\"Flint Hills Resources Retains J.P. Morgan To Market Ingleside Crude Oil  Terminal\"></td><td style=\"border-color:hsl(0, 0%, 100%);border-style:solid;\"><h4><i>Flint Hills Resources used Seeq to </i><span style=\"color:hsl(210,75%,60%);\"><i><strong>deploy anomaly detectors across their fleet of over 4000 pieces of equipment</strong></i></span><i> and effectively triage these results, allowing them to </i><span style=\"color:hsl(210,75%,60%);\"><i><strong>predict failures early and enable profitable actions. </strong></i></span><span style=\"color:hsl(0,0%,0%);\"><i>Learn more </i></span><a target=\"_blank\" href=\"https://engage.seeq.com/conneqt-2023-recap/oil--gas/monitoring-at-scale-with-seeq---flint-hills-resources?w&#61;0207d\" rel=\"nofollow noopener noreferrer\"><span style=\"color:hsl(180,75%,60%);\"><i>here</i></span></a></h4></td></tr></tbody></table></figure><h4><strong>Problem Statement:</strong></h4><p>By identifying leading and lagging indicators of pump health and continuously monitor these indicator variables, poor performance can be detected and corrective actions can be taken.</p><p><a href=\"/links?type&#61;workstep&amp;workbook&#61;F977EA0C-8B81-4E58-8641-4B719E963BC7&amp;worksheet&#61;0EE04AE2-79BD-EA10-AD4D-477EEA09225B&amp;workstep&#61;0EE2026F-4E74-FF70-9EFC-71D34CC77F75\" rel=\"nofollow noopener noreferrer\">Deviation from Pump Curve</a></p><h4><strong>Solution:</strong></h4><p><strong>Access </strong>the raw data, display the <a href=\"/links?type&#61;workstep&amp;workbook&#61;F977EA0C-8B81-4E58-8641-4B719E963BC7&amp;worksheet&#61;0EE04AE2-79BD-EA10-AD4D-477EEA09225B&amp;workstep&#61;3EFCD59F-0166-4FA2-9859-6B6BE4A98B17\" rel=\"nofollow noopener noreferrer\">pumps process signal.</a></p><p><strong>Cleanse</strong> the raw signals by easily <a href=\"/links?type&#61;workstep&amp;workbook&#61;F977EA0C-8B81-4E58-8641-4B719E963BC7&amp;worksheet&#61;0EE04AE2-79BD-EA10-AD4D-477EEA09225B&amp;workstep&#61;0EF45151-8F1E-7330-BA21-F40EFAF508D9\" rel=\"nofollow noopener noreferrer\">removing the downtime and outliers.</a></p><p><strong>Identify</strong> when <a href=\"/links?type&#61;workstep&amp;workbook&#61;F977EA0C-8B81-4E58-8641-4B719E963BC7&amp;worksheet&#61;0EE04AE2-79BD-EA10-AD4D-477EEA09225B&amp;workstep&#61;0EF45157-A4C3-E860-B81E-E6615B1122AE\" rel=\"nofollow noopener noreferrer\">process data deviates &#43;/- 30%</a> from the design pump curve. Pump curves can be plotted using <a target=\"_blank\" href=\"https://seeq12.github.io/seeq-plot-digitizer/introduction.html\" rel=\"nofollow noopener noreferrer\"><span style=\"color:hsl(210,75%,60%);\">Seeq Add-on tool, Plot Digitizer</span></a><br>(<i><strong>Do it! </strong>Create a notification for when the pump is not in normal operation</i>)</p><p><strong>Identify</strong> the indicators, <a href=\"/links?type&#61;workstep&amp;workbook&#61;F977EA0C-8B81-4E58-8641-4B719E963BC7&amp;worksheet&#61;0EE04AE2-79BD-EA10-AD4D-477EEA09225B&amp;workstep&#61;0EE04D88-9C3E-FD70-A10B-B06FF588526E\" rel=\"nofollow noopener noreferrer\">unique operating modes</a>, based on deviation from the Best Efficiency Point (B.E.P. on reference image below). (<a href=\"/links?type&#61;workstep&amp;workbook&#61;F977EA0C-8B81-4E58-8641-4B719E963BC7&amp;worksheet&#61;0EE04AE2-79BD-EA10-AD4D-477EEA09225B&amp;workstep&#61;0EE04D8A-78B8-6610-8CEF-A70B372431EE\" rel=\"nofollow noopener noreferrer\"><i>all indicators</i></a>)</p><p><img class=\"image_resized\" style=\"width:100%;\" src=\"/api/annotations/0EE04AE3-1D9C-7500-BA44-34DCD06B9A2C/images/image_v1.png\"></p><p><strong>Quantify </strong>the <a href=\"/links?type&#61;workstep&amp;workbook&#61;F977EA0C-8B81-4E58-8641-4B719E963BC7&amp;worksheet&#61;0EE04AE2-79BD-EA10-AD4D-477EEA09225B&amp;workstep&#61;0EE04C2F-F0B4-E800-B3E9-DBBB5CE31EEE\" rel=\"nofollow noopener noreferrer\">total duration of each indicator </a>on days of the year.</p><p><strong>Monitor </strong>these indicators in an <a href=\"https://demo.seeq.dev/workbook/4928DD65-24D4-472B-BD93-EC263DCB4B80/worksheet/0EE798C2-0CAF-FBA0-9F7D-01525D573EB8\" rel=\"nofollow noopener noreferrer\"><span style=\"color:hsl(210,75%,60%);\">Organizer Topic</span></a></p><p>\u00a0</p><p></p><h3><strong>\u2728 Action</strong></h3><p>2024-09-11 17:58:05</p><p><i>can you clean my discharge pressure signal</i></p><h4>Action Results: Success</h4>\n<p>Created: 1 items</p><p><a href=\"/links?type&#61;workstep&amp;workbook&#61;F977EA0C-8B81-4E58-8641-4B719E963BC7&amp;worksheet&#61;0EE04AE2-79BD-EA10-AD4D-477EEA09225B&amp;workstep&#61;0EF70999-E9AF-FF80-B423-F1A002F25225\" rel=\"nofollow noopener noreferrer\">Before</a>\u00a0\u00a0\u00a0<a href=\"/links?type&#61;workstep&amp;workbook&#61;F977EA0C-8B81-4E58-8641-4B719E963BC7&amp;worksheet&#61;0EE04AE2-79BD-EA10-AD4D-477EEA09225B&amp;workstep&#61;0EF7099B-0118-64A0-976F-6C9BECC7A2D7\" rel=\"nofollow noopener noreferrer\">After</a></p><p></p><h3><strong>\u2728 Action</strong></h3><p>2024-09-18 12:33:35</p><p><i>can you clean my pump discharge pressure?</i></p><h4>Action Results: Success</h4>\n\n<p>Created: 1 items</p><p><a href=\"/links?type&#61;workstep&amp;workbook&#61;F977EA0C-8B81-4E58-8641-4B719E963BC7&amp;worksheet&#61;0EE04AE2-79BD-EA10-AD4D-477EEA09225B&amp;workstep&#61;0EF75EC7-938E-EC40-BD4F-9F14A1872F53\" rel=\"nofollow noopener noreferrer\">Before</a>\u00a0\u00a0\u00a0<a href=\"/links?type&#61;workstep&amp;workbook&#61;F977EA0C-8B81-4E58-8641-4B719E963BC7&amp;worksheet&#61;0EE04AE2-79BD-EA10-AD4D-477EEA09225B&amp;workstep&#61;0EF75EC8-3B16-FF30-A26B-5728E15ED689\" rel=\"nofollow noopener noreferrer\">After</a></p>",
        "DocumentBackup\u02c98tDOnRtvJ_0fJzBE2zXbzNqYmvH92F9UQ36NuzvSPeQ\u02c92024-09-18T18:34:00Z": "<h2><strong>Pump Health Monitoring</strong></h2><figure class=\"table\"><table class=\"ck-table-resized\" style=\"border-color:hsl(0, 0%, 100%);border-style:solid;\"><colgroup><col style=\"width:39.18%;\" /><col style=\"width:60.82%;\" /></colgroup><tbody><tr><td style=\"border-color:hsl(0, 0%, 100%);border-style:solid;\"><img src=\"/api/annotations/0EE04AE3-1D9C-7500-BA44-34DCD06B9A2C/images/image_v3.png\" alt=\"Flint Hills Resources Retains J.P. Morgan To Market Ingleside Crude Oil  Terminal\"></td><td style=\"border-color:hsl(0, 0%, 100%);border-style:solid;\"><h4><i>Flint Hills Resources used Seeq to </i><span style=\"color:hsl(210,75%,60%);\"><i><strong>deploy anomaly detectors across their fleet of over 4000 pieces of equipment</strong></i></span><i> and effectively triage these results, allowing them to </i><span style=\"color:hsl(210,75%,60%);\"><i><strong>predict failures early and enable profitable actions. </strong></i></span><span style=\"color:hsl(0,0%,0%);\"><i>Learn more </i></span><a target=\"_blank\" href=\"https://engage.seeq.com/conneqt-2023-recap/oil--gas/monitoring-at-scale-with-seeq---flint-hills-resources?w&#61;0207d\" rel=\"nofollow noopener noreferrer\"><span style=\"color:hsl(180,75%,60%);\"><i>here</i></span></a></h4></td></tr></tbody></table></figure><h4><strong>Problem Statement:</strong></h4><p>By identifying leading and lagging indicators of pump health and continuously monitor these indicator variables, poor performance can be detected and corrective actions can be taken.</p><p><a href=\"/links?type&#61;workstep&amp;workbook&#61;F977EA0C-8B81-4E58-8641-4B719E963BC7&amp;worksheet&#61;0EE04AE2-79BD-EA10-AD4D-477EEA09225B&amp;workstep&#61;0EE2026F-4E74-FF70-9EFC-71D34CC77F75\" rel=\"nofollow noopener noreferrer\">Deviation from Pump Curve</a></p><h4><strong>Solution:</strong></h4><p><strong>Access </strong>the raw data, display the <a href=\"/links?type&#61;workstep&amp;workbook&#61;F977EA0C-8B81-4E58-8641-4B719E963BC7&amp;worksheet&#61;0EE04AE2-79BD-EA10-AD4D-477EEA09225B&amp;workstep&#61;3EFCD59F-0166-4FA2-9859-6B6BE4A98B17\" rel=\"nofollow noopener noreferrer\">pumps process signal.</a></p><p><strong>Cleanse</strong> the raw signals by easily <a href=\"/links?type&#61;workstep&amp;workbook&#61;F977EA0C-8B81-4E58-8641-4B719E963BC7&amp;worksheet&#61;0EE04AE2-79BD-EA10-AD4D-477EEA09225B&amp;workstep&#61;0EF45151-8F1E-7330-BA21-F40EFAF508D9\" rel=\"nofollow noopener noreferrer\">removing the downtime and outliers.</a></p><p><strong>Identify</strong> when <a href=\"/links?type&#61;workstep&amp;workbook&#61;F977EA0C-8B81-4E58-8641-4B719E963BC7&amp;worksheet&#61;0EE04AE2-79BD-EA10-AD4D-477EEA09225B&amp;workstep&#61;0EF45157-A4C3-E860-B81E-E6615B1122AE\" rel=\"nofollow noopener noreferrer\">process data deviates &#43;/- 30%</a> from the design pump curve. Pump curves can be plotted using <a target=\"_blank\" href=\"https://seeq12.github.io/seeq-plot-digitizer/introduction.html\" rel=\"nofollow noopener noreferrer\"><span style=\"color:hsl(210,75%,60%);\">Seeq Add-on tool, Plot Digitizer</span></a><br>(<i><strong>Do it! </strong>Create a notification for when the pump is not in normal operation</i>)</p><p><strong>Identify</strong> the indicators, <a href=\"/links?type&#61;workstep&amp;workbook&#61;F977EA0C-8B81-4E58-8641-4B719E963BC7&amp;worksheet&#61;0EE04AE2-79BD-EA10-AD4D-477EEA09225B&amp;workstep&#61;0EE04D88-9C3E-FD70-A10B-B06FF588526E\" rel=\"nofollow noopener noreferrer\">unique operating modes</a>, based on deviation from the Best Efficiency Point (B.E.P. on reference image below). (<a href=\"/links?type&#61;workstep&amp;workbook&#61;F977EA0C-8B81-4E58-8641-4B719E963BC7&amp;worksheet&#61;0EE04AE2-79BD-EA10-AD4D-477EEA09225B&amp;workstep&#61;0EE04D8A-78B8-6610-8CEF-A70B372431EE\" rel=\"nofollow noopener noreferrer\"><i>all indicators</i></a>)</p><p><img class=\"image_resized\" style=\"width:100%;\" src=\"/api/annotations/0EE04AE3-1D9C-7500-BA44-34DCD06B9A2C/images/image_v1.png\"></p><p><strong>Quantify </strong>the <a href=\"/links?type&#61;workstep&amp;workbook&#61;F977EA0C-8B81-4E58-8641-4B719E963BC7&amp;worksheet&#61;0EE04AE2-79BD-EA10-AD4D-477EEA09225B&amp;workstep&#61;0EE04C2F-F0B4-E800-B3E9-DBBB5CE31EEE\" rel=\"nofollow noopener noreferrer\">total duration of each indicator </a>on days of the year.</p><p><strong>Monitor </strong>these indicators in an <a href=\"https://demo.seeq.dev/workbook/4928DD65-24D4-472B-BD93-EC263DCB4B80/worksheet/0EE798C2-0CAF-FBA0-9F7D-01525D573EB8\" rel=\"nofollow noopener noreferrer\"><span style=\"color:hsl(210,75%,60%);\">Organizer Topic</span></a></p><p>\u00a0</p><p></p><h3><strong>\u2728 Action</strong></h3><p>2024-09-11 17:58:05</p><p><i>can you clean my discharge pressure signal</i></p><h4>Action Results: Success</h4>\n<p>Created: 1 items</p><p><a href=\"/links?type&#61;workstep&amp;workbook&#61;F977EA0C-8B81-4E58-8641-4B719E963BC7&amp;worksheet&#61;0EE04AE2-79BD-EA10-AD4D-477EEA09225B&amp;workstep&#61;0EF70999-E9AF-FF80-B423-F1A002F25225\" rel=\"nofollow noopener noreferrer\">Before</a>\u00a0\u00a0\u00a0<a href=\"/links?type&#61;workstep&amp;workbook&#61;F977EA0C-8B81-4E58-8641-4B719E963BC7&amp;worksheet&#61;0EE04AE2-79BD-EA10-AD4D-477EEA09225B&amp;workstep&#61;0EF7099B-0118-64A0-976F-6C9BECC7A2D7\" rel=\"nofollow noopener noreferrer\">After</a></p><p></p><h3><strong>\u2728 Action</strong></h3><p>2024-09-18 12:33:35</p><p><i>can you clean my pump discharge pressure?</i></p><h4>Action Results: Success</h4>\n\n<p>Created: 1 items</p><p><a href=\"/links?type&#61;workstep&amp;workbook&#61;F977EA0C-8B81-4E58-8641-4B719E963BC7&amp;worksheet&#61;0EE04AE2-79BD-EA10-AD4D-477EEA09225B&amp;workstep&#61;0EF75EC7-938E-EC40-BD4F-9F14A1872F53\" rel=\"nofollow noopener noreferrer\">Before</a>\u00a0\u00a0\u00a0<a href=\"/links?type&#61;workstep&amp;workbook&#61;F977EA0C-8B81-4E58-8641-4B719E963BC7&amp;worksheet&#61;0EE04AE2-79BD-EA10-AD4D-477EEA09225B&amp;workstep&#61;0EF75EC8-3B16-FF30-A26B-5728E15ED689\" rel=\"nofollow noopener noreferrer\">After</a></p><p></p><h3><strong>\u2728 Action</strong></h3><p>2024-09-18 12:34:14</p><p><i>can you smooth my pump discharge pressure instead?</i></p><h4>Action Results: Success</h4>\n\n<p>Created: 1 items</p><p><a href=\"/links?type&#61;workstep&amp;workbook&#61;F977EA0C-8B81-4E58-8641-4B719E963BC7&amp;worksheet&#61;0EE04AE2-79BD-EA10-AD4D-477EEA09225B&amp;workstep&#61;0EF75EC9-0773-FD80-8D77-A34CE60CAF50\" rel=\"nofollow noopener noreferrer\">Before</a>\u00a0\u00a0\u00a0<a href=\"/links?type&#61;workstep&amp;workbook&#61;F977EA0C-8B81-4E58-8641-4B719E963BC7&amp;worksheet&#61;0EE04AE2-79BD-EA10-AD4D-477EEA09225B&amp;workstep&#61;0EF75EC9-AC8B-6070-9D4A-EDB36F6E80EA\" rel=\"nofollow noopener noreferrer\">After</a></p>",
        "DocumentBackup\u02c98tDOnRtvJ_0fJzBE2zXbzNqYmvH92F9UQ36NuzvSPeQ\u02c92024-09-25T18:32:00Z": "<h2><strong>Pump Health Monitoring</strong></h2><figure class=\"table\"><table class=\"ck-table-resized\" style=\"border-color:hsl(0, 0%, 100%);border-style:solid;\"><colgroup><col style=\"width:39.18%;\" /><col style=\"width:60.82%;\" /></colgroup><tbody><tr><td style=\"border-color:hsl(0, 0%, 100%);border-style:solid;\"><img src=\"/api/annotations/0EE04AE3-1D9C-7500-BA44-34DCD06B9A2C/images/image_v3.png\" alt=\"Flint Hills Resources Retains J.P. Morgan To Market Ingleside Crude Oil  Terminal\"></td><td style=\"border-color:hsl(0, 0%, 100%);border-style:solid;\"><h4><i>Flint Hills Resources used Seeq to </i><span style=\"color:hsl(210,75%,60%);\"><i><strong>deploy anomaly detectors across their fleet of over 4000 pieces of equipment</strong></i></span><i> and effectively triage these results, allowing them to </i><span style=\"color:hsl(210,75%,60%);\"><i><strong>predict failures early and enable profitable actions. </strong></i></span><span style=\"color:hsl(0,0%,0%);\"><i>Learn more </i></span><a target=\"_blank\" href=\"https://engage.seeq.com/conneqt-2023-recap/oil--gas/monitoring-at-scale-with-seeq---flint-hills-resources?w&#61;0207d\" rel=\"nofollow noopener noreferrer\"><span style=\"color:hsl(180,75%,60%);\"><i>here</i></span></a></h4></td></tr></tbody></table></figure><h4><strong>Problem Statement:</strong></h4><p>By identifying leading and lagging indicators of pump health and continuously monitor these indicator variables, poor performance can be detected and corrective actions can be taken.</p><p><a href=\"/links?type&#61;workstep&amp;workbook&#61;F977EA0C-8B81-4E58-8641-4B719E963BC7&amp;worksheet&#61;0EE04AE2-79BD-EA10-AD4D-477EEA09225B&amp;workstep&#61;0EE2026F-4E74-FF70-9EFC-71D34CC77F75\" rel=\"nofollow noopener noreferrer\">Deviation from Pump Curve</a></p><h4><strong>Solution:</strong></h4><p><strong>Access </strong>the raw data, display the <a href=\"/links?type&#61;workstep&amp;workbook&#61;F977EA0C-8B81-4E58-8641-4B719E963BC7&amp;worksheet&#61;0EE04AE2-79BD-EA10-AD4D-477EEA09225B&amp;workstep&#61;3EFCD59F-0166-4FA2-9859-6B6BE4A98B17\" rel=\"nofollow noopener noreferrer\">pumps process signal.</a></p><p><strong>Cleanse</strong> the raw signals by easily <a href=\"/links?type&#61;workstep&amp;workbook&#61;F977EA0C-8B81-4E58-8641-4B719E963BC7&amp;worksheet&#61;0EE04AE2-79BD-EA10-AD4D-477EEA09225B&amp;workstep&#61;0EF45151-8F1E-7330-BA21-F40EFAF508D9\" rel=\"nofollow noopener noreferrer\">removing the downtime and outliers.</a></p><p><strong>Identify</strong> when <a href=\"/links?type&#61;workstep&amp;workbook&#61;F977EA0C-8B81-4E58-8641-4B719E963BC7&amp;worksheet&#61;0EE04AE2-79BD-EA10-AD4D-477EEA09225B&amp;workstep&#61;0EF45157-A4C3-E860-B81E-E6615B1122AE\" rel=\"nofollow noopener noreferrer\">process data deviates &#43;/- 30%</a> from the design pump curve. Pump curves can be plotted using <a target=\"_blank\" href=\"https://seeq12.github.io/seeq-plot-digitizer/introduction.html\" rel=\"nofollow noopener noreferrer\"><span style=\"color:hsl(210,75%,60%);\">Seeq Add-on tool, Plot Digitizer</span></a><br>(<i><strong>Do it! </strong>Create a notification for when the pump is not in normal operation</i>)</p><p><strong>Identify</strong> the indicators, <a href=\"/links?type&#61;workstep&amp;workbook&#61;F977EA0C-8B81-4E58-8641-4B719E963BC7&amp;worksheet&#61;0EE04AE2-79BD-EA10-AD4D-477EEA09225B&amp;workstep&#61;0EE04D88-9C3E-FD70-A10B-B06FF588526E\" rel=\"nofollow noopener noreferrer\">unique operating modes</a>, based on deviation from the Best Efficiency Point (B.E.P. on reference image below). (<a href=\"/links?type&#61;workstep&amp;workbook&#61;F977EA0C-8B81-4E58-8641-4B719E963BC7&amp;worksheet&#61;0EE04AE2-79BD-EA10-AD4D-477EEA09225B&amp;workstep&#61;0EE04D8A-78B8-6610-8CEF-A70B372431EE\" rel=\"nofollow noopener noreferrer\"><i>all indicators</i></a>)</p><p><img class=\"image_resized\" style=\"width:100%;\" src=\"/api/annotations/0EE04AE3-1D9C-7500-BA44-34DCD06B9A2C/images/image_v1.png\"></p><p><strong>Quantify </strong>the <a href=\"/links?type&#61;workstep&amp;workbook&#61;F977EA0C-8B81-4E58-8641-4B719E963BC7&amp;worksheet&#61;0EE04AE2-79BD-EA10-AD4D-477EEA09225B&amp;workstep&#61;0EE04C2F-F0B4-E800-B3E9-DBBB5CE31EEE\" rel=\"nofollow noopener noreferrer\">total duration of each indicator </a>on days of the year.</p><p><strong>Monitor </strong>these indicators in an <a href=\"https://demo.seeq.dev/workbook/4928DD65-24D4-472B-BD93-EC263DCB4B80/worksheet/0EE798C2-0CAF-FBA0-9F7D-01525D573EB8\" rel=\"nofollow noopener noreferrer\"><span style=\"color:hsl(210,75%,60%);\">Organizer Topic</span></a></p><p>\u00a0</p><p></p><h3><strong>\u2728 Action</strong></h3><p>2024-09-11 17:58:05</p><p><i>can you clean my discharge pressure signal</i></p><h4>Action Results: Success</h4>\n<p>Created: 1 items</p><p><a href=\"/links?type&#61;workstep&amp;workbook&#61;F977EA0C-8B81-4E58-8641-4B719E963BC7&amp;worksheet&#61;0EE04AE2-79BD-EA10-AD4D-477EEA09225B&amp;workstep&#61;0EF70999-E9AF-FF80-B423-F1A002F25225\" rel=\"nofollow noopener noreferrer\">Before</a>\u00a0\u00a0\u00a0<a href=\"/links?type&#61;workstep&amp;workbook&#61;F977EA0C-8B81-4E58-8641-4B719E963BC7&amp;worksheet&#61;0EE04AE2-79BD-EA10-AD4D-477EEA09225B&amp;workstep&#61;0EF7099B-0118-64A0-976F-6C9BECC7A2D7\" rel=\"nofollow noopener noreferrer\">After</a></p><p></p><h3><strong>\u2728 Action</strong></h3><p>2024-09-18 12:33:35</p><p><i>can you clean my pump discharge pressure?</i></p><h4>Action Results: Success</h4>\n\n<p>Created: 1 items</p><p><a href=\"/links?type&#61;workstep&amp;workbook&#61;F977EA0C-8B81-4E58-8641-4B719E963BC7&amp;worksheet&#61;0EE04AE2-79BD-EA10-AD4D-477EEA09225B&amp;workstep&#61;0EF75EC7-938E-EC40-BD4F-9F14A1872F53\" rel=\"nofollow noopener noreferrer\">Before</a>\u00a0\u00a0\u00a0<a href=\"/links?type&#61;workstep&amp;workbook&#61;F977EA0C-8B81-4E58-8641-4B719E963BC7&amp;worksheet&#61;0EE04AE2-79BD-EA10-AD4D-477EEA09225B&amp;workstep&#61;0EF75EC8-3B16-FF30-A26B-5728E15ED689\" rel=\"nofollow noopener noreferrer\">After</a></p><p></p><h3><strong>\u2728 Action</strong></h3><p>2024-09-18 12:34:14</p><p><i>can you smooth my pump discharge pressure instead?</i></p><h4>Action Results: Success</h4>\n\n<p>Created: 1 items</p><p><a href=\"/links?type&#61;workstep&amp;workbook&#61;F977EA0C-8B81-4E58-8641-4B719E963BC7&amp;worksheet&#61;0EE04AE2-79BD-EA10-AD4D-477EEA09225B&amp;workstep&#61;0EF75EC9-0773-FD80-8D77-A34CE60CAF50\" rel=\"nofollow noopener noreferrer\">Before</a>\u00a0\u00a0\u00a0<a href=\"/links?type&#61;workstep&amp;workbook&#61;F977EA0C-8B81-4E58-8641-4B719E963BC7&amp;worksheet&#61;0EE04AE2-79BD-EA10-AD4D-477EEA09225B&amp;workstep&#61;0EF75EC9-AC8B-6070-9D4A-EDB36F6E80EA\" rel=\"nofollow noopener noreferrer\">After</a></p><p></p><h3><strong>\u2728 Action</strong></h3><p>2024-09-25 12:32:23</p><p><i>can you smooth my suction temperature signal?</i></p><h4>Action Results: Success</h4>\n\n<p>Created: 1 items</p><p><a href=\"/links?type&#61;workstep&amp;workbook&#61;F977EA0C-8B81-4E58-8641-4B719E963BC7&amp;worksheet&#61;0EE04AE2-79BD-EA10-AD4D-477EEA09225B&amp;workstep&#61;0EF7B6C4-88A4-73C0-9B2A-3190448728F4\" rel=\"nofollow noopener noreferrer\">Before</a>\u00a0\u00a0\u00a0<a href=\"/links?type&#61;workstep&amp;workbook&#61;F977EA0C-8B81-4E58-8641-4B719E963BC7&amp;worksheet&#61;0EE04AE2-79BD-EA10-AD4D-477EEA09225B&amp;workstep&#61;0EF7B6C8-16EE-EE70-A09B-15DFFF245074\" rel=\"nofollow noopener noreferrer\">After</a></p>",
        "DocumentBackup\u02c9B3BHbCR7txjEswHoBi2qQdHId7cTbSw2C65s2u7PTOU\u02c92024-07-12T18:49:00Z": "<h2><strong>Pump Health Monitoring</strong></h2><figure class=\"table\"><table class=\"ck-table-resized\" style=\"border-color:hsl(0, 0%, 100%);border-style:solid;\"><colgroup><col style=\"width:39.18%;\" /><col style=\"width:60.82%;\" /></colgroup><tbody><tr><td style=\"border-color:hsl(0, 0%, 100%);border-style:solid;\"><img src=\"/api/annotations/0EE04AE3-1D9C-7500-BA44-34DCD06B9A2C/images/image_v3.png\" alt=\"Flint Hills Resources Retains J.P. Morgan To Market Ingleside Crude Oil  Terminal\"></td><td style=\"border-color:hsl(0, 0%, 100%);border-style:solid;\"><h4><i>Flint Hills Resources used Seeq to </i><span style=\"color:hsl(210,75%,60%);\"><i><strong>deploy anomaly detectors across their fleet of over 4000 pieces of equipment</strong></i></span><i> and effectively triage these results, allowing them to </i><span style=\"color:hsl(210,75%,60%);\"><i><strong>predict failures early and enable profitable actions. </strong></i></span><span style=\"color:hsl(0,0%,0%);\"><i>Learn more </i></span><a target=\"_blank\" href=\"https://engage.seeq.com/conneqt-2023-recap/oil--gas/monitoring-at-scale-with-seeq---flint-hills-resources?w&#61;0207d\" rel=\"nofollow noopener noreferrer\"><span style=\"color:hsl(180,75%,60%);\"><i>here</i></span></a></h4></td></tr></tbody></table></figure><h4><strong>Problem Statement:</strong></h4><p>By identifying leading and lagging indicators of pump health and continuously monitor these indicator variables, poor performance can be detected and corrective actions can be taken.</p><p><a href=\"/links?type&#61;workstep&amp;workbook&#61;F977EA0C-8B81-4E58-8641-4B719E963BC7&amp;worksheet&#61;0EE04AE2-79BD-EA10-AD4D-477EEA09225B&amp;workstep&#61;0EE2026F-4E74-FF70-9EFC-71D34CC77F75\" rel=\"nofollow noopener noreferrer\">Deviation from Pump Curve</a></p><h4><strong>Solution:</strong></h4><p><strong>Access </strong>the raw data, display the <a href=\"/links?type&#61;workstep&amp;workbook&#61;F977EA0C-8B81-4E58-8641-4B719E963BC7&amp;worksheet&#61;0EE04AE2-79BD-EA10-AD4D-477EEA09225B&amp;workstep&#61;3EFCD59F-0166-4FA2-9859-6B6BE4A98B17\" rel=\"nofollow noopener noreferrer\">pumps process signal.</a></p><p><strong>Cleanse</strong> the raw signals by easily <a href=\"/links?type&#61;workstep&amp;workbook&#61;F977EA0C-8B81-4E58-8641-4B719E963BC7&amp;worksheet&#61;0EE04AE2-79BD-EA10-AD4D-477EEA09225B&amp;workstep&#61;0EE04B2F-069A-E810-969C-65DD31583ED9\" rel=\"nofollow noopener noreferrer\">removing the downtime and outliers</a>.</p><p><strong>Identify</strong> when <a href=\"/links?type&#61;workstep&amp;workbook&#61;F977EA0C-8B81-4E58-8641-4B719E963BC7&amp;worksheet&#61;0EE04AE2-79BD-EA10-AD4D-477EEA09225B&amp;workstep&#61;0EF407F7-3EB7-6610-BD14-103895C181F8\" rel=\"nofollow noopener noreferrer\">process data deviates &#43;/- 30%</a> from the design pump curve. Pump curves can be plotted using <a target=\"_blank\" href=\"https://seeq12.github.io/seeq-plot-digitizer/introduction.html\" rel=\"nofollow noopener noreferrer\"><span style=\"color:hsl(210,75%,60%);\">Seeq Add-on tool, Plot Digitizer</span></a><br>(<i><strong>Do it! </strong>Create a notification for when the pump is not in normal operation</i>)</p><p><strong>Identify</strong> the indicators, <a href=\"/links?type&#61;workstep&amp;workbook&#61;F977EA0C-8B81-4E58-8641-4B719E963BC7&amp;worksheet&#61;0EE04AE2-79BD-EA10-AD4D-477EEA09225B&amp;workstep&#61;0EE04D88-9C3E-FD70-A10B-B06FF588526E\" rel=\"nofollow noopener noreferrer\">unique operating modes</a>, based on deviation from the Best Efficiency Point (B.E.P. on reference image below). (<a href=\"/links?type&#61;workstep&amp;workbook&#61;F977EA0C-8B81-4E58-8641-4B719E963BC7&amp;worksheet&#61;0EE04AE2-79BD-EA10-AD4D-477EEA09225B&amp;workstep&#61;0EE04D8A-78B8-6610-8CEF-A70B372431EE\" rel=\"nofollow noopener noreferrer\"><i>all indicators</i></a>)</p><p><img class=\"image_resized\" style=\"width:100%;\" src=\"/api/annotations/0EE04AE3-1D9C-7500-BA44-34DCD06B9A2C/images/image_v1.png\"></p><p><strong>Quantify </strong>the <a href=\"/links?type&#61;workstep&amp;workbook&#61;F977EA0C-8B81-4E58-8641-4B719E963BC7&amp;worksheet&#61;0EE04AE2-79BD-EA10-AD4D-477EEA09225B&amp;workstep&#61;0EE04C2F-F0B4-E800-B3E9-DBBB5CE31EEE\" rel=\"nofollow noopener noreferrer\">total duration of each indicator </a>on days of the year.</p><p><strong>Monitor </strong>these indicators in an <a href=\"https://demo.seeq.dev/workbook/4928DD65-24D4-472B-BD93-EC263DCB4B80/worksheet/0EE798C2-0CAF-FBA0-9F7D-01525D573EB8\" rel=\"nofollow noopener noreferrer\"><span style=\"color:hsl(210,75%,60%);\">Organizer Topic</span></a></p><p>\u00a0</p>",
        "DocumentBackup\u02c9B3BHbCR7txjEswHoBi2qQdHId7cTbSw2C65s2u7PTOU\u02c92024-07-18T14:50:00Z": "<h2><strong>Pump Health Monitoring</strong></h2><figure class=\"table\"><table class=\"ck-table-resized\" style=\"border-color:hsl(0, 0%, 100%);border-style:solid;\"><colgroup><col style=\"width:39.18%;\" /><col style=\"width:60.82%;\" /></colgroup><tbody><tr><td style=\"border-color:hsl(0, 0%, 100%);border-style:solid;\"><img src=\"/api/annotations/0EE04AE3-1D9C-7500-BA44-34DCD06B9A2C/images/image_v3.png\" alt=\"Flint Hills Resources Retains J.P. Morgan To Market Ingleside Crude Oil  Terminal\"></td><td style=\"border-color:hsl(0, 0%, 100%);border-style:solid;\"><h4><i>Flint Hills Resources used Seeq to </i><span style=\"color:hsl(210,75%,60%);\"><i><strong>deploy anomaly detectors across their fleet of over 4000 pieces of equipment</strong></i></span><i> and effectively triage these results, allowing them to </i><span style=\"color:hsl(210,75%,60%);\"><i><strong>predict failures early and enable profitable actions. </strong></i></span><span style=\"color:hsl(0,0%,0%);\"><i>Learn more </i></span><a target=\"_blank\" href=\"https://engage.seeq.com/conneqt-2023-recap/oil--gas/monitoring-at-scale-with-seeq---flint-hills-resources?w&#61;0207d\" rel=\"nofollow noopener noreferrer\"><span style=\"color:hsl(180,75%,60%);\"><i>here</i></span></a></h4></td></tr></tbody></table></figure><h4><strong>Problem Statement:</strong></h4><p>By identifying leading and lagging indicators of pump health and continuously monitor these indicator variables, poor performance can be detected and corrective actions can be taken.</p><p><a href=\"/links?type&#61;workstep&amp;workbook&#61;F977EA0C-8B81-4E58-8641-4B719E963BC7&amp;worksheet&#61;0EE04AE2-79BD-EA10-AD4D-477EEA09225B&amp;workstep&#61;0EE2026F-4E74-FF70-9EFC-71D34CC77F75\" rel=\"nofollow noopener noreferrer\">Deviation from Pump Curve</a></p><h4><strong>Solution:</strong></h4><p><strong>Access </strong>the raw data, display the <a href=\"/links?type&#61;workstep&amp;workbook&#61;F977EA0C-8B81-4E58-8641-4B719E963BC7&amp;worksheet&#61;0EE04AE2-79BD-EA10-AD4D-477EEA09225B&amp;workstep&#61;3EFCD59F-0166-4FA2-9859-6B6BE4A98B17\" rel=\"nofollow noopener noreferrer\">pumps process signal.</a></p><p><strong>Cleanse</strong> the raw signals by easily removing the downtime and outliers.</p><p><strong>Identify</strong> when <a href=\"/links?type&#61;workstep&amp;workbook&#61;F977EA0C-8B81-4E58-8641-4B719E963BC7&amp;worksheet&#61;0EE04AE2-79BD-EA10-AD4D-477EEA09225B&amp;workstep&#61;0EF407F7-3EB7-6610-BD14-103895C181F8\" rel=\"nofollow noopener noreferrer\">process data deviates &#43;/- 30%</a> from the design pump curve. Pump curves can be plotted using <a target=\"_blank\" href=\"https://seeq12.github.io/seeq-plot-digitizer/introduction.html\" rel=\"nofollow noopener noreferrer\"><span style=\"color:hsl(210,75%,60%);\">Seeq Add-on tool, Plot Digitizer</span></a><br>(<i><strong>Do it! </strong>Create a notification for when the pump is not in normal operation</i>)</p><p><strong>Identify</strong> the indicators, <a href=\"/links?type&#61;workstep&amp;workbook&#61;F977EA0C-8B81-4E58-8641-4B719E963BC7&amp;worksheet&#61;0EE04AE2-79BD-EA10-AD4D-477EEA09225B&amp;workstep&#61;0EE04D88-9C3E-FD70-A10B-B06FF588526E\" rel=\"nofollow noopener noreferrer\">unique operating modes</a>, based on deviation from the Best Efficiency Point (B.E.P. on reference image below). (<a href=\"/links?type&#61;workstep&amp;workbook&#61;F977EA0C-8B81-4E58-8641-4B719E963BC7&amp;worksheet&#61;0EE04AE2-79BD-EA10-AD4D-477EEA09225B&amp;workstep&#61;0EE04D8A-78B8-6610-8CEF-A70B372431EE\" rel=\"nofollow noopener noreferrer\"><i>all indicators</i></a>)</p><p><img class=\"image_resized\" style=\"width:100%;\" src=\"/api/annotations/0EE04AE3-1D9C-7500-BA44-34DCD06B9A2C/images/image_v1.png\"></p><p><strong>Quantify </strong>the <a href=\"/links?type&#61;workstep&amp;workbook&#61;F977EA0C-8B81-4E58-8641-4B719E963BC7&amp;worksheet&#61;0EE04AE2-79BD-EA10-AD4D-477EEA09225B&amp;workstep&#61;0EE04C2F-F0B4-E800-B3E9-DBBB5CE31EEE\" rel=\"nofollow noopener noreferrer\">total duration of each indicator </a>on days of the year.</p><p><strong>Monitor </strong>these indicators in an <a href=\"https://demo.seeq.dev/workbook/4928DD65-24D4-472B-BD93-EC263DCB4B80/worksheet/0EE798C2-0CAF-FBA0-9F7D-01525D573EB8\" rel=\"nofollow noopener noreferrer\"><span style=\"color:hsl(210,75%,60%);\">Organizer Topic</span></a></p><p>\u00a0</p>",
        "DocumentBackup\u02c9B3BHbCR7txjEswHoBi2qQdHId7cTbSw2C65s2u7PTOU\u02c92024-07-18T14:53:00Z": "<h2><strong>Pump Health Monitoring</strong></h2><figure class=\"table\"><table class=\"ck-table-resized\" style=\"border-color:hsl(0, 0%, 100%);border-style:solid;\"><colgroup><col style=\"width:39.18%;\" /><col style=\"width:60.82%;\" /></colgroup><tbody><tr><td style=\"border-color:hsl(0, 0%, 100%);border-style:solid;\"><img src=\"/api/annotations/0EE04AE3-1D9C-7500-BA44-34DCD06B9A2C/images/image_v3.png\" alt=\"Flint Hills Resources Retains J.P. Morgan To Market Ingleside Crude Oil  Terminal\"></td><td style=\"border-color:hsl(0, 0%, 100%);border-style:solid;\"><h4><i>Flint Hills Resources used Seeq to </i><span style=\"color:hsl(210,75%,60%);\"><i><strong>deploy anomaly detectors across their fleet of over 4000 pieces of equipment</strong></i></span><i> and effectively triage these results, allowing them to </i><span style=\"color:hsl(210,75%,60%);\"><i><strong>predict failures early and enable profitable actions. </strong></i></span><span style=\"color:hsl(0,0%,0%);\"><i>Learn more </i></span><a target=\"_blank\" href=\"https://engage.seeq.com/conneqt-2023-recap/oil--gas/monitoring-at-scale-with-seeq---flint-hills-resources?w&#61;0207d\" rel=\"nofollow noopener noreferrer\"><span style=\"color:hsl(180,75%,60%);\"><i>here</i></span></a></h4></td></tr></tbody></table></figure><h4><strong>Problem Statement:</strong></h4><p>By identifying leading and lagging indicators of pump health and continuously monitor these indicator variables, poor performance can be detected and corrective actions can be taken.</p><p><a href=\"/links?type&#61;workstep&amp;workbook&#61;F977EA0C-8B81-4E58-8641-4B719E963BC7&amp;worksheet&#61;0EE04AE2-79BD-EA10-AD4D-477EEA09225B&amp;workstep&#61;0EE2026F-4E74-FF70-9EFC-71D34CC77F75\" rel=\"nofollow noopener noreferrer\">Deviation from Pump Curve</a></p><h4><strong>Solution:</strong></h4><p><strong>Access </strong>the raw data, display the <a href=\"/links?type&#61;workstep&amp;workbook&#61;F977EA0C-8B81-4E58-8641-4B719E963BC7&amp;worksheet&#61;0EE04AE2-79BD-EA10-AD4D-477EEA09225B&amp;workstep&#61;3EFCD59F-0166-4FA2-9859-6B6BE4A98B17\" rel=\"nofollow noopener noreferrer\">pumps process signal.</a></p><p><strong>Cleanse</strong> the raw signals by easily <a href=\"/links?type&#61;workstep&amp;workbook&#61;F977EA0C-8B81-4E58-8641-4B719E963BC7&amp;worksheet&#61;0EE04AE2-79BD-EA10-AD4D-477EEA09225B&amp;workstep&#61;0EF45151-8F1E-7330-BA21-F40EFAF508D9\" rel=\"nofollow noopener noreferrer\">removing the downtime and outliers.</a></p><p><strong>Identify</strong> when process data deviates &#43;/- 30% from the design pump curve. Pump curves can be plotted using <a target=\"_blank\" href=\"https://seeq12.github.io/seeq-plot-digitizer/introduction.html\" rel=\"nofollow noopener noreferrer\"><span style=\"color:hsl(210,75%,60%);\">Seeq Add-on tool, Plot Digitizer</span></a><br>(<i><strong>Do it! </strong>Create a notification for when the pump is not in normal operation</i>)</p><p><strong>Identify</strong> the indicators, <a href=\"/links?type&#61;workstep&amp;workbook&#61;F977EA0C-8B81-4E58-8641-4B719E963BC7&amp;worksheet&#61;0EE04AE2-79BD-EA10-AD4D-477EEA09225B&amp;workstep&#61;0EE04D88-9C3E-FD70-A10B-B06FF588526E\" rel=\"nofollow noopener noreferrer\">unique operating modes</a>, based on deviation from the Best Efficiency Point (B.E.P. on reference image below). (<a href=\"/links?type&#61;workstep&amp;workbook&#61;F977EA0C-8B81-4E58-8641-4B719E963BC7&amp;worksheet&#61;0EE04AE2-79BD-EA10-AD4D-477EEA09225B&amp;workstep&#61;0EE04D8A-78B8-6610-8CEF-A70B372431EE\" rel=\"nofollow noopener noreferrer\"><i>all indicators</i></a>)</p><p><img class=\"image_resized\" style=\"width:100%;\" src=\"/api/annotations/0EE04AE3-1D9C-7500-BA44-34DCD06B9A2C/images/image_v1.png\"></p><p><strong>Quantify </strong>the <a href=\"/links?type&#61;workstep&amp;workbook&#61;F977EA0C-8B81-4E58-8641-4B719E963BC7&amp;worksheet&#61;0EE04AE2-79BD-EA10-AD4D-477EEA09225B&amp;workstep&#61;0EE04C2F-F0B4-E800-B3E9-DBBB5CE31EEE\" rel=\"nofollow noopener noreferrer\">total duration of each indicator </a>on days of the year.</p><p><strong>Monitor </strong>these indicators in an <a href=\"https://demo.seeq.dev/workbook/4928DD65-24D4-472B-BD93-EC263DCB4B80/worksheet/0EE798C2-0CAF-FBA0-9F7D-01525D573EB8\" rel=\"nofollow noopener noreferrer\"><span style=\"color:hsl(210,75%,60%);\">Organizer Topic</span></a></p><p>\u00a0</p>",
        "DocumentBackup\u02c9DEg3Lh5pLS4-lG84EjGXXXdzxhd1450vkLgiu8he2l8\u02c92024-10-01T14:42:00Z": "<h2><strong>Pump Health Monitoring</strong></h2><figure class=\"table\"><table class=\"ck-table-resized\" style=\"border-color:hsl(0, 0%, 100%);border-style:solid;\"><colgroup><col style=\"width:39.18%;\" /><col style=\"width:60.82%;\" /></colgroup><tbody><tr><td style=\"border-color:hsl(0, 0%, 100%);border-style:solid;\"><img src=\"/api/annotations/0EE04AE3-1D9C-7500-BA44-34DCD06B9A2C/images/image_v3.png\" alt=\"Flint Hills Resources Retains J.P. Morgan To Market Ingleside Crude Oil  Terminal\"></td><td style=\"border-color:hsl(0, 0%, 100%);border-style:solid;\"><h4><i>Flint Hills Resources used Seeq to </i><span style=\"color:hsl(210,75%,60%);\"><i><strong>deploy anomaly detectors across their fleet of over 4000 pieces of equipment</strong></i></span><i> and effectively triage these results, allowing them to </i><span style=\"color:hsl(210,75%,60%);\"><i><strong>predict failures early and enable profitable actions. </strong></i></span><span style=\"color:hsl(0,0%,0%);\"><i>Learn more </i></span><a target=\"_blank\" href=\"https://engage.seeq.com/conneqt-2023-recap/oil--gas/monitoring-at-scale-with-seeq---flint-hills-resources?w&#61;0207d\" rel=\"nofollow noopener noreferrer\"><span style=\"color:hsl(180,75%,60%);\"><i>here</i></span></a></h4></td></tr></tbody></table></figure><h4><strong>Problem Statement:</strong></h4><p>By identifying leading and lagging indicators of pump health and continuously monitor these indicator variables, poor performance can be detected and corrective actions can be taken.</p><p><a href=\"/links?type&#61;workstep&amp;workbook&#61;F977EA0C-8B81-4E58-8641-4B719E963BC7&amp;worksheet&#61;0EE04AE2-79BD-EA10-AD4D-477EEA09225B&amp;workstep&#61;0EE2026F-4E74-FF70-9EFC-71D34CC77F75\" rel=\"nofollow noopener noreferrer\">Deviation from Pump Curve</a></p><h4><strong>Solution:</strong></h4><p><strong>Access </strong>the raw data, display the <a href=\"/links?type&#61;workstep&amp;workbook&#61;F977EA0C-8B81-4E58-8641-4B719E963BC7&amp;worksheet&#61;0EE04AE2-79BD-EA10-AD4D-477EEA09225B&amp;workstep&#61;3EFCD59F-0166-4FA2-9859-6B6BE4A98B17\" rel=\"nofollow noopener noreferrer\">pumps process signal.</a></p><p><strong>Cleanse</strong> the raw signals by easily <a href=\"/links?type&#61;workstep&amp;workbook&#61;F977EA0C-8B81-4E58-8641-4B719E963BC7&amp;worksheet&#61;0EE04AE2-79BD-EA10-AD4D-477EEA09225B&amp;workstep&#61;0EF45151-8F1E-7330-BA21-F40EFAF508D9\" rel=\"nofollow noopener noreferrer\">removing the downtime and outliers.</a></p><p><strong>Identify</strong> when <a href=\"/links?type&#61;workstep&amp;workbook&#61;F977EA0C-8B81-4E58-8641-4B719E963BC7&amp;worksheet&#61;0EE04AE2-79BD-EA10-AD4D-477EEA09225B&amp;workstep&#61;0EF45157-A4C3-E860-B81E-E6615B1122AE\" rel=\"nofollow noopener noreferrer\">process data deviates &#43;/- 30%</a> from the design pump curve. Pump curves can be plotted using <a target=\"_blank\" href=\"https://seeq12.github.io/seeq-plot-digitizer/introduction.html\" rel=\"nofollow noopener noreferrer\"><span style=\"color:hsl(210,75%,60%);\">Seeq Add-on tool, Plot Digitizer</span></a><br>(<i><strong>Do it! </strong>Create a notification for when the pump is not in normal operation</i>)</p><p><strong>Identify</strong> the indicators, <a href=\"/links?type&#61;workstep&amp;workbook&#61;F977EA0C-8B81-4E58-8641-4B719E963BC7&amp;worksheet&#61;0EE04AE2-79BD-EA10-AD4D-477EEA09225B&amp;workstep&#61;0EE04D88-9C3E-FD70-A10B-B06FF588526E\" rel=\"nofollow noopener noreferrer\">unique operating modes</a>, based on deviation from the Best Efficiency Point (B.E.P. on reference image below). (<a href=\"/links?type&#61;workstep&amp;workbook&#61;F977EA0C-8B81-4E58-8641-4B719E963BC7&amp;worksheet&#61;0EE04AE2-79BD-EA10-AD4D-477EEA09225B&amp;workstep&#61;0EE04D8A-78B8-6610-8CEF-A70B372431EE\" rel=\"nofollow noopener noreferrer\"><i>all indicators</i></a>)</p><p><img class=\"image_resized\" style=\"width:100%;\" src=\"/api/annotations/0EE04AE3-1D9C-7500-BA44-34DCD06B9A2C/images/image_v1.png\"></p><p><strong>Quantify </strong>the <a href=\"/links?type&#61;workstep&amp;workbook&#61;F977EA0C-8B81-4E58-8641-4B719E963BC7&amp;worksheet&#61;0EE04AE2-79BD-EA10-AD4D-477EEA09225B&amp;workstep&#61;0EE04C2F-F0B4-E800-B3E9-DBBB5CE31EEE\" rel=\"nofollow noopener noreferrer\">total duration of each indicator </a>on days of the year.</p><p><strong>Monitor </strong>these indicators in an <a href=\"https://demo.seeq.dev/workbook/4928DD65-24D4-472B-BD93-EC263DCB4B80/worksheet/0EE798C2-0CAF-FBA0-9F7D-01525D573EB8\" rel=\"nofollow noopener noreferrer\"><span style=\"color:hsl(210,75%,60%);\">Organizer Topic</span></a></p><p>\u00a0</p><p></p><h3><strong>\u2728 Action</strong></h3><p>2024-09-11 17:58:05</p><p><i>can you clean my discharge pressure signal</i></p><h4>Action Results: Success</h4>\n<p>Created: 1 items</p><p><a href=\"/links?type&#61;workstep&amp;workbook&#61;F977EA0C-8B81-4E58-8641-4B719E963BC7&amp;worksheet&#61;0EE04AE2-79BD-EA10-AD4D-477EEA09225B&amp;workstep&#61;0EF70999-E9AF-FF80-B423-F1A002F25225\" rel=\"nofollow noopener noreferrer\">Before</a>\u00a0\u00a0\u00a0<a href=\"/links?type&#61;workstep&amp;workbook&#61;F977EA0C-8B81-4E58-8641-4B719E963BC7&amp;worksheet&#61;0EE04AE2-79BD-EA10-AD4D-477EEA09225B&amp;workstep&#61;0EF7099B-0118-64A0-976F-6C9BECC7A2D7\" rel=\"nofollow noopener noreferrer\">After</a></p><p></p><h3><strong>\u2728 Action</strong></h3><p>2024-09-18 12:33:35</p><p><i>can you clean my pump discharge pressure?</i></p><h4>Action Results: Success</h4>\n\n<p>Created: 1 items</p><p><a href=\"/links?type&#61;workstep&amp;workbook&#61;F977EA0C-8B81-4E58-8641-4B719E963BC7&amp;worksheet&#61;0EE04AE2-79BD-EA10-AD4D-477EEA09225B&amp;workstep&#61;0EF75EC7-938E-EC40-BD4F-9F14A1872F53\" rel=\"nofollow noopener noreferrer\">Before</a>\u00a0\u00a0\u00a0<a href=\"/links?type&#61;workstep&amp;workbook&#61;F977EA0C-8B81-4E58-8641-4B719E963BC7&amp;worksheet&#61;0EE04AE2-79BD-EA10-AD4D-477EEA09225B&amp;workstep&#61;0EF75EC8-3B16-FF30-A26B-5728E15ED689\" rel=\"nofollow noopener noreferrer\">After</a></p><p></p><h3><strong>\u2728 Action</strong></h3><p>2024-09-18 12:34:14</p><p><i>can you smooth my pump discharge pressure instead?</i></p><h4>Action Results: Success</h4>\n\n<p>Created: 1 items</p><p><a href=\"/links?type&#61;workstep&amp;workbook&#61;F977EA0C-8B81-4E58-8641-4B719E963BC7&amp;worksheet&#61;0EE04AE2-79BD-EA10-AD4D-477EEA09225B&amp;workstep&#61;0EF75EC9-0773-FD80-8D77-A34CE60CAF50\" rel=\"nofollow noopener noreferrer\">Before</a>\u00a0\u00a0\u00a0<a href=\"/links?type&#61;workstep&amp;workbook&#61;F977EA0C-8B81-4E58-8641-4B719E963BC7&amp;worksheet&#61;0EE04AE2-79BD-EA10-AD4D-477EEA09225B&amp;workstep&#61;0EF75EC9-AC8B-6070-9D4A-EDB36F6E80EA\" rel=\"nofollow noopener noreferrer\">After</a></p><p></p><h3><strong>\u2728 Action</strong></h3><p>2024-09-25 12:32:23</p><p><i>can you smooth my suction temperature signal?</i></p><h4>Action Results: Success</h4>\n\n<p>Created: 1 items</p><p><a href=\"/links?type&#61;workstep&amp;workbook&#61;F977EA0C-8B81-4E58-8641-4B719E963BC7&amp;worksheet&#61;0EE04AE2-79BD-EA10-AD4D-477EEA09225B&amp;workstep&#61;0EF7B6C4-88A4-73C0-9B2A-3190448728F4\" rel=\"nofollow noopener noreferrer\">Before</a>\u00a0\u00a0\u00a0<a href=\"/links?type&#61;workstep&amp;workbook&#61;F977EA0C-8B81-4E58-8641-4B719E963BC7&amp;worksheet&#61;0EE04AE2-79BD-EA10-AD4D-477EEA09225B&amp;workstep&#61;0EF7B6C8-16EE-EE70-A09B-15DFFF245074\" rel=\"nofollow noopener noreferrer\">After</a></p><p></p><h3><strong>\u2728 Action</strong></h3><p>2024-10-01 08:42:08</p><p><i>can you smooth my pump discharge pressure signal?</i></p><h4>Action Results: Success</h4>\n\n<p>Created: 1 items</p><p><a href=\"/links?type&#61;workstep&amp;workbook&#61;F977EA0C-8B81-4E58-8641-4B719E963BC7&amp;worksheet&#61;0EE04AE2-79BD-EA10-AD4D-477EEA09225B&amp;workstep&#61;0EF80031-6FD2-6200-B909-1E88AF75D8A0\" rel=\"nofollow noopener noreferrer\">Before</a>\u00a0\u00a0\u00a0<a href=\"/links?type&#61;workstep&amp;workbook&#61;F977EA0C-8B81-4E58-8641-4B719E963BC7&amp;worksheet&#61;0EE04AE2-79BD-EA10-AD4D-477EEA09225B&amp;workstep&#61;0EF80035-5B07-66A0-AB71-7EFDF9E3E914\" rel=\"nofollow noopener noreferrer\">After</a></p>",
        "DocumentBackup\u02c9xND3hnImvsepKxxVdMzaUCutPsLg8NczCD4U_UNcPOk\u02c92024-07-12T18:49:00Z": "<h2><strong>Pump Health Monitoring</strong></h2><figure class=\"table\"><table class=\"ck-table-resized\" style=\"border-color:hsl(0, 0%, 100%);border-style:solid;\"><colgroup><col style=\"width:39.18%;\" /><col style=\"width:60.82%;\" /></colgroup><tbody><tr><td style=\"border-color:hsl(0, 0%, 100%);border-style:solid;\"><img src=\"/api/annotations/0EE04AE3-1D9C-7500-BA44-34DCD06B9A2C/images/image_v3.png\" alt=\"Flint Hills Resources Retains J.P. Morgan To Market Ingleside Crude Oil  Terminal\"></td><td style=\"border-color:hsl(0, 0%, 100%);border-style:solid;\"><h4><i>Flint Hills Resources used Seeq to </i><span style=\"color:hsl(210,75%,60%);\"><i><strong>deploy anomaly detectors across their fleet of over 4000 pieces of equipment</strong></i></span><i> and effectively triage these results, allowing them to </i><span style=\"color:hsl(210,75%,60%);\"><i><strong>predict failures early and enable profitable actions. </strong></i></span><span style=\"color:hsl(0,0%,0%);\"><i>Learn more </i></span><a target=\"_blank\" href=\"https://engage.seeq.com/conneqt-2023-recap/oil--gas/monitoring-at-scale-with-seeq---flint-hills-resources?w&#61;0207d\" rel=\"nofollow noopener noreferrer\"><span style=\"color:hsl(180,75%,60%);\"><i>here</i></span></a></h4></td></tr></tbody></table></figure><h4><strong>Problem Statement:</strong></h4><p>By identifying leading and lagging indicators of pump health and continuously monitor these indicator variables, poor performance can be detected and corrective actions can be taken.</p><p><a href=\"/links?type&#61;workstep&amp;workbook&#61;F977EA0C-8B81-4E58-8641-4B719E963BC7&amp;worksheet&#61;0EE04AE2-79BD-EA10-AD4D-477EEA09225B&amp;workstep&#61;0EE2026F-4E74-FF70-9EFC-71D34CC77F75\" rel=\"nofollow noopener noreferrer\">Deviation from Pump Curve</a></p><h4><strong>Solution:</strong></h4><p><strong>Access </strong>the raw data, display the <a href=\"/links?type&#61;workstep&amp;workbook&#61;F977EA0C-8B81-4E58-8641-4B719E963BC7&amp;worksheet&#61;0EE04AE2-79BD-EA10-AD4D-477EEA09225B&amp;workstep&#61;3EFCD59F-0166-4FA2-9859-6B6BE4A98B17\" rel=\"nofollow noopener noreferrer\">pumps process signal.</a></p><p><strong>Cleanse</strong> the raw signals by easily <a href=\"/links?type&#61;workstep&amp;workbook&#61;F977EA0C-8B81-4E58-8641-4B719E963BC7&amp;worksheet&#61;0EE04AE2-79BD-EA10-AD4D-477EEA09225B&amp;workstep&#61;0EE04B2F-069A-E810-969C-65DD31583ED9\" rel=\"nofollow noopener noreferrer\">removing the downtime and outliers</a>.</p><p><strong>Identify</strong> when process data deviates &#43;/- 30% from the design pump curve. Pump curves can be plotted using <a target=\"_blank\" href=\"https://seeq12.github.io/seeq-plot-digitizer/introduction.html\" rel=\"nofollow noopener noreferrer\"><span style=\"color:hsl(210,75%,60%);\">Seeq Add-on tool, Plot Digitizer</span></a><br>(<i><strong>Do it! </strong>Create a notification for when the pump is not in normal operation</i>)</p><p><strong>Identify</strong> the indicators, <a href=\"/links?type&#61;workstep&amp;workbook&#61;F977EA0C-8B81-4E58-8641-4B719E963BC7&amp;worksheet&#61;0EE04AE2-79BD-EA10-AD4D-477EEA09225B&amp;workstep&#61;0EE04D88-9C3E-FD70-A10B-B06FF588526E\" rel=\"nofollow noopener noreferrer\">unique operating modes</a>, based on deviation from the Best Efficiency Point (B.E.P. on reference image below). (<a href=\"/links?type&#61;workstep&amp;workbook&#61;F977EA0C-8B81-4E58-8641-4B719E963BC7&amp;worksheet&#61;0EE04AE2-79BD-EA10-AD4D-477EEA09225B&amp;workstep&#61;0EE04D8A-78B8-6610-8CEF-A70B372431EE\" rel=\"nofollow noopener noreferrer\"><i>all indicators</i></a>)</p><p><img class=\"image_resized\" style=\"width:100%;\" src=\"/api/annotations/0EE04AE3-1D9C-7500-BA44-34DCD06B9A2C/images/image_v1.png\"></p><p><strong>Quantify </strong>the <a href=\"/links?type&#61;workstep&amp;workbook&#61;F977EA0C-8B81-4E58-8641-4B719E963BC7&amp;worksheet&#61;0EE04AE2-79BD-EA10-AD4D-477EEA09225B&amp;workstep&#61;0EE04C2F-F0B4-E800-B3E9-DBBB5CE31EEE\" rel=\"nofollow noopener noreferrer\">total duration of each indicator </a>on days of the year.</p><p><strong>Monitor </strong>these indicators in an <a href=\"https://demo.seeq.dev/workbook/4928DD65-24D4-472B-BD93-EC263DCB4B80/worksheet/0EE798C2-0CAF-FBA0-9F7D-01525D573EB8\" rel=\"nofollow noopener noreferrer\"><span style=\"color:hsl(210,75%,60%);\">Organizer Topic</span></a></p><p>\u00a0</p>",
        "Enabled": true,
        "Froala Backup": "<h2>Pump Health Monitoring</h2><p style=\"margin-left:0px;\">Link to <a target=\"_blank\" href=\"https://explore.seeq.com/workbook/4928DD65-24D4-472B-BD93-EC263DCB4B80/worksheet/EF68EA0A-8E49-4BFC-B148-EA7B29120237\" rel=\"nofollow noopener noreferrer\">Organizer Topic</a></p><h4><strong>Summary</strong></h4><p style=\"margin-left:0px;\">Pumps are a critical asset for movement of liquid streams in manufacturing facilities across all industry verticals. Keeping pumps healthy and operational helps keep processes up and running at target throughput rates. Inability to detect and anticipate pump performance issues can lead to prolonged shutdown, loss of revenue, and environmental or safety threats.</p><p style=\"margin-left:0px;\">This use case seeks to identify leading and lagging indicators of pump health and continuously monitor these indicator variables to detect poor performance and take corrective actions.</p><p style=\"margin-left:0px;\">..............................................................................</p><h4><strong>Analysis Steps:</strong></h4><p style=\"margin-left:0px;\"><a href=\"/links?type&#61;workstep&amp;workbook&#61;F977EA0C-8B81-4E58-8641-4B719E963BC7&amp;worksheet&#61;F85C38FF-EB0F-4D17-B32A-5D5DF6BDC148&amp;workstep&#61;BF83DD1F-1CFA-48EA-8E17-73A7BD3CF8A1\" rel=\"nofollow noopener noreferrer\">Reset</a></p><p>\u00a0</p><h4 style=\"margin-left:0px;\"><strong>Step 1</strong>. <strong>Pull in Relevant Pump Monitoring Data</strong></h4><p style=\"margin-left:0px;\">Some signals that can be used to calculate KPIS providing insight into overall pump health might include: flow rates, discharge and suction pressures, suction temperature, upstream tank level (static head), vibration data, and pump status signals.\u00a0</p><p style=\"margin-left:0px;\">Additional contextual data that can be helpful in evaluating pump performance might include: pump curve, pump data sheet, liquid properties, and failure or maintenance event data.\u00a0</p><p style=\"margin-left:0px;\">(full <a href=\"/links?type&#61;workstep&amp;workbook&#61;F977EA0C-8B81-4E58-8641-4B719E963BC7&amp;worksheet&#61;F85C38FF-EB0F-4D17-B32A-5D5DF6BDC148&amp;workstep&#61;3EFCD59F-0166-4FA2-9859-6B6BE4A98B17\" rel=\"nofollow noopener noreferrer\">work step</a>)</p><p style=\"margin-left:0px;\"><img src=\"/api/annotations/0EE04AE3-1D9C-7500-BA44-34DCD06B9A2C/images/1611696235730_v1.png\"></p><p style=\"margin-left:0px;\">\u00a0</p><p style=\"margin-left:0px;\"><strong>Step\u00a02</strong><span style=\"background-color:rgb(255,255,255);color:rgb(51,51,51);\"><strong>.\u00a0Cleanse the data used in calculations</strong></span><strong>\u00a0</strong></p><p>Signal filtering can be applied to remove noise from signals. <span style=\"background-color:rgb(255,255,255);color:rgb(65,65,65);\">Outliers and downtime data should be removed from signals when calculating monitoring limits. Interpolation settings can be adjusted to leave gaps in the data during long outages and linearly interpolate through point outliers. Signals can be repaired to read zero when an unreasonable negative flow reading occurs. (full </span><a href=\"/links?type&#61;workstep&amp;workbook&#61;F977EA0C-8B81-4E58-8641-4B719E963BC7&amp;worksheet&#61;F85C38FF-EB0F-4D17-B32A-5D5DF6BDC148&amp;workstep&#61;1A803E09-E7BC-410C-AACC-214C34365151\" rel=\"nofollow noopener noreferrer\"><span style=\"background-color:rgb(255,255,255);color:rgb(65,65,65);\">work step</span></a><span style=\"background-color:rgb(255,255,255);color:rgb(65,65,65);\">)</span></p><ul><li><span style=\"background-color:rgb(255,255,255);color:rgb(65,65,65);\">Identify </span><a href=\"/links?type&#61;workstep&amp;workbook&#61;F977EA0C-8B81-4E58-8641-4B719E963BC7&amp;worksheet&#61;F85C38FF-EB0F-4D17-B32A-5D5DF6BDC148&amp;workstep&#61;5020DF1C-3289-4AFB-8CB5-1B1AB56A67BB\" rel=\"nofollow noopener noreferrer\"><span style=\"background-color:rgb(255,255,255);color:rgb(65,65,65);\">downtimes or periods when the pump is not operating</span></a></li><li>Remove downtime data, outliers, smooth signals<ul><li><a href=\"/links?type&#61;workstep&amp;workbook&#61;F977EA0C-8B81-4E58-8641-4B719E963BC7&amp;worksheet&#61;F85C38FF-EB0F-4D17-B32A-5D5DF6BDC148&amp;workstep&#61;4AAC3D61-D911-4175-B6AB-26767156B2A4\" rel=\"nofollow noopener noreferrer\">Suction Temperature</a></li><li><a href=\"/links?type&#61;workstep&amp;workbook&#61;F977EA0C-8B81-4E58-8641-4B719E963BC7&amp;worksheet&#61;F85C38FF-EB0F-4D17-B32A-5D5DF6BDC148&amp;workstep&#61;EA34E4DE-FE8D-4F00-A970-2421128C3AA1\" rel=\"nofollow noopener noreferrer\">Recirculation Flow</a></li><li><a href=\"/links?type&#61;workstep&amp;workbook&#61;F977EA0C-8B81-4E58-8641-4B719E963BC7&amp;worksheet&#61;F85C38FF-EB0F-4D17-B32A-5D5DF6BDC148&amp;workstep&#61;B19F93C5-8C93-43F9-8407-905A156EBC5C\" rel=\"nofollow noopener noreferrer\">Discharge Pressure</a></li><li><a href=\"/links?type&#61;workstep&amp;workbook&#61;F977EA0C-8B81-4E58-8641-4B719E963BC7&amp;worksheet&#61;F85C38FF-EB0F-4D17-B32A-5D5DF6BDC148&amp;workstep&#61;F639D250-9113-49D4-B794-0A51966D79B8\" rel=\"nofollow noopener noreferrer\">Discharge Flow Rate</a></li><li><a href=\"/links?type&#61;workstep&amp;workbook&#61;F977EA0C-8B81-4E58-8641-4B719E963BC7&amp;worksheet&#61;F85C38FF-EB0F-4D17-B32A-5D5DF6BDC148&amp;workstep&#61;D71A4453-E748-4CBC-8664-F503BB3DE82B\" rel=\"nofollow noopener noreferrer\">Drum Level</a></li><li><a href=\"/links?type&#61;workstep&amp;workbook&#61;F977EA0C-8B81-4E58-8641-4B719E963BC7&amp;worksheet&#61;F85C38FF-EB0F-4D17-B32A-5D5DF6BDC148&amp;workstep&#61;4A31D421-069E-4370-896F-F368014329DB\" rel=\"nofollow noopener noreferrer\">Suction Pressure</a></li></ul></li><li>Convert liquid property data, like <a href=\"/links?type&#61;workstep&amp;workbook&#61;F977EA0C-8B81-4E58-8641-4B719E963BC7&amp;worksheet&#61;F85C38FF-EB0F-4D17-B32A-5D5DF6BDC148&amp;workstep&#61;6E9CD28B-EE60-4CA3-A063-5591F194B044\" rel=\"nofollow noopener noreferrer\">API to SG\u00a0</a></li></ul><p style=\"margin-left:0px;\"><img src=\"/api/annotations/0EE04AE3-1D9C-7500-BA44-34DCD06B9A2C/images/1611696966701_v1.png\"></p><p style=\"margin-left:0px;\">\u00a0</p><p style=\"margin-left:0px;\"><strong>Step\u00a03</strong><span style=\"background-color:rgb(255,255,255);color:rgb(51,51,51);\"><strong>.\u00a0Compare Pump Operation to Design</strong></span><strong>\u00a0</strong></p><p style=\"margin-left:0px;\"><span style=\"background-color:rgb(255,255,255);color:rgb(65,65,65);\">Data from the pump curve and design spec sheet can be incorporated into Seeq enabling us to compare our cleansed pump data to design data. (full </span><a href=\"/links?type&#61;workstep&amp;workbook&#61;F977EA0C-8B81-4E58-8641-4B719E963BC7&amp;worksheet&#61;F85C38FF-EB0F-4D17-B32A-5D5DF6BDC148&amp;workstep&#61;ADF2AAC1-140B-45FA-8B51-C4297B0E3136\" rel=\"nofollow noopener noreferrer\"><span style=\"background-color:rgb(255,255,255);color:rgb(65,65,65);\">work step</span></a><span style=\"background-color:rgb(255,255,255);color:rgb(65,65,65);\">)</span></p><ul><li><a href=\"/links?type&#61;workstep&amp;workbook&#61;F977EA0C-8B81-4E58-8641-4B719E963BC7&amp;worksheet&#61;F85C38FF-EB0F-4D17-B32A-5D5DF6BDC148&amp;workstep&#61;8A4D9DF2-DB98-4BD7-90E6-DDA0D1FC42E4\" rel=\"nofollow noopener noreferrer\">Total Flow through the pump (discharge &#43; recirculation)</a></li><li><a href=\"/links?type&#61;workstep&amp;workbook&#61;F977EA0C-8B81-4E58-8641-4B719E963BC7&amp;worksheet&#61;F85C38FF-EB0F-4D17-B32A-5D5DF6BDC148&amp;workstep&#61;6DAC1BFA-1735-4836-B064-10BCB099F6F4\" rel=\"nofollow noopener noreferrer\">Design Discharge Pressure (calculated from total flow &#43; pump curve data)</a></li><li><a href=\"/links?type&#61;workstep&amp;workbook&#61;F977EA0C-8B81-4E58-8641-4B719E963BC7&amp;worksheet&#61;F85C38FF-EB0F-4D17-B32A-5D5DF6BDC148&amp;workstep&#61;E58E1B86-1EC4-46D2-82C7-86CFC19E7414\" rel=\"nofollow noopener noreferrer\">&#43;/-30% boundary limits for design discharge pressure</a></li><li><a href=\"/links?type&#61;workstep&amp;workbook&#61;F977EA0C-8B81-4E58-8641-4B719E963BC7&amp;worksheet&#61;F85C38FF-EB0F-4D17-B32A-5D5DF6BDC148&amp;workstep&#61;ADF2AAC1-140B-45FA-8B51-C4297B0E3136\" rel=\"nofollow noopener noreferrer\">Identify when pump is operating outside of design window</a></li></ul><p><a href=\"/links?type&#61;signal&amp;item&#61;CD00EEB5-0123-4893-8F88-933129BF27A8\" rel=\"nofollow noopener noreferrer\">Lower Discharge Pressure Limit (PumpData_v1)</a></p><p><a href=\"/links?type&#61;signal&amp;item&#61;8A45341F-1E24-41F1-86BD-1AC64F448DDE\" rel=\"nofollow noopener noreferrer\">Upper Discharge Pressure Limit (PumpData_v1)</a></p><p><a href=\"/links?type&#61;workstep&amp;workbook&#61;F977EA0C-8B81-4E58-8641-4B719E963BC7&amp;worksheet&#61;F85C38FF-EB0F-4D17-B32A-5D5DF6BDC148&amp;workstep&#61;EA3089C0-2BF6-4A16-A5D3-154AEDE5E64E\" rel=\"nofollow noopener noreferrer\">Threshold</a></p><p><img src=\"/api/annotations/0EE04AE3-1D9C-7500-BA44-34DCD06B9A2C/images/1611698061516_v1.png\"></p><p style=\"margin-left:0px;\">\u00a0</p><p style=\"margin-left:0px;\"><strong>Step\u00a04</strong><span style=\"background-color:rgb(255,255,255);color:rgb(51,51,51);\"><strong>.\u00a0</strong></span><strong>Pump Operation Mode Comparison</strong></p><p style=\"margin-left:0px;\">With pump curve/design operation incorporated into Seeq, we can begin to define other operating modes based on deviation from the Best Efficiency Point (B.E.P. on image below).</p><p style=\"margin-left:0px;\">We can define conditions for each of these unique operating modes (<a href=\"/links?type&#61;workstep&amp;workbook&#61;F977EA0C-8B81-4E58-8641-4B719E963BC7&amp;worksheet&#61;F85C38FF-EB0F-4D17-B32A-5D5DF6BDC148&amp;workstep&#61;5DED3DEF-0503-41DA-835F-0C60D8F980DB\" rel=\"nofollow noopener noreferrer\">work step</a>), then combine them into a comprehensive Histogram view. (full <a href=\"/links?type&#61;workstep&amp;workbook&#61;F977EA0C-8B81-4E58-8641-4B719E963BC7&amp;worksheet&#61;F85C38FF-EB0F-4D17-B32A-5D5DF6BDC148&amp;workstep&#61;4718DEBE-31C5-4ED9-8B2B-CA38AE3C6855\" rel=\"nofollow noopener noreferrer\">work step</a>)</p><p style=\"margin-left:0px;\"><img class=\"image_resized\" style=\"width:48.05%;\" src=\"/api/annotations/0EE04AE3-1D9C-7500-BA44-34DCD06B9A2C/images/1556217575591_v1_v2.png\"></p><p style=\"margin-left:0px;\"><span style=\"background-color:rgb(255,255,255);color:rgb(51,51,51);\">Based on pump curve, the best operating point is at flowrate of 290 GPM (9942.86 bbl/day)which corresponds with 8100 ft . \u00a0Normal operating mode \u00a0is usually around \u00b110% BEP flowrate (8948 \u00a0to 10937 bbl/day) . Other operating modes are identified based on how far the pump is being operating at from BEP.</span>\u00a0</p><ul><li><a target=\"_blank\" href=\"https://explore.seeq.com/links?type&#61;condition&amp;item&#61;1E3A5A54-3BC1-4609-BD53-E121D8EF34F8\" rel=\"nofollow noopener noreferrer\">High Temp Rise</a> (less than 3977bbl/d)</li><li><a target=\"_blank\" href=\"https://explore.seeq.com/links?type&#61;condition&amp;item&#61;DBD6B62F-7801-454D-8EB2-CD2A023D8228\" rel=\"nofollow noopener noreferrer\">Low Flow Cavitation</a> (3977 to 4971 bbl/d)</li><li><a target=\"_blank\" href=\"https://explore.seeq.com/links?type&#61;condition&amp;item&#61;0B6C4A8C-5199-44A3-94A5-AF9D04DCCE34\" rel=\"nofollow noopener noreferrer\">Low bearing/seal life (low flow)</a> (4971 to 5966 bbl/d)</li><li><a target=\"_blank\" href=\"https://explore.seeq.com/links?type&#61;condition&amp;item&#61;1A62D9A7-2446-4C5F-92D4-4B5B781E52A3\" rel=\"nofollow noopener noreferrer\">Reduced impeller life</a> (5966 to 6960 bbl/d)</li><li><a target=\"_blank\" href=\"https://explore.seeq.com/links?type&#61;condition&amp;item&#61;1275D031-00D0-463F-8140-2D69F38CBF23\" rel=\"nofollow noopener noreferrer\">Suction recirculation</a> (6960 to7954 bbl/d)</li><li><a target=\"_blank\" href=\"https://explore.seeq.com/links?type&#61;condition&amp;item&#61;42FE6DCE-31A1-4E9F-85AD-7555852A8026\" rel=\"nofollow noopener noreferrer\">Discharge recirculation</a> ( 7954 to 8948 bbl/d)</li><li><a target=\"_blank\" href=\"https://explore.seeq.com/links?type&#61;condition&amp;item&#61;881CAA7A-606F-4735-A088-2E872387DE5A\" rel=\"nofollow noopener noreferrer\">Low bearing/seal life (high flow)</a> (10937 to 11931 bbl/d)</li><li><a target=\"_blank\" href=\"https://explore.seeq.com/links?type&#61;condition&amp;item&#61;CEB4AAD7-8CF3-4B8A-8B73-B4616E60056A\" rel=\"nofollow noopener noreferrer\">High flow cavitation</a>\u00a0 (higher than 11931 bbl/d)</li><li><a target=\"_blank\" href=\"https://explore.seeq.com/links?type&#61;condition&amp;item&#61;0DBCC121-58CE-4355-BD22-74CE2A737CF2\" rel=\"nofollow noopener noreferrer\">Cavitation due to low NPSH</a></li><li><a target=\"_blank\" href=\"https://explore.seeq.com/links?type&#61;condition&amp;item&#61;4398526A-C224-441B-AAAB-B3DC6C77D199\" rel=\"nofollow noopener noreferrer\">Normal operation</a> (8948 \u00a0to 10937 bbl/day)</li><li><a href=\"/links?type&#61;workstep&amp;workbook&#61;F977EA0C-8B81-4E58-8641-4B719E963BC7&amp;worksheet&#61;F85C38FF-EB0F-4D17-B32A-5D5DF6BDC148&amp;workstep&#61;4718DEBE-31C5-4ED9-8B2B-CA38AE3C6855\" rel=\"nofollow noopener noreferrer\">Combined Histogram view</a></li></ul><p><img src=\"/api/annotations/0EE04AE3-1D9C-7500-BA44-34DCD06B9A2C/images/1611862315431_v1.png\"></p><p style=\"margin-left:0px;\">\u00a0</p><p style=\"margin-left:0px;\"><strong>Step 5. Pump Daily Health Score Calculation</strong></p><p style=\"margin-left:0px;\">This histogram created in step 4 provides a visual comparison of time spent in different operating modes, but a more useful representation of the data combines the parameters of interest into a single &#34;Daily Health Score&#34; that represents the overall health of the pump. This value can be monitored for deviations from a healthy range, established during the early life of the pump when performance is ideal and efficiency is high. (full <a href=\"/links?type&#61;workstep&amp;workbook&#61;F977EA0C-8B81-4E58-8641-4B719E963BC7&amp;worksheet&#61;F85C38FF-EB0F-4D17-B32A-5D5DF6BDC148&amp;workstep&#61;FF7F1282-854F-4468-AFE7-5CF365EB7C50\" rel=\"nofollow noopener noreferrer\">work step</a>)</p><ul><li>Indicator Calculations<ul><li><a href=\"/links?type&#61;workstep&amp;workbook&#61;F977EA0C-8B81-4E58-8641-4B719E963BC7&amp;worksheet&#61;F85C38FF-EB0F-4D17-B32A-5D5DF6BDC148&amp;workstep&#61;F41104A6-648A-4B8D-8801-33CABC26644D\" rel=\"nofollow noopener noreferrer\">% time in operating beyond 30% of design curve per day</a></li><li><a href=\"/links?type&#61;workstep&amp;workbook&#61;F977EA0C-8B81-4E58-8641-4B719E963BC7&amp;worksheet&#61;F85C38FF-EB0F-4D17-B32A-5D5DF6BDC148&amp;workstep&#61;DB4171E9-B282-4D84-9396-8CF663AA3E45\" rel=\"nofollow noopener noreferrer\">% time in high temperature rise operating mode per day</a></li><li><a href=\"/links?type&#61;workstep&amp;workbook&#61;F977EA0C-8B81-4E58-8641-4B719E963BC7&amp;worksheet&#61;F85C38FF-EB0F-4D17-B32A-5D5DF6BDC148&amp;workstep&#61;33425CA4-3C28-461B-B7A4-889CD8B49F2F\" rel=\"nofollow noopener noreferrer\">% time in low flow cavitation operating mode per day</a></li><li><a href=\"/links?type&#61;workstep&amp;workbook&#61;F977EA0C-8B81-4E58-8641-4B719E963BC7&amp;worksheet&#61;F85C38FF-EB0F-4D17-B32A-5D5DF6BDC148&amp;workstep&#61;DB365C20-B14B-4294-84C1-C56FF12DFF52\" rel=\"nofollow noopener noreferrer\">% time in Low bearing seal life (low flow) operating mode per day</a></li><li><a href=\"/links?type&#61;workstep&amp;workbook&#61;F977EA0C-8B81-4E58-8641-4B719E963BC7&amp;worksheet&#61;F85C38FF-EB0F-4D17-B32A-5D5DF6BDC148&amp;workstep&#61;0A81E0C0-7515-4932-912E-3834B6B08E97\" rel=\"nofollow noopener noreferrer\">% time in Reduced impeller life operating mode per day</a></li><li><a href=\"/links?type&#61;workstep&amp;workbook&#61;F977EA0C-8B81-4E58-8641-4B719E963BC7&amp;worksheet&#61;F85C38FF-EB0F-4D17-B32A-5D5DF6BDC148&amp;workstep&#61;E44ED67E-0734-41CF-86DC-6DF919B2E60A\" rel=\"nofollow noopener noreferrer\">% time in Suction Re-circulation operating mode per day</a></li><li><a href=\"/links?type&#61;workstep&amp;workbook&#61;F977EA0C-8B81-4E58-8641-4B719E963BC7&amp;worksheet&#61;F85C38FF-EB0F-4D17-B32A-5D5DF6BDC148&amp;workstep&#61;2B4370DB-25B5-4982-8AAA-2CF37457C89F\" rel=\"nofollow noopener noreferrer\">% time in Discharge recirculation operating mode per day</a></li><li><a href=\"/links?type&#61;workstep&amp;workbook&#61;F977EA0C-8B81-4E58-8641-4B719E963BC7&amp;worksheet&#61;F85C38FF-EB0F-4D17-B32A-5D5DF6BDC148&amp;workstep&#61;D0117031-DF28-4286-ABDD-1357878F4413\" rel=\"nofollow noopener noreferrer\">% time in Low bearing/seal life (high flow) operating mode per day</a></li><li><a href=\"/links?type&#61;workstep&amp;workbook&#61;F977EA0C-8B81-4E58-8641-4B719E963BC7&amp;worksheet&#61;F85C38FF-EB0F-4D17-B32A-5D5DF6BDC148&amp;workstep&#61;898E5EB9-40D8-44A6-9809-F04A31ABC016\" rel=\"nofollow noopener noreferrer\">% time in High flow cavitation operating mode per day</a></li><li><a href=\"/links?type&#61;workstep&amp;workbook&#61;F977EA0C-8B81-4E58-8641-4B719E963BC7&amp;worksheet&#61;F85C38FF-EB0F-4D17-B32A-5D5DF6BDC148&amp;workstep&#61;49FAFB30-3BCC-4A3F-9F90-D4F44BE02642\" rel=\"nofollow noopener noreferrer\">% time in Cavitation due to low NPSH operating mode per day</a></li><li><a href=\"/links?type&#61;workstep&amp;workbook&#61;F977EA0C-8B81-4E58-8641-4B719E963BC7&amp;worksheet&#61;F85C38FF-EB0F-4D17-B32A-5D5DF6BDC148&amp;workstep&#61;F50AE658-A1F3-409A-9FA0-D61EC30803A3\" rel=\"nofollow noopener noreferrer\">% time in high suction temperature mode</a></li><li><a href=\"/links?type&#61;workstep&amp;workbook&#61;F977EA0C-8B81-4E58-8641-4B719E963BC7&amp;worksheet&#61;F85C38FF-EB0F-4D17-B32A-5D5DF6BDC148&amp;workstep&#61;33E75F05-0F0D-4498-B410-0CA91D9C6E7A\" rel=\"nofollow noopener noreferrer\">% time in operating low drum level mode</a></li></ul></li><li>Historical Benchmarking<ul><li><a href=\"/links?type&#61;workstep&amp;workbook&#61;F977EA0C-8B81-4E58-8641-4B719E963BC7&amp;worksheet&#61;F85C38FF-EB0F-4D17-B32A-5D5DF6BDC148&amp;workstep&#61;38D10E7A-3AC0-488F-BAC5-369F2F1DB708\" rel=\"nofollow noopener noreferrer\">Health Score Upper Limit</a></li><li><a href=\"/links?type&#61;workstep&amp;workbook&#61;F977EA0C-8B81-4E58-8641-4B719E963BC7&amp;worksheet&#61;F85C38FF-EB0F-4D17-B32A-5D5DF6BDC148&amp;workstep&#61;FDEC8B9B-ECD7-490E-8C22-620469E9B5F5\" rel=\"nofollow noopener noreferrer\">Health Score Lower Limit</a></li><li><a href=\"/links?type&#61;workstep&amp;workbook&#61;F977EA0C-8B81-4E58-8641-4B719E963BC7&amp;worksheet&#61;F85C38FF-EB0F-4D17-B32A-5D5DF6BDC148&amp;workstep&#61;E3AA88B7-B5EE-4D46-BDAD-C6C9E14605C6\" rel=\"nofollow noopener noreferrer\">Health Score outside of Historical Limits</a></li></ul></li></ul><p style=\"margin-left:0px;\"><img src=\"/api/annotations/0EE04AE3-1D9C-7500-BA44-34DCD06B9A2C/images/1611863213699_v1.png\"></p><p style=\"margin-left:0px;\">_________________________________________</p><p style=\"margin-left:0px;\">\u00a0</p><p style=\"margin-left:0px;\">Link to <a target=\"_blank\" href=\"https://explore.seeq.com/workbook/4928DD65-24D4-472B-BD93-EC263DCB4B80/worksheet/EF68EA0A-8E49-4BFC-B148-EA7B29120237\" rel=\"nofollow noopener noreferrer\">Organizer Topic</a></p>",
        "ID": "0EE04AE3-1D9C-7500-BA44-34DCD06B9A2C",
        "Is CK Enabled": true,
        "Locked": false,
        "Name": "Pump Health Monitoring",
        "Plain Text Document": "Pump Health MonitoringFlint Hills Resources used Seeq to deploy anomaly detectors across their fleet of over 4000 pieces of equipment and effectively triage these results, allowing them to predict failures early and enable profitable actions. Learn more hereProblem Statement:By identifying leading and lagging indicators of pump health and continuously monitor these indicator variables, poor performance can be detected and corrective actions can be taken.Deviation from Pump CurveSolution:Access the raw data, display the pumps process signal.Cleanse the raw signals by easily removing the downtime and outliers.Identify when process data deviates &#43;/- 30% from the design pump curve. Pump curves can be plotted using Seeq Add-on tool, Plot Digitizer(Do it! Create a notification for when the pump is not in normal operation)Identify the indicators, unique operating modes, based on deviation from the Best Efficiency Point (B.E.P. on reference image below). (all indicators)Quantify the total duration of each indicator on days of the year.Monitor these indicators in an Organizer Topic",
        "Type": "Journal",
        "Unsearchable": false,
        "Updated At": "1730989588660067381"
    }
}