{
    "ID": "F50AE658-A1F3-409A-9FA0-D61EC30803A3",
    "Type": "Workstep",
    "Data": {
        "version": 26,
        "state": {
            "stores": {
                "sqPluginStore": {
                    "pluginState": {}
                },
                "sqWorksheetStore": {
                    "tabsets": {
                        "sidebar": 2
                    },
                    "viewKey": "TREND",
                    "browsePanelCollapsed": false,
                    "displayWidth": 1607,
                    "displayHeight": 508,
                    "resizeEnabled": true,
                    "conditionToSeriesGrouping": {},
                    "capsuleGroupMode": false
                },
                "sqTrendSeriesStore": {
                    "items": [
                        {
                            "axisAlign": "A",
                            "axisAutoScale": true,
                            "lane": 1,
                            "rightAxis": false,
                            "dashStyle": "Solid",
                            "lineWidth": 1,
                            "autoDisabled": false,
                            "axisVisibility": true,
                            "sampleDisplayOption": "line",
                            "id": "34AAA071-CA77-41FA-80F8-8678BC7F3043",
                            "name": "% Daily Time in Low Drum Level Mode",
                            "selected": false,
                            "color": "#CE561B"
                        },
                        {
                            "axisAlign": "B",
                            "axisAutoScale": true,
                            "lane": 2,
                            "rightAxis": false,
                            "dashStyle": "Solid",
                            "lineWidth": 1,
                            "autoDisabled": false,
                            "axisVisibility": true,
                            "sampleDisplayOption": "line",
                            "id": "2B24F004-9310-4805-9062-2B8DDA05403A",
                            "name": "% Daily Time in High Suction Temperature Mode",
                            "selected": true,
                            "color": "#996442"
                        },
                        {
                            "axisAlign": "C",
                            "axisAutoScale": true,
                            "lane": 3,
                            "rightAxis": false,
                            "dashStyle": "Solid",
                            "lineWidth": 1,
                            "autoDisabled": false,
                            "axisVisibility": true,
                            "sampleDisplayOption": "line",
                            "id": "226EEED5-505E-4909-BDD7-E09A3D713DC5",
                            "name": "% Daily Time in Cavitation due to Low NPSH Mode",
                            "selected": false,
                            "color": "#59BC73"
                        },
                        {
                            "axisAlign": "D",
                            "axisAutoScale": true,
                            "lane": 4,
                            "rightAxis": false,
                            "dashStyle": "Solid",
                            "lineWidth": 1,
                            "autoDisabled": false,
                            "axisVisibility": true,
                            "sampleDisplayOption": "line",
                            "id": "4B6A2AAC-9DFB-4131-A1A4-258A3B79CD17",
                            "name": "% Daily Time Outside of Design Curve",
                            "selected": false,
                            "color": "#068C45"
                        },
                        {
                            "axisAlign": "E",
                            "axisAutoScale": true,
                            "lane": 5,
                            "rightAxis": false,
                            "dashStyle": "Solid",
                            "lineWidth": 1,
                            "autoDisabled": false,
                            "axisVisibility": true,
                            "sampleDisplayOption": "line",
                            "id": "DCA0B3EA-4F01-4DDE-8B73-D0CBDA653E4A",
                            "name": "% Daily Time in High Temp Rise Mode",
                            "selected": false,
                            "color": "#AE6A8B"
                        },
                        {
                            "axisAlign": "F",
                            "axisAutoScale": true,
                            "lane": 6,
                            "rightAxis": false,
                            "dashStyle": "Solid",
                            "lineWidth": 1,
                            "autoDisabled": false,
                            "axisVisibility": true,
                            "sampleDisplayOption": "line",
                            "id": "03F65EDA-CE1C-48CA-BACD-2251E03F5044",
                            "name": "% Daily Time in Low Flow Cavitation Mode",
                            "selected": false,
                            "color": "#F27295"
                        },
                        {
                            "axisAlign": "G",
                            "axisAutoScale": true,
                            "lane": 7,
                            "rightAxis": false,
                            "dashStyle": "Solid",
                            "lineWidth": 1,
                            "autoDisabled": false,
                            "axisVisibility": true,
                            "sampleDisplayOption": "line",
                            "id": "03833020-BEAC-44CB-B69A-59EE98269A4A",
                            "name": "% Daily Time in Low Bearing Seal Life (low flow) Mode",
                            "selected": false,
                            "color": "#A1849B"
                        },
                        {
                            "axisAlign": "H",
                            "axisAutoScale": true,
                            "lane": 8,
                            "rightAxis": false,
                            "dashStyle": "Solid",
                            "lineWidth": 1,
                            "autoDisabled": false,
                            "axisVisibility": true,
                            "sampleDisplayOption": "line",
                            "id": "70D4B4CE-D152-4D10-A2EA-A528D035B79E",
                            "name": "% Daily Time in Reduced Impeller Life Mode",
                            "selected": false,
                            "color": "#115B6B"
                        },
                        {
                            "axisAlign": "I",
                            "axisAutoScale": true,
                            "lane": 9,
                            "rightAxis": false,
                            "dashStyle": "Solid",
                            "lineWidth": 1,
                            "autoDisabled": false,
                            "axisVisibility": true,
                            "sampleDisplayOption": "line",
                            "id": "4E286450-8385-4AA7-A904-CE528CB39E42",
                            "name": "% Daily Time in Suction Re-circulation Mode",
                            "selected": false,
                            "color": "#78955F"
                        },
                        {
                            "axisAlign": "J",
                            "axisAutoScale": true,
                            "lane": 10,
                            "rightAxis": false,
                            "dashStyle": "Solid",
                            "lineWidth": 1,
                            "autoDisabled": false,
                            "axisVisibility": true,
                            "sampleDisplayOption": "line",
                            "id": "6F1F4A75-4846-4202-9ECB-C38D4121AFE1",
                            "name": "% Daily Time in Discharge Recirculation Mode",
                            "selected": false,
                            "color": "#7AC0B5"
                        },
                        {
                            "axisAlign": "K",
                            "axisAutoScale": true,
                            "lane": 11,
                            "rightAxis": false,
                            "dashStyle": "Solid",
                            "lineWidth": 1,
                            "autoDisabled": false,
                            "axisVisibility": true,
                            "sampleDisplayOption": "line",
                            "id": "FDC4F440-86CF-4297-9D83-C9B51EEFC8AD",
                            "name": "% Daily Time in Low Bearing/Seal Life (high flow)",
                            "selected": false,
                            "color": "#7197B7"
                        },
                        {
                            "axisAlign": "L",
                            "axisAutoScale": true,
                            "lane": 12,
                            "rightAxis": false,
                            "dashStyle": "Solid",
                            "lineWidth": 1,
                            "autoDisabled": false,
                            "axisVisibility": true,
                            "sampleDisplayOption": "line",
                            "id": "F567A29E-17B8-4DC8-8523-A016C8703A6B",
                            "name": "% Daily Time in High Flow Cavitation Mode",
                            "selected": false,
                            "color": "#068C45"
                        }
                    ],
                    "editingId": null,
                    "previewSeriesDefinition": {}
                },
                "sqDurationStore": {
                    "autoUpdate": {
                        "mode": "OFF",
                        "offset": -12972588707,
                        "manualInterval": {
                            "value": 1,
                            "units": "min"
                        }
                    },
                    "displayRange": {
                        "start": 1541055600000,
                        "end": 1543683600000
                    },
                    "investigateRange": {
                        "start": 1541023200000,
                        "end": 1556561712672
                    }
                },
                "sqTrendCapsuleStore": {
                    "selectedCapsules": [],
                    "stitchDetailsSet": false,
                    "dataStatus": "itemDataPresent",
                    "warningCount": 0,
                    "warningLogs": [],
                    "editingId": null,
                    "previewCapsulesDefinition": {},
                    "items": []
                },
                "sqTrendStore": {
                    "view": "calendar",
                    "enabledColumns": {
                        "CAPSULES": {
                            "startTime": true
                        },
                        "SERIES": {
                            "lane": true
                        }
                    },
                    "propertyColumns": {},
                    "selectedRegion": {
                        "min": 0,
                        "max": 0
                    },
                    "capsuleTimeOffsets": {
                        "lower": 0,
                        "upper": 0
                    },
                    "dataSummary": {
                        "type": "NONE",
                        "value": 0,
                        "discreteUnits": {
                            "value": 0,
                            "units": "min"
                        },
                        "isSlider": true
                    },
                    "capsuleTimeColorMode": "signal",
                    "capsuleAlignment": [],
                    "capsulePreview": false,
                    "showChartConfiguration": false,
                    "dimDataOutsideCapsules": false,
                    "hideUnselectedItems": true,
                    "labelDisplayConfiguration": {
                        "name": "lane",
                        "asset": "off",
                        "assetPathLevels": 1,
                        "unitOfMeasure": "off",
                        "custom": "off",
                        "customLabels": []
                    },
                    "showCapsuleLaneLabels": false,
                    "panelProps": {},
                    "panelSorters": {
                        "CAPSULES": {
                            "sortBy": "startTime",
                            "sortAsc": true
                        },
                        "CAPSULE_SERIES": {
                            "sortBy": "startTime",
                            "sortAsc": true
                        },
                        "SERIES": {
                            "sortBy": "lane",
                            "sortAsc": true
                        },
                        "INVESTIGATE_ITEMS": {
                            "sortBy": "name",
                            "sortAsc": true
                        }
                    },
                    "capsulePanelOffset": 0,
                    "capsulePanelHasNext": true,
                    "showGridlines": false
                },
                "sqScorecardStore": {
                    "metrics": []
                },
                "sqTrendCapsuleSetStore": {
                    "items": [
                        {
                            "autoDisabled": false,
                            "id": "1F3913D1-32A9-4C8B-9C5F-39F700926311",
                            "name": "Daily",
                            "selected": false,
                            "color": "#4055A3"
                        }
                    ]
                },
                "sqScatterPlotStore": {
                    "xSeries": {},
                    "ySeries": {},
                    "selector": {
                        "low": 0.5,
                        "high": 0.75
                    },
                    "selectedRegion": {
                        "xMin": null,
                        "xMax": null,
                        "yMin": null,
                        "yMax": null,
                        "id": null,
                        "dateTime": null
                    },
                    "viewRegion": {
                        "xMin": null,
                        "xMax": null,
                        "yMin": null,
                        "yMax": null,
                        "id": null,
                        "dateTime": null
                    },
                    "fxLines": [],
                    "colorConditionIds": [],
                    "colorRanges": [],
                    "plotMode": "DISPLAY_RANGE",
                    "connect": false,
                    "showTooltips": false,
                    "isMarkerSizeCustom": false
                },
                "sqExploreFolderModalStore": {
                    "pageSize": 5
                },
                "sqExploreWorkbookModalStore": {
                    "pageSize": 5
                },
                "sqInvestigateStore": {
                    "item": {},
                    "activeTool": "overview",
                    "displayMode": "NEW",
                    "derivedDataPanelOpen": true
                },
                "sqCapsuleSetSeriesStore": {
                    "originalParameters": [],
                    "advancedParametersCollapsed": true,
                    "params": {
                        "interpolation": "DISCRETE",
                        "stat": {
                            "timeUnits": "s"
                        },
                        "maximumDuration": {}
                    }
                },
                "sqImportDatafileStore": {
                    "uploadFilename": "",
                    "filename": "",
                    "keyColumnIndex": 1,
                    "keyColumnName": "",
                    "interpolationMethod": {
                        "text": "IMPORTS.INTERPOLATION.LINEAR",
                        "value": "Linear"
                    },
                    "validationMode": {
                        "text": "IMPORTS.VALIDATION_MODE_TYPES.FAIL",
                        "value": "Fail"
                    },
                    "fileOutputType": {
                        "text": "IMPORTS.FILE_OUTPUT_TYPES.REPLACE",
                        "value": "Replace"
                    },
                    "fieldDelimiter": {
                        "symbol": ",",
                        "value": "Comma"
                    },
                    "maxInterpolation": {
                        "value": 40,
                        "units": "h"
                    },
                    "namePrefix": "",
                    "nameSuffix": "",
                    "firstDataRow": 2,
                    "nameRow": 1,
                    "description": "",
                    "optionalParametersCollapsedState": true,
                    "valueColumnOption": {
                        "text": "IMPORTS.VALUE_COLUMN.ALL",
                        "value": "All"
                    },
                    "valueUom": "",
                    "lenientDaylightSavings": false,
                    "itemType": {
                        "text": "IMPORTS.SIGNAL",
                        "value": "Signal"
                    },
                    "maxDuration": {
                        "value": 40,
                        "units": "h"
                    },
                    "endColumnName": "",
                    "conditionName": "",
                    "dayFirstDefault": {
                        "text": "IMPORTS.FIRST.MONTH",
                        "value": false
                    },
                    "originalParameters": [],
                    "advancedParametersCollapsed": true
                },
                "sqPredictionPanelStore": {
                    "originalParameters": [],
                    "advancedParametersCollapsed": true,
                    "option": "linear",
                    "polynomialValue": 2,
                    "mustGoThroughZero": false,
                    "lambda": 0,
                    "windowStart": 1541055600000,
                    "windowEnd": 1543683600000,
                    "modelExpanded": false,
                    "regressionMethod": "OLS",
                    "variableSelection": 0.05,
                    "variableSelectionEnabled": false
                },
                "sqAncillariesPanelStore": {
                    "inProgress": false,
                    "inProgressItem": "item1",
                    "name": "",
                    "type": "",
                    "item1": {},
                    "item2": {}
                },
                "sqExportODataPanelStore": {
                    "name": "Pump Health Monitoring - MASTER",
                    "originalParameters": [],
                    "advancedParametersCollapsed": true,
                    "autoupdateTimeRange": false,
                    "timeRange": {
                        "start": 1541055600000,
                        "end": 1543683600000
                    },
                    "gridOption": "automatic",
                    "gridSize": {
                        "units": "min"
                    }
                },
                "sqReferencePanelStore": {
                    "originalParameters": [],
                    "advancedParametersCollapsed": true,
                    "windowStart": 1541055600000,
                    "windowEnd": 1543683600000,
                    "griddingPeriod": {
                        "value": 5,
                        "units": "min"
                    },
                    "referenceStat": "",
                    "multiplier": 1
                },
                "sqAggregationBinStore": {
                    "originalParameters": [],
                    "advancedParametersCollapsed": true,
                    "mode": "by_y_value",
                    "includeEmptyBuckets": true,
                    "yValueSignal": "",
                    "stat": {
                        "key": null,
                        "timeUnits": "s"
                    },
                    "aggregationConfigs": [
                        {
                            "id": 1,
                            "mode": "by_y_value",
                            "capsuleMode": "overlap",
                            "yValueBinMode": "size",
                            "valid": false
                        }
                    ]
                },
                "sqLowPassFilterStore": {
                    "originalParameters": [],
                    "advancedParametersCollapsed": true,
                    "cutoff": {},
                    "period": {},
                    "taps": 33,
                    "autoPeriod": true,
                    "autoTaps": true
                },
                "sqItemPropertiesStore": {
                    "advancedParametersCollapsed": true
                },
                "sqPeriodicConditionStore": {
                    "originalParameters": [],
                    "advancedParametersCollapsed": true,
                    "frequencies": [],
                    "weekStart": "Day.Sunday",
                    "quarterStart": {
                        "month": "Month.January",
                        "day": 1
                    },
                    "shift": {
                        "offset": 8,
                        "duration": 8
                    },
                    "offset": {}
                },
                "sqTrendScalarStore": {
                    "items": []
                },
                "sqTreemapStore": {
                    "parent": {},
                    "statistics": []
                },
                "sqTrendTableStore": {
                    "items": []
                },
                "sqPowerSearchStore": {
                    "originalParameters": [],
                    "advancedParametersCollapsed": true,
                    "formula": "",
                    "parameters": [],
                    "navigationStack": []
                },
                "sqTrendMetricStore": {
                    "scorecardHeaders": {
                        "type": "startEnd",
                        "format": "lll"
                    },
                    "scorecardColumns": [
                        {
                            "id": "iyCIGRoH4vVCj41Hs1mpmA",
                            "type": "name",
                            "backgroundColor": "#ffffff"
                        }
                    ],
                    "dataStatus": "itemDataPresent",
                    "warningCount": 0,
                    "warningLogs": [],
                    "items": []
                },
                "sqThresholdMetricStore": {
                    "originalParameters": [],
                    "advancedParametersCollapsed": true,
                    "processType": "Simple",
                    "aggregationOperator": {
                        "key": null,
                        "timeUnits": "s"
                    },
                    "duration": {},
                    "period": {},
                    "thresholds": {}
                },
                "sqCustomConditionStore": {
                    "originalParameters": [],
                    "advancedParametersCollapsed": true
                },
                "sqCapsuleGroupStore": {
                    "capsules": []
                },
                "sqScatterConditionStore": {
                    "originalParameters": [],
                    "advancedParametersCollapsed": true,
                    "isBounding": false,
                    "isCleansing": false,
                    "minDuration": {
                        "value": 0,
                        "units": "min"
                    },
                    "mergeDuration": {
                        "value": 0,
                        "units": "min"
                    }
                },
                "sqFftStore": {
                    "originalParameters": [],
                    "advancedParametersCollapsed": true,
                    "rateType": true,
                    "rate": {},
                    "outputUnits": "min",
                    "highPass": {},
                    "lowPass": {},
                    "useHighPass": false,
                    "useLowPass": false
                },
                "sqCompositeSearchStore": {
                    "originalParameters": [],
                    "advancedParametersCollapsed": true,
                    "isUpgradedUnionCondition": false,
                    "inclusiveA": true,
                    "inclusiveB": true
                },
                "sqSearchStore": {
                    "nameFilter": "Suction recirculation 2",
                    "descriptionFilter": "",
                    "typeFilter": [],
                    "datasourceFilter": [],
                    "sortBy": "",
                    "isAdvancedMode": false,
                    "mode": "search",
                    "currentAsset": ""
                },
                "sqVisualSearchStore": {
                    "originalParameters": [],
                    "advancedParametersCollapsed": true,
                    "similarity": 98,
                    "normalizeAmplitude": true,
                    "normalizeLocation": true,
                    "selectedRegion": {}
                },
                "sqValueSearchStore": {
                    "originalParameters": [],
                    "advancedParametersCollapsed": true,
                    "isSimple": true,
                    "useValidValues": false,
                    "isCleansing": false,
                    "simpleValue": null,
                    "simpleLowerValue": null,
                    "minDuration": {
                        "value": 0,
                        "units": "min"
                    },
                    "mergeDuration": {
                        "value": 0,
                        "units": "min"
                    },
                    "advancedEntryValue": null,
                    "advancedEntryLowerValue": null,
                    "advancedEntryDuration": {
                        "value": 0,
                        "units": "min"
                    },
                    "advancedExitValue": null,
                    "advancedExitDuration": {
                        "value": 0,
                        "units": "min"
                    },
                    "isMigratedDeviationSearch": false,
                    "version": "V3"
                },
                "sqCursorStore": {
                    "calendarCursors": [],
                    "capsuleCursors": [],
                    "showValues": true
                },
                "sqReportContentStore": {
                    "width": 700,
                    "height": 394,
                    "sizeKey": "medium",
                    "shapeKey": "rectangle",
                    "scale": 1,
                    "workbookFolderId": "",
                    "workbooksSearch": "",
                    "workbooksFilter": "OWNER",
                    "workbooksSortField": "NAME",
                    "workbooksSortAsc": false,
                    "dateVariableId": "",
                    "size": "medium",
                    "shape": "rectangle",
                    "customWidth": 1024,
                    "customHeight": 768,
                    "contentHeight": 100,
                    "contentWidth": 100
                }
            }
        }
    }
}