{
    "ID": "0EF45157-A4C3-E860-B81E-E6615B1122AE",
    "Type": "Workstep",
    "Data": {
        "version": 62,
        "state": {
            "stores": {
                "sqAssetGroupStore": {
                    "id": "",
                    "assets": [],
                    "name": "",
                    "description": "",
                    "errors": [],
                    "isLoading": false,
                    "hasUnsavedChanges": false
                },
                "sqInvestigateStore": {
                    "item": {
                        "id": "8A45341F-1E24-41F1-86BD-1AC64F448DDE",
                        "name": "Upper Discharge Pressure Limit",
                        "itemType": "seriesDisplayType",
                        "iconClass": "fc fc-series",
                        "calculationType": "power-search",
                        "isArchived": false
                    },
                    "activeTool": "formula",
                    "displayMode": "EDIT",
                    "derivedDataPanelOpen": false
                },
                "sqPluginStore": {
                    "pluginState": {}
                },
                "sqDurationStore": {
                    "autoUpdate": {
                        "mode": "OFF",
                        "offset": -12956501996,
                        "manualInterval": {
                            "value": 1,
                            "units": "min"
                        }
                    },
                    "displayRange": {
                        "start": 1541055600000,
                        "end": 1543683600000
                    },
                    "investigateRange": {
                        "start": 1541055600000,
                        "end": 1543699653174
                    }
                },
                "sqExploreFolderModalStore": {
                    "pageSize": 5
                },
                "sqExploreWorkbookModalStore": {
                    "pageSize": 5
                },
                "sqWorksheetStore": {
                    "tabsets": {
                        "sidebar": 2
                    },
                    "originalViewKey": "TREND",
                    "viewKey": "TREND",
                    "selectedIdsForView": {},
                    "conditionToSeriesGrouping": {},
                    "capsuleGroupMode": false,
                    "showAssetSelectionWarnings": true,
                    "displayAssetGroupEditor": false,
                    "displayTableDefinitionView": false,
                    "browsePanelCollapsed": false,
                    "displayWidth": 1348,
                    "displayHeight": 796,
                    "resizeEnabled": true
                },
                "sqSearchStore": {
                    "nameFilter": "",
                    "isExactName": false,
                    "descriptionFilter": "",
                    "typeFilter": [],
                    "datasourceFilter": [],
                    "sortBy": "",
                    "isAdvancedMode": false,
                    "mode": "recent",
                    "currentAsset": "",
                    "selectAllChecked": false,
                    "selectedItemIds": [],
                    "recentDatasourceFilters": []
                },
                "sqCompositeSearchStore": {
                    "originalParameters": [],
                    "advancedParametersCollapsed": true,
                    "color": "",
                    "isUpgradedUnionCondition": false,
                    "inclusiveA": true,
                    "inclusiveB": true,
                    "matchProperty": "n/a",
                    "useEarliestStart": true,
                    "keepProperties": false
                },
                "sqConditionWithPropertiesStore": {
                    "originalParameters": [],
                    "advancedParametersCollapsed": true,
                    "properties": [
                        {
                            "stringSignal": "",
                            "propertyName": ""
                        },
                        {
                            "stringSignal": "",
                            "propertyName": ""
                        }
                    ]
                },
                "sqValueSearchStore": {
                    "originalParameters": [],
                    "advancedParametersCollapsed": true,
                    "inputSignal": {
                        "predicate": [
                            "name",
                            "a"
                        ]
                    },
                    "isSimple": true,
                    "useValidValues": false,
                    "isCleansing": false,
                    "simpleValue": null,
                    "simpleLowerValue": null,
                    "minDuration": {
                        "value": 0,
                        "units": "min"
                    },
                    "mergeDuration": {
                        "value": 0,
                        "units": "min"
                    },
                    "advancedEntryValue": null,
                    "advancedEntryLowerValue": null,
                    "advancedEntryDuration": {
                        "value": 0,
                        "units": "min"
                    },
                    "advancedExitValue": null,
                    "advancedExitDuration": {
                        "value": 0,
                        "units": "min"
                    },
                    "isMigratedDeviationSearch": false,
                    "version": "V3"
                },
                "sqItemPropertiesStore": {
                    "advancedParametersCollapsed": true,
                    "duplicatingItemId": "C79A16DE-4565-4D14-A557-B0001CFA9EBB"
                },
                "sqManualSignalStore": {
                    "originalParameters": [],
                    "advancedParametersCollapsed": true,
                    "interpolationMethod": "Linear",
                    "maximumInterpolation": {
                        "value": "40",
                        "units": "h"
                    },
                    "samples": [],
                    "sort": {
                        "asc": false,
                        "property": "dateTime"
                    },
                    "color": ""
                },
                "sqManualConditionStore": {
                    "originalParameters": [],
                    "advancedParametersCollapsed": true,
                    "color": ""
                },
                "sqFftStore": {
                    "originalParameters": [],
                    "advancedParametersCollapsed": true,
                    "signalToAggregate": {
                        "predicate": [
                            "name",
                            "signalToAggregate"
                        ]
                    },
                    "rateType": true,
                    "rate": {},
                    "outputUnits": "min",
                    "highPass": {},
                    "lowPass": {},
                    "useHighPass": false,
                    "useLowPass": false
                },
                "sqAggregationBinStore": {
                    "signalToAggregate": {
                        "predicate": [
                            "name",
                            "signalToAggregate"
                        ]
                    },
                    "mode": "by_y_value",
                    "includeEmptyBuckets": true,
                    "yValueSignal": "",
                    "stat": {
                        "key": null,
                        "timeUnits": "s"
                    },
                    "aggregationConfigs": [
                        {
                            "id": 1,
                            "mode": "by_y_value",
                            "capsuleMode": "intersect",
                            "yValueBinMode": "size",
                            "valid": false
                        }
                    ]
                },
                "sqSignalFromConditionStore": {
                    "originalParameters": [],
                    "advancedParametersCollapsed": true,
                    "inputItem": {
                        "predicate": [
                            "name",
                            "series"
                        ]
                    },
                    "condition": {
                        "predicate": [
                            "name",
                            "capsules"
                        ]
                    },
                    "interpolation": "DISCRETE",
                    "stat": {
                        "timeUnits": "s"
                    },
                    "color": ""
                },
                "sqPeriodicConditionStore": {
                    "originalParameters": [],
                    "advancedParametersCollapsed": true,
                    "timezone": "Asia/Kuala_Lumpur",
                    "frequencies": [],
                    "weekStart": "Day.Sunday",
                    "quarterStart": {
                        "month": "Month.January",
                        "day": 1
                    },
                    "shift": {
                        "offset": 8,
                        "duration": 8
                    },
                    "offset": {
                        "value": 0,
                        "units": "min"
                    },
                    "customDuration": {
                        "value": 0,
                        "units": "h"
                    },
                    "customPeriod": {
                        "value": 0,
                        "units": "h"
                    },
                    "customPeriodDisable": true
                },
                "sqProfileSearchStore": {
                    "originalParameters": [],
                    "advancedParametersCollapsed": true,
                    "inputSignal": {
                        "predicate": [
                            "name",
                            "a"
                        ]
                    },
                    "similarity": 98,
                    "normalizeAmplitude": true,
                    "normalizeLocation": true,
                    "selectedRegion": {}
                },
                "sqPredictionPanelStore": {
                    "originalParameters": [],
                    "advancedParametersCollapsed": true,
                    "option": "linear",
                    "polynomialValue": 2,
                    "mustGoThroughZero": false,
                    "lambda": 0,
                    "windowStart": 1541055600000,
                    "windowEnd": 1543683600000,
                    "modelExpanded": false,
                    "regressionMethod": "OLS",
                    "variableSelection": 0.05,
                    "isRefreshRateEnabled": false,
                    "variableSelectionEnabled": false,
                    "color": ""
                },
                "sqSignalSmoothingStore": {
                    "originalParameters": [],
                    "advancedParametersCollapsed": true,
                    "inputSignal": {
                        "predicate": [
                            "name",
                            "inputSignal"
                        ]
                    },
                    "algorithmSelectedValue": "seeq-agile",
                    "samplingRate": {},
                    "smoothingWindow": {},
                    "cutoff": {},
                    "polynomialFactor": 2,
                    "isSamplingRateAuto": true,
                    "isCutoffAuto": true,
                    "isTau": true,
                    "tau": {
                        "value": 10,
                        "units": "min"
                    },
                    "alpha": 0.9,
                    "isMigratedLowPassFilter": false,
                    "color": ""
                },
                "sqDigitalFilterStore": {
                    "originalParameters": [],
                    "advancedParametersCollapsed": true,
                    "inputSignal": {
                        "predicate": [
                            "name",
                            "inputSignal"
                        ]
                    },
                    "cutoff": {},
                    "cutoff2": {},
                    "samplingRate": {},
                    "windowSize": {},
                    "isAutoSamplingRate": true,
                    "isAutoWindowSize": true,
                    "color": ""
                },
                "sqTrendMetricStore": {
                    "items": [
                        {
                            "axisAlign": "A",
                            "axisAutoScale": true,
                            "lane": 2,
                            "rightAxis": false,
                            "dashStyle": "Solid",
                            "lineWidth": 1,
                            "autoDisabled": false,
                            "axisVisibility": true,
                            "yAxisConfig": {
                                "min": 1395.5656582801982,
                                "max": 4323.889943149871
                            },
                            "yAxisMin": 1491.3519666637858,
                            "yAxisMax": 4228.103634766284,
                            "yAxisType": "linear",
                            "sampleDisplayOption": "line",
                            "id": "EAE96026-B7F1-438B-995A-07700027B21B",
                            "name": "Design vs Actual Threshold",
                            "selected": true,
                            "color": "#4B7ABD"
                        }
                    ]
                },
                "sqTrendTableStore": {
                    "items": []
                },
                "sqReferencePanelStore": {
                    "originalParameters": [],
                    "advancedParametersCollapsed": true,
                    "windowStart": 1541055600000,
                    "windowEnd": 1543683600000,
                    "griddingPeriod": {
                        "value": 5,
                        "units": "min"
                    },
                    "referenceStat": "",
                    "multiplier": 1,
                    "inputGroups": [
                        {
                            "inputSignal": {},
                            "inputCondition": {}
                        }
                    ]
                },
                "sqDisplayToolStore": {
                    "originalParameters": [],
                    "advancedParametersCollapsed": true,
                    "isScaled": true
                },
                "sqTrendScalarStore": {
                    "items": []
                },
                "sqTrendSeriesStore": {
                    "items": [
                        {
                            "axisAlign": "A",
                            "axisAutoScale": true,
                            "lane": 2,
                            "rightAxis": false,
                            "dashStyle": "Solid",
                            "lineWidth": 1,
                            "autoDisabled": false,
                            "axisVisibility": true,
                            "yAxisType": "linear",
                            "sampleDisplayOption": "line",
                            "id": "D1E02085-32EF-41DE-8BBA-850B2C0A0D70",
                            "name": "Cleansed Discharge Pressure",
                            "selected": true,
                            "color": "#002060",
                            "interpolationMethod": "Linear"
                        },
                        {
                            "axisAlign": "A",
                            "axisAutoScale": true,
                            "lane": 2,
                            "rightAxis": false,
                            "dashStyle": "Solid",
                            "lineWidth": 1,
                            "autoDisabled": false,
                            "axisVisibility": true,
                            "yAxisType": "linear",
                            "sampleDisplayOption": "line",
                            "id": "CD00EEB5-0123-4893-8F88-933129BF27A8",
                            "name": "Lower Discharge Pressure Limit",
                            "selected": true,
                            "color": "#4B7ABD",
                            "interpolationMethod": "Linear"
                        },
                        {
                            "axisAlign": "A",
                            "axisAutoScale": true,
                            "lane": 2,
                            "rightAxis": false,
                            "dashStyle": "Solid",
                            "lineWidth": 1,
                            "autoDisabled": false,
                            "axisVisibility": true,
                            "yAxisType": "linear",
                            "sampleDisplayOption": "line",
                            "id": "8A45341F-1E24-41F1-86BD-1AC64F448DDE",
                            "name": "Upper Discharge Pressure Limit",
                            "selected": true,
                            "color": "#4B7ABD",
                            "interpolationMethod": "Linear"
                        },
                        {
                            "axisAlign": "B",
                            "axisAutoScale": true,
                            "lane": 3,
                            "rightAxis": false,
                            "dashStyle": "Solid",
                            "lineWidth": 1,
                            "autoDisabled": false,
                            "axisVisibility": true,
                            "yAxisType": "linear",
                            "sampleDisplayOption": "line",
                            "id": "C79A16DE-4565-4D14-A557-B0001CFA9EBB",
                            "name": "Discharge Pressure from Pump Curve",
                            "selected": false,
                            "color": "#59BC73",
                            "interpolationMethod": "Linear"
                        }
                    ],
                    "editingId": null,
                    "previewSeriesDefinition": {}
                },
                "sqImportDatafileStore": {
                    "uploadFilename": "",
                    "filename": "",
                    "keyColumnIndex": 1,
                    "keyColumnName": "",
                    "interpolationMethod": {
                        "text": "IMPORTS.INTERPOLATION.LINEAR",
                        "value": "Linear"
                    },
                    "validationMode": {
                        "text": "IMPORTS.VALIDATION_MODE_TYPES.FAIL",
                        "value": "Fail"
                    },
                    "fileOutputType": {
                        "text": "IMPORTS.FILE_OUTPUT_TYPES.REPLACE",
                        "value": "Replace"
                    },
                    "fieldDelimiter": {
                        "text": ",",
                        "value": "Comma"
                    },
                    "maxInterpolation": {
                        "value": 40,
                        "units": "h"
                    },
                    "namePrefix": "",
                    "nameSuffix": "",
                    "firstDataRow": 2,
                    "nameRow": 1,
                    "description": "",
                    "valueColumnOption": {
                        "text": "IMPORTS.VALUE_COLUMN.ALL",
                        "value": "All"
                    },
                    "valueUom": "",
                    "lenientDaylightSavings": false,
                    "itemType": {
                        "text": "IMPORTS.SIGNAL",
                        "value": "Signal"
                    },
                    "maxDuration": {
                        "value": 40,
                        "units": "h"
                    },
                    "endColumnName": "",
                    "conditionName": "",
                    "dayFirstDefault": {
                        "text": "IMPORTS.FIRST.MONTH",
                        "value": false
                    },
                    "originalParameters": [],
                    "advancedParametersCollapsed": true
                },
                "sqTrendCapsuleStore": {
                    "selectedCapsules": [],
                    "dataStatus": "itemDataPresent",
                    "warningCount": 0,
                    "warningLogs": [],
                    "timingInformation": "",
                    "meterInformation": "",
                    "capsulesPerPage": 30,
                    "editingId": null,
                    "previewCapsulesDefinition": {},
                    "items": [
                        {
                            "id": "3D1A926F-D776-4E93-B34F-0559C96B5CC2_1543538154596034083L:550898698",
                            "startTime": 1543538154596,
                            "endTime": 1543682040000,
                            "isChildOf": "3D1A926F-D776-4E93-B34F-0559C96B5CC2",
                            "childType": "itemChildrenTypeCapsule",
                            "isUncertain": true,
                            "itemType": "capsuleDisplayType",
                            "cursorKey": 1543602000000000000
                        }
                    ]
                },
                "sqCapsuleGroupStore": {
                    "capsules": []
                },
                "sqCursorStore": {
                    "calendarCursors": [],
                    "capsuleCursors": [],
                    "showValues": true
                },
                "sqTrendConditionStore": {
                    "items": [
                        {
                            "lane": 1,
                            "lineWidth": 1,
                            "autoDisabled": false,
                            "id": "3D1A926F-D776-4E93-B34F-0559C96B5CC2",
                            "name": "Deviation from Pump Curve",
                            "selected": true,
                            "color": "#FF0000"
                        }
                    ]
                },
                "sqTrendStore": {
                    "view": "calendar",
                    "isCompareMode": false,
                    "enabledColumns": {
                        "CAPSULES": {
                            "startTime": true
                        },
                        "SERIES": {
                            "lane": true,
                            "asset": true
                        }
                    },
                    "propertyColumns": {},
                    "selectedRegion": {
                        "min": 0,
                        "max": 0
                    },
                    "selectedRegionOptions": {},
                    "capsuleTimeOffsets": {
                        "lower": 0,
                        "upper": 0
                    },
                    "dataSummary": {
                        "type": "NONE",
                        "value": 0,
                        "discreteUnits": {
                            "value": 0,
                            "units": "min"
                        },
                        "isSlider": true
                    },
                    "canCapsulesExpand": true,
                    "capsuleTimeColorMode": "signal",
                    "compareViewColorMode": "rainbow",
                    "capsulePreview": false,
                    "customizationMode": "off",
                    "dimDataOutsideCapsules": false,
                    "hideUnselectedItems": true,
                    "labelDisplayConfiguration": {
                        "name": "lane",
                        "description": "off",
                        "asset": "off",
                        "assetPathLevels": 1,
                        "line": "off",
                        "unitOfMeasure": "off",
                        "custom": "off",
                        "customLabels": []
                    },
                    "showCapsuleLaneLabels": false,
                    "panelProps": {
                        "BOTTOM": {
                            "leftPanelWidth": 1092,
                            "height": "20.4%"
                        }
                    },
                    "panelSorters": {
                        "CAPSULES": {
                            "sortBy": "startTime",
                            "sortAsc": true
                        },
                        "CAPSULE_SERIES": {
                            "sortBy": "startTime",
                            "sortAsc": true
                        },
                        "SERIES": {
                            "sortBy": "lane",
                            "sortAsc": true
                        },
                        "INVESTIGATE_ITEMS": {
                            "sortBy": "name",
                            "sortAsc": true
                        }
                    },
                    "capsulePanelFilters": {},
                    "capsulePanelOffset": 0,
                    "capsulePanelMaxOffset": 0,
                    "capsulePanelHasNext": false,
                    "showGridlines": false,
                    "capsuleProperties": [],
                    "hideUncertainty": false,
                    "capsuleAlignment": [],
                    "showChartConfiguration": false
                },
                "sqTreemapStore": {
                    "parent": {},
                    "statistics": []
                },
                "sqExportExcelPanelStore": {
                    "name": "Promotional - Pump Health Monitoring",
                    "originalParameters": [],
                    "advancedParametersCollapsed": true,
                    "exportStatistics": true,
                    "exportSamples": true,
                    "exportCapsules": true,
                    "timeRange": {
                        "start": 1541055600000,
                        "end": 1543683600000
                    },
                    "exportTimeZone": {
                        "name": "Asia/Kuala_Lumpur",
                        "displayName": "Asia/Kuala_Lumpur",
                        "offset": "+08:00",
                        "offsetMinutes": 480
                    },
                    "gridOption": "custom",
                    "gridSize": {
                        "value": 30,
                        "units": "min"
                    },
                    "gridOrigin": 1672502400000,
                    "gridOriginEnabled": false,
                    "chainView": false,
                    "capsuleTime": false,
                    "samplesMode": "calendar",
                    "exportData": true
                },
                "sqScatterPlotStore": {
                    "xSignal": null,
                    "ySignals": [],
                    "selector": {
                        "low": 0.5,
                        "high": 0.75
                    },
                    "selectedRegion": {
                        "x": {
                            "min": null,
                            "max": null
                        },
                        "ys": {}
                    },
                    "viewRegion": {
                        "x": {
                            "min": null,
                            "max": null
                        },
                        "ys": {}
                    },
                    "fxLines": [],
                    "colorConditionIds": [],
                    "colorByItemColor": false,
                    "colorRanges": [],
                    "plotMode": "DISPLAY_RANGE",
                    "plotView": "SCATTER_PLOT",
                    "connect": false,
                    "showTooltips": false,
                    "isMarkerSizeCustom": false,
                    "densityPlotData": [],
                    "numXBins": 40,
                    "numYBins": 20,
                    "xBinSize": 0,
                    "yBinSize": 0,
                    "groupCount": 0,
                    "seriesCount": 0
                },
                "sqExportODataPanelStore": {
                    "name": "Promotional - Pump Health Monitoring",
                    "originalParameters": [],
                    "advancedParametersCollapsed": true,
                    "autoupdateTimeRange": false,
                    "timeRange": {
                        "start": 1541055600000,
                        "end": 1543683600000
                    },
                    "exportTimeZone": {
                        "name": "Asia/Kuala_Lumpur",
                        "displayName": "Asia/Kuala_Lumpur",
                        "offset": "+08:00",
                        "offsetMinutes": 480
                    },
                    "gridOption": "custom",
                    "gridSize": {
                        "value": 30,
                        "units": "min"
                    },
                    "gridOrigin": 1672502400000,
                    "gridOriginEnabled": false,
                    "exportNameSuffix": "",
                    "chainView": false,
                    "capsuleTime": false,
                    "worksheetLink": "",
                    "samplesMode": "calendar"
                },
                "sqTableBuilderStore": {
                    "mode": "condition",
                    "headers": {
                        "condition": {
                            "type": "startEnd",
                            "format": "lll"
                        },
                        "simple": {
                            "type": "startEnd",
                            "format": "lll"
                        }
                    },
                    "columns": {
                        "condition": [
                            {
                                "backgroundColor": "#ffffff",
                                "key": "name",
                                "headerTextAlign": "center",
                                "headerTextStyle": [
                                    "bold"
                                ]
                            }
                        ],
                        "simple": [
                            {
                                "key": "name",
                                "headerTextAlign": "center",
                                "headerTextStyle": [
                                    "bold"
                                ]
                            },
                            {
                                "key": "valueUnitOfMeasure",
                                "headerTextAlign": "center",
                                "headerTextStyle": [
                                    "bold"
                                ]
                            }
                        ]
                    },
                    "otherColumns": {
                        "condition": {},
                        "simple": {}
                    },
                    "autoGroupColumn": {},
                    "rowGroupPaths": {
                        "condition": [],
                        "simple": []
                    },
                    "isTransposed": {
                        "condition": false,
                        "simple": false
                    },
                    "assetId": {},
                    "isHomogenizeUnits": {
                        "condition": false,
                        "simple": false
                    },
                    "hasMoreData": false,
                    "isMigrating": false,
                    "chartView": {
                        "enabled": false,
                        "settings": {
                            "title": "",
                            "legend": true,
                            "dataLabels": true,
                            "categoryLabels": true,
                            "rows": [],
                            "columns": [],
                            "categoryColumns": [
                                "name"
                            ],
                            "showSettings": false,
                            "position": {
                                "x": 100,
                                "y": 100
                            }
                        },
                        "conditionEnabled": false
                    },
                    "useSignalColorsInChart": true,
                    "itemFilters": {},
                    "itemSorts": {}
                },
                "sqFormulaToolStore": {
                    "id": "C79A16DE-4565-4D14-A557-B0001CFA9EBB",
                    "name": "Discharge Pressure from Pump Curve",
                    "originalParameters": [
                        {
                            "isAssetGroupItem": false,
                            "includedProperties": {},
                            "parameters": [],
                            "id": "958290B8-449A-4ECD-AE50-9C327F4B6F45",
                            "name": "SG",
                            "type": "CalculatedSignal",
                            "ancestors": [],
                            "hasChildren": false,
                            "isArchived": false,
                            "isRedacted": false,
                            "valueUnitOfMeasure": "",
                            "itemType": "seriesDisplayType",
                            "signalMetadata": {
                                "interpolationMethod": "Step",
                                "keyUnitOfMeasure": "ns",
                                "maxInterpolation": {
                                    "uom": "d",
                                    "value": 10
                                },
                                "valueUnitOfMeasure": ""
                            },
                            "assets": [
                                {
                                    "formattedName": "",
                                    "pathComponentIds": []
                                }
                            ]
                        },
                        {
                            "valueUnitOfMeasure": "bbl/d",
                            "isAssetGroupItem": false,
                            "includedProperties": {},
                            "parameters": [],
                            "id": "98757903-79CB-4F59-BF56-0B5EFB88C60D",
                            "name": "Total Flow Through Pump",
                            "type": "CalculatedSignal",
                            "ancestors": [],
                            "hasChildren": false,
                            "isArchived": false,
                            "isRedacted": false,
                            "itemType": "seriesDisplayType",
                            "signalMetadata": {
                                "interpolationMethod": "Linear",
                                "keyUnitOfMeasure": "ns",
                                "maxInterpolation": {
                                    "uom": "s",
                                    "value": 1200
                                },
                                "valueUnitOfMeasure": "bbl/d"
                            },
                            "assets": [
                                {
                                    "formattedName": "",
                                    "pathComponentIds": []
                                }
                            ]
                        }
                    ],
                    "maximumDuration": {
                        "value": 1,
                        "units": "day"
                    },
                    "advancedParametersCollapsed": true,
                    "configVersion": 11,
                    "formula": "//Bring in pump design curve\n$PressFT =(-0.02763928815*$TotalFlow.convertUnits('gal/min')*$TotalFlow.convertUnits('gal/min')).setUnits('')-(0.4742592803*$TotalFlow.convertUnits('gal/min')).setUnits('')+8995.55514 \n\n//Convert to PSI\n$PressFT*0.433*$fluidSG.setUnits('psi')",
                    "parameters": [
                        {
                            "identifier": "fluidSG",
                            "item": {
                                "isAssetGroupItem": false,
                                "includedProperties": {},
                                "parameters": [],
                                "id": "958290B8-449A-4ECD-AE50-9C327F4B6F45",
                                "name": "SG",
                                "type": "CalculatedSignal",
                                "ancestors": [],
                                "hasChildren": false,
                                "isArchived": false,
                                "isRedacted": false,
                                "valueUnitOfMeasure": "",
                                "itemType": "seriesDisplayType",
                                "signalMetadata": {
                                    "interpolationMethod": "Step",
                                    "keyUnitOfMeasure": "ns",
                                    "maxInterpolation": {
                                        "uom": "d",
                                        "value": 10
                                    },
                                    "valueUnitOfMeasure": ""
                                },
                                "assets": [
                                    {
                                        "formattedName": "",
                                        "pathComponentIds": []
                                    }
                                ]
                            }
                        },
                        {
                            "identifier": "TotalFlow",
                            "item": {
                                "valueUnitOfMeasure": "bbl/d",
                                "isAssetGroupItem": false,
                                "includedProperties": {},
                                "parameters": [],
                                "id": "98757903-79CB-4F59-BF56-0B5EFB88C60D",
                                "name": "Total Flow Through Pump",
                                "type": "CalculatedSignal",
                                "ancestors": [],
                                "hasChildren": false,
                                "isArchived": false,
                                "isRedacted": false,
                                "itemType": "seriesDisplayType",
                                "signalMetadata": {
                                    "interpolationMethod": "Linear",
                                    "keyUnitOfMeasure": "ns",
                                    "maxInterpolation": {
                                        "uom": "s",
                                        "value": 1200
                                    },
                                    "valueUnitOfMeasure": "bbl/d"
                                },
                                "assets": [
                                    {
                                        "formattedName": "",
                                        "pathComponentIds": []
                                    }
                                ]
                            }
                        }
                    ],
                    "helpShown": true,
                    "helpView": "documentation",
                    "scopedTo": "F977EA0C-8B81-4E58-8641-4B719E963BC7"
                },
                "sqThresholdMetricStore": {
                    "id": "EAE96026-B7F1-438B-995A-07700027B21B",
                    "name": "Design vs Actual Threshold",
                    "originalParameters": [
                        {
                            "id": "8A45341F-1E24-41F1-86BD-1AC64F448DDE",
                            "name": "Upper Discharge Pressure Limit",
                            "type": "CalculatedSignal",
                            "isArchived": false,
                            "isRedacted": false,
                            "valueUnitOfMeasure": "psi",
                            "itemType": "seriesDisplayType",
                            "signalMetadata": {
                                "interpolationMethod": "Linear",
                                "keyUnitOfMeasure": "ns",
                                "maxInterpolation": {
                                    "uom": "s",
                                    "value": 1200
                                },
                                "valueUnitOfMeasure": "psi"
                            },
                            "assets": [
                                {
                                    "formattedName": "",
                                    "pathComponentIds": []
                                }
                            ]
                        },
                        {
                            "id": "CD00EEB5-0123-4893-8F88-933129BF27A8",
                            "name": "Lower Discharge Pressure Limit",
                            "type": "CalculatedSignal",
                            "isArchived": false,
                            "isRedacted": false,
                            "valueUnitOfMeasure": "psi",
                            "itemType": "seriesDisplayType",
                            "signalMetadata": {
                                "interpolationMethod": "Linear",
                                "keyUnitOfMeasure": "ns",
                                "maxInterpolation": {
                                    "uom": "s",
                                    "value": 1200
                                },
                                "valueUnitOfMeasure": "psi"
                            },
                            "assets": [
                                {
                                    "formattedName": "",
                                    "pathComponentIds": []
                                }
                            ]
                        },
                        {
                            "id": "D1E02085-32EF-41DE-8BBA-850B2C0A0D70",
                            "name": "Cleansed Discharge Pressure",
                            "type": "CalculatedSignal",
                            "ancestors": [],
                            "hasChildren": false,
                            "isArchived": false,
                            "isRedacted": false,
                            "valueUnitOfMeasure": "psi",
                            "itemType": "seriesDisplayType",
                            "signalMetadata": {
                                "interpolationMethod": "Linear",
                                "keyUnitOfMeasure": "ns",
                                "maxInterpolation": {
                                    "uom": "s",
                                    "value": 60
                                },
                                "valueUnitOfMeasure": "psi"
                            },
                            "assets": [
                                {
                                    "formattedName": "",
                                    "pathComponentIds": []
                                }
                            ]
                        }
                    ],
                    "advancedParametersCollapsed": true,
                    "configVersion": 11,
                    "measuredItem": {
                        "id": "D1E02085-32EF-41DE-8BBA-850B2C0A0D70",
                        "name": "Cleansed Discharge Pressure",
                        "itemType": "seriesDisplayType",
                        "valueUnitOfMeasure": "psi",
                        "signalMetadata": {
                            "interpolationMethod": "Linear",
                            "keyUnitOfMeasure": "ns",
                            "maxInterpolation": {
                                "uom": "s",
                                "value": 60
                            },
                            "valueUnitOfMeasure": "psi"
                        }
                    },
                    "processType": "Simple",
                    "aggregationOperator": {
                        "key": null,
                        "timeUnits": "s"
                    },
                    "duration": {},
                    "period": {},
                    "boundingConditionMaximumDuration": {
                        "value": 40,
                        "units": "h"
                    },
                    "thresholds": {
                        "3": {
                            "threshold": "8A45341F-1E24-41F1-86BD-1AC64F448DDE",
                            "color": "#ffffff"
                        },
                        "-3": {
                            "threshold": "CD00EEB5-0123-4893-8F88-933129BF27A8",
                            "color": "#ffffff"
                        }
                    },
                    "neutralColor": "#0070C0",
                    "scopedTo": "F977EA0C-8B81-4E58-8641-4B719E963BC7"
                },
                "sqScatterConditionStore": {
                    "originalParameters": [],
                    "advancedParametersCollapsed": true,
                    "isBounding": false,
                    "isCleansing": false,
                    "minDuration": {
                        "value": 0,
                        "units": "min"
                    },
                    "mergeDuration": {
                        "value": 0,
                        "units": "min"
                    }
                },
                "sqScorecardStore": {
                    "metrics": []
                },
                "sqDashboardStore": {
                    "columnCount": 12,
                    "content": []
                },
                "sqLayoutStore": {
                    "assetGroupEditorVisible": false,
                    "tableDefinitionEditorVisible": false,
                    "displayPaneAddOnCapsulesPanelEnabled": false,
                    "displayPaneAddOnDetailsPanelEnabled": false,
                    "trendVisible": true,
                    "autofocusToolsTab": false,
                    "sidePanelCollapsed": false,
                    "layoutLocked": false,
                    "calculationHierarchyInTab": false
                }
            }
        }
    }
}