{
  "0EE24DEB-DB66-7150-825B-11BC86513BC8": {
    "Definition": {
      "Datasource ID": "Imported CSV Files",
      "Source Value Unit Of Measure": "\u00b0C",
      "Description": "column = GC Temperature 30%; last file imported = Vapor Cut Demo_Lab Data.csv",
      "Enabled": true,
      "Last Key Written": {
        "Value": 1690396922000000000,
        "Unit Of Measure": "ns"
      },
      "Archived": false,
      "Cache ID": "0EE24DEB-DB6D-6680-92ED-8B82335B00D0",
      "Datasource Class": "Imported CSV Files",
      "Cache Enabled": false,
      "Data ID": "0ee24deb-db06-fde0-b006-a44541542485-GC Temperature 30%-SIGNAL",
      "Value Unit Of Measure": "\u00b0C",
      "Interpolation Method": "None",
      "Stored Series Cache Version": 1,
      "Unsearchable": false,
      "Storage Location": "FILE_SIGNAL_STORAGE",
      "Source Maximum Interpolation": "40h",
      "Locked": false,
      "Maximum Interpolation": "0h",
      "ID": "0EE24DEB-DB66-7150-825B-11BC86513BC8",
      "Name": "GC Temperature 30%",
      "Type": "StoredSignal",
      "Parent ID": "0EE24DEB-DB06-FDE0-B006-A44541542485",
      "Path": null,
      "Asset": "Vapor Cut Demo_Lab Data"
    },
    "Periods": [
      {
        "Start": "2022-07-01T15:41:00+00:00",
        "End": "2023-07-06T15:41:00+00:00"
      },
      {
        "Start": "2021-07-01T14:34:20+00:00",
        "End": "2024-07-05T16:47:40+00:00",
        "Added by User": true
      }
    ]
  },
  "0EE24DEB-DB96-EE90-A43A-2CD7E0A60559": {
    "Definition": {
      "Datasource ID": "Imported CSV Files",
      "Source Value Unit Of Measure": "\u00b0C",
      "Description": "column = GC Temperature 99%; last file imported = Vapor Cut Demo_Lab Data.csv",
      "Enabled": true,
      "Last Key Written": {
        "Value": 1690396922000000000,
        "Unit Of Measure": "ns"
      },
      "Archived": false,
      "Cache ID": "0EE24DEB-DB9B-ECB0-ABCB-978007733B52",
      "Datasource Class": "Imported CSV Files",
      "Cache Enabled": false,
      "Data ID": "0ee24deb-db06-fde0-b006-a44541542485-GC Temperature 99%-SIGNAL",
      "Value Unit Of Measure": "\u00b0C",
      "Interpolation Method": "None",
      "Stored Series Cache Version": 1,
      "Unsearchable": false,
      "Storage Location": "FILE_SIGNAL_STORAGE",
      "Source Maximum Interpolation": "40h",
      "Locked": false,
      "Maximum Interpolation": "0h",
      "ID": "0EE24DEB-DB96-EE90-A43A-2CD7E0A60559",
      "Name": "GC Temperature 99%",
      "Type": "StoredSignal",
      "Parent ID": "0EE24DEB-DB06-FDE0-B006-A44541542485",
      "Path": null,
      "Asset": "Vapor Cut Demo_Lab Data"
    },
    "Periods": [
      {
        "Start": "2022-07-01T15:41:00+00:00",
        "End": "2023-07-06T15:41:00+00:00"
      },
      {
        "Start": "2021-07-01T14:34:20+00:00",
        "End": "2024-07-05T16:47:40+00:00",
        "Added by User": true
      }
    ]
  },
  "0EE24DEB-DB88-6430-BDE4-2F8A6442BFA9": {
    "Definition": {
      "Datasource ID": "Imported CSV Files",
      "Source Value Unit Of Measure": "\u00b0C",
      "Description": "column = GC Temperature 80%; last file imported = Vapor Cut Demo_Lab Data.csv",
      "Enabled": true,
      "Last Key Written": {
        "Value": 1690396922000000000,
        "Unit Of Measure": "ns"
      },
      "Archived": false,
      "Cache ID": "0EE24DEB-DB8A-FB40-8577-5A22BB342E98",
      "Datasource Class": "Imported CSV Files",
      "Cache Enabled": false,
      "Data ID": "0ee24deb-db06-fde0-b006-a44541542485-GC Temperature 80%-SIGNAL",
      "Value Unit Of Measure": "\u00b0C",
      "Interpolation Method": "None",
      "Stored Series Cache Version": 1,
      "Unsearchable": false,
      "Storage Location": "FILE_SIGNAL_STORAGE",
      "Source Maximum Interpolation": "40h",
      "Locked": false,
      "Maximum Interpolation": "0h",
      "ID": "0EE24DEB-DB88-6430-BDE4-2F8A6442BFA9",
      "Name": "GC Temperature 80%",
      "Type": "StoredSignal",
      "Parent ID": "0EE24DEB-DB06-FDE0-B006-A44541542485",
      "Path": null,
      "Asset": "Vapor Cut Demo_Lab Data"
    },
    "Periods": [
      {
        "Start": "2022-07-01T15:41:00+00:00",
        "End": "2023-07-06T15:41:00+00:00"
      },
      {
        "Start": "2021-07-01T14:34:20+00:00",
        "End": "2024-07-05T16:47:40+00:00",
        "Added by User": true
      }
    ]
  },
  "0EE24DEB-DB61-7330-988C-5882DF55DA0A": {
    "Definition": {
      "Datasource ID": "Imported CSV Files",
      "Source Value Unit Of Measure": "\u00b0C",
      "Description": "column = GC Temperature 20%; last file imported = Vapor Cut Demo_Lab Data.csv",
      "Enabled": true,
      "Last Key Written": {
        "Value": 1690396922000000000,
        "Unit Of Measure": "ns"
      },
      "Archived": false,
      "Cache ID": "0EE24DEB-DB66-7150-8510-FC57A236A153",
      "Datasource Class": "Imported CSV Files",
      "Cache Enabled": false,
      "Data ID": "0ee24deb-db06-fde0-b006-a44541542485-GC Temperature 20%-SIGNAL",
      "Value Unit Of Measure": "\u00b0C",
      "Interpolation Method": "None",
      "Stored Series Cache Version": 1,
      "Unsearchable": false,
      "Storage Location": "FILE_SIGNAL_STORAGE",
      "Source Maximum Interpolation": "40h",
      "Locked": false,
      "Maximum Interpolation": "0h",
      "ID": "0EE24DEB-DB61-7330-988C-5882DF55DA0A",
      "Name": "GC Temperature 20%",
      "Type": "StoredSignal",
      "Parent ID": "0EE24DEB-DB06-FDE0-B006-A44541542485",
      "Path": null,
      "Asset": "Vapor Cut Demo_Lab Data"
    },
    "Periods": [
      {
        "Start": "2022-07-01T15:41:00+00:00",
        "End": "2023-07-06T15:41:00+00:00"
      },
      {
        "Start": "2021-07-01T14:34:20+00:00",
        "End": "2024-07-05T16:47:40+00:00",
        "Added by User": true
      }
    ]
  },
  "0EE24DB5-3BE9-6220-9656-CD2C9CA18E40": {
    "Definition": {
      "Datasource ID": "Seeq Data Lab",
      "Sync Token": "2023-07-17T19:51:31.606522",
      "Unit Of Measure": "ns",
      "Maximum Duration": "2d",
      "Scoped To": "0EE0AC65-2515-FB90-852E-03DD227F8EB1",
      "Enabled": true,
      "Last Key Written": {
        "Value": 1687478400000000000,
        "Unit Of Measure": "ns"
      },
      "Archived": false,
      "Cache ID": "0EE24DB5-3F8B-64F0-A114-E2BCB854DA61",
      "Datasource Class": "Seeq Data Lab",
      "Cache Enabled": false,
      "Data ID": "[0EE0AC65-2515-FB90-852E-03DD227F8EB1] {Condition} SAP Crude Tank Inventory",
      "Stored Series Cache Version": 1,
      "Unsearchable": false,
      "Storage Location": "POSTGRES",
      "Locked": false,
      "ID": "0EE24DB5-3BE9-6220-9656-CD2C9CA18E40",
      "Name": "SAP Crude Tank Inventory",
      "Type": "StoredCondition",
      "Capsule Property Units": {
        "API Gravity": "",
        "Seattle Crude Tank Feed (kbd)": "",
        "San Leandro Light Tank Feed (kbd)": "",
        "CCR (wt%)": "",
        "Pittsburgh Heavy Tank Feed (kbd)": "",
        "Sulfur (wt%)": "",
        "Houston Crude Tank Feed (kbd)": ""
      }
    },
    "Periods": [
      {
        "Start": "2022-07-01T15:41:00+00:00",
        "End": "2023-07-06T15:41:00+00:00"
      },
      {
        "Start": "2021-07-01T14:34:20+00:00",
        "End": "2024-07-05T16:47:40+00:00",
        "Added by User": true
      }
    ]
  },
  "0EE24DB6-9B19-EEB0-AFBD-C05F7C464D63": {
    "Definition": {
      "Datasource ID": "Seeq Data Lab",
      "Source Value Unit Of Measure": "kbbl/hr",
      "Sync Token": "2023-07-17T19:52:08.433820",
      "Scoped To": "0EE0AC65-2515-FB90-852E-03DD227F8EB1",
      "Enabled": true,
      "Last Key Written": {
        "Value": 1686718800000000000,
        "Unit Of Measure": "ns"
      },
      "Archived": false,
      "Cache ID": "0EE24DB6-9CE4-EE70-8832-07081BFCC4C3",
      "Datasource Class": "Seeq Data Lab",
      "Cache Enabled": false,
      "Data ID": "[0EE0AC65-2515-FB90-852E-03DD227F8EB1] {Signal} Pipeline Flow Rate",
      "Value Unit Of Measure": "kbbl/h",
      "Interpolation Method": "Linear",
      "Stored Series Cache Version": 1,
      "Unsearchable": false,
      "Storage Location": "FILE_SIGNAL_STORAGE",
      "Locked": false,
      "Maximum Interpolation": "40h",
      "ID": "0EE24DB6-9B19-EEB0-AFBD-C05F7C464D63",
      "Name": "Pipeline Flow Rate",
      "Type": "StoredSignal"
    },
    "Periods": [
      {
        "Start": "2022-07-01T15:41:00+00:00",
        "End": "2023-07-06T15:41:00+00:00"
      },
      {
        "Start": "2021-07-01T14:34:20+00:00",
        "End": "2024-07-05T16:47:40+00:00",
        "Added by User": true
      }
    ]
  },
  "0EE24DEB-DB6D-6680-A7A5-E7C68B93B9BD": {
    "Definition": {
      "Datasource ID": "Imported CSV Files",
      "Source Value Unit Of Measure": "\u00b0C",
      "Description": "column = GC Temperature 40%; last file imported = Vapor Cut Demo_Lab Data.csv",
      "Enabled": true,
      "Last Key Written": {
        "Value": 1690396922000000000,
        "Unit Of Measure": "ns"
      },
      "Archived": false,
      "Cache ID": "0EE24DEB-DB74-FBB0-BBC8-6CCA55D5282D",
      "Datasource Class": "Imported CSV Files",
      "Cache Enabled": false,
      "Data ID": "0ee24deb-db06-fde0-b006-a44541542485-GC Temperature 40%-SIGNAL",
      "Value Unit Of Measure": "\u00b0C",
      "Interpolation Method": "None",
      "Stored Series Cache Version": 1,
      "Unsearchable": false,
      "Storage Location": "FILE_SIGNAL_STORAGE",
      "Source Maximum Interpolation": "40h",
      "Locked": false,
      "Maximum Interpolation": "0h",
      "ID": "0EE24DEB-DB6D-6680-A7A5-E7C68B93B9BD",
      "Name": "GC Temperature 40%",
      "Type": "StoredSignal",
      "Parent ID": "0EE24DEB-DB06-FDE0-B006-A44541542485",
      "Path": null,
      "Asset": "Vapor Cut Demo_Lab Data"
    },
    "Periods": [
      {
        "Start": "2022-07-01T15:41:00+00:00",
        "End": "2023-07-06T15:41:00+00:00"
      },
      {
        "Start": "2021-07-01T14:34:20+00:00",
        "End": "2024-07-05T16:47:40+00:00",
        "Added by User": true
      }
    ]
  },
  "0EE24DEB-DB57-66F0-9C17-119140DD7326": {
    "Definition": {
      "Datasource ID": "Imported CSV Files",
      "Source Value Unit Of Measure": "\u00b0C",
      "Description": "column = GC Temperature 5%; last file imported = Vapor Cut Demo_Lab Data.csv",
      "Enabled": true,
      "Last Key Written": {
        "Value": 1690396922000000000,
        "Unit Of Measure": "ns"
      },
      "Archived": false,
      "Cache ID": "0EE24DEB-DB59-EE00-BBB2-A84F28C60F11",
      "Datasource Class": "Imported CSV Files",
      "Cache Enabled": false,
      "Data ID": "0ee24deb-db06-fde0-b006-a44541542485-GC Temperature 5%-SIGNAL",
      "Value Unit Of Measure": "\u00b0C",
      "Interpolation Method": "None",
      "Stored Series Cache Version": 1,
      "Unsearchable": false,
      "Storage Location": "FILE_SIGNAL_STORAGE",
      "Source Maximum Interpolation": "40h",
      "Locked": false,
      "Maximum Interpolation": "0h",
      "ID": "0EE24DEB-DB57-66F0-9C17-119140DD7326",
      "Name": "GC Temperature 5%",
      "Type": "StoredSignal",
      "Parent ID": "0EE24DEB-DB06-FDE0-B006-A44541542485",
      "Path": null,
      "Asset": "Vapor Cut Demo_Lab Data"
    },
    "Periods": [
      {
        "Start": "2022-07-01T15:41:00+00:00",
        "End": "2023-07-06T15:41:00+00:00"
      },
      {
        "Start": "2021-07-01T14:34:20+00:00",
        "End": "2024-07-05T16:47:40+00:00",
        "Added by User": true
      }
    ]
  },
  "0EE24DEB-DB4D-EAB0-9A1C-AD752BDA6B48": {
    "Definition": {
      "Datasource ID": "Imported CSV Files",
      "Source Value Unit Of Measure": "\u00b0C",
      "Description": "column = GC Temperature 0.5%; last file imported = Vapor Cut Demo_Lab Data.csv",
      "Enabled": true,
      "Last Key Written": {
        "Value": 1690396922000000000,
        "Unit Of Measure": "ns"
      },
      "Archived": false,
      "Cache ID": "0EE24DEB-DB54-FFE0-A4CF-68688DDB975D",
      "Datasource Class": "Imported CSV Files",
      "Cache Enabled": false,
      "Data ID": "0ee24deb-db06-fde0-b006-a44541542485-GC Temperature 0.5%-SIGNAL",
      "Value Unit Of Measure": "\u00b0C",
      "Interpolation Method": "None",
      "Stored Series Cache Version": 1,
      "Unsearchable": false,
      "Storage Location": "FILE_SIGNAL_STORAGE",
      "Source Maximum Interpolation": "40h",
      "Locked": false,
      "Maximum Interpolation": "0h",
      "ID": "0EE24DEB-DB4D-EAB0-9A1C-AD752BDA6B48",
      "Name": "GC Temperature 0.5%",
      "Type": "StoredSignal",
      "Parent ID": "0EE24DEB-DB06-FDE0-B006-A44541542485",
      "Path": null,
      "Asset": "Vapor Cut Demo_Lab Data"
    },
    "Periods": [
      {
        "Start": "2022-07-01T15:41:00+00:00",
        "End": "2023-07-06T15:41:00+00:00"
      },
      {
        "Start": "2021-07-01T14:34:20+00:00",
        "End": "2024-07-05T16:47:40+00:00",
        "Added by User": true
      }
    ]
  },
  "0EE24DEB-DB77-62C0-8472-49D7C207C24D": {
    "Definition": {
      "Datasource ID": "Imported CSV Files",
      "Source Value Unit Of Measure": "\u00b0C",
      "Description": "column = GC Temperature 50%; last file imported = Vapor Cut Demo_Lab Data.csv",
      "Enabled": true,
      "Last Key Written": {
        "Value": 1690396922000000000,
        "Unit Of Measure": "ns"
      },
      "Archived": false,
      "Cache ID": "0EE24DEB-DB7C-60E0-94FC-A765AAA309B7",
      "Datasource Class": "Imported CSV Files",
      "Cache Enabled": false,
      "Data ID": "0ee24deb-db06-fde0-b006-a44541542485-GC Temperature 50%-SIGNAL",
      "Value Unit Of Measure": "\u00b0C",
      "Interpolation Method": "None",
      "Stored Series Cache Version": 1,
      "Unsearchable": false,
      "Storage Location": "FILE_SIGNAL_STORAGE",
      "Source Maximum Interpolation": "40h",
      "Locked": false,
      "Maximum Interpolation": "0h",
      "ID": "0EE24DEB-DB77-62C0-8472-49D7C207C24D",
      "Name": "GC Temperature 50%",
      "Type": "StoredSignal",
      "Parent ID": "0EE24DEB-DB06-FDE0-B006-A44541542485",
      "Path": null,
      "Asset": "Vapor Cut Demo_Lab Data"
    },
    "Periods": [
      {
        "Start": "2022-07-01T15:41:00+00:00",
        "End": "2023-07-06T15:41:00+00:00"
      },
      {
        "Start": "2021-07-01T14:34:20+00:00",
        "End": "2024-07-05T16:47:40+00:00",
        "Added by User": true
      }
    ]
  },
  "0EE24DEB-DB7E-77F0-866E-740E226E68ED": {
    "Definition": {
      "Datasource ID": "Imported CSV Files",
      "Source Value Unit Of Measure": "\u00b0C",
      "Description": "column = GC Temperature 60%; last file imported = Vapor Cut Demo_Lab Data.csv",
      "Enabled": true,
      "Last Key Written": {
        "Value": 1690396922000000000,
        "Unit Of Measure": "ns"
      },
      "Archived": false,
      "Cache ID": "0EE24DEB-DB83-6610-81B9-8FB2A1892A27",
      "Datasource Class": "Imported CSV Files",
      "Cache Enabled": false,
      "Data ID": "0ee24deb-db06-fde0-b006-a44541542485-GC Temperature 60%-SIGNAL",
      "Value Unit Of Measure": "\u00b0C",
      "Interpolation Method": "None",
      "Stored Series Cache Version": 1,
      "Unsearchable": false,
      "Storage Location": "FILE_SIGNAL_STORAGE",
      "Source Maximum Interpolation": "40h",
      "Locked": false,
      "Maximum Interpolation": "0h",
      "ID": "0EE24DEB-DB7E-77F0-866E-740E226E68ED",
      "Name": "GC Temperature 60%",
      "Type": "StoredSignal",
      "Parent ID": "0EE24DEB-DB06-FDE0-B006-A44541542485",
      "Path": null,
      "Asset": "Vapor Cut Demo_Lab Data"
    },
    "Periods": [
      {
        "Start": "2022-07-01T15:41:00+00:00",
        "End": "2023-07-06T15:41:00+00:00"
      },
      {
        "Start": "2021-07-01T14:34:20+00:00",
        "End": "2024-07-05T16:47:40+00:00",
        "Added by User": true
      }
    ]
  },
  "0EE24DEB-DB8D-6250-9F8B-4F8E34E61B79": {
    "Definition": {
      "Datasource ID": "Imported CSV Files",
      "Source Value Unit Of Measure": "\u00b0C",
      "Description": "column = GC Temperature 90%; last file imported = Vapor Cut Demo_Lab Data.csv",
      "Enabled": true,
      "Last Key Written": {
        "Value": 1690396922000000000,
        "Unit Of Measure": "ns"
      },
      "Archived": false,
      "Cache ID": "0EE24DEB-DB8F-F960-B2D0-88D92B45759A",
      "Datasource Class": "Imported CSV Files",
      "Cache Enabled": false,
      "Data ID": "0ee24deb-db06-fde0-b006-a44541542485-GC Temperature 90%-SIGNAL",
      "Value Unit Of Measure": "\u00b0C",
      "Interpolation Method": "None",
      "Stored Series Cache Version": 1,
      "Unsearchable": false,
      "Storage Location": "FILE_SIGNAL_STORAGE",
      "Source Maximum Interpolation": "40h",
      "Locked": false,
      "Maximum Interpolation": "0h",
      "ID": "0EE24DEB-DB8D-6250-9F8B-4F8E34E61B79",
      "Name": "GC Temperature 90%",
      "Type": "StoredSignal",
      "Parent ID": "0EE24DEB-DB06-FDE0-B006-A44541542485",
      "Path": null,
      "Asset": "Vapor Cut Demo_Lab Data"
    },
    "Periods": [
      {
        "Start": "2022-07-01T15:41:00+00:00",
        "End": "2023-07-06T15:41:00+00:00"
      },
      {
        "Start": "2021-07-01T14:34:20+00:00",
        "End": "2024-07-05T16:47:40+00:00",
        "Added by User": true
      }
    ]
  },
  "0EE24DEB-DB83-6610-B02A-9F3A4543B139": {
    "Definition": {
      "Datasource ID": "Imported CSV Files",
      "Source Value Unit Of Measure": "\u00b0C",
      "Description": "column = GC Temperature 70%; last file imported = Vapor Cut Demo_Lab Data.csv",
      "Enabled": true,
      "Last Key Written": {
        "Value": 1690396922000000000,
        "Unit Of Measure": "ns"
      },
      "Archived": false,
      "Cache ID": "0EE24DEB-DB85-FD20-A50A-FC1390269DF3",
      "Datasource Class": "Imported CSV Files",
      "Cache Enabled": false,
      "Data ID": "0ee24deb-db06-fde0-b006-a44541542485-GC Temperature 70%-SIGNAL",
      "Value Unit Of Measure": "\u00b0C",
      "Interpolation Method": "None",
      "Stored Series Cache Version": 1,
      "Unsearchable": false,
      "Storage Location": "FILE_SIGNAL_STORAGE",
      "Source Maximum Interpolation": "40h",
      "Locked": false,
      "Maximum Interpolation": "0h",
      "ID": "0EE24DEB-DB83-6610-B02A-9F3A4543B139",
      "Name": "GC Temperature 70%",
      "Type": "StoredSignal",
      "Parent ID": "0EE24DEB-DB06-FDE0-B006-A44541542485",
      "Path": null,
      "Asset": "Vapor Cut Demo_Lab Data"
    },
    "Periods": [
      {
        "Start": "2022-07-01T15:41:00+00:00",
        "End": "2023-07-06T15:41:00+00:00"
      },
      {
        "Start": "2021-07-01T14:34:20+00:00",
        "End": "2024-07-05T16:47:40+00:00",
        "Added by User": true
      }
    ]
  },
  "0EE24DEB-DB92-6070-97FE-C006F50DE890": {
    "Definition": {
      "Datasource ID": "Imported CSV Files",
      "Source Value Unit Of Measure": "\u00b0C",
      "Description": "column = GC Temperature 95%; last file imported = Vapor Cut Demo_Lab Data.csv",
      "Enabled": true,
      "Last Key Written": {
        "Value": 1690396922000000000,
        "Unit Of Measure": "ns"
      },
      "Archived": false,
      "Cache ID": "0EE24DEB-DB94-7780-BEA9-FCCB99BDB8FC",
      "Datasource Class": "Imported CSV Files",
      "Cache Enabled": false,
      "Data ID": "0ee24deb-db06-fde0-b006-a44541542485-GC Temperature 95%-SIGNAL",
      "Value Unit Of Measure": "\u00b0C",
      "Interpolation Method": "None",
      "Stored Series Cache Version": 1,
      "Unsearchable": false,
      "Storage Location": "FILE_SIGNAL_STORAGE",
      "Source Maximum Interpolation": "40h",
      "Locked": false,
      "Maximum Interpolation": "0h",
      "ID": "0EE24DEB-DB92-6070-97FE-C006F50DE890",
      "Name": "GC Temperature 95%",
      "Type": "StoredSignal",
      "Parent ID": "0EE24DEB-DB06-FDE0-B006-A44541542485",
      "Path": null,
      "Asset": "Vapor Cut Demo_Lab Data"
    },
    "Periods": [
      {
        "Start": "2022-07-01T15:41:00+00:00",
        "End": "2023-07-06T15:41:00+00:00"
      },
      {
        "Start": "2021-07-01T14:34:20+00:00",
        "End": "2024-07-05T16:47:40+00:00",
        "Added by User": true
      }
    ]
  },
  "7B87F723-B704-4040-886F-7DED1E7C8591": {
    "Definition": {
      "Datasource ID": "trainingData",
      "Source Value Unit Of Measure": "F",
      "Sync Token": "2023-02-16T00:00:00.365541947Z",
      "Enabled": true,
      "Key Unit Of Measure": "ns",
      "Archived": false,
      "Cache ID": "6E7413B7-3EED-4A54-B61D-53D11FFE4860",
      "Datasource Class": "Time Series CSV Files",
      "Cache Enabled": false,
      "Data ID": "[Tag] Coil Inlet Temperature.sim.ts.csv",
      "Value Unit Of Measure": "\u00b0F",
      "Interpolation Method": "Linear",
      "Stored Series Cache Version": 1,
      "Unsearchable": false,
      "Source Maximum Interpolation": "7560000000000ns",
      "Locked": false,
      "Maximum Interpolation": "7560.0s",
      "ID": "7B87F723-B704-4040-886F-7DED1E7C8591",
      "Name": "Coil Inlet Temperature",
      "Type": "StoredSignal"
    },
    "Periods": [
      {
        "Start": "2022-07-01T15:41:00+00:00",
        "End": "2023-07-06T15:41:00+00:00"
      },
      {
        "Start": "2021-07-01T14:34:20+00:00",
        "End": "2024-07-05T16:47:40+00:00",
        "Added by User": true
      }
    ]
  },
  "0EE24DEB-DB5C-7510-9656-C04B08D2DEC7": {
    "Definition": {
      "Datasource ID": "Imported CSV Files",
      "Source Value Unit Of Measure": "\u00b0C",
      "Description": "column = GC Temperature 10%; last file imported = Vapor Cut Demo_Lab Data.csv",
      "Enabled": true,
      "Last Key Written": {
        "Value": 1690396922000000000,
        "Unit Of Measure": "ns"
      },
      "Archived": false,
      "Cache ID": "0EE24DEB-DB5E-EC20-8D58-0D2CEB7CB170",
      "Datasource Class": "Imported CSV Files",
      "Cache Enabled": false,
      "Data ID": "0ee24deb-db06-fde0-b006-a44541542485-GC Temperature 10%-SIGNAL",
      "Value Unit Of Measure": "\u00b0C",
      "Interpolation Method": "None",
      "Stored Series Cache Version": 1,
      "Unsearchable": false,
      "Storage Location": "FILE_SIGNAL_STORAGE",
      "Source Maximum Interpolation": "40h",
      "Locked": false,
      "Maximum Interpolation": "0h",
      "ID": "0EE24DEB-DB5C-7510-9656-C04B08D2DEC7",
      "Name": "GC Temperature 10%",
      "Type": "StoredSignal",
      "Parent ID": "0EE24DEB-DB06-FDE0-B006-A44541542485",
      "Path": null,
      "Asset": "Vapor Cut Demo_Lab Data"
    },
    "Periods": [
      {
        "Start": "2022-07-01T15:41:00+00:00",
        "End": "2023-07-06T15:41:00+00:00"
      },
      {
        "Start": "2021-07-01T14:34:20+00:00",
        "End": "2024-07-05T16:47:40+00:00",
        "Added by User": true
      }
    ]
  }
}