{
    "263DABD5-BA13-4C42-93ED-671C4EC23CE6": {
        "Archived": false,
        "Datasource Class": "OSIsoft AF",
        "Datasource ID": "6d77cda6-254d-4274-8378-38a4a025b3c7",
        "ID": "263DABD5-BA13-4C42-93ED-671C4EC23CE6",
        "Name": "AF Cloud Server",
        "Type": "Datasource"
    },
    "43C7AD55-8388-4922-8FA8-D40871AC5811": {
        "Archived": false,
        "Datasource Class": "Time Series CSV Files",
        "Datasource ID": "Example Data",
        "ID": "43C7AD55-8388-4922-8FA8-D40871AC5811",
        "Name": "Example Data",
        "Type": "Datasource"
    },
    "6556D2A2-5A5C-455A-B4F6-47BDD05764E0": {
        "Archived": false,
        "Datasource Class": "Seeq Calculations",
        "Datasource ID": "Seeq Calculations",
        "ID": "6556D2A2-5A5C-455A-B4F6-47BDD05764E0",
        "Name": "Seeq Calculations",
        "Type": "Datasource"
    },
    "733224C2-B6FE-4639-B255-DD7CB8AB58F6": {
        "Archived": false,
        "Datasource Class": "Auth",
        "Datasource ID": "Seeq",
        "ID": "733224C2-B6FE-4639-B255-DD7CB8AB58F6",
        "Name": "Seeq",
        "Type": "Datasource"
    },
    "800ACCD3-D2DA-4059-B706-EE7BB91D2851": {
        "Archived": false,
        "Datasource Class": "Tree File",
        "Datasource ID": "645d785c-060b-4b3c-b534-89aa88d72a42",
        "ID": "800ACCD3-D2DA-4059-B706-EE7BB91D2851",
        "Name": "mydata\\trees",
        "Type": "Datasource"
    },
    "8589CF52-30CF-44F6-AB51-A533C765267C": {
        "Archived": false,
        "Datasource Class": "Time Series CSV Files",
        "Datasource ID": "trainingData",
        "ID": "8589CF52-30CF-44F6-AB51-A533C765267C",
        "Name": "trainingData",
        "Type": "Datasource"
    },
    "97E1801C-E99B-4754-848D-A34715027C60": {
        "Archived": false,
        "Datasource Class": "OAuth 2.0",
        "Datasource ID": "9ecc7e74-4c32-436d-9af0-70d8aa99386b",
        "ID": "97E1801C-E99B-4754-848D-A34715027C60",
        "Name": "Seeq Azure SSO",
        "Type": "Datasource"
    }
}