{
    "Datasource Class": "OSIsoft AF",
    "Datasource ID": "6d77cda6-254d-4274-8378-38a4a025b3c7",
    "Datasource Name": "AF Cloud Server",
    "Item-Level Map Files": [],
    "RegEx-Based Maps": [
        {
            "Old": {
                "Type": "(?<type>.*)",
                "Datasource Class": "OSIsoft AF",
                "Datasource Name": "AF Cloud Server",
                "Data ID": "(?<data_id>.*)"
            },
            "New": {
                "Type": "${type}",
                "Datasource Class": "OSIsoft AF",
                "Datasource Name": "AF Cloud Server",
                "Data ID": "${data_id}"
            }
        }
    ]
}