{
    "Definition": {
        "Archived": false,
        "Cache Enabled": false,
        "Created At": "1680118691011141464",
        "Description": "Signal Detector Signal w OOR data removed Extrapolate Increasing Detector Values Extrapolate Decreasing Detector Values Detector Limit Full Event (High RoC + Excursion) Detector Exceedance (ex. Outages)",
        "Discoverable": true,
        "Document": "<p>\u00a0</p><p><a href=\"/links?type&#61;signal&amp;item&#61;158A3282-C18E-4EEF-BE40-BE76C688AFCC\" rel=\"nofollow noopener noreferrer\">Detector Signal</a></p><p><a href=\"/links?type&#61;signal&amp;item&#61;BC49E8AB-DF8E-4739-B138-ECED42A52594\" rel=\"nofollow noopener noreferrer\">Detector Signal w OOR data removed</a></p><p><a href=\"/links?type&#61;signal&amp;item&#61;B1289D67-8888-409D-8731-46B3C5BF0782\" rel=\"nofollow noopener noreferrer\">Extrapolate Increasing Detector Values</a></p><p><a href=\"/links?type&#61;signal&amp;item&#61;A459EA7C-5091-493A-A4E3-2D256497D841\" rel=\"nofollow noopener noreferrer\">Extrapolate Decreasing Detector Values</a></p><p><a href=\"/links?type&#61;signal&amp;item&#61;1ADAC98A-6C77-4F55-BE47-EC78618F6125\" rel=\"nofollow noopener noreferrer\">Detector Limit</a></p><p><a href=\"/links?type&#61;condition&amp;item&#61;7FD4B50A-06F3-428B-9F0A-E2C52E2EFF89\" rel=\"nofollow noopener noreferrer\">Full Event (High RoC &#43; Excursion)</a></p><p><a href=\"/links?type&#61;condition&amp;item&#61;E1B5A045-30EC-4986-8305-4ABFD82BD08C\" rel=\"nofollow noopener noreferrer\">Detector Exceedance (ex. Outages)</a></p>",
        "Enabled": true,
        "ID": "CC1A7D77-CA6D-4F7D-80FE-5223F0447C2C",
        "Locked": false,
        "Name": "Detector Signal",
        "Plain Text Document": "\u00a0Detector SignalDetector Signal w OOR data removedExtrapolate Increasing Detector ValuesExtrapolate Decreasing Detector ValuesDetector LimitFull Event (High RoC &#43; Excursion)Detector Exceedance (ex. Outages)",
        "Type": "Journal",
        "Unsearchable": false,
        "Updated At": "1680118691011141464"
    }
}