{
    "ID": "12A05279-51E8-4803-B1C8-572D5DC9F6C7",
    "Type": "Workstep",
    "Data": {
        "version": 1,
        "state": {
            "stores": {
                "sqTrendSeriesStore": {
                    "items": []
                },
                "sqTrendCapsuleSetStore": {
                    "items": []
                },
                "sqTrendScalarStore": {
                    "items": []
                },
                "sqTrendMetricStore": {
                    "items": []
                },
                "sqTrendTableStore": {
                    "items": []
                },
                "sqDurationStore": {
                    "autoUpdate": {
                        "offset": 17999997
                    },
                    "displayRange": {
                        "start": 1738186112211,
                        "end": 1738272512211
                    },
                    "investigateRange": {
                        "start": 1737667712213,
                        "end": 1738272512213
                    }
                },
                "sqWorksheetStore": {
                    "viewKey": "TREND"
                }
            }
        }
    }
}