{
    "Access Control": [
        {
            "ID": "f7cf5490-31a9-4ef3-8da3-94678855d6e0",
            "Identity": {
                "Datasource Class": "Auth",
                "Datasource ID": "Seeq",
                "Datasource Name": "Seeq",
                "ID": "3B804F82-9378-4C52-81D5-E7BD0AC5F076",
                "Name": "Partner Demo Access",
                "Type": "UserGroup"
            },
            "Origin": "FE57F85A-FFB0-437A-8034-B21E4D651CBC",
            "Permissions": {
                "Manage": false,
                "Read": true,
                "Write": true
            },
            "Redacted": false,
            "Role": null
        },
        {
            "ID": "742d8f44-2c65-48ee-8e07-27800533d787",
            "Identity": {
                "Datasource Class": "Auth",
                "Datasource ID": "Seeq",
                "Datasource Name": "Seeq",
                "ID": "72A9F0E9-1878-40F6-A368-D520591C6BFC",
                "Name": "Everyone",
                "Type": "UserGroup"
            },
            "Origin": "FE57F85A-FFB0-437A-8034-B21E4D651CBC",
            "Permissions": {
                "Manage": false,
                "Read": true,
                "Write": false
            },
            "Redacted": false,
            "Role": null
        },
        {
            "ID": "b996bcb1-c93d-438c-9b5a-8a3441aa7c69",
            "Identity": {
                "Datasource Class": "OAuth 2.0",
                "Datasource ID": "9ecc7e74-4c32-436d-9af0-70d8aa99386b",
                "Datasource Name": "Seeq Azure SSO",
                "Email": "shamus.cunningham@seeq.com",
                "First Name": "Shamus",
                "ID": "849F6252-B8A4-495C-B1B5-73CD38B8A066",
                "Is Admin": true,
                "Last Name": "Cunningham",
                "Name": "Shamus Cunningham",
                "Type": "User",
                "Username": "DMH0KFzkCvN1pJbDdJgkrUvR4vPhL0QTDxpDD1Oy_rk"
            },
            "Origin": "FE57F85A-FFB0-437A-8034-B21E4D651CBC",
            "Permissions": {
                "Manage": true,
                "Read": true,
                "Write": true
            },
            "Redacted": false,
            "Role": null
        },
        {
            "ID": "4ce70b95-6de2-4190-8997-355efd6fa5d4",
            "Identity": {
                "Datasource Class": "OAuth 2.0",
                "Datasource ID": "9ecc7e74-4c32-436d-9af0-70d8aa99386b",
                "Datasource Name": "Seeq Azure SSO",
                "Email": "Joseph.Reckamp@seeq.com",
                "First Name": "Joe",
                "ID": "C9FD5B90-17F3-4CA7-8C37-CD9B7D9B85D2",
                "Is Admin": true,
                "Last Name": "Reckamp",
                "Name": "Joe Reckamp",
                "Type": "User",
                "Username": "DEg3Lh5pLS4-lG84EjGXXXdzxhd1450vkLgiu8he2l8"
            },
            "Origin": null,
            "Permissions": {
                "Manage": true,
                "Read": true,
                "Write": true
            },
            "Redacted": false,
            "Role": "OWNER"
        },
        {
            "ID": "85d10dfe-9ebf-41a4-a7fb-c1853c756854",
            "Identity": {
                "Datasource Class": "OAuth 2.0",
                "Datasource ID": "9ecc7e74-4c32-436d-9af0-70d8aa99386b",
                "Datasource Name": "Seeq Azure SSO",
                "Email": "Joseph.Reckamp@seeq.com",
                "First Name": "Joe",
                "ID": "C9FD5B90-17F3-4CA7-8C37-CD9B7D9B85D2",
                "Is Admin": true,
                "Last Name": "Reckamp",
                "Name": "Joe Reckamp",
                "Type": "User",
                "Username": "DEg3Lh5pLS4-lG84EjGXXXdzxhd1450vkLgiu8he2l8"
            },
            "Origin": "FE57F85A-FFB0-437A-8034-B21E4D651CBC",
            "Permissions": {
                "Manage": true,
                "Read": true,
                "Write": true
            },
            "Redacted": false,
            "Role": null
        },
        {
            "ID": "95dad984-3d6c-4795-b092-1618162f1c8c",
            "Identity": {
                "Datasource Class": "Auth",
                "Datasource ID": "Seeq",
                "Datasource Name": "Seeq",
                "ID": "E4730C48-1672-447F-B48B-F77C95580062",
                "Name": "Seeq Internal",
                "Type": "UserGroup"
            },
            "Origin": null,
            "Permissions": {
                "Manage": false,
                "Read": true,
                "Write": true
            },
            "Redacted": false,
            "Role": null
        },
        {
            "ID": "871c4761-25de-4f2e-8748-6c3f39e64150",
            "Identity": {
                "Datasource Class": "Auth",
                "Datasource ID": "Seeq",
                "Datasource Name": "Seeq",
                "ID": "E4730C48-1672-447F-B48B-F77C95580062",
                "Name": "Seeq Internal",
                "Type": "UserGroup"
            },
            "Origin": "FE57F85A-FFB0-437A-8034-B21E4D651CBC",
            "Permissions": {
                "Manage": true,
                "Read": true,
                "Write": true
            },
            "Redacted": false,
            "Role": null
        },
        {
            "ID": "0efc3bc8-570b-f9c0-8efc-2a7d8fb0eca5",
            "Identity": {
                "Datasource Class": "OAuth 2.0",
                "Datasource ID": "9ecc7e74-4c32-436d-9af0-70d8aa99386b",
                "Datasource Name": "Seeq Azure SSO",
                "Email": "mark.pietryka@seeq.com",
                "First Name": "Mark",
                "ID": "ED43DC73-19F0-4A45-947F-3FE155960602",
                "Is Admin": true,
                "Last Name": "Pietryka",
                "Name": "Mark Pietryka",
                "Type": "User",
                "Username": "xND3hnImvsepKxxVdMzaUCutPsLg8NczCD4U_UNcPOk"
            },
            "Origin": "FE57F85A-FFB0-437A-8034-B21E4D651CBC",
            "Permissions": {
                "Manage": true,
                "Read": true,
                "Write": true
            },
            "Redacted": false,
            "Role": null
        }
    ],
    "Ancestors": [
        "__Corporate__",
        "E49ED507-46F8-41D9-A968-EBA66A0B4DFD",
        "0EFC3AE1-0E5B-64B0-8646-4AA2C98D7991",
        "0EFC3AE4-3640-F950-8F07-C5CC22446CE3",
        "AF6F0946-B91B-45F3-A5ED-00AAADA57862",
        "FE57F85A-FFB0-437A-8034-B21E4D651CBC"
    ],
    "Archived": false,
    "Cache Enabled": false,
    "Created At": "1608748172343128800",
    "Enabled": true,
    "ID": "81DE8947-AB94-4957-ADE7-1D0E559C2152",
    "Locked": false,
    "Name": "Emissions Reporting During Detector Limit Exceedance Events",
    "Original Server URL": "http://seeq-server",
    "Owner": {
        "Datasource Class": "OAuth 2.0",
        "Datasource ID": "9ecc7e74-4c32-436d-9af0-70d8aa99386b",
        "Datasource Name": "Seeq Azure SSO",
        "Email": "Joseph.Reckamp@seeq.com",
        "First Name": "Joe",
        "ID": "C9FD5B90-17F3-4CA7-8C37-CD9B7D9B85D2",
        "Is Admin": true,
        "Last Name": "Reckamp",
        "Name": "Joe Reckamp",
        "Type": "User",
        "Username": "DEg3Lh5pLS4-lG84EjGXXXdzxhd1450vkLgiu8he2l8"
    },
    "Path": "Corporate folder >> Industry Use Cases >> Oil & Gas >> Environmental >> Emissions >> Detector Exceedance Reporting",
    "Search Folder ID": "FE57F85A-FFB0-437A-8034-B21E4D651CBC",
    "Type": "Workbook",
    "URL": "https://demo.seeq.dev/FE57F85A-FFB0-437A-8034-B21E4D651CBC/workbook/81DE8947-AB94-4957-ADE7-1D0E559C2152/worksheet/7BDD9580-FD36-4080-BB17-2CACB7E39303",
    "Unsearchable": false,
    "Updated At": "1738249762848965085",
    "Workbook Type": "Analysis",
    "Worksheets": [
        "7BDD9580-FD36-4080-BB17-2CACB7E39303",
        "6DB27350-54EA-4327-AB18-1F0825A62B49",
        "DD25BEFE-C326-4F7C-A10F-631F5C2D9426"
    ],
    "workbookState": {
        "state": {
            "stores": {
                "sqAnnotationStore": {
                    "height": 575,
                    "id": "8454729D-0CB7-47F3-BDF6-5D3E82CF4CC6",
                    "isAnnotatesExpanded": false,
                    "isCkEnabled": true,
                    "isCommentsExpanded": false,
                    "isEditing": false,
                    "isExpanded": false,
                    "width": 755
                }
            }
        },
        "version": 1
    }
}