{
    "ID": "87CEC3B6-D06F-482A-9D31-23418083899D",
    "Type": "Workstep",
    "Data": {
        "version": 28,
        "state": {
            "stores": {
                "sqPluginStore": {
                    "pluginState": {}
                },
                "sqWorksheetStore": {
                    "tabsets": {
                        "sidebar": 2
                    },
                    "viewKey": "TREND",
                    "selectedIdsForView": {},
                    "browsePanelCollapsed": false,
                    "displayWidth": 1501,
                    "displayHeight": 587.7727317810059,
                    "resizeEnabled": true,
                    "conditionToSeriesGrouping": {},
                    "capsuleGroupMode": false
                },
                "sqTrendSeriesStore": {
                    "items": [
                        {
                            "axisAlign": "A",
                            "axisAutoScale": false,
                            "lane": 1,
                            "rightAxis": false,
                            "dashStyle": "Solid",
                            "lineWidth": 1,
                            "autoDisabled": false,
                            "axisVisibility": true,
                            "yAxisConfig": {
                                "min": -53.797140538501736,
                                "max": 286.7182129361667
                            },
                            "yAxisMin": -42.6587878547509,
                            "yAxisMax": 275.57986025241587,
                            "sampleDisplayOption": "line",
                            "id": "278E34D2-DA50-43DD-8E05-08A594E2F2B3",
                            "name": "Pollutant Emission Rate - Raw Detector Signal",
                            "selected": false,
                            "color": "#542B7C"
                        },
                        {
                            "axisAlign": "A",
                            "axisAutoScale": false,
                            "lane": 1,
                            "rightAxis": false,
                            "dashStyle": "Solid",
                            "lineWidth": 1,
                            "autoDisabled": false,
                            "axisVisibility": true,
                            "yAxisConfig": {
                                "min": -53.797140538501736,
                                "max": 286.7182129361667
                            },
                            "yAxisMin": -42.6587878547509,
                            "yAxisMax": 275.57986025241587,
                            "sampleDisplayOption": "line",
                            "id": "7326D008-AB53-448A-97C5-EBA7673D02DB",
                            "name": "Pollutant Emission Rate - Modeled Detector Signal",
                            "selected": false,
                            "color": "#AE752A"
                        },
                        {
                            "axisAlign": "B",
                            "axisAutoScale": false,
                            "lane": 2,
                            "rightAxis": false,
                            "dashStyle": "Solid",
                            "lineWidth": 1.5,
                            "autoDisabled": false,
                            "axisVisibility": true,
                            "yAxisConfig": {
                                "min": -174.29927475030325,
                                "max": 2205.957233580195
                            },
                            "yAxisMin": -96.44041700117481,
                            "yAxisMax": 2128.0983758310663,
                            "sampleDisplayOption": "line",
                            "id": "50CD988E-9F05-4007-9743-39A290247B42",
                            "name": "Totalized pollutant emissions - Raw Detector Signal",
                            "selected": true,
                            "color": "#4055A3"
                        },
                        {
                            "axisAlign": "B",
                            "axisAutoScale": false,
                            "lane": 2,
                            "rightAxis": false,
                            "dashStyle": "Solid",
                            "lineWidth": 1.5,
                            "autoDisabled": false,
                            "axisVisibility": true,
                            "yAxisConfig": {
                                "min": -174.29927475030325,
                                "max": 2205.957233580195
                            },
                            "yAxisMin": -96.44041700117481,
                            "yAxisMax": 2128.0983758310663,
                            "sampleDisplayOption": "line",
                            "id": "2938317E-EDE6-46E9-9DA5-4FD9DAFB4846",
                            "name": "Totalized pollutant emissions - Detector Signal Model",
                            "selected": true,
                            "color": "#00B050"
                        }
                    ],
                    "editingId": null,
                    "previewSeriesDefinition": {}
                },
                "sqDurationStore": {
                    "autoUpdate": {
                        "mode": "OFF",
                        "offset": -72807241,
                        "manualInterval": {
                            "value": 1,
                            "units": "min"
                        }
                    },
                    "displayRange": {
                        "start": 1592768691289,
                        "end": 1613770563869
                    },
                    "investigateRange": {
                        "start": 1592768691289,
                        "end": 1613770563869
                    }
                },
                "sqTrendCapsuleStore": {
                    "selectedCapsules": [],
                    "stitchDetailsSet": true,
                    "dataStatus": "itemDataPresent",
                    "warningCount": 0,
                    "warningLogs": [],
                    "editingId": null,
                    "previewCapsulesDefinition": {},
                    "items": []
                },
                "sqTrendStore": {
                    "view": "calendar",
                    "enabledColumns": {
                        "CAPSULES": {
                            "startTime": true,
                            "duration": true
                        },
                        "SERIES": {
                            "asset": true,
                            "lane": true
                        }
                    },
                    "propertyColumns": {},
                    "selectedRegion": {
                        "min": 0,
                        "max": 0
                    },
                    "capsuleTimeOffsets": {
                        "lower": 0,
                        "upper": 0
                    },
                    "dataSummary": {
                        "type": "NONE",
                        "value": 0,
                        "discreteUnits": {
                            "value": 0,
                            "units": "min"
                        },
                        "isSlider": true
                    },
                    "capsuleTimeColorMode": "signal",
                    "capsuleAlignment": [],
                    "capsulePreview": false,
                    "showChartConfiguration": false,
                    "dimDataOutsideCapsules": false,
                    "hideUnselectedItems": true,
                    "labelDisplayConfiguration": {
                        "name": "lane",
                        "asset": "off",
                        "assetPathLevels": 1,
                        "unitOfMeasure": "axis",
                        "custom": "off",
                        "customLabels": []
                    },
                    "showCapsuleLaneLabels": true,
                    "panelProps": {
                        "BOTTOM": {
                            "leftPanelWidth": 600,
                            "height": "29.7%"
                        }
                    },
                    "panelSorters": {
                        "CAPSULES": {
                            "sortBy": "duration",
                            "sortAsc": false
                        },
                        "CAPSULE_SERIES": {
                            "sortBy": "startTime",
                            "sortAsc": true
                        },
                        "SERIES": {
                            "sortBy": "lane",
                            "sortAsc": true
                        },
                        "INVESTIGATE_ITEMS": {
                            "sortBy": "name",
                            "sortAsc": true
                        }
                    },
                    "capsulePanelOffset": 0,
                    "capsulePanelHasNext": false,
                    "showGridlines": false
                },
                "sqTableBuilderStore": {
                    "headers": {
                        "type": "start",
                        "format": "MM/DD/YY hh:mm"
                    },
                    "columns": [
                        {
                            "id": "67nVXhiBqcSpv8kCvZs_gA",
                            "type": "name",
                            "backgroundColor": "#ffffff"
                        }
                    ],
                    "itemOrder": [],
                    "isTransposed": false,
                    "isMigrating": false
                },
                "sqSignalSmoothingStore": {
                    "originalParameters": [],
                    "advancedParametersCollapsed": true,
                    "algorithmSelectedValue": "seeq-agile",
                    "samplingRate": {},
                    "smoothingWindow": {},
                    "cutoff": {},
                    "polynomialFactor": 2,
                    "isSamplingRateAuto": true,
                    "isCutoffAuto": true,
                    "isTau": true,
                    "tau": {
                        "value": 10,
                        "units": "min"
                    },
                    "alpha": 0.9,
                    "isMigratedLowPassFilter": false
                },
                "sqDigitalFilterStore": {
                    "originalParameters": [],
                    "advancedParametersCollapsed": true,
                    "cutoff": {},
                    "cutoff2": {},
                    "samplingRate": {},
                    "windowSize": {},
                    "isAutoSamplingRate": true,
                    "isAutoWindowSize": true
                },
                "sqTrendCapsuleSetStore": {
                    "items": [
                        {
                            "autoDisabled": false,
                            "id": "7FD4B50A-06F3-428B-9F0A-E2C52E2EFF89",
                            "name": "Full Event (High RoC + Excursion)",
                            "selected": false,
                            "color": "#2DBBA7"
                        },
                        {
                            "autoDisabled": false,
                            "id": "E1B5A045-30EC-4986-8305-4ABFD82BD08C",
                            "name": "Detector Exceedance (ex. Outages)",
                            "selected": false,
                            "color": "#4055A3"
                        },
                        {
                            "autoDisabled": false,
                            "id": "7527216A-A886-4E3A-BAE7-A2D650388930",
                            "name": "yearly",
                            "selected": false,
                            "color": "#068C45"
                        }
                    ]
                },
                "sqScatterPlotStore": {
                    "xSeries": null,
                    "ySeries": null,
                    "selector": {
                        "low": 0.5,
                        "high": 0.75
                    },
                    "selectedRegion": {
                        "xMin": null,
                        "xMax": null,
                        "yMin": null,
                        "yMax": null,
                        "id": null,
                        "dateTime": null
                    },
                    "viewRegion": {
                        "xMin": null,
                        "xMax": null,
                        "yMin": null,
                        "yMax": null,
                        "id": null,
                        "dateTime": null
                    },
                    "fxLines": [],
                    "colorConditionIds": [],
                    "colorRanges": [],
                    "plotMode": "DISPLAY_RANGE",
                    "plotView": "SCATTER_PLOT",
                    "connect": false,
                    "showTooltips": false,
                    "isMarkerSizeCustom": false,
                    "heatMapData": [],
                    "numXBins": 20,
                    "numYBins": 20,
                    "xBinSize": 0,
                    "yBinSize": 0
                },
                "sqExploreFolderModalStore": {
                    "pageSize": 5
                },
                "sqExploreWorkbookModalStore": {
                    "pageSize": 5
                },
                "sqInvestigateStore": {
                    "item": {},
                    "activeTool": "overview",
                    "displayMode": "NEW",
                    "derivedDataPanelOpen": false
                },
                "sqCapsuleSetSeriesStore": {
                    "originalParameters": [],
                    "advancedParametersCollapsed": true,
                    "params": {
                        "interpolation": "DISCRETE",
                        "stat": {
                            "timeUnits": "s"
                        },
                        "maximumDuration": {}
                    }
                },
                "sqImportDatafileStore": {
                    "uploadFilename": "",
                    "filename": "",
                    "keyColumnIndex": 1,
                    "keyColumnName": "",
                    "interpolationMethod": {
                        "text": "IMPORTS.INTERPOLATION.LINEAR",
                        "value": "Linear"
                    },
                    "validationMode": {
                        "text": "IMPORTS.VALIDATION_MODE_TYPES.FAIL",
                        "value": "Fail"
                    },
                    "fileOutputType": {
                        "text": "IMPORTS.FILE_OUTPUT_TYPES.REPLACE",
                        "value": "Replace"
                    },
                    "fieldDelimiter": {
                        "symbol": ",",
                        "value": "Comma"
                    },
                    "maxInterpolation": {
                        "value": 40,
                        "units": "h"
                    },
                    "namePrefix": "",
                    "nameSuffix": "",
                    "firstDataRow": 2,
                    "nameRow": 1,
                    "description": "",
                    "optionalParametersCollapsedState": true,
                    "valueColumnOption": {
                        "text": "IMPORTS.VALUE_COLUMN.ALL",
                        "value": "All"
                    },
                    "valueUom": "",
                    "lenientDaylightSavings": false,
                    "itemType": {
                        "text": "IMPORTS.SIGNAL",
                        "value": "Signal"
                    },
                    "maxDuration": {
                        "value": 40,
                        "units": "h"
                    },
                    "endColumnName": "",
                    "conditionName": "",
                    "dayFirstDefault": {
                        "text": "IMPORTS.FIRST.MONTH",
                        "value": false
                    },
                    "originalParameters": [],
                    "advancedParametersCollapsed": true
                },
                "sqPredictionPanelStore": {
                    "originalParameters": [],
                    "advancedParametersCollapsed": true,
                    "option": "linear",
                    "polynomialValue": 2,
                    "mustGoThroughZero": false,
                    "lambda": 0,
                    "windowStart": 1592768691289,
                    "windowEnd": 1613770563869,
                    "modelExpanded": false,
                    "regressionMethod": "OLS",
                    "variableSelection": 0.05,
                    "variableSelectionEnabled": false
                },
                "sqAncillariesPanelStore": {
                    "inProgress": false,
                    "inProgressItem": "item1",
                    "name": "",
                    "type": "",
                    "item1": {},
                    "item2": {}
                },
                "sqExportODataPanelStore": {
                    "name": "Emissions Reporting During Detector Limit Exceedance Events",
                    "originalParameters": [],
                    "advancedParametersCollapsed": true,
                    "autoupdateTimeRange": false,
                    "timeRange": {
                        "start": 1592768691289,
                        "end": 1613770563869
                    },
                    "exportTimeZone": {
                        "name": "US/Pacific",
                        "displayName": "US/Pacific",
                        "offset": "-08:00",
                        "offsetMinutes": -480
                    },
                    "gridOption": "automatic",
                    "gridSize": {
                        "units": "min"
                    },
                    "gridOrigin": 1609488000000,
                    "gridOriginEnabled": false
                },
                "sqReferencePanelStore": {
                    "originalParameters": [],
                    "advancedParametersCollapsed": true,
                    "windowStart": 1592768691289,
                    "windowEnd": 1613770563869,
                    "griddingPeriod": {
                        "value": 5,
                        "units": "min"
                    },
                    "referenceStat": "",
                    "multiplier": 1
                },
                "sqAggregationBinStore": {
                    "originalParameters": [],
                    "advancedParametersCollapsed": true,
                    "mode": "by_y_value",
                    "includeEmptyBuckets": true,
                    "yValueSignal": "",
                    "stat": {
                        "key": null,
                        "timeUnits": "s"
                    },
                    "aggregationConfigs": [
                        {
                            "id": 1,
                            "mode": "by_y_value",
                            "capsuleMode": "overlap",
                            "yValueBinMode": "size",
                            "valid": false
                        }
                    ]
                },
                "sqItemPropertiesStore": {
                    "advancedParametersCollapsed": false
                },
                "sqPeriodicConditionStore": {
                    "originalParameters": [],
                    "advancedParametersCollapsed": true,
                    "timezone": "US/Pacific",
                    "frequencies": [],
                    "weekStart": "Day.Sunday",
                    "quarterStart": {
                        "month": "Month.January",
                        "day": 1
                    },
                    "shift": {
                        "offset": 8,
                        "duration": 8
                    },
                    "offset": {}
                },
                "sqTrendScalarStore": {
                    "items": []
                },
                "sqTreemapStore": {
                    "parent": {},
                    "statistics": []
                },
                "sqTrendTableStore": {
                    "items": []
                },
                "sqPowerSearchStore": {
                    "originalParameters": [],
                    "advancedParametersCollapsed": true,
                    "formula": "",
                    "parameters": [],
                    "navigationStack": []
                },
                "sqTrendMetricStore": {
                    "items": []
                },
                "sqScorecardStore": {
                    "metrics": []
                },
                "sqThresholdMetricStore": {
                    "originalParameters": [],
                    "advancedParametersCollapsed": true,
                    "processType": "Simple",
                    "aggregationOperator": {
                        "key": null,
                        "timeUnits": "s"
                    },
                    "duration": {},
                    "period": {},
                    "thresholds": {}
                },
                "sqCustomConditionStore": {
                    "originalParameters": [],
                    "advancedParametersCollapsed": true
                },
                "sqCapsuleGroupStore": {
                    "capsules": []
                },
                "sqScatterConditionStore": {
                    "originalParameters": [],
                    "advancedParametersCollapsed": true,
                    "isBounding": false,
                    "isCleansing": false,
                    "minDuration": {
                        "value": 0,
                        "units": "min"
                    },
                    "mergeDuration": {
                        "value": 0,
                        "units": "min"
                    }
                },
                "sqFftStore": {
                    "originalParameters": [],
                    "advancedParametersCollapsed": true,
                    "rateType": true,
                    "rate": {},
                    "outputUnits": "min",
                    "highPass": {},
                    "lowPass": {},
                    "useHighPass": false,
                    "useLowPass": false
                },
                "sqCompositeSearchStore": {
                    "originalParameters": [],
                    "advancedParametersCollapsed": true,
                    "isUpgradedUnionCondition": false,
                    "inclusiveA": true,
                    "inclusiveB": true
                },
                "sqSearchStore": {
                    "nameFilter": "",
                    "descriptionFilter": "",
                    "typeFilter": [],
                    "datasourceFilter": [],
                    "sortBy": "",
                    "isAdvancedMode": false,
                    "mode": "recent",
                    "currentAsset": ""
                },
                "sqVisualSearchStore": {
                    "originalParameters": [],
                    "advancedParametersCollapsed": true,
                    "similarity": 98,
                    "normalizeAmplitude": true,
                    "normalizeLocation": true,
                    "selectedRegion": {
                        "min": 0,
                        "max": 0
                    }
                },
                "sqValueSearchStore": {
                    "originalParameters": [],
                    "advancedParametersCollapsed": true,
                    "isSimple": true,
                    "useValidValues": false,
                    "isCleansing": false,
                    "simpleValue": null,
                    "simpleLowerValue": null,
                    "minDuration": {
                        "value": 0,
                        "units": "min"
                    },
                    "mergeDuration": {
                        "value": 0,
                        "units": "min"
                    },
                    "advancedEntryValue": null,
                    "advancedEntryLowerValue": null,
                    "advancedEntryDuration": {
                        "value": 0,
                        "units": "min"
                    },
                    "advancedExitValue": null,
                    "advancedExitDuration": {
                        "value": 0,
                        "units": "min"
                    },
                    "isMigratedDeviationSearch": false,
                    "version": "V3"
                },
                "sqCursorStore": {
                    "calendarCursors": [],
                    "capsuleCursors": [],
                    "showValues": true
                },
                "sqReportContentStore": {
                    "width": 700,
                    "height": 394,
                    "sizeKey": "medium",
                    "shapeKey": "rectangle",
                    "scale": 1
                }
            }
        }
    }
}