{
  "6EDC12D9-BB37-484E-8BC8-22FCBCE10D9F": {
    "Definition": {
      "Datasource ID": "Imported CSV Files",
      "Legacy Formula": "$rows = $datasource.query('SELECT \"Date-Time\",Vibration_Bearing_2 FROM CSVREAD(\"bearng_modified_v1.csv\")', 'Date-Time')\n$rows.transformToSamples($row ->\n  sample(\n    $row.get(0).toTime(),\n    $row.get(1)\n  ),\n  1h\n).setCertain().toLinear()\n",
      "Description": "column = Vibration_Bearing_2; last file imported = bearng_modified_v1.csv",
      "Scoped To": "3B9FF00B-25E4-42F3-95B4-004D99488A6D",
      "Enabled": true,
      "Last Key Written": {
        "Value": 1077193359000000000,
        "Unit Of Measure": "ns"
      },
      "Key Unit Of Measure": "ns",
      "Archived": false,
      "Cache ID": "4D9EE4F5-0571-46FE-A8B6-4D49092EF31C",
      "Datasource Class": "Imported CSV Files",
      "Cache Enabled": false,
      "Data ID": "ef0b9e7a-ebc2-4ab5-8985-76ba74a7f8b6-Vibration_Bearing_2-SIGNAL",
      "Value Unit Of Measure": "",
      "Interpolation Method": "Linear",
      "Stored Series Cache Version": 1,
      "Unsearchable": false,
      "Storage Location": "FILE_SIGNAL_STORAGE",
      "Source Maximum Interpolation": "1h",
      "Locked": false,
      "Maximum Interpolation": "1h",
      "ID": "6EDC12D9-BB37-484E-8BC8-22FCBCE10D9F",
      "Name": "Vibration Bearing 2",
      "Type": "StoredSignal",
      "Parent ID": "EF0B9E7A-EBC2-4AB5-8985-76BA74A7F8B6",
      "Path": null,
      "Asset": "bearng_modified_v1"
    },
    "Periods": [
      {
        "Start": "2004-02-12T03:51:23.531000+00:00",
        "End": "2004-02-21T15:31:46.430000+00:00"
      },
      {
        "Start": "2004-01-12T17:51:23.531000+00:00",
        "End": "2004-03-23T01:31:46.430000+00:00",
        "Added by User": true
      }
    ]
  },
  "0DCAEE48-3D8A-4694-9381-7EB494987D98": {
    "Definition": {
      "Datasource ID": "Imported CSV Files",
      "Legacy Formula": "$rows = $datasource.query('SELECT \"Date-Time\",Vibration_Bearing_3 FROM CSVREAD(\"bearng_modified_v1.csv\")', 'Date-Time')\n$rows.transformToSamples($row ->\n  sample(\n    $row.get(0).toTime(),\n    $row.get(1)\n  ),\n  1h\n).setCertain().toLinear()\n",
      "Description": "column = Vibration_Bearing_3; last file imported = bearng_modified_v1.csv",
      "Scoped To": "3B9FF00B-25E4-42F3-95B4-004D99488A6D",
      "Enabled": true,
      "Last Key Written": {
        "Value": 1077193359000000000,
        "Unit Of Measure": "ns"
      },
      "Key Unit Of Measure": "ns",
      "Archived": false,
      "Cache ID": "DA50335D-9C4A-4271-9CDF-1A755365A617",
      "Datasource Class": "Imported CSV Files",
      "Cache Enabled": false,
      "Data ID": "21e441a8-a487-4bde-bff4-e68c17ce3232-Vibration_Bearing_3-SIGNAL",
      "Value Unit Of Measure": "",
      "Interpolation Method": "Linear",
      "Stored Series Cache Version": 1,
      "Unsearchable": false,
      "Storage Location": "FILE_SIGNAL_STORAGE",
      "Source Maximum Interpolation": "1h",
      "Locked": false,
      "Maximum Interpolation": "1h",
      "ID": "0DCAEE48-3D8A-4694-9381-7EB494987D98",
      "Name": "Vibration Bearing 3",
      "Type": "StoredSignal",
      "Parent ID": "21E441A8-A487-4BDE-BFF4-E68C17CE3232",
      "Path": null,
      "Asset": "bearng_modified_v1"
    },
    "Periods": [
      {
        "Start": "2004-02-12T03:51:23.531000+00:00",
        "End": "2004-02-21T15:31:46.430000+00:00"
      },
      {
        "Start": "2004-01-12T17:51:23.531000+00:00",
        "End": "2004-03-23T01:31:46.430000+00:00",
        "Added by User": true
      }
    ]
  },
  "091CF03E-30D9-48B2-9598-B45A43C08F09": {
    "Definition": {
      "Datasource ID": "Imported CSV Files",
      "Legacy Formula": "$rows = $datasource.query('SELECT \"Date-Time\",Vibration_Bearing_4 FROM CSVREAD(\"bearng_modified_v1.csv\")', 'Date-Time')\n$rows.transformToSamples($row ->\n  sample(\n    $row.get(0).toTime(),\n    $row.get(1)\n  ),\n  1h\n).setCertain().toLinear()\n",
      "Description": "column = Vibration_Bearing_4; last file imported = bearng_modified_v1.csv",
      "Scoped To": "3B9FF00B-25E4-42F3-95B4-004D99488A6D",
      "Enabled": true,
      "Last Key Written": {
        "Value": 1077193359000000000,
        "Unit Of Measure": "ns"
      },
      "Key Unit Of Measure": "ns",
      "Archived": false,
      "Cache ID": "21D447AB-C3BD-419F-926B-7ED6E912C564",
      "Datasource Class": "Imported CSV Files",
      "Cache Enabled": false,
      "Data ID": "f91b43fc-2893-468a-992c-b6a176c33f0a-Vibration_Bearing_4-SIGNAL",
      "Value Unit Of Measure": "",
      "Interpolation Method": "Linear",
      "Stored Series Cache Version": 1,
      "Unsearchable": false,
      "Storage Location": "FILE_SIGNAL_STORAGE",
      "Source Maximum Interpolation": "1h",
      "Locked": false,
      "Maximum Interpolation": "1h",
      "ID": "091CF03E-30D9-48B2-9598-B45A43C08F09",
      "Name": "Vibration Bearing 4",
      "Type": "StoredSignal",
      "Parent ID": "F91B43FC-2893-468A-992C-B6A176C33F0A",
      "Path": null,
      "Asset": "bearng_modified_v1"
    },
    "Periods": [
      {
        "Start": "2004-02-12T03:51:23.531000+00:00",
        "End": "2004-02-21T15:31:46.430000+00:00"
      },
      {
        "Start": "2004-01-12T17:51:23.531000+00:00",
        "End": "2004-03-23T01:31:46.430000+00:00",
        "Added by User": true
      }
    ]
  },
  "F849D807-A0EB-482D-914C-5D18005814EB": {
    "Definition": {
      "Datasource ID": "Seeq Data Lab",
      "Source Value Unit Of Measure": "",
      "Sync Token": "2020-01-24T23:31:36.440477",
      "Scoped To": "3B9FF00B-25E4-42F3-95B4-004D99488A6D",
      "Enabled": true,
      "Last Key Written": {
        "Value": 1077193359000000000,
        "Unit Of Measure": "ns"
      },
      "Archived": false,
      "Cache ID": "32F2D6A6-8C26-4352-83F7-06B02F90F904",
      "Datasource Class": "Seeq Data Lab",
      "Cache Enabled": false,
      "Data ID": "[3B9FF00B-25E4-42F3-95B4-004D99488A6D] {Signal} Bearing Status",
      "Value Unit Of Measure": "",
      "Interpolation Method": "Step",
      "Stored Series Cache Version": 1,
      "Unsearchable": false,
      "Storage Location": "FILE_SIGNAL_STORAGE",
      "Locked": false,
      "Maximum Interpolation": "40h",
      "ID": "F849D807-A0EB-482D-914C-5D18005814EB",
      "Name": "Bearing Status",
      "Type": "StoredSignal"
    },
    "Periods": [
      {
        "Start": "2004-02-12T13:14:36.732000+00:00",
        "End": "2004-02-20T00:11:43.493000+00:00"
      },
      {
        "Start": "2004-01-13T03:14:36.732000+00:00",
        "End": "2004-03-21T10:11:43.493000+00:00",
        "Added by User": true
      }
    ]
  },
  "5C6622CF-55AC-4900-8FD9-60614F2FF2CF": {
    "Definition": {
      "Datasource ID": "Imported CSV Files",
      "Legacy Formula": "$rows = $datasource.query('SELECT \"Date-Time\",Vibration_Bearing_1 FROM CSVREAD(\"bearng_modified_v1.csv\")', 'Date-Time')\n$rows.transformToSamples($row ->\n  sample(\n    $row.get(0).toTime(),\n    $row.get(1)\n  ),\n  1h\n).setCertain().toLinear()\n",
      "Description": "column = Vibration_Bearing_1; last file imported = bearng_modified_v1.csv",
      "Scoped To": "3B9FF00B-25E4-42F3-95B4-004D99488A6D",
      "Enabled": true,
      "Last Key Written": {
        "Value": 1077193359000000000,
        "Unit Of Measure": "ns"
      },
      "Key Unit Of Measure": "ns",
      "Archived": false,
      "Cache ID": "164AEDA2-F77B-4178-BF68-8B3DD5004967",
      "Datasource Class": "Imported CSV Files",
      "Cache Enabled": false,
      "Data ID": "ebdc08eb-c069-4218-8dd0-67b60d283e26-Vibration_Bearing_1-SIGNAL",
      "Value Unit Of Measure": "",
      "Interpolation Method": "Linear",
      "Stored Series Cache Version": 1,
      "Unsearchable": false,
      "Storage Location": "FILE_SIGNAL_STORAGE",
      "Source Maximum Interpolation": "1h",
      "Locked": false,
      "Maximum Interpolation": "1h",
      "ID": "5C6622CF-55AC-4900-8FD9-60614F2FF2CF",
      "Name": "Vibration Bearing 1",
      "Type": "StoredSignal",
      "Parent ID": "EBDC08EB-C069-4218-8DD0-67B60D283E26",
      "Path": null,
      "Asset": "bearng_modified_v1"
    },
    "Periods": [
      {
        "Start": "2004-02-12T03:51:23.531000+00:00",
        "End": "2004-02-21T15:31:46.430000+00:00"
      },
      {
        "Start": "2004-01-12T17:51:23.531000+00:00",
        "End": "2004-03-23T01:31:46.430000+00:00",
        "Added by User": true
      }
    ]
  }
}