{
  "E78BD39E-693F-46D8-803B-365EE389FF61": {
    "Definition": {
      "Datasource ID": "Seeq Data Lab",
      "Source Value Unit Of Measure": "",
      "Enabled": true,
      "Override Maximum Interpolation": "1h",
      "Last Key Written": {
        "Value": 1077193359000000000,
        "Unit Of Measure": "ns"
      },
      "Archived": false,
      "Cache ID": "0EEAE558-73BA-73F0-9AD8-FA6B4FE702CD",
      "Datasource Class": "Seeq Data Lab",
      "Cache Enabled": false,
      "Data ID": "[3F153A03-6999-45AC-800B-559B4364439D] {Signal} Vibration Bearing 1",
      "Value Unit Of Measure": "",
      "Interpolation Method": "Linear",
      "Stored Series Cache Version": 1,
      "Unsearchable": false,
      "Storage Location": "FILE_SIGNAL_STORAGE",
      "Locked": false,
      "Maximum Interpolation": "1h",
      "ID": "E78BD39E-693F-46D8-803B-365EE389FF61",
      "Name": "Vibration Bearing 1",
      "Type": "StoredSignal"
    },
    "Periods": [
      {
        "Start": "2004-02-12T03:51:00+00:00",
        "End": "2004-02-21T15:51:00+00:00"
      },
      {
        "Start": "2004-02-05T03:51:00+00:00",
        "End": "2004-02-28T15:51:00+00:00",
        "Added by User": true
      }
    ]
  },
  "728286D1-3D6D-46A0-A06A-A037BBDF716A": {
    "Definition": {
      "Datasource ID": "Seeq Data Lab",
      "Source Value Unit Of Measure": "",
      "Enabled": true,
      "Override Maximum Interpolation": "1h",
      "Last Key Written": {
        "Value": 1077193359000000000,
        "Unit Of Measure": "ns"
      },
      "Archived": false,
      "Cache ID": "0EEAE562-58C0-FD60-B4F5-7272CCB72F2D",
      "Datasource Class": "Seeq Data Lab",
      "Cache Enabled": false,
      "Data ID": "[3F153A03-6999-45AC-800B-559B4364439D] {Signal} Vibration Bearing 2",
      "Value Unit Of Measure": "",
      "Interpolation Method": "Linear",
      "Stored Series Cache Version": 1,
      "Unsearchable": false,
      "Storage Location": "FILE_SIGNAL_STORAGE",
      "Locked": false,
      "Maximum Interpolation": "1h",
      "ID": "728286D1-3D6D-46A0-A06A-A037BBDF716A",
      "Name": "Vibration Bearing 2",
      "Type": "StoredSignal"
    },
    "Periods": [
      {
        "Start": "2004-02-12T03:51:00+00:00",
        "End": "2004-02-21T15:51:00+00:00"
      },
      {
        "Start": "2004-02-05T03:51:00+00:00",
        "End": "2004-02-28T15:51:00+00:00",
        "Added by User": true
      }
    ]
  },
  "3C6945EF-5D12-4FB5-AAFA-716CF6008F77": {
    "Definition": {
      "Datasource ID": "Seeq Data Lab",
      "Source Value Unit Of Measure": "",
      "Enabled": true,
      "Override Maximum Interpolation": "1h",
      "Last Key Written": {
        "Value": 1077193359000000000,
        "Unit Of Measure": "ns"
      },
      "Archived": false,
      "Cache ID": "0EEAE562-B4A1-7580-95D9-59490E76A114",
      "Datasource Class": "Seeq Data Lab",
      "Cache Enabled": false,
      "Data ID": "[3F153A03-6999-45AC-800B-559B4364439D] {Signal} Vibration Bearing 3",
      "Value Unit Of Measure": "",
      "Interpolation Method": "Linear",
      "Stored Series Cache Version": 1,
      "Unsearchable": false,
      "Storage Location": "FILE_SIGNAL_STORAGE",
      "Locked": false,
      "Maximum Interpolation": "1h",
      "ID": "3C6945EF-5D12-4FB5-AAFA-716CF6008F77",
      "Name": "Vibration Bearing 3",
      "Type": "StoredSignal"
    },
    "Periods": [
      {
        "Start": "2004-02-12T03:51:00+00:00",
        "End": "2004-02-21T15:51:00+00:00"
      },
      {
        "Start": "2004-02-05T03:51:00+00:00",
        "End": "2004-02-28T15:51:00+00:00",
        "Added by User": true
      }
    ]
  },
  "0EEBC4E9-4B7D-6290-B2F3-32CA150709D1": {
    "Definition": {
      "Datasource ID": "Seeq Data Lab",
      "Source Value Unit Of Measure": "",
      "Enabled": true,
      "Last Key Written": {
        "Value": 1077193359000000000,
        "Unit Of Measure": "ns"
      },
      "Archived": false,
      "Cache ID": "0EEBC4E9-4BD7-77E0-A399-10D3E20D52AE",
      "Datasource Class": "Seeq Data Lab",
      "Cache Enabled": false,
      "Data ID": "[00000000-0000-0000-0000-000000000000] {Signal} Bearing Status",
      "Value Unit Of Measure": "",
      "Interpolation Method": "Linear",
      "Stored Series Cache Version": 1,
      "Unsearchable": false,
      "Storage Location": "FILE_SIGNAL_STORAGE",
      "Locked": false,
      "Maximum Interpolation": "40h",
      "ID": "0EEBC4E9-4B7D-6290-B2F3-32CA150709D1",
      "Name": "Bearing Status",
      "Type": "StoredSignal"
    },
    "Periods": [
      {
        "Start": "2004-02-12T03:51:00+00:00",
        "End": "2004-02-21T15:51:00+00:00"
      },
      {
        "Start": "2004-02-05T03:51:00+00:00",
        "End": "2004-02-28T15:51:00+00:00",
        "Added by User": true
      }
    ]
  },
  "BA3B27AA-B37F-428A-8FB6-BE8612BAF85E": {
    "Definition": {
      "Datasource ID": "Seeq Data Lab",
      "Source Value Unit Of Measure": "",
      "Enabled": true,
      "Override Maximum Interpolation": "1h",
      "Last Key Written": {
        "Value": 1077193359000000000,
        "Unit Of Measure": "ns"
      },
      "Archived": false,
      "Cache ID": "0EEAE563-091D-EC30-A809-416D1A5F2FD4",
      "Datasource Class": "Seeq Data Lab",
      "Cache Enabled": false,
      "Data ID": "[3F153A03-6999-45AC-800B-559B4364439D] {Signal} Vibration Bearing 4",
      "Value Unit Of Measure": "",
      "Interpolation Method": "Linear",
      "Stored Series Cache Version": 1,
      "Unsearchable": false,
      "Storage Location": "FILE_SIGNAL_STORAGE",
      "Locked": false,
      "Maximum Interpolation": "1h",
      "ID": "BA3B27AA-B37F-428A-8FB6-BE8612BAF85E",
      "Name": "Vibration Bearing 4",
      "Type": "StoredSignal"
    },
    "Periods": [
      {
        "Start": "2004-02-12T03:51:00+00:00",
        "End": "2004-02-21T15:51:00+00:00"
      },
      {
        "Start": "2004-02-05T03:51:00+00:00",
        "End": "2004-02-28T15:51:00+00:00",
        "Added by User": true
      }
    ]
  }
}