{
    "Definition": {
        "Archived": false,
        "Cache Enabled": false,
        "Created At": "1678707516764805058",
        "Description": "Improve early blockage detection by 13 hours . Reduce the frequency of release of untreated sewage into waterways, resulting in substantial cost savings in environmental cleanup. Problem Statement Sewer blockages release untreated waste into waterways, resulting in substantial environmental, monetary, and reputational consequences.&nbsp; Solution With as little as 30 days",
        "Discoverable": false,
        "Document": "<h3><strong>Pump Station Monitoring</strong></h3><figure class=\"table\"><table class=\"ck-table-resized\" style=\"border-color:hsl(0, 0%, 100%);border-style:solid;\"><colgroup><col style=\"width:28.79%;\" /><col style=\"width:71.21%;\" /></colgroup><tbody><tr><td style=\"background-color:hsl(0, 0%, 100%);border-color:hsl(0, 0%, 100%);border-style:solid;\"><img src=\"/api/annotations/E629ED3D-27D3-422A-81D1-4E8570EAD81D/images/image_v1.png\" alt=\"No photo description available.\"></td><td style=\"background-color:hsl(0, 0%, 100%);border-color:hsl(0, 0%, 100%);border-style:solid;\"><h4>Improve early blockage detection by <a target=\"_blank\" href=\"https://www.aveva.com/en/perspectives/success-stories/taswater/\" rel=\"nofollow noopener noreferrer\"><strong>13 hours</strong></a><strong>.</strong><br>Reduce the frequency of release of untreated sewage into waterways, resulting in substantial <strong>cost savings in environmental cleanup.</strong></h4></td></tr></tbody></table></figure><h4><strong>Problem Statement</strong></h4><p>Sewer blockages release untreated waste into waterways, resulting in substantial environmental, monetary, and reputational consequences.\u00a0</p><h4><strong>Solution</strong></h4><p>With as little as 30 days of historical data, <a href=\"/links?type&#61;workstep&amp;workbook&#61;E2A61E7D-5EA9-4753-B922-A001942A8B3D&amp;worksheet&#61;27CF4353-4929-433F-82B2-552CFE90C6F5&amp;workstep&#61;B95BB924-950B-4B21-8850-E6D27EC65FC4\" rel=\"nofollow noopener noreferrer\">develop a profile of normal pump station behavior</a> based on the day and time, and use this to monitor any deviations from the normal/acceptable profile.</p><p>1. Access<a href=\"/links?type&#61;workstep&amp;workbook&#61;E2A61E7D-5EA9-4753-B922-A001942A8B3D&amp;worksheet&#61;27CF4353-4929-433F-82B2-552CFE90C6F5&amp;workstep&#61;0EE71A20-E3F3-EC90-97D6-F5BA7D45FEA0\" rel=\"nofollow noopener noreferrer\"> raw data</a></p><p>2. Define <a href=\"/links?type&#61;workstep&amp;workbook&#61;E2A61E7D-5EA9-4753-B922-A001942A8B3D&amp;worksheet&#61;27CF4353-4929-433F-82B2-552CFE90C6F5&amp;workstep&#61;0EE71A21-D3C3-6630-B174-DC0964928CA5\" rel=\"nofollow noopener noreferrer\">peak operating times</a></p><p>3. Combine multiple periods of interest to identify <a href=\"/links?type&#61;workstep&amp;workbook&#61;E2A61E7D-5EA9-4753-B922-A001942A8B3D&amp;worksheet&#61;27CF4353-4929-433F-82B2-552CFE90C6F5&amp;workstep&#61;0EE71A23-34F4-FDE0-B40F-FB41237397E0\" rel=\"nofollow noopener noreferrer\">weekend and weekday peak times.</a></p><p>4. Use point-and-click tools to\u00a0develop a <a href=\"/links?type&#61;workstep&amp;workbook&#61;E2A61E7D-5EA9-4753-B922-A001942A8B3D&amp;worksheet&#61;27CF4353-4929-433F-82B2-552CFE90C6F5&amp;workstep&#61;0EE71A24-1060-FBE0-9780-026A2C80B514\" rel=\"nofollow noopener noreferrer\">reference profile</a> of pump station behavior during different times. (<a href=\"/links?type&#61;workstep&amp;workbook&#61;E2A61E7D-5EA9-4753-B922-A001942A8B3D&amp;worksheet&#61;27CF4353-4929-433F-82B2-552CFE90C6F5&amp;workstep&#61;0EE388E7-9E53-7500-A00F-A67CE43AB579\" rel=\"nofollow noopener noreferrer\">&gt;capsule view</a>)\u00a0</p><p>5. <a href=\"/links?type&#61;workstep&amp;workbook&#61;E2A61E7D-5EA9-4753-B922-A001942A8B3D&amp;worksheet&#61;27CF4353-4929-433F-82B2-552CFE90C6F5&amp;workstep&#61;0EE71A25-2505-60E0-B831-A8B571065F8B\" rel=\"nofollow noopener noreferrer\">Monitor Deviations</a> from the standard profile and monitor for issues across <a href=\"/links?type&#61;workstep&amp;workbook&#61;E2A61E7D-5EA9-4753-B922-A001942A8B3D&amp;worksheet&#61;27CF4353-4929-433F-82B2-552CFE90C6F5&amp;workstep&#61;0EE5EE35-1E0A-ECD0-B50A-7699F4401F3B\" rel=\"nofollow noopener noreferrer\">assets</a>.</p><p>(<a href=\"/links?type&#61;workstep&amp;workbook&#61;E2A61E7D-5EA9-4753-B922-A001942A8B3D&amp;worksheet&#61;27CF4353-4929-433F-82B2-552CFE90C6F5&amp;workstep&#61;0EF01ABF-7CB5-ECB0-8C54-00A6ACA240A7\" rel=\"nofollow noopener noreferrer\">Don&#39;t know how?</a> <strong>A</strong><i><strong>sk the AI Assistant!</strong></i> &#34;Identify when my pump station flow is above the peak limit&#34;)</p>",
        "DocumentBackup\u02c9B3BHbCR7txjEswHoBi2qQdHId7cTbSw2C65s2u7PTOU\u02c92024-05-30T18:38:00Z": "<h3><strong>Pump Station Monitoring</strong></h3><figure class=\"table\"><table class=\"ck-table-resized\" style=\"border-color:hsl(0, 0%, 100%);border-style:solid;\"><colgroup><col style=\"width:28.79%;\" /><col style=\"width:71.21%;\" /></colgroup><tbody><tr><td style=\"background-color:hsl(0, 0%, 100%);border-color:hsl(0, 0%, 100%);border-style:solid;\"><img src=\"/api/annotations/E629ED3D-27D3-422A-81D1-4E8570EAD81D/images/image_v1.png\" alt=\"No photo description available.\"></td><td style=\"background-color:hsl(0, 0%, 100%);border-color:hsl(0, 0%, 100%);border-style:solid;\"><h4>Improve early blockage detection by <a target=\"_blank\" href=\"https://www.aveva.com/en/perspectives/success-stories/taswater/\" rel=\"nofollow noopener noreferrer\"><strong>13 hours</strong></a><strong>.</strong><br>Reduce the frequency of release of untreated sewage into waterways, resulting in substantial <strong>cost savings in environmental cleanup.</strong></h4></td></tr></tbody></table></figure><h4><strong>Problem Statement</strong></h4><p>Sewer blockages release untreated waste into waterways, resulting in substantial environmental, monetary, and reputational consequences.\u00a0</p><h4><strong>Solution</strong></h4><p>With as little as 30 days of historical data, <a href=\"/links?type&#61;workstep&amp;workbook&#61;E2A61E7D-5EA9-4753-B922-A001942A8B3D&amp;worksheet&#61;27CF4353-4929-433F-82B2-552CFE90C6F5&amp;workstep&#61;B95BB924-950B-4B21-8850-E6D27EC65FC4\" rel=\"nofollow noopener noreferrer\">develop a profile of normal pump station behavior</a> based on the day and time, and use this to monitor any deviations from the normal/acceptable profile.</p><p>1. Access<a href=\"/links?type&#61;workstep&amp;workbook&#61;E2A61E7D-5EA9-4753-B922-A001942A8B3D&amp;worksheet&#61;27CF4353-4929-433F-82B2-552CFE90C6F5&amp;workstep&#61;0EE71A20-E3F3-EC90-97D6-F5BA7D45FEA0\" rel=\"nofollow noopener noreferrer\"> raw data</a></p><p>2. Define <a href=\"/links?type&#61;workstep&amp;workbook&#61;E2A61E7D-5EA9-4753-B922-A001942A8B3D&amp;worksheet&#61;27CF4353-4929-433F-82B2-552CFE90C6F5&amp;workstep&#61;0EE71A21-D3C3-6630-B174-DC0964928CA5\" rel=\"nofollow noopener noreferrer\">peak operating times</a></p><p>3. Combine multiple periods of interest to identify <a href=\"/links?type&#61;workstep&amp;workbook&#61;E2A61E7D-5EA9-4753-B922-A001942A8B3D&amp;worksheet&#61;27CF4353-4929-433F-82B2-552CFE90C6F5&amp;workstep&#61;0EE71A23-34F4-FDE0-B40F-FB41237397E0\" rel=\"nofollow noopener noreferrer\">weekend and weekday peak times.</a></p><p>4. Use point-and-click tools to\u00a0develop a <a href=\"/links?type&#61;workstep&amp;workbook&#61;E2A61E7D-5EA9-4753-B922-A001942A8B3D&amp;worksheet&#61;27CF4353-4929-433F-82B2-552CFE90C6F5&amp;workstep&#61;0EE71A24-1060-FBE0-9780-026A2C80B514\" rel=\"nofollow noopener noreferrer\">reference profile</a> of pump station behavior during different times. (<a href=\"/links?type&#61;workstep&amp;workbook&#61;E2A61E7D-5EA9-4753-B922-A001942A8B3D&amp;worksheet&#61;27CF4353-4929-433F-82B2-552CFE90C6F5&amp;workstep&#61;0EE388E7-9E53-7500-A00F-A67CE43AB579\" rel=\"nofollow noopener noreferrer\">&gt;capsule view</a>)\u00a0</p><p>5. <a href=\"/links?type&#61;workstep&amp;workbook&#61;E2A61E7D-5EA9-4753-B922-A001942A8B3D&amp;worksheet&#61;27CF4353-4929-433F-82B2-552CFE90C6F5&amp;workstep&#61;0EE71A25-2505-60E0-B831-A8B571065F8B\" rel=\"nofollow noopener noreferrer\">Monitor Deviations</a> from the standard profile and monitor for issues across <a href=\"/links?type&#61;workstep&amp;workbook&#61;E2A61E7D-5EA9-4753-B922-A001942A8B3D&amp;worksheet&#61;27CF4353-4929-433F-82B2-552CFE90C6F5&amp;workstep&#61;0EE5EE35-1E0A-ECD0-B50A-7699F4401F3B\" rel=\"nofollow noopener noreferrer\">assets</a>.</p><p>(<a href=\"/links?type&#61;workstep&amp;workbook&#61;E2A61E7D-5EA9-4753-B922-A001942A8B3D&amp;worksheet&#61;27CF4353-4929-433F-82B2-552CFE90C6F5&amp;workstep&#61;0EF01ABF-7CB5-ECB0-8C54-00A6ACA240A7\" rel=\"nofollow noopener noreferrer\">Don&#39;t know how?</a> <strong>A</strong><i><strong>sk the AI Assistant!</strong></i> &#34;Identify when my pump station flow is above the peak limit&#34;)</p><p>\u00a0</p><p></p><h3><strong>\u2728 Action</strong></h3><p>2024-05-30 13:38:34</p><p><i>Identify when my pump station flow is above the peak limit</i></p><h4>Action Results: Success</h4>\n<p>Created: 1 items</p><p><a href=\"/links?type&#61;workstep&amp;workbook&#61;E2A61E7D-5EA9-4753-B922-A001942A8B3D&amp;worksheet&#61;27CF4353-4929-433F-82B2-552CFE90C6F5&amp;workstep&#61;0EF1EB3B-F0E9-FD40-9C1F-AA3EBED051C6\" rel=\"nofollow noopener noreferrer\">Before</a>\u00a0\u00a0\u00a0<a href=\"/links?type&#61;workstep&amp;workbook&#61;E2A61E7D-5EA9-4753-B922-A001942A8B3D&amp;worksheet&#61;27CF4353-4929-433F-82B2-552CFE90C6F5&amp;workstep&#61;0EF1EB3D-2565-FFF0-9637-4EAA00041F50\" rel=\"nofollow noopener noreferrer\">After</a></p>",
        "DocumentBackup\u02c9B3BHbCR7txjEswHoBi2qQdHId7cTbSw2C65s2u7PTOU\u02c92024-06-10T16:32:00Z": "<h3><strong>Pump Station Monitoring</strong></h3><figure class=\"table\"><table class=\"ck-table-resized\" style=\"border-color:hsl(0, 0%, 100%);border-style:solid;\"><colgroup><col style=\"width:28.79%;\" /><col style=\"width:71.21%;\" /></colgroup><tbody><tr><td style=\"background-color:hsl(0, 0%, 100%);border-color:hsl(0, 0%, 100%);border-style:solid;\"><img src=\"/api/annotations/E629ED3D-27D3-422A-81D1-4E8570EAD81D/images/image_v1.png\" alt=\"No photo description available.\"></td><td style=\"background-color:hsl(0, 0%, 100%);border-color:hsl(0, 0%, 100%);border-style:solid;\"><h4>Improve early blockage detection by <a target=\"_blank\" href=\"https://www.aveva.com/en/perspectives/success-stories/taswater/\" rel=\"nofollow noopener noreferrer\"><strong>13 hours</strong></a><strong>.</strong><br>Reduce the frequency of release of untreated sewage into waterways, resulting in substantial <strong>cost savings in environmental cleanup.</strong></h4></td></tr></tbody></table></figure><h4><strong>Problem Statement</strong></h4><p>Sewer blockages release untreated waste into waterways, resulting in substantial environmental, monetary, and reputational consequences.\u00a0</p><h4><strong>Solution</strong></h4><p>With as little as 30 days of historical data, <a href=\"/links?type&#61;workstep&amp;workbook&#61;E2A61E7D-5EA9-4753-B922-A001942A8B3D&amp;worksheet&#61;27CF4353-4929-433F-82B2-552CFE90C6F5&amp;workstep&#61;B95BB924-950B-4B21-8850-E6D27EC65FC4\" rel=\"nofollow noopener noreferrer\">develop a profile of normal pump station behavior</a> based on the day and time, and use this to monitor any deviations from the normal/acceptable profile.</p><p>1. Access<a href=\"/links?type&#61;workstep&amp;workbook&#61;E2A61E7D-5EA9-4753-B922-A001942A8B3D&amp;worksheet&#61;27CF4353-4929-433F-82B2-552CFE90C6F5&amp;workstep&#61;0EE71A20-E3F3-EC90-97D6-F5BA7D45FEA0\" rel=\"nofollow noopener noreferrer\"> raw data</a></p><p>2. Define <a href=\"/links?type&#61;workstep&amp;workbook&#61;E2A61E7D-5EA9-4753-B922-A001942A8B3D&amp;worksheet&#61;27CF4353-4929-433F-82B2-552CFE90C6F5&amp;workstep&#61;0EE71A21-D3C3-6630-B174-DC0964928CA5\" rel=\"nofollow noopener noreferrer\">peak operating times</a></p><p>3. Combine multiple periods of interest to identify <a href=\"/links?type&#61;workstep&amp;workbook&#61;E2A61E7D-5EA9-4753-B922-A001942A8B3D&amp;worksheet&#61;27CF4353-4929-433F-82B2-552CFE90C6F5&amp;workstep&#61;0EE71A23-34F4-FDE0-B40F-FB41237397E0\" rel=\"nofollow noopener noreferrer\">weekend and weekday peak times.</a></p><p>4. Use point-and-click tools to\u00a0develop a <a href=\"/links?type&#61;workstep&amp;workbook&#61;E2A61E7D-5EA9-4753-B922-A001942A8B3D&amp;worksheet&#61;27CF4353-4929-433F-82B2-552CFE90C6F5&amp;workstep&#61;0EE71A24-1060-FBE0-9780-026A2C80B514\" rel=\"nofollow noopener noreferrer\">reference profile</a> of pump station behavior during different times. (<a href=\"/links?type&#61;workstep&amp;workbook&#61;E2A61E7D-5EA9-4753-B922-A001942A8B3D&amp;worksheet&#61;27CF4353-4929-433F-82B2-552CFE90C6F5&amp;workstep&#61;0EE388E7-9E53-7500-A00F-A67CE43AB579\" rel=\"nofollow noopener noreferrer\">&gt;capsule view</a>)\u00a0</p><p>5. <a href=\"/links?type&#61;workstep&amp;workbook&#61;E2A61E7D-5EA9-4753-B922-A001942A8B3D&amp;worksheet&#61;27CF4353-4929-433F-82B2-552CFE90C6F5&amp;workstep&#61;0EE71A25-2505-60E0-B831-A8B571065F8B\" rel=\"nofollow noopener noreferrer\">Monitor Deviations</a> from the standard profile and monitor for issues across <a href=\"/links?type&#61;workstep&amp;workbook&#61;E2A61E7D-5EA9-4753-B922-A001942A8B3D&amp;worksheet&#61;27CF4353-4929-433F-82B2-552CFE90C6F5&amp;workstep&#61;0EE5EE35-1E0A-ECD0-B50A-7699F4401F3B\" rel=\"nofollow noopener noreferrer\">assets</a>.</p><p>(<a href=\"/links?type&#61;workstep&amp;workbook&#61;E2A61E7D-5EA9-4753-B922-A001942A8B3D&amp;worksheet&#61;27CF4353-4929-433F-82B2-552CFE90C6F5&amp;workstep&#61;0EF01ABF-7CB5-ECB0-8C54-00A6ACA240A7\" rel=\"nofollow noopener noreferrer\">Don&#39;t know how?</a> <strong>A</strong><i><strong>sk the AI Assistant!</strong></i> &#34;Identify when my pump station flow is above the peak limit&#34;)</p><p>\u00a0</p><p></p><h3><strong>\u2728 Action</strong></h3><p>2024-05-30 13:38:34</p><p><i>Identify when my pump station flow is above the peak limit</i></p><h4>Action Results: Success</h4>\n<p>Created: 1 items</p><p><a href=\"/links?type&#61;workstep&amp;workbook&#61;E2A61E7D-5EA9-4753-B922-A001942A8B3D&amp;worksheet&#61;27CF4353-4929-433F-82B2-552CFE90C6F5&amp;workstep&#61;0EF1EB3B-F0E9-FD40-9C1F-AA3EBED051C6\" rel=\"nofollow noopener noreferrer\">Before</a>\u00a0\u00a0\u00a0<a href=\"/links?type&#61;workstep&amp;workbook&#61;E2A61E7D-5EA9-4753-B922-A001942A8B3D&amp;worksheet&#61;27CF4353-4929-433F-82B2-552CFE90C6F5&amp;workstep&#61;0EF1EB3D-2565-FFF0-9637-4EAA00041F50\" rel=\"nofollow noopener noreferrer\">After</a></p><p></p><h3><strong>\u2728 Action</strong></h3><p>2024-06-10 11:32:57</p><p><i>Identify when my pump station flow is above the peak limit</i></p><h4>Action Results: Success</h4>\n<p>Created: 1 items (in a total of 2 attempts)</p><p><a href=\"/links?type&#61;workstep&amp;workbook&#61;E2A61E7D-5EA9-4753-B922-A001942A8B3D&amp;worksheet&#61;27CF4353-4929-433F-82B2-552CFE90C6F5&amp;workstep&#61;0EF27470-CFC7-EE50-9DB9-F8C63B9AF19D\" rel=\"nofollow noopener noreferrer\">Before</a>\u00a0\u00a0\u00a0<a href=\"/links?type&#61;workstep&amp;workbook&#61;E2A61E7D-5EA9-4753-B922-A001942A8B3D&amp;worksheet&#61;27CF4353-4929-433F-82B2-552CFE90C6F5&amp;workstep&#61;0EF27471-84AA-60C0-A878-FDD0CBFD2261\" rel=\"nofollow noopener noreferrer\">After</a></p>",
        "DocumentBackup\u02c9B3BHbCR7txjEswHoBi2qQdHId7cTbSw2C65s2u7PTOU\u02c92024-06-10T16:34:00Z": "<h3><strong>Pump Station Monitoring</strong></h3><figure class=\"table\"><table class=\"ck-table-resized\" style=\"border-color:hsl(0, 0%, 100%);border-style:solid;\"><colgroup><col style=\"width:28.79%;\" /><col style=\"width:71.21%;\" /></colgroup><tbody><tr><td style=\"background-color:hsl(0, 0%, 100%);border-color:hsl(0, 0%, 100%);border-style:solid;\"><img src=\"/api/annotations/E629ED3D-27D3-422A-81D1-4E8570EAD81D/images/image_v1.png\" alt=\"No photo description available.\"></td><td style=\"background-color:hsl(0, 0%, 100%);border-color:hsl(0, 0%, 100%);border-style:solid;\"><h4>Improve early blockage detection by <a target=\"_blank\" href=\"https://www.aveva.com/en/perspectives/success-stories/taswater/\" rel=\"nofollow noopener noreferrer\"><strong>13 hours</strong></a><strong>.</strong><br>Reduce the frequency of release of untreated sewage into waterways, resulting in substantial <strong>cost savings in environmental cleanup.</strong></h4></td></tr></tbody></table></figure><h4><strong>Problem Statement</strong></h4><p>Sewer blockages release untreated waste into waterways, resulting in substantial environmental, monetary, and reputational consequences.\u00a0</p><h4><strong>Solution</strong></h4><p>With as little as 30 days of historical data, <a href=\"/links?type&#61;workstep&amp;workbook&#61;E2A61E7D-5EA9-4753-B922-A001942A8B3D&amp;worksheet&#61;27CF4353-4929-433F-82B2-552CFE90C6F5&amp;workstep&#61;B95BB924-950B-4B21-8850-E6D27EC65FC4\" rel=\"nofollow noopener noreferrer\">develop a profile of normal pump station behavior</a> based on the day and time, and use this to monitor any deviations from the normal/acceptable profile.</p><p>1. Access<a href=\"/links?type&#61;workstep&amp;workbook&#61;E2A61E7D-5EA9-4753-B922-A001942A8B3D&amp;worksheet&#61;27CF4353-4929-433F-82B2-552CFE90C6F5&amp;workstep&#61;0EE71A20-E3F3-EC90-97D6-F5BA7D45FEA0\" rel=\"nofollow noopener noreferrer\"> raw data</a></p><p>2. Define <a href=\"/links?type&#61;workstep&amp;workbook&#61;E2A61E7D-5EA9-4753-B922-A001942A8B3D&amp;worksheet&#61;27CF4353-4929-433F-82B2-552CFE90C6F5&amp;workstep&#61;0EE71A21-D3C3-6630-B174-DC0964928CA5\" rel=\"nofollow noopener noreferrer\">peak operating times</a></p><p>3. Combine multiple periods of interest to identify <a href=\"/links?type&#61;workstep&amp;workbook&#61;E2A61E7D-5EA9-4753-B922-A001942A8B3D&amp;worksheet&#61;27CF4353-4929-433F-82B2-552CFE90C6F5&amp;workstep&#61;0EE71A23-34F4-FDE0-B40F-FB41237397E0\" rel=\"nofollow noopener noreferrer\">weekend and weekday peak times.</a></p><p>4. Use point-and-click tools to\u00a0develop a <a href=\"/links?type&#61;workstep&amp;workbook&#61;E2A61E7D-5EA9-4753-B922-A001942A8B3D&amp;worksheet&#61;27CF4353-4929-433F-82B2-552CFE90C6F5&amp;workstep&#61;0EE71A24-1060-FBE0-9780-026A2C80B514\" rel=\"nofollow noopener noreferrer\">reference profile</a> of pump station behavior during different times. (<a href=\"/links?type&#61;workstep&amp;workbook&#61;E2A61E7D-5EA9-4753-B922-A001942A8B3D&amp;worksheet&#61;27CF4353-4929-433F-82B2-552CFE90C6F5&amp;workstep&#61;0EE388E7-9E53-7500-A00F-A67CE43AB579\" rel=\"nofollow noopener noreferrer\">&gt;capsule view</a>)\u00a0</p><p>5. <a href=\"/links?type&#61;workstep&amp;workbook&#61;E2A61E7D-5EA9-4753-B922-A001942A8B3D&amp;worksheet&#61;27CF4353-4929-433F-82B2-552CFE90C6F5&amp;workstep&#61;0EE71A25-2505-60E0-B831-A8B571065F8B\" rel=\"nofollow noopener noreferrer\">Monitor Deviations</a> from the standard profile and monitor for issues across <a href=\"/links?type&#61;workstep&amp;workbook&#61;E2A61E7D-5EA9-4753-B922-A001942A8B3D&amp;worksheet&#61;27CF4353-4929-433F-82B2-552CFE90C6F5&amp;workstep&#61;0EE5EE35-1E0A-ECD0-B50A-7699F4401F3B\" rel=\"nofollow noopener noreferrer\">assets</a>.</p><p>(<a href=\"/links?type&#61;workstep&amp;workbook&#61;E2A61E7D-5EA9-4753-B922-A001942A8B3D&amp;worksheet&#61;27CF4353-4929-433F-82B2-552CFE90C6F5&amp;workstep&#61;0EF01ABF-7CB5-ECB0-8C54-00A6ACA240A7\" rel=\"nofollow noopener noreferrer\">Don&#39;t know how?</a> <strong>A</strong><i><strong>sk the AI Assistant!</strong></i> &#34;Identify when my pump station flow is above the peak limit&#34;)</p><p>\u00a0</p><p></p><h3><strong>\u2728 Action</strong></h3><p>2024-05-30 13:38:34</p><p><i>Identify when my pump station flow is above the peak limit</i></p><h4>Action Results: Success</h4>\n<p>Created: 1 items</p><p><a href=\"/links?type&#61;workstep&amp;workbook&#61;E2A61E7D-5EA9-4753-B922-A001942A8B3D&amp;worksheet&#61;27CF4353-4929-433F-82B2-552CFE90C6F5&amp;workstep&#61;0EF1EB3B-F0E9-FD40-9C1F-AA3EBED051C6\" rel=\"nofollow noopener noreferrer\">Before</a>\u00a0\u00a0\u00a0<a href=\"/links?type&#61;workstep&amp;workbook&#61;E2A61E7D-5EA9-4753-B922-A001942A8B3D&amp;worksheet&#61;27CF4353-4929-433F-82B2-552CFE90C6F5&amp;workstep&#61;0EF1EB3D-2565-FFF0-9637-4EAA00041F50\" rel=\"nofollow noopener noreferrer\">After</a></p><p></p><h3><strong>\u2728 Action</strong></h3><p>2024-06-10 11:32:57</p><p><i>Identify when my pump station flow is above the peak limit</i></p><h4>Action Results: Success</h4>\n<p>Created: 1 items (in a total of 2 attempts)</p><p><a href=\"/links?type&#61;workstep&amp;workbook&#61;E2A61E7D-5EA9-4753-B922-A001942A8B3D&amp;worksheet&#61;27CF4353-4929-433F-82B2-552CFE90C6F5&amp;workstep&#61;0EF27470-CFC7-EE50-9DB9-F8C63B9AF19D\" rel=\"nofollow noopener noreferrer\">Before</a>\u00a0\u00a0\u00a0<a href=\"/links?type&#61;workstep&amp;workbook&#61;E2A61E7D-5EA9-4753-B922-A001942A8B3D&amp;worksheet&#61;27CF4353-4929-433F-82B2-552CFE90C6F5&amp;workstep&#61;0EF27471-84AA-60C0-A878-FDD0CBFD2261\" rel=\"nofollow noopener noreferrer\">After</a></p><p></p><h3><strong>\u2728 Action</strong></h3><p>2024-06-10 11:34:05</p><p><i>Identify when my pump station flow is above the peak limit</i></p><h4>Action Results: Success</h4>\n<p>Created: 1 items (in a total of 2 attempts)</p><p><a href=\"/links?type&#61;workstep&amp;workbook&#61;E2A61E7D-5EA9-4753-B922-A001942A8B3D&amp;worksheet&#61;27CF4353-4929-433F-82B2-552CFE90C6F5&amp;workstep&#61;0EF27473-2736-77C0-B30F-A02D5553D4A2\" rel=\"nofollow noopener noreferrer\">Before</a>\u00a0\u00a0\u00a0<a href=\"/links?type&#61;workstep&amp;workbook&#61;E2A61E7D-5EA9-4753-B922-A001942A8B3D&amp;worksheet&#61;27CF4353-4929-433F-82B2-552CFE90C6F5&amp;workstep&#61;0EF27474-081E-62B0-90E8-B91344671AFE\" rel=\"nofollow noopener noreferrer\">After</a></p>",
        "DocumentBackup\u02c9B3BHbCR7txjEswHoBi2qQdHId7cTbSw2C65s2u7PTOU\u02c92024-09-16T19:29:00Z": "<h3><strong>Pump Station Monitoring</strong></h3><figure class=\"table\"><table class=\"ck-table-resized\" style=\"border-color:hsl(0, 0%, 100%);border-style:solid;\"><colgroup><col style=\"width:28.79%;\" /><col style=\"width:71.21%;\" /></colgroup><tbody><tr><td style=\"background-color:hsl(0, 0%, 100%);border-color:hsl(0, 0%, 100%);border-style:solid;\"><img src=\"/api/annotations/E629ED3D-27D3-422A-81D1-4E8570EAD81D/images/image_v1.png\" alt=\"No photo description available.\"></td><td style=\"background-color:hsl(0, 0%, 100%);border-color:hsl(0, 0%, 100%);border-style:solid;\"><h4>Improve early blockage detection by <a target=\"_blank\" href=\"https://www.aveva.com/en/perspectives/success-stories/taswater/\" rel=\"nofollow noopener noreferrer\"><strong>13 hours</strong></a><strong>.</strong><br>Reduce the frequency of release of untreated sewage into waterways, resulting in substantial <strong>cost savings in environmental cleanup.</strong></h4></td></tr></tbody></table></figure><h4><strong>Problem Statement</strong></h4><p>Sewer blockages release untreated waste into waterways, resulting in substantial environmental, monetary, and reputational consequences.\u00a0</p><h4><strong>Solution</strong></h4><p>With as little as 30 days of historical data, <a href=\"/links?type&#61;workstep&amp;workbook&#61;E2A61E7D-5EA9-4753-B922-A001942A8B3D&amp;worksheet&#61;27CF4353-4929-433F-82B2-552CFE90C6F5&amp;workstep&#61;B95BB924-950B-4B21-8850-E6D27EC65FC4\" rel=\"nofollow noopener noreferrer\">develop a profile of normal pump station behavior</a> based on the day and time, and use this to monitor any deviations from the normal/acceptable profile.</p><p>1. Access<a href=\"/links?type&#61;workstep&amp;workbook&#61;E2A61E7D-5EA9-4753-B922-A001942A8B3D&amp;worksheet&#61;27CF4353-4929-433F-82B2-552CFE90C6F5&amp;workstep&#61;0EE71A20-E3F3-EC90-97D6-F5BA7D45FEA0\" rel=\"nofollow noopener noreferrer\"> raw data</a></p><p>2. Define <a href=\"/links?type&#61;workstep&amp;workbook&#61;E2A61E7D-5EA9-4753-B922-A001942A8B3D&amp;worksheet&#61;27CF4353-4929-433F-82B2-552CFE90C6F5&amp;workstep&#61;0EE71A21-D3C3-6630-B174-DC0964928CA5\" rel=\"nofollow noopener noreferrer\">peak operating times</a></p><p>3. Combine multiple periods of interest to identify <a href=\"/links?type&#61;workstep&amp;workbook&#61;E2A61E7D-5EA9-4753-B922-A001942A8B3D&amp;worksheet&#61;27CF4353-4929-433F-82B2-552CFE90C6F5&amp;workstep&#61;0EE71A23-34F4-FDE0-B40F-FB41237397E0\" rel=\"nofollow noopener noreferrer\">weekend and weekday peak times.</a></p><p>4. Use point-and-click tools to\u00a0develop a <a href=\"/links?type&#61;workstep&amp;workbook&#61;E2A61E7D-5EA9-4753-B922-A001942A8B3D&amp;worksheet&#61;27CF4353-4929-433F-82B2-552CFE90C6F5&amp;workstep&#61;0EE71A24-1060-FBE0-9780-026A2C80B514\" rel=\"nofollow noopener noreferrer\">reference profile</a> of pump station behavior during different times. (<a href=\"/links?type&#61;workstep&amp;workbook&#61;E2A61E7D-5EA9-4753-B922-A001942A8B3D&amp;worksheet&#61;27CF4353-4929-433F-82B2-552CFE90C6F5&amp;workstep&#61;0EE388E7-9E53-7500-A00F-A67CE43AB579\" rel=\"nofollow noopener noreferrer\">&gt;capsule view</a>)\u00a0</p><p>5. <a href=\"/links?type&#61;workstep&amp;workbook&#61;E2A61E7D-5EA9-4753-B922-A001942A8B3D&amp;worksheet&#61;27CF4353-4929-433F-82B2-552CFE90C6F5&amp;workstep&#61;0EE71A25-2505-60E0-B831-A8B571065F8B\" rel=\"nofollow noopener noreferrer\">Monitor Deviations</a> from the standard profile and monitor for issues across <a href=\"/links?type&#61;workstep&amp;workbook&#61;E2A61E7D-5EA9-4753-B922-A001942A8B3D&amp;worksheet&#61;27CF4353-4929-433F-82B2-552CFE90C6F5&amp;workstep&#61;0EE5EE35-1E0A-ECD0-B50A-7699F4401F3B\" rel=\"nofollow noopener noreferrer\">assets</a>.</p><p>(<a href=\"/links?type&#61;workstep&amp;workbook&#61;E2A61E7D-5EA9-4753-B922-A001942A8B3D&amp;worksheet&#61;27CF4353-4929-433F-82B2-552CFE90C6F5&amp;workstep&#61;0EF01ABF-7CB5-ECB0-8C54-00A6ACA240A7\" rel=\"nofollow noopener noreferrer\">Don&#39;t know how?</a> <strong>A</strong><i><strong>sk the AI Assistant!</strong></i> &#34;Identify when my pump station flow is above the peak limit&#34;)</p><p></p><h3><strong>\u2728 Action</strong></h3><p>2024-09-16 14:29:29</p><p><i>identify when my pump is outside my peak limits</i></p><h4>Action Results: Success</h4>\n\n<p>Created: 1 items</p><p><a href=\"/links?type&#61;workstep&amp;workbook&#61;E2A61E7D-5EA9-4753-B922-A001942A8B3D&amp;worksheet&#61;27CF4353-4929-433F-82B2-552CFE90C6F5&amp;workstep&#61;0EF7461A-39BA-7130-AC12-52C9FB9BB92B\" rel=\"nofollow noopener noreferrer\">Before</a>\u00a0\u00a0\u00a0<a href=\"/links?type&#61;workstep&amp;workbook&#61;E2A61E7D-5EA9-4753-B922-A001942A8B3D&amp;worksheet&#61;27CF4353-4929-433F-82B2-552CFE90C6F5&amp;workstep&#61;0EF7461F-E0DE-FD30-B75B-0A132E1AD24B\" rel=\"nofollow noopener noreferrer\">After</a></p>",
        "DocumentBackup\u02c9DEg3Lh5pLS4-lG84EjGXXXdzxhd1450vkLgiu8he2l8\u02c92024-10-30T14:29:00Z": "<h3><strong>Pump Station Monitoring</strong></h3><figure class=\"table\"><table class=\"ck-table-resized\" style=\"border-color:hsl(0, 0%, 100%);border-style:solid;\"><colgroup><col style=\"width:28.79%;\" /><col style=\"width:71.21%;\" /></colgroup><tbody><tr><td style=\"background-color:hsl(0, 0%, 100%);border-color:hsl(0, 0%, 100%);border-style:solid;\"><img src=\"/api/annotations/E629ED3D-27D3-422A-81D1-4E8570EAD81D/images/image_v1.png\" alt=\"No photo description available.\"></td><td style=\"background-color:hsl(0, 0%, 100%);border-color:hsl(0, 0%, 100%);border-style:solid;\"><h4>Improve early blockage detection by <a target=\"_blank\" href=\"https://www.aveva.com/en/perspectives/success-stories/taswater/\" rel=\"nofollow noopener noreferrer\"><strong>13 hours</strong></a><strong>.</strong><br>Reduce the frequency of release of untreated sewage into waterways, resulting in substantial <strong>cost savings in environmental cleanup.</strong></h4></td></tr></tbody></table></figure><h4><strong>Problem Statement</strong></h4><p>Sewer blockages release untreated waste into waterways, resulting in substantial environmental, monetary, and reputational consequences.\u00a0</p><h4><strong>Solution</strong></h4><p>With as little as 30 days of historical data, <a href=\"/links?type&#61;workstep&amp;workbook&#61;E2A61E7D-5EA9-4753-B922-A001942A8B3D&amp;worksheet&#61;27CF4353-4929-433F-82B2-552CFE90C6F5&amp;workstep&#61;B95BB924-950B-4B21-8850-E6D27EC65FC4\" rel=\"nofollow noopener noreferrer\">develop a profile of normal pump station behavior</a> based on the day and time, and use this to monitor any deviations from the normal/acceptable profile.</p><p>1. Access<a href=\"/links?type&#61;workstep&amp;workbook&#61;E2A61E7D-5EA9-4753-B922-A001942A8B3D&amp;worksheet&#61;27CF4353-4929-433F-82B2-552CFE90C6F5&amp;workstep&#61;0EE71A20-E3F3-EC90-97D6-F5BA7D45FEA0\" rel=\"nofollow noopener noreferrer\"> raw data</a></p><p>2. Define <a href=\"/links?type&#61;workstep&amp;workbook&#61;E2A61E7D-5EA9-4753-B922-A001942A8B3D&amp;worksheet&#61;27CF4353-4929-433F-82B2-552CFE90C6F5&amp;workstep&#61;0EE71A21-D3C3-6630-B174-DC0964928CA5\" rel=\"nofollow noopener noreferrer\">peak operating times</a></p><p>3. Combine multiple periods of interest to identify <a href=\"/links?type&#61;workstep&amp;workbook&#61;E2A61E7D-5EA9-4753-B922-A001942A8B3D&amp;worksheet&#61;27CF4353-4929-433F-82B2-552CFE90C6F5&amp;workstep&#61;0EE71A23-34F4-FDE0-B40F-FB41237397E0\" rel=\"nofollow noopener noreferrer\">weekend and weekday peak times.</a></p><p>4. Use point-and-click tools to\u00a0develop a <a href=\"/links?type&#61;workstep&amp;workbook&#61;E2A61E7D-5EA9-4753-B922-A001942A8B3D&amp;worksheet&#61;27CF4353-4929-433F-82B2-552CFE90C6F5&amp;workstep&#61;0EE71A24-1060-FBE0-9780-026A2C80B514\" rel=\"nofollow noopener noreferrer\">reference profile</a> of pump station behavior during different times. (<a href=\"/links?type&#61;workstep&amp;workbook&#61;E2A61E7D-5EA9-4753-B922-A001942A8B3D&amp;worksheet&#61;27CF4353-4929-433F-82B2-552CFE90C6F5&amp;workstep&#61;0EE388E7-9E53-7500-A00F-A67CE43AB579\" rel=\"nofollow noopener noreferrer\">&gt;capsule view</a>)\u00a0</p><p>5. <a href=\"/links?type&#61;workstep&amp;workbook&#61;E2A61E7D-5EA9-4753-B922-A001942A8B3D&amp;worksheet&#61;27CF4353-4929-433F-82B2-552CFE90C6F5&amp;workstep&#61;0EE71A25-2505-60E0-B831-A8B571065F8B\" rel=\"nofollow noopener noreferrer\">Monitor Deviations</a> from the standard profile and monitor for issues across <a href=\"/links?type&#61;workstep&amp;workbook&#61;E2A61E7D-5EA9-4753-B922-A001942A8B3D&amp;worksheet&#61;27CF4353-4929-433F-82B2-552CFE90C6F5&amp;workstep&#61;0EE5EE35-1E0A-ECD0-B50A-7699F4401F3B\" rel=\"nofollow noopener noreferrer\">assets</a>.</p><p>(<a href=\"/links?type&#61;workstep&amp;workbook&#61;E2A61E7D-5EA9-4753-B922-A001942A8B3D&amp;worksheet&#61;27CF4353-4929-433F-82B2-552CFE90C6F5&amp;workstep&#61;0EF01ABF-7CB5-ECB0-8C54-00A6ACA240A7\" rel=\"nofollow noopener noreferrer\">Don&#39;t know how?</a> <strong>A</strong><i><strong>sk the AI Assistant!</strong></i> &#34;Identify when my pump station flow is above the peak limit&#34;)</p><p></p><h3><strong>\u2728 Action</strong></h3><p>2024-09-16 14:29:29</p><p><i>identify when my pump is outside my peak limits</i></p><h4>Action Results: Success</h4>\n\n<p>Created: 1 items</p><p><a href=\"/links?type&#61;workstep&amp;workbook&#61;E2A61E7D-5EA9-4753-B922-A001942A8B3D&amp;worksheet&#61;27CF4353-4929-433F-82B2-552CFE90C6F5&amp;workstep&#61;0EF7461A-39BA-7130-AC12-52C9FB9BB92B\" rel=\"nofollow noopener noreferrer\">Before</a>\u00a0\u00a0\u00a0<a href=\"/links?type&#61;workstep&amp;workbook&#61;E2A61E7D-5EA9-4753-B922-A001942A8B3D&amp;worksheet&#61;27CF4353-4929-433F-82B2-552CFE90C6F5&amp;workstep&#61;0EF7461F-E0DE-FD30-B75B-0A132E1AD24B\" rel=\"nofollow noopener noreferrer\">After</a></p><p></p><h3><strong>\u2728 Action</strong></h3><p>2024-10-30 09:29:18 by katie.pintar&#64;seeq.com</p><p><i>Identify when my pump station flow is above the peak limit&#34;</i></p><h4>Action Results: Success</h4>\n\n<p>Created: 1 items</p><p><a href=\"/links?type&#61;workstep&amp;workbook&#61;E2A61E7D-5EA9-4753-B922-A001942A8B3D&amp;worksheet&#61;27CF4353-4929-433F-82B2-552CFE90C6F5&amp;workstep&#61;0EF96CB3-9D0D-66D0-8C31-52668237FFAE\" rel=\"nofollow noopener noreferrer\">Before</a>\u00a0\u00a0\u00a0<a href=\"/links?type&#61;workstep&amp;workbook&#61;E2A61E7D-5EA9-4753-B922-A001942A8B3D&amp;worksheet&#61;27CF4353-4929-433F-82B2-552CFE90C6F5&amp;workstep&#61;0EF96CB5-8A94-7330-8A00-FC75DD71790A\" rel=\"nofollow noopener noreferrer\">After</a></p>",
        "DocumentBackup\u02c9Rf-erYpWFnMP4dGJEM9aIaUTM348lH-FhsTVaRr_vnI\u02c92024-05-28T15:42:00Z": "<h3><strong>Pump Station Monitoring</strong></h3><figure class=\"table\"><table class=\"ck-table-resized\" style=\"border-color:hsl(0, 0%, 100%);border-style:solid;\"><colgroup><col style=\"width:28.79%;\" /><col style=\"width:71.21%;\" /></colgroup><tbody><tr><td style=\"background-color:hsl(0, 0%, 100%);border-color:hsl(0, 0%, 100%);border-style:solid;\"><img src=\"/api/annotations/E629ED3D-27D3-422A-81D1-4E8570EAD81D/images/image_v1.png\" alt=\"No photo description available.\"></td><td style=\"background-color:hsl(0, 0%, 100%);border-color:hsl(0, 0%, 100%);border-style:solid;\"><h4>Improve early blockage detection by <a target=\"_blank\" href=\"https://www.aveva.com/en/perspectives/success-stories/taswater/\" rel=\"nofollow noopener noreferrer\"><strong>13 hours</strong></a><strong>.</strong><br>Reduce the frequency of release of untreated sewage into waterways, resulting in substantial <strong>cost savings in environmental cleanup.</strong></h4></td></tr></tbody></table></figure><h4><strong>Problem Statement</strong></h4><p>Sewer blockages release untreated waste into waterways, resulting in substantial environmental, monetary, and reputational consequences.\u00a0</p><h4><strong>Solution</strong></h4><p>With as little as 30 days of historical data, <a href=\"/links?type&#61;workstep&amp;workbook&#61;E2A61E7D-5EA9-4753-B922-A001942A8B3D&amp;worksheet&#61;27CF4353-4929-433F-82B2-552CFE90C6F5&amp;workstep&#61;B95BB924-950B-4B21-8850-E6D27EC65FC4\" rel=\"nofollow noopener noreferrer\">develop a profile of normal pump station behavior</a> based on the day and time, and use this to monitor any deviations from the normal/acceptable profile.</p><p>1. Access<a href=\"/links?type&#61;workstep&amp;workbook&#61;E2A61E7D-5EA9-4753-B922-A001942A8B3D&amp;worksheet&#61;27CF4353-4929-433F-82B2-552CFE90C6F5&amp;workstep&#61;0EE71A20-E3F3-EC90-97D6-F5BA7D45FEA0\" rel=\"nofollow noopener noreferrer\"> raw data</a></p><p>2. Define <a href=\"/links?type&#61;workstep&amp;workbook&#61;E2A61E7D-5EA9-4753-B922-A001942A8B3D&amp;worksheet&#61;27CF4353-4929-433F-82B2-552CFE90C6F5&amp;workstep&#61;0EE71A21-D3C3-6630-B174-DC0964928CA5\" rel=\"nofollow noopener noreferrer\">peak operating times</a></p><p>3. Combine multiple periods of interest to identify <a href=\"/links?type&#61;workstep&amp;workbook&#61;E2A61E7D-5EA9-4753-B922-A001942A8B3D&amp;worksheet&#61;27CF4353-4929-433F-82B2-552CFE90C6F5&amp;workstep&#61;0EE71A23-34F4-FDE0-B40F-FB41237397E0\" rel=\"nofollow noopener noreferrer\">weekend and weekday peak times.</a></p><p>4. Use point-and-click tools to\u00a0develop a <a href=\"/links?type&#61;workstep&amp;workbook&#61;E2A61E7D-5EA9-4753-B922-A001942A8B3D&amp;worksheet&#61;27CF4353-4929-433F-82B2-552CFE90C6F5&amp;workstep&#61;0EE71A24-1060-FBE0-9780-026A2C80B514\" rel=\"nofollow noopener noreferrer\">reference profile</a> of pump station behavior during different times. (<a href=\"/links?type&#61;workstep&amp;workbook&#61;E2A61E7D-5EA9-4753-B922-A001942A8B3D&amp;worksheet&#61;27CF4353-4929-433F-82B2-552CFE90C6F5&amp;workstep&#61;0EE388E7-9E53-7500-A00F-A67CE43AB579\" rel=\"nofollow noopener noreferrer\">&gt;capsule view</a>)\u00a0</p><p>5. <a href=\"/links?type&#61;workstep&amp;workbook&#61;E2A61E7D-5EA9-4753-B922-A001942A8B3D&amp;worksheet&#61;27CF4353-4929-433F-82B2-552CFE90C6F5&amp;workstep&#61;0EE71A25-2505-60E0-B831-A8B571065F8B\" rel=\"nofollow noopener noreferrer\">Monitor Deviations</a> from the standard profile and monitor for issues across <a href=\"/links?type&#61;workstep&amp;workbook&#61;E2A61E7D-5EA9-4753-B922-A001942A8B3D&amp;worksheet&#61;27CF4353-4929-433F-82B2-552CFE90C6F5&amp;workstep&#61;0EE5EE35-1E0A-ECD0-B50A-7699F4401F3B\" rel=\"nofollow noopener noreferrer\">assets</a>.</p><p>(<a href=\"/links?type&#61;workstep&amp;workbook&#61;E2A61E7D-5EA9-4753-B922-A001942A8B3D&amp;worksheet&#61;27CF4353-4929-433F-82B2-552CFE90C6F5&amp;workstep&#61;0EF01ABF-7CB5-ECB0-8C54-00A6ACA240A7\" rel=\"nofollow noopener noreferrer\">Don&#39;t know how?</a> <strong>A</strong><i><strong>sk the AI Assistant!</strong></i> &#34;Identify when my pump station flow is above the peak limit&#34;)</p><p>\u00a0</p><p></p><h3><strong>\u2728 Action</strong></h3><p>2024-05-28 10:42:06</p><p><i>identify when my pump station flow is above the peak limit</i></p><h4>Action Results: Success</h4>\n<p>Created: 1 items</p><p><a href=\"/links?type&#61;workstep&amp;workbook&#61;E2A61E7D-5EA9-4753-B922-A001942A8B3D&amp;worksheet&#61;27CF4353-4929-433F-82B2-552CFE90C6F5&amp;workstep&#61;0EF01ABF-7CB5-ECB0-8C54-00A6ACA240A7\" rel=\"nofollow noopener noreferrer\">Before</a>\u00a0\u00a0\u00a0<a href=\"/links?type&#61;workstep&amp;workbook&#61;E2A61E7D-5EA9-4753-B922-A001942A8B3D&amp;worksheet&#61;27CF4353-4929-433F-82B2-552CFE90C6F5&amp;workstep&#61;0EF1D08D-6083-6260-8819-851E845FC5E8\" rel=\"nofollow noopener noreferrer\">After</a></p>",
        "DocumentBackup\u02c9Rf-erYpWFnMP4dGJEM9aIaUTM348lH-FhsTVaRr_vnI\u02c92024-05-28T15:43:00Z": "<h3><strong>Pump Station Monitoring</strong></h3><figure class=\"table\"><table class=\"ck-table-resized\" style=\"border-color:hsl(0, 0%, 100%);border-style:solid;\"><colgroup><col style=\"width:28.79%;\" /><col style=\"width:71.21%;\" /></colgroup><tbody><tr><td style=\"background-color:hsl(0, 0%, 100%);border-color:hsl(0, 0%, 100%);border-style:solid;\"><img src=\"/api/annotations/E629ED3D-27D3-422A-81D1-4E8570EAD81D/images/image_v1.png\" alt=\"No photo description available.\"></td><td style=\"background-color:hsl(0, 0%, 100%);border-color:hsl(0, 0%, 100%);border-style:solid;\"><h4>Improve early blockage detection by <a target=\"_blank\" href=\"https://www.aveva.com/en/perspectives/success-stories/taswater/\" rel=\"nofollow noopener noreferrer\"><strong>13 hours</strong></a><strong>.</strong><br>Reduce the frequency of release of untreated sewage into waterways, resulting in substantial <strong>cost savings in environmental cleanup.</strong></h4></td></tr></tbody></table></figure><h4><strong>Problem Statement</strong></h4><p>Sewer blockages release untreated waste into waterways, resulting in substantial environmental, monetary, and reputational consequences.\u00a0</p><h4><strong>Solution</strong></h4><p>With as little as 30 days of historical data, <a href=\"/links?type&#61;workstep&amp;workbook&#61;E2A61E7D-5EA9-4753-B922-A001942A8B3D&amp;worksheet&#61;27CF4353-4929-433F-82B2-552CFE90C6F5&amp;workstep&#61;B95BB924-950B-4B21-8850-E6D27EC65FC4\" rel=\"nofollow noopener noreferrer\">develop a profile of normal pump station behavior</a> based on the day and time, and use this to monitor any deviations from the normal/acceptable profile.</p><p>1. Access<a href=\"/links?type&#61;workstep&amp;workbook&#61;E2A61E7D-5EA9-4753-B922-A001942A8B3D&amp;worksheet&#61;27CF4353-4929-433F-82B2-552CFE90C6F5&amp;workstep&#61;0EE71A20-E3F3-EC90-97D6-F5BA7D45FEA0\" rel=\"nofollow noopener noreferrer\"> raw data</a></p><p>2. Define <a href=\"/links?type&#61;workstep&amp;workbook&#61;E2A61E7D-5EA9-4753-B922-A001942A8B3D&amp;worksheet&#61;27CF4353-4929-433F-82B2-552CFE90C6F5&amp;workstep&#61;0EE71A21-D3C3-6630-B174-DC0964928CA5\" rel=\"nofollow noopener noreferrer\">peak operating times</a></p><p>3. Combine multiple periods of interest to identify <a href=\"/links?type&#61;workstep&amp;workbook&#61;E2A61E7D-5EA9-4753-B922-A001942A8B3D&amp;worksheet&#61;27CF4353-4929-433F-82B2-552CFE90C6F5&amp;workstep&#61;0EE71A23-34F4-FDE0-B40F-FB41237397E0\" rel=\"nofollow noopener noreferrer\">weekend and weekday peak times.</a></p><p>4. Use point-and-click tools to\u00a0develop a <a href=\"/links?type&#61;workstep&amp;workbook&#61;E2A61E7D-5EA9-4753-B922-A001942A8B3D&amp;worksheet&#61;27CF4353-4929-433F-82B2-552CFE90C6F5&amp;workstep&#61;0EE71A24-1060-FBE0-9780-026A2C80B514\" rel=\"nofollow noopener noreferrer\">reference profile</a> of pump station behavior during different times. (<a href=\"/links?type&#61;workstep&amp;workbook&#61;E2A61E7D-5EA9-4753-B922-A001942A8B3D&amp;worksheet&#61;27CF4353-4929-433F-82B2-552CFE90C6F5&amp;workstep&#61;0EE388E7-9E53-7500-A00F-A67CE43AB579\" rel=\"nofollow noopener noreferrer\">&gt;capsule view</a>)\u00a0</p><p>5. <a href=\"/links?type&#61;workstep&amp;workbook&#61;E2A61E7D-5EA9-4753-B922-A001942A8B3D&amp;worksheet&#61;27CF4353-4929-433F-82B2-552CFE90C6F5&amp;workstep&#61;0EE71A25-2505-60E0-B831-A8B571065F8B\" rel=\"nofollow noopener noreferrer\">Monitor Deviations</a> from the standard profile and monitor for issues across <a href=\"/links?type&#61;workstep&amp;workbook&#61;E2A61E7D-5EA9-4753-B922-A001942A8B3D&amp;worksheet&#61;27CF4353-4929-433F-82B2-552CFE90C6F5&amp;workstep&#61;0EE5EE35-1E0A-ECD0-B50A-7699F4401F3B\" rel=\"nofollow noopener noreferrer\">assets</a>.</p><p>(<a href=\"/links?type&#61;workstep&amp;workbook&#61;E2A61E7D-5EA9-4753-B922-A001942A8B3D&amp;worksheet&#61;27CF4353-4929-433F-82B2-552CFE90C6F5&amp;workstep&#61;0EF01ABF-7CB5-ECB0-8C54-00A6ACA240A7\" rel=\"nofollow noopener noreferrer\">Don&#39;t know how?</a> <strong>A</strong><i><strong>sk the AI Assistant!</strong></i> &#34;Identify when my pump station flow is above the peak limit&#34;)</p><p>\u00a0</p>",
        "DocumentBackup\u02c9Rf-erYpWFnMP4dGJEM9aIaUTM348lH-FhsTVaRr_vnI\u02c92024-08-20T14:42:00Z": "<h3><strong>Pump Station Monitoring</strong></h3><figure class=\"table\"><table class=\"ck-table-resized\" style=\"border-color:hsl(0, 0%, 100%);border-style:solid;\"><colgroup><col style=\"width:28.79%;\" /><col style=\"width:71.21%;\" /></colgroup><tbody><tr><td style=\"background-color:hsl(0, 0%, 100%);border-color:hsl(0, 0%, 100%);border-style:solid;\"><img src=\"/api/annotations/E629ED3D-27D3-422A-81D1-4E8570EAD81D/images/image_v1.png\" alt=\"No photo description available.\"></td><td style=\"background-color:hsl(0, 0%, 100%);border-color:hsl(0, 0%, 100%);border-style:solid;\"><h4>Improve early blockage detection by <a target=\"_blank\" href=\"https://www.aveva.com/en/perspectives/success-stories/taswater/\" rel=\"nofollow noopener noreferrer\"><strong>13 hours</strong></a><strong>.</strong><br>Reduce the frequency of release of untreated sewage into waterways, resulting in substantial <strong>cost savings in environmental cleanup.</strong></h4></td></tr></tbody></table></figure><h4><strong>Problem Statement</strong></h4><p>Sewer blockages release untreated waste into waterways, resulting in substantial environmental, monetary, and reputational consequences.\u00a0</p><h4><strong>Solution</strong></h4><p>With as little as 30 days of historical data, <a href=\"/links?type&#61;workstep&amp;workbook&#61;E2A61E7D-5EA9-4753-B922-A001942A8B3D&amp;worksheet&#61;27CF4353-4929-433F-82B2-552CFE90C6F5&amp;workstep&#61;B95BB924-950B-4B21-8850-E6D27EC65FC4\" rel=\"nofollow noopener noreferrer\">develop a profile of normal pump station behavior</a> based on the day and time, and use this to monitor any deviations from the normal/acceptable profile.</p><p>1. Access<a href=\"/links?type&#61;workstep&amp;workbook&#61;E2A61E7D-5EA9-4753-B922-A001942A8B3D&amp;worksheet&#61;27CF4353-4929-433F-82B2-552CFE90C6F5&amp;workstep&#61;0EE71A20-E3F3-EC90-97D6-F5BA7D45FEA0\" rel=\"nofollow noopener noreferrer\"> raw data</a></p><p>2. Define <a href=\"/links?type&#61;workstep&amp;workbook&#61;E2A61E7D-5EA9-4753-B922-A001942A8B3D&amp;worksheet&#61;27CF4353-4929-433F-82B2-552CFE90C6F5&amp;workstep&#61;0EE71A21-D3C3-6630-B174-DC0964928CA5\" rel=\"nofollow noopener noreferrer\">peak operating times</a></p><p>3. Combine multiple periods of interest to identify <a href=\"/links?type&#61;workstep&amp;workbook&#61;E2A61E7D-5EA9-4753-B922-A001942A8B3D&amp;worksheet&#61;27CF4353-4929-433F-82B2-552CFE90C6F5&amp;workstep&#61;0EE71A23-34F4-FDE0-B40F-FB41237397E0\" rel=\"nofollow noopener noreferrer\">weekend and weekday peak times.</a></p><p>4. Use point-and-click tools to\u00a0develop a <a href=\"/links?type&#61;workstep&amp;workbook&#61;E2A61E7D-5EA9-4753-B922-A001942A8B3D&amp;worksheet&#61;27CF4353-4929-433F-82B2-552CFE90C6F5&amp;workstep&#61;0EE71A24-1060-FBE0-9780-026A2C80B514\" rel=\"nofollow noopener noreferrer\">reference profile</a> of pump station behavior during different times. (<a href=\"/links?type&#61;workstep&amp;workbook&#61;E2A61E7D-5EA9-4753-B922-A001942A8B3D&amp;worksheet&#61;27CF4353-4929-433F-82B2-552CFE90C6F5&amp;workstep&#61;0EE388E7-9E53-7500-A00F-A67CE43AB579\" rel=\"nofollow noopener noreferrer\">&gt;capsule view</a>)\u00a0</p><p>5. <a href=\"/links?type&#61;workstep&amp;workbook&#61;E2A61E7D-5EA9-4753-B922-A001942A8B3D&amp;worksheet&#61;27CF4353-4929-433F-82B2-552CFE90C6F5&amp;workstep&#61;0EE71A25-2505-60E0-B831-A8B571065F8B\" rel=\"nofollow noopener noreferrer\">Monitor Deviations</a> from the standard profile and monitor for issues across <a href=\"/links?type&#61;workstep&amp;workbook&#61;E2A61E7D-5EA9-4753-B922-A001942A8B3D&amp;worksheet&#61;27CF4353-4929-433F-82B2-552CFE90C6F5&amp;workstep&#61;0EE5EE35-1E0A-ECD0-B50A-7699F4401F3B\" rel=\"nofollow noopener noreferrer\">assets</a>.</p><p>(<a href=\"/links?type&#61;workstep&amp;workbook&#61;E2A61E7D-5EA9-4753-B922-A001942A8B3D&amp;worksheet&#61;27CF4353-4929-433F-82B2-552CFE90C6F5&amp;workstep&#61;0EF01ABF-7CB5-ECB0-8C54-00A6ACA240A7\" rel=\"nofollow noopener noreferrer\">Don&#39;t know how?</a> <strong>A</strong><i><strong>sk the AI Assistant!</strong></i> &#34;Identify when my pump station flow is above the peak limit&#34;)</p><p>\u00a0</p><p>\u00a0</p><h3><strong>\u2728 Action</strong></h3><p>2024-06-10 11:34:05</p><p><i>Identify when my pump station flow is above the peak limit</i></p><h4>Action Results: Success</h4><p>Created: 1 items (in a total of 2 attempts)</p><p><a href=\"/links?type&#61;workstep&amp;workbook&#61;E2A61E7D-5EA9-4753-B922-A001942A8B3D&amp;worksheet&#61;27CF4353-4929-433F-82B2-552CFE90C6F5&amp;workstep&#61;0EF27473-2736-77C0-B30F-A02D5553D4A2\" rel=\"nofollow noopener noreferrer\">Before</a>\u00a0\u00a0 <a href=\"/links?type&#61;workstep&amp;workbook&#61;E2A61E7D-5EA9-4753-B922-A001942A8B3D&amp;worksheet&#61;27CF4353-4929-433F-82B2-552CFE90C6F5&amp;workstep&#61;0EF27474-081E-62B0-90E8-B91344671AFE\" rel=\"nofollow noopener noreferrer\">After</a></p><p></p><h3><strong>\u2728 Action</strong></h3><p>2024-08-20 09:42:59</p><p><i>Identify when my pump station flow is above the peak limit</i></p><h4>Action Results: Success</h4>\n<p>Created: 1 items</p><p><a href=\"/links?type&#61;workstep&amp;workbook&#61;E2A61E7D-5EA9-4753-B922-A001942A8B3D&amp;worksheet&#61;27CF4353-4929-433F-82B2-552CFE90C6F5&amp;workstep&#61;0EF5F027-29F7-71C0-A8C5-410B36EA41A1\" rel=\"nofollow noopener noreferrer\">Before</a>\u00a0\u00a0\u00a0<a href=\"/links?type&#61;workstep&amp;workbook&#61;E2A61E7D-5EA9-4753-B922-A001942A8B3D&amp;worksheet&#61;27CF4353-4929-433F-82B2-552CFE90C6F5&amp;workstep&#61;0EF5F027-F010-6000-A6E7-5D5C287CFB7B\" rel=\"nofollow noopener noreferrer\">After</a></p>",
        "DocumentBackup\u02c9Rf-erYpWFnMP4dGJEM9aIaUTM348lH-FhsTVaRr_vnI\u02c92024-09-16T18:17:00Z": "<h3><strong>Pump Station Monitoring</strong></h3><figure class=\"table\"><table class=\"ck-table-resized\" style=\"border-color:hsl(0, 0%, 100%);border-style:solid;\"><colgroup><col style=\"width:28.79%;\" /><col style=\"width:71.21%;\" /></colgroup><tbody><tr><td style=\"background-color:hsl(0, 0%, 100%);border-color:hsl(0, 0%, 100%);border-style:solid;\"><img src=\"/api/annotations/E629ED3D-27D3-422A-81D1-4E8570EAD81D/images/image_v1.png\" alt=\"No photo description available.\"></td><td style=\"background-color:hsl(0, 0%, 100%);border-color:hsl(0, 0%, 100%);border-style:solid;\"><h4>Improve early blockage detection by <a target=\"_blank\" href=\"https://www.aveva.com/en/perspectives/success-stories/taswater/\" rel=\"nofollow noopener noreferrer\"><strong>13 hours</strong></a><strong>.</strong><br>Reduce the frequency of release of untreated sewage into waterways, resulting in substantial <strong>cost savings in environmental cleanup.</strong></h4></td></tr></tbody></table></figure><h4><strong>Problem Statement</strong></h4><p>Sewer blockages release untreated waste into waterways, resulting in substantial environmental, monetary, and reputational consequences.\u00a0</p><h4><strong>Solution</strong></h4><p>With as little as 30 days of historical data, <a href=\"/links?type&#61;workstep&amp;workbook&#61;E2A61E7D-5EA9-4753-B922-A001942A8B3D&amp;worksheet&#61;27CF4353-4929-433F-82B2-552CFE90C6F5&amp;workstep&#61;B95BB924-950B-4B21-8850-E6D27EC65FC4\" rel=\"nofollow noopener noreferrer\">develop a profile of normal pump station behavior</a> based on the day and time, and use this to monitor any deviations from the normal/acceptable profile.</p><p>1. Access<a href=\"/links?type&#61;workstep&amp;workbook&#61;E2A61E7D-5EA9-4753-B922-A001942A8B3D&amp;worksheet&#61;27CF4353-4929-433F-82B2-552CFE90C6F5&amp;workstep&#61;0EE71A20-E3F3-EC90-97D6-F5BA7D45FEA0\" rel=\"nofollow noopener noreferrer\"> raw data</a></p><p>2. Define <a href=\"/links?type&#61;workstep&amp;workbook&#61;E2A61E7D-5EA9-4753-B922-A001942A8B3D&amp;worksheet&#61;27CF4353-4929-433F-82B2-552CFE90C6F5&amp;workstep&#61;0EE71A21-D3C3-6630-B174-DC0964928CA5\" rel=\"nofollow noopener noreferrer\">peak operating times</a></p><p>3. Combine multiple periods of interest to identify <a href=\"/links?type&#61;workstep&amp;workbook&#61;E2A61E7D-5EA9-4753-B922-A001942A8B3D&amp;worksheet&#61;27CF4353-4929-433F-82B2-552CFE90C6F5&amp;workstep&#61;0EE71A23-34F4-FDE0-B40F-FB41237397E0\" rel=\"nofollow noopener noreferrer\">weekend and weekday peak times.</a></p><p>4. Use point-and-click tools to\u00a0develop a <a href=\"/links?type&#61;workstep&amp;workbook&#61;E2A61E7D-5EA9-4753-B922-A001942A8B3D&amp;worksheet&#61;27CF4353-4929-433F-82B2-552CFE90C6F5&amp;workstep&#61;0EE71A24-1060-FBE0-9780-026A2C80B514\" rel=\"nofollow noopener noreferrer\">reference profile</a> of pump station behavior during different times. (<a href=\"/links?type&#61;workstep&amp;workbook&#61;E2A61E7D-5EA9-4753-B922-A001942A8B3D&amp;worksheet&#61;27CF4353-4929-433F-82B2-552CFE90C6F5&amp;workstep&#61;0EE388E7-9E53-7500-A00F-A67CE43AB579\" rel=\"nofollow noopener noreferrer\">&gt;capsule view</a>)\u00a0</p><p>5. <a href=\"/links?type&#61;workstep&amp;workbook&#61;E2A61E7D-5EA9-4753-B922-A001942A8B3D&amp;worksheet&#61;27CF4353-4929-433F-82B2-552CFE90C6F5&amp;workstep&#61;0EE71A25-2505-60E0-B831-A8B571065F8B\" rel=\"nofollow noopener noreferrer\">Monitor Deviations</a> from the standard profile and monitor for issues across <a href=\"/links?type&#61;workstep&amp;workbook&#61;E2A61E7D-5EA9-4753-B922-A001942A8B3D&amp;worksheet&#61;27CF4353-4929-433F-82B2-552CFE90C6F5&amp;workstep&#61;0EE5EE35-1E0A-ECD0-B50A-7699F4401F3B\" rel=\"nofollow noopener noreferrer\">assets</a>.</p><p>(<a href=\"/links?type&#61;workstep&amp;workbook&#61;E2A61E7D-5EA9-4753-B922-A001942A8B3D&amp;worksheet&#61;27CF4353-4929-433F-82B2-552CFE90C6F5&amp;workstep&#61;0EF01ABF-7CB5-ECB0-8C54-00A6ACA240A7\" rel=\"nofollow noopener noreferrer\">Don&#39;t know how?</a> <strong>A</strong><i><strong>sk the AI Assistant!</strong></i> &#34;Identify when my pump station flow is above the peak limit&#34;)</p>",
        "DocumentBackup\u02c9Rf-erYpWFnMP4dGJEM9aIaUTM348lH-FhsTVaRr_vnI\u02c92024-09-16T18:20:00Z": "<h3><strong>Pump Station Monitoring</strong></h3><figure class=\"table\"><table class=\"ck-table-resized\" style=\"border-color:hsl(0, 0%, 100%);border-style:solid;\"><colgroup><col style=\"width:28.79%;\" /><col style=\"width:71.21%;\" /></colgroup><tbody><tr><td style=\"background-color:hsl(0, 0%, 100%);border-color:hsl(0, 0%, 100%);border-style:solid;\"><img src=\"/api/annotations/E629ED3D-27D3-422A-81D1-4E8570EAD81D/images/image_v1.png\" alt=\"No photo description available.\"></td><td style=\"background-color:hsl(0, 0%, 100%);border-color:hsl(0, 0%, 100%);border-style:solid;\"><h4>Improve early blockage detection by <a target=\"_blank\" href=\"https://www.aveva.com/en/perspectives/success-stories/taswater/\" rel=\"nofollow noopener noreferrer\"><strong>13 hours</strong></a><strong>.</strong><br>Reduce the frequency of release of untreated sewage into waterways, resulting in substantial <strong>cost savings in environmental cleanup.</strong></h4></td></tr></tbody></table></figure><h4><strong>Problem Statement</strong></h4><p>Sewer blockages release untreated waste into waterways, resulting in substantial environmental, monetary, and reputational consequences.\u00a0</p><h4><strong>Solution</strong></h4><p>With as little as 30 days of historical data, <a href=\"/links?type&#61;workstep&amp;workbook&#61;E2A61E7D-5EA9-4753-B922-A001942A8B3D&amp;worksheet&#61;27CF4353-4929-433F-82B2-552CFE90C6F5&amp;workstep&#61;B95BB924-950B-4B21-8850-E6D27EC65FC4\" rel=\"nofollow noopener noreferrer\">develop a profile of normal pump station behavior</a> based on the day and time, and use this to monitor any deviations from the normal/acceptable profile.</p><p>1. Access<a href=\"/links?type&#61;workstep&amp;workbook&#61;E2A61E7D-5EA9-4753-B922-A001942A8B3D&amp;worksheet&#61;27CF4353-4929-433F-82B2-552CFE90C6F5&amp;workstep&#61;0EE71A20-E3F3-EC90-97D6-F5BA7D45FEA0\" rel=\"nofollow noopener noreferrer\"> raw data</a></p><p>2. Define <a href=\"/links?type&#61;workstep&amp;workbook&#61;E2A61E7D-5EA9-4753-B922-A001942A8B3D&amp;worksheet&#61;27CF4353-4929-433F-82B2-552CFE90C6F5&amp;workstep&#61;0EE71A21-D3C3-6630-B174-DC0964928CA5\" rel=\"nofollow noopener noreferrer\">peak operating times</a></p><p>3. Combine multiple periods of interest to identify <a href=\"/links?type&#61;workstep&amp;workbook&#61;E2A61E7D-5EA9-4753-B922-A001942A8B3D&amp;worksheet&#61;27CF4353-4929-433F-82B2-552CFE90C6F5&amp;workstep&#61;0EE71A23-34F4-FDE0-B40F-FB41237397E0\" rel=\"nofollow noopener noreferrer\">weekend and weekday peak times.</a></p><p>4. Use point-and-click tools to\u00a0develop a <a href=\"/links?type&#61;workstep&amp;workbook&#61;E2A61E7D-5EA9-4753-B922-A001942A8B3D&amp;worksheet&#61;27CF4353-4929-433F-82B2-552CFE90C6F5&amp;workstep&#61;0EE71A24-1060-FBE0-9780-026A2C80B514\" rel=\"nofollow noopener noreferrer\">reference profile</a> of pump station behavior during different times. (<a href=\"/links?type&#61;workstep&amp;workbook&#61;E2A61E7D-5EA9-4753-B922-A001942A8B3D&amp;worksheet&#61;27CF4353-4929-433F-82B2-552CFE90C6F5&amp;workstep&#61;0EE388E7-9E53-7500-A00F-A67CE43AB579\" rel=\"nofollow noopener noreferrer\">&gt;capsule view</a>)\u00a0</p><p>5. <a href=\"/links?type&#61;workstep&amp;workbook&#61;E2A61E7D-5EA9-4753-B922-A001942A8B3D&amp;worksheet&#61;27CF4353-4929-433F-82B2-552CFE90C6F5&amp;workstep&#61;0EE71A25-2505-60E0-B831-A8B571065F8B\" rel=\"nofollow noopener noreferrer\">Monitor Deviations</a> from the standard profile and monitor for issues across <a href=\"/links?type&#61;workstep&amp;workbook&#61;E2A61E7D-5EA9-4753-B922-A001942A8B3D&amp;worksheet&#61;27CF4353-4929-433F-82B2-552CFE90C6F5&amp;workstep&#61;0EE5EE35-1E0A-ECD0-B50A-7699F4401F3B\" rel=\"nofollow noopener noreferrer\">assets</a>.</p><p>(<a href=\"/links?type&#61;workstep&amp;workbook&#61;E2A61E7D-5EA9-4753-B922-A001942A8B3D&amp;worksheet&#61;27CF4353-4929-433F-82B2-552CFE90C6F5&amp;workstep&#61;0EF01ABF-7CB5-ECB0-8C54-00A6ACA240A7\" rel=\"nofollow noopener noreferrer\">Don&#39;t know how?</a> <strong>A</strong><i><strong>sk the AI Assistant!</strong></i> &#34;Identify when my pump station flow is above the peak limit&#34;)</p><p></p><h3><strong>\u2728 Action</strong></h3><p>2024-09-16 13:20:03</p><p><i>find whehn my pump station flow is above the peak limits</i></p><h4>Action Results: Success</h4>\n\n<p>Created: 1 items</p><p><a href=\"/links?type&#61;workstep&amp;workbook&#61;E2A61E7D-5EA9-4753-B922-A001942A8B3D&amp;worksheet&#61;27CF4353-4929-433F-82B2-552CFE90C6F5&amp;workstep&#61;0EE71A24-1060-FBE0-9780-026A2C80B514\" rel=\"nofollow noopener noreferrer\">Before</a>\u00a0\u00a0\u00a0<a href=\"/links?type&#61;workstep&amp;workbook&#61;E2A61E7D-5EA9-4753-B922-A001942A8B3D&amp;worksheet&#61;27CF4353-4929-433F-82B2-552CFE90C6F5&amp;workstep&#61;0EF74584-ADAE-FBE0-828A-3E1B01257BB2\" rel=\"nofollow noopener noreferrer\">After</a></p>",
        "Enabled": true,
        "ID": "E629ED3D-27D3-422A-81D1-4E8570EAD81D",
        "Is CK Enabled": true,
        "Locked": false,
        "Name": "Pump Station Monitoring",
        "Plain Text Document": "Pump Station MonitoringImprove early blockage detection by 13 hours.Reduce the frequency of release of untreated sewage into waterways, resulting in substantial cost savings in environmental cleanup.Problem StatementSewer blockages release untreated waste into waterways, resulting in substantial environmental, monetary, and reputational consequences.\u00a0SolutionWith as little as 30 days of historical data, develop a profile of normal pump station behavior based on the day and time, and use this to monitor any deviations from the normal/acceptable profile.1. Access raw data2. Define peak operating times3. Combine multiple periods of interest to identify weekend and weekday peak times.4. Use point-and-click tools to\u00a0develop a reference profile of pump station behavior during different times. (&gt;capsule view)\u00a05. Monitor Deviations from the standard profile and monitor for issues across assets.(Don&#39;t know how? Ask the AI Assistant! &#34;Identify when my pump station flow is above the peak limit&#34;)",
        "Type": "Journal",
        "Unsearchable": false,
        "Updated At": "1730990096976257561"
    }
}