{
    "0EEBC4E9-4B7D-6290-B2F3-32CA150709D1": {
        "Archived": false,
        "Cache Enabled": false,
        "Cache ID": "0EEBC4E9-4BD7-77E0-A399-10D3E20D52AE",
        "Data ID": "[00000000-0000-0000-0000-000000000000] {Signal} Bearing Status",
        "Datasource Class": "Seeq Data Lab",
        "Datasource ID": "Seeq Data Lab",
        "Enabled": true,
        "ID": "0EEBC4E9-4B7D-6290-B2F3-32CA150709D1",
        "Interpolation Method": "Linear",
        "Last Key Written": {
            "Unit Of Measure": "ns",
            "Value": 1077193359000000000
        },
        "Locked": false,
        "Maximum Interpolation": "40h",
        "Name": "Bearing Status",
        "Source Value Unit Of Measure": "",
        "Storage Location": "FILE_SIGNAL_STORAGE",
        "Stored Series Cache Version": 1,
        "Type": "StoredSignal",
        "Unsearchable": false,
        "Value Unit Of Measure": ""
    },
    "0EFA6A0B-4C9B-71B0-ADCE-2000B1F79638": {
        "Access Control": [
            {
                "ID": "0efa6a0b-4c9b-71b0-832f-2cb144107853",
                "Identity": {
                    "Datasource Class": "OAuth 2.0",
                    "Datasource ID": "9ecc7e74-4c32-436d-9af0-70d8aa99386b",
                    "Datasource Name": "Seeq Azure SSO",
                    "Email": "Joseph.Reckamp@seeq.com",
                    "First Name": "Joe",
                    "ID": "C9FD5B90-17F3-4CA7-8C37-CD9B7D9B85D2",
                    "Is Admin": true,
                    "Last Name": "Reckamp",
                    "Name": "Joe Reckamp",
                    "Type": "User",
                    "Username": "DEg3Lh5pLS4-lG84EjGXXXdzxhd1450vkLgiu8he2l8"
                },
                "Origin": null,
                "Permissions": {
                    "Manage": true,
                    "Read": true,
                    "Write": true
                },
                "Redacted": false,
                "Role": "OWNER"
            },
            {
                "ID": "0efa6a0b-4cc7-60d0-a44e-06a6b1da5301",
                "Identity": {
                    "Datasource Class": "OAuth 2.0",
                    "Datasource ID": "9ecc7e74-4c32-436d-9af0-70d8aa99386b",
                    "Datasource Name": "Seeq Azure SSO",
                    "Email": "Joseph.Reckamp@seeq.com",
                    "First Name": "Joe",
                    "ID": "C9FD5B90-17F3-4CA7-8C37-CD9B7D9B85D2",
                    "Is Admin": true,
                    "Last Name": "Reckamp",
                    "Name": "Joe Reckamp",
                    "Type": "User",
                    "Username": "DEg3Lh5pLS4-lG84EjGXXXdzxhd1450vkLgiu8he2l8"
                },
                "Origin": "905A3390-CCA6-489B-89A3-492EC9F7FF26",
                "Permissions": {
                    "Manage": true,
                    "Read": true,
                    "Write": true
                },
                "Redacted": false,
                "Role": null
            }
        ],
        "Ancestors": [
            "__Users__",
            "905A3390-CCA6-489B-89A3-492EC9F7FF26"
        ],
        "Archived": false,
        "Cache Enabled": false,
        "Created At": "1732039462987374025",
        "Enabled": true,
        "ID": "0EFA6A0B-4C9B-71B0-ADCE-2000B1F79638",
        "Locked": false,
        "Name": "DO NOT USE (Please!)",
        "Owner": {
            "Datasource Class": "OAuth 2.0",
            "Datasource ID": "9ecc7e74-4c32-436d-9af0-70d8aa99386b",
            "Datasource Name": "Seeq Azure SSO",
            "Email": "Joseph.Reckamp@seeq.com",
            "First Name": "Joe",
            "ID": "C9FD5B90-17F3-4CA7-8C37-CD9B7D9B85D2",
            "Is Admin": true,
            "Last Name": "Reckamp",
            "Name": "Joe Reckamp",
            "Type": "User",
            "Username": "DEg3Lh5pLS4-lG84EjGXXXdzxhd1450vkLgiu8he2l8"
        },
        "Type": "Folder",
        "Unsearchable": false,
        "Updated At": "1732135031904791904"
    },
    "0EFA6B53-2363-7740-A053-ABF4E906AC47": {
        "Archived": false,
        "Cache Enabled": true,
        "Cache ID": "0EFA6B53-237B-FDE0-8514-F83A35912639",
        "Capsule ID Property": "start",
        "Capsule Property Units": {},
        "Data ID": "0EFA6B53-2363-7740-A053-ABF4E906AC47",
        "Datasource Class": "Seeq Calculations",
        "Datasource ID": "Seeq Calculations",
        "Enabled": true,
        "Formula": [
            "($a < .01)",
            ".merge(0min)",
            ".removeShorterThan(30min)"
        ],
        "Formula Parameters": {
            "a": "E78BD39E-693F-46D8-803B-365EE389FF61"
        },
        "Formula Version": 31,
        "ID": "0EFA6B53-2363-7740-A053-ABF4E906AC47",
        "Locked": false,
        "Name": "Bearing Maintenance",
        "Scoped To": "0EFA6B4F-47B9-EA80-8141-3E04DF6EE72C",
        "Type": "CalculatedCondition",
        "UIConfig": {
            "advancedEntryDuration": {
                "units": "min",
                "value": 0
            },
            "advancedEntryLowerValue": null,
            "advancedEntryValue": null,
            "advancedExitDuration": {
                "units": "min",
                "value": 0
            },
            "advancedExitValue": null,
            "advancedParametersCollapsed": true,
            "configVersion": 11,
            "isCleansing": true,
            "isMigratedDeviationSearch": false,
            "isSimple": true,
            "mergeDuration": {
                "units": "min",
                "value": 0
            },
            "minDuration": {
                "units": "min",
                "valid": true,
                "value": 30
            },
            "simpleLowerValue": null,
            "simpleOperator": "<",
            "simpleValue": ".01",
            "type": "value-search",
            "useValidValues": false,
            "version": "V3"
        },
        "Unsearchable": false
    },
    "0EFA6B54-7E5A-FB20-B763-000E6C2335AB": {
        "Archived": false,
        "Cache Enabled": true,
        "Cache ID": "0EFA6B54-7E5D-6230-98EE-9F366C9051DA",
        "Capsule Property Units": {},
        "Data ID": "0EFA6B54-7E5A-FB20-B763-000E6C2335AB",
        "Datasource Class": "Seeq Calculations",
        "Datasource ID": "Seeq Calculations",
        "Enabled": true,
        "Formula": "$maintenance.afterEnd(32h).move(2h)",
        "Formula Parameters": {
            "maintenance": "0EFA6B53-2363-7740-A053-ABF4E906AC47"
        },
        "Formula Version": 31,
        "ID": "0EFA6B54-7E5A-FB20-B763-000E6C2335AB",
        "Locked": false,
        "Maximum Duration": {
            "Unit Of Measure": "h",
            "Value": 32
        },
        "Name": "Bearing Normal Operation",
        "Scoped To": "0EFA6B4F-47B9-EA80-8141-3E04DF6EE72C",
        "Type": "CalculatedCondition",
        "UIConfig": {
            "advancedParametersCollapsed": true,
            "configVersion": 11,
            "localFormula": "",
            "tabTransitioning": false,
            "type": "formula"
        },
        "Unsearchable": false
    },
    "0EFA6B55-616C-F940-9042-DDE4727C4B61": {
        "Archived": false,
        "Cache Enabled": true,
        "Cache ID": "0EFA6B55-6173-EE70-BC2A-9FF54A5E1F67",
        "Data ID": "0EFA6B55-616C-F940-9042-DDE4727C4B61",
        "Datasource Class": "Seeq Calculations",
        "Datasource ID": "Seeq Calculations",
        "Enabled": true,
        "Formula": "$vibration.remove($maintenance)",
        "Formula Parameters": {
            "maintenance": "0EFA6B53-2363-7740-A053-ABF4E906AC47",
            "vibration": "E78BD39E-693F-46D8-803B-365EE389FF61"
        },
        "Formula Version": 31,
        "ID": "0EFA6B55-616C-F940-9042-DDE4727C4B61",
        "Interpolation Method": "Linear",
        "Locked": false,
        "Maximum Interpolation": {
            "Unit Of Measure": "h",
            "Value": 1
        },
        "Name": "Vibration Bearing 1 - Cleansed",
        "Scoped To": "0EFA6B4F-47B9-EA80-8141-3E04DF6EE72C",
        "Type": "CalculatedSignal",
        "UIConfig": {
            "advancedParametersCollapsed": true,
            "configVersion": 11,
            "localFormula": "",
            "tabTransitioning": false,
            "type": "formula"
        },
        "Unsearchable": false,
        "Value Unit Of Measure": ""
    },
    "0EFA6B57-5251-62B0-A89D-C173B0D4C635": {
        "Archived": false,
        "Cache Enabled": true,
        "Cache ID": "0EFA6B57-5256-60D0-810F-2033ACED79E9",
        "Data ID": "0EFA6B57-5251-62B0-A89D-C173B0D4C635",
        "Datasource Class": "Seeq Calculations",
        "Datasource ID": "Seeq Calculations",
        "Enabled": true,
        "Formula": [
            "// Identify time period over which to include data",
            "$calcPeriod = capsule('2004-01-01T00:00Z', '2004-03-01T00:00Z')",
            "",
            "// Limit data to only that occuring during normal operation",
            "$data = $vibration.within($normal)",
            "",
            "// Calculate the average + 3 sigma to define the threshold",
            "$data.average($calcPeriod) + 3 * $data.stdDev($calcPeriod)"
        ],
        "Formula Parameters": {
            "normal": "0EFA6B54-7E5A-FB20-B763-000E6C2335AB",
            "vibration": "0EFA6B55-616C-F940-9042-DDE4727C4B61"
        },
        "Formula Version": 31,
        "ID": "0EFA6B57-5251-62B0-A89D-C173B0D4C635",
        "Locked": false,
        "Name": "Threshold Bearing 1",
        "Scoped To": "0EFA6B4F-47B9-EA80-8141-3E04DF6EE72C",
        "Type": "CalculatedScalar",
        "UIConfig": {
            "advancedParametersCollapsed": true,
            "configVersion": 11,
            "localFormula": "",
            "scopedTo": "0EFA6B4F-47B9-EA80-8141-3E04DF6EE72C",
            "tabTransitioning": false,
            "type": "formula"
        },
        "Unit Of Measure": "",
        "Unsearchable": false
    },
    "0EFA6B59-692A-E8E0-A15B-E0E1A92839F0": {
        "Archived": false,
        "Cache Enabled": true,
        "Cache ID": "0EFA6B59-6931-EE10-87B0-95B9B6B2287C",
        "Data ID": "0EFA6B59-692A-E8E0-A15B-E0E1A92839F0",
        "Datasource Class": "Seeq Calculations",
        "Datasource ID": "Seeq Calculations",
        "Enabled": true,
        "Formula": "$vibration.remove($maintenance)",
        "Formula Parameters": {
            "maintenance": "0EFA6B53-2363-7740-A053-ABF4E906AC47",
            "vibration": "728286D1-3D6D-46A0-A06A-A037BBDF716A"
        },
        "Formula Version": 31,
        "ID": "0EFA6B59-692A-E8E0-A15B-E0E1A92839F0",
        "Interpolation Method": "Linear",
        "Locked": false,
        "Maximum Interpolation": {
            "Unit Of Measure": "h",
            "Value": 1
        },
        "Name": "Vibration Bearing 2 - Cleansed",
        "Scoped To": "0EFA6B4F-47B9-EA80-8141-3E04DF6EE72C",
        "Type": "CalculatedSignal",
        "UIConfig": {
            "advancedParametersCollapsed": true,
            "configVersion": 11,
            "localFormula": "",
            "scopedTo": "0EFA6B4F-47B9-EA80-8141-3E04DF6EE72C",
            "tabTransitioning": false,
            "type": "formula"
        },
        "Unsearchable": false,
        "Value Unit Of Measure": ""
    },
    "0EFA6B5A-026B-FF40-AD69-BB754098BC61": {
        "Archived": false,
        "Cache Enabled": true,
        "Cache ID": "0EFA6B5A-0273-6470-BB2F-D08078DC25DE",
        "Data ID": "0EFA6B5A-026B-FF40-AD69-BB754098BC61",
        "Datasource Class": "Seeq Calculations",
        "Datasource ID": "Seeq Calculations",
        "Enabled": true,
        "Formula": "$vibration.remove($maintenance)",
        "Formula Parameters": {
            "maintenance": "0EFA6B53-2363-7740-A053-ABF4E906AC47",
            "vibration": "3C6945EF-5D12-4FB5-AAFA-716CF6008F77"
        },
        "Formula Version": 31,
        "ID": "0EFA6B5A-026B-FF40-AD69-BB754098BC61",
        "Interpolation Method": "Linear",
        "Locked": false,
        "Maximum Interpolation": {
            "Unit Of Measure": "h",
            "Value": 1
        },
        "Name": "Vibration Bearing 3 - Cleansed",
        "Scoped To": "0EFA6B4F-47B9-EA80-8141-3E04DF6EE72C",
        "Type": "CalculatedSignal",
        "UIConfig": {
            "advancedParametersCollapsed": true,
            "configVersion": 11,
            "localFormula": "",
            "scopedTo": "0EFA6B4F-47B9-EA80-8141-3E04DF6EE72C",
            "tabTransitioning": false,
            "type": "formula"
        },
        "Unsearchable": false,
        "Value Unit Of Measure": ""
    },
    "0EFA6B5A-6B36-6200-903C-EA0A7D843724": {
        "Archived": false,
        "Cache Enabled": true,
        "Cache ID": "0EFA6B5A-6B3D-7730-B68E-A4BC7B7FB842",
        "Data ID": "0EFA6B5A-6B36-6200-903C-EA0A7D843724",
        "Datasource Class": "Seeq Calculations",
        "Datasource ID": "Seeq Calculations",
        "Enabled": true,
        "Formula": "$vibration.remove($maintenance)",
        "Formula Parameters": {
            "maintenance": "0EFA6B53-2363-7740-A053-ABF4E906AC47",
            "vibration": "BA3B27AA-B37F-428A-8FB6-BE8612BAF85E"
        },
        "Formula Version": 31,
        "ID": "0EFA6B5A-6B36-6200-903C-EA0A7D843724",
        "Interpolation Method": "Linear",
        "Locked": false,
        "Maximum Interpolation": {
            "Unit Of Measure": "h",
            "Value": 1
        },
        "Name": "Vibration Bearing 4 - Cleansed",
        "Scoped To": "0EFA6B4F-47B9-EA80-8141-3E04DF6EE72C",
        "Type": "CalculatedSignal",
        "UIConfig": {
            "advancedParametersCollapsed": true,
            "configVersion": 11,
            "localFormula": "",
            "scopedTo": "0EFA6B4F-47B9-EA80-8141-3E04DF6EE72C",
            "tabTransitioning": false,
            "type": "formula"
        },
        "Unsearchable": false,
        "Value Unit Of Measure": ""
    },
    "0EFA6B5C-35D2-EE90-B4B7-2844AC235EC8": {
        "Archived": false,
        "Cache Enabled": true,
        "Cache ID": "0EFA6B5C-35D5-75A0-B086-A57A5539B6A9",
        "Data ID": "0EFA6B5C-35D2-EE90-B4B7-2844AC235EC8",
        "Datasource Class": "Seeq Calculations",
        "Datasource ID": "Seeq Calculations",
        "Enabled": true,
        "Formula": [
            "// Identify time period over which to include data",
            "$calcPeriod = capsule('2004-01-01T00:00Z', '2004-03-01T00:00Z')",
            "",
            "// Limit data to only that occuring during normal operation",
            "$data = $vibration.within($normal)",
            "",
            "// Calculate the average + 3 sigma to define the threshold",
            "$data.average($calcPeriod) + 3 * $data.stdDev($calcPeriod)"
        ],
        "Formula Parameters": {
            "normal": "0EFA6B54-7E5A-FB20-B763-000E6C2335AB",
            "vibration": "0EFA6B59-692A-E8E0-A15B-E0E1A92839F0"
        },
        "Formula Version": 31,
        "ID": "0EFA6B5C-35D2-EE90-B4B7-2844AC235EC8",
        "Locked": false,
        "Name": "Threshold Bearing 2",
        "Scoped To": "0EFA6B4F-47B9-EA80-8141-3E04DF6EE72C",
        "Type": "CalculatedScalar",
        "UIConfig": {
            "advancedParametersCollapsed": true,
            "configVersion": 11,
            "localFormula": "",
            "scopedTo": "0EFA6B4F-47B9-EA80-8141-3E04DF6EE72C",
            "tabTransitioning": false,
            "type": "formula"
        },
        "Unit Of Measure": "",
        "Unsearchable": false
    },
    "0EFA6B5C-D080-7140-8A84-595AF866A0D6": {
        "Archived": false,
        "Cache Enabled": true,
        "Cache ID": "0EFA6B5C-D082-E850-BD05-078141A14CC0",
        "Data ID": "0EFA6B5C-D080-7140-8A84-595AF866A0D6",
        "Datasource Class": "Seeq Calculations",
        "Datasource ID": "Seeq Calculations",
        "Enabled": true,
        "Formula": [
            "// Identify time period over which to include data",
            "$calcPeriod = capsule('2004-01-01T00:00Z', '2004-03-01T00:00Z')",
            "",
            "// Limit data to only that occuring during normal operation",
            "$data = $vibration.within($normal)",
            "",
            "// Calculate the average + 3 sigma to define the threshold",
            "$data.average($calcPeriod) + 3 * $data.stdDev($calcPeriod)"
        ],
        "Formula Parameters": {
            "normal": "0EFA6B54-7E5A-FB20-B763-000E6C2335AB",
            "vibration": "0EFA6B5A-026B-FF40-AD69-BB754098BC61"
        },
        "Formula Version": 31,
        "ID": "0EFA6B5C-D080-7140-8A84-595AF866A0D6",
        "Locked": false,
        "Name": "Threshold Bearing 3",
        "Scoped To": "0EFA6B4F-47B9-EA80-8141-3E04DF6EE72C",
        "Type": "CalculatedScalar",
        "UIConfig": {
            "advancedParametersCollapsed": true,
            "configVersion": 11,
            "localFormula": "",
            "scopedTo": "0EFA6B4F-47B9-EA80-8141-3E04DF6EE72C",
            "tabTransitioning": false,
            "type": "formula"
        },
        "Unit Of Measure": "",
        "Unsearchable": false
    },
    "0EFA6B5D-2ACD-EC10-853B-3B9CAB1E9A04": {
        "Archived": false,
        "Cache Enabled": true,
        "Cache ID": "0EFA6B5D-2AD0-7320-8C6A-52CBDAD1EC90",
        "Data ID": "0EFA6B5D-2ACD-EC10-853B-3B9CAB1E9A04",
        "Datasource Class": "Seeq Calculations",
        "Datasource ID": "Seeq Calculations",
        "Enabled": true,
        "Formula": [
            "// Identify time period over which to include data",
            "$calcPeriod = capsule('2004-01-01T00:00Z', '2004-03-01T00:00Z')",
            "",
            "// Limit data to only that occuring during normal operation",
            "$data = $vibration.within($normal)",
            "",
            "// Calculate the average + 3 sigma to define the threshold",
            "$data.average($calcPeriod) + 3 * $data.stdDev($calcPeriod)"
        ],
        "Formula Parameters": {
            "normal": "0EFA6B54-7E5A-FB20-B763-000E6C2335AB",
            "vibration": "0EFA6B5A-6B36-6200-903C-EA0A7D843724"
        },
        "Formula Version": 31,
        "ID": "0EFA6B5D-2ACD-EC10-853B-3B9CAB1E9A04",
        "Locked": false,
        "Name": "Threshold Bearing 4",
        "Scoped To": "0EFA6B4F-47B9-EA80-8141-3E04DF6EE72C",
        "Type": "CalculatedScalar",
        "UIConfig": {
            "advancedParametersCollapsed": true,
            "configVersion": 11,
            "localFormula": "",
            "scopedTo": "0EFA6B4F-47B9-EA80-8141-3E04DF6EE72C",
            "tabTransitioning": false,
            "type": "formula"
        },
        "Unit Of Measure": "",
        "Unsearchable": false
    },
    "0EFA6B60-3A04-EAF0-B956-856025CB744A": {
        "Archived": false,
        "Cache Enabled": true,
        "Cache ID": "0EFA6B60-3A09-F910-905A-71B578C5E0C9",
        "Capsule ID Property": "start",
        "Capsule Property Units": {},
        "Data ID": "0EFA6B60-3A04-EAF0-B956-856025CB744A",
        "Datasource Class": "Seeq Calculations",
        "Datasource ID": "Seeq Calculations",
        "Enabled": true,
        "Formula": [
            "($a > $b)",
            ".merge(0min)",
            ".removeShorterThan(10min)"
        ],
        "Formula Parameters": {
            "a": "0EFA6B55-616C-F940-9042-DDE4727C4B61",
            "b": "0EFA6B57-5251-62B0-A89D-C173B0D4C635"
        },
        "Formula Version": 31,
        "ID": "0EFA6B60-3A04-EAF0-B956-856025CB744A",
        "Locked": false,
        "Name": "Exceed Threshold Bearing 1",
        "Scoped To": "0EFA6B4F-47B9-EA80-8141-3E04DF6EE72C",
        "Type": "CalculatedCondition",
        "UIConfig": {
            "advancedEntryDuration": {
                "units": "min",
                "value": 0
            },
            "advancedEntryLowerValue": null,
            "advancedEntryValue": null,
            "advancedExitDuration": {
                "units": "min",
                "value": 0
            },
            "advancedExitValue": null,
            "advancedParametersCollapsed": true,
            "configVersion": 11,
            "isCleansing": true,
            "isMigratedDeviationSearch": false,
            "isSimple": true,
            "mergeDuration": {
                "units": "min",
                "value": 0
            },
            "minDuration": {
                "units": "min",
                "valid": true,
                "value": 10
            },
            "simpleLowerValue": null,
            "simpleOperator": ">",
            "simpleValue": "0EFA6B57-5251-62B0-A89D-C173B0D4C635",
            "type": "value-search",
            "useValidValues": false,
            "version": "V3"
        },
        "Unsearchable": false
    },
    "0EFA6B60-A796-6000-85A5-B676CAA450BB": {
        "Archived": false,
        "Cache Enabled": true,
        "Cache ID": "0EFA6B60-A79A-EE20-BCA8-D28A14922532",
        "Capsule ID Property": "start",
        "Capsule Property Units": {},
        "Data ID": "0EFA6B60-A796-6000-85A5-B676CAA450BB",
        "Datasource Class": "Seeq Calculations",
        "Datasource ID": "Seeq Calculations",
        "Enabled": true,
        "Formula": [
            "($a > $b)",
            ".merge(0min)",
            ".removeShorterThan(10min)"
        ],
        "Formula Parameters": {
            "a": "0EFA6B59-692A-E8E0-A15B-E0E1A92839F0",
            "b": "0EFA6B5C-35D2-EE90-B4B7-2844AC235EC8"
        },
        "Formula Version": 31,
        "ID": "0EFA6B60-A796-6000-85A5-B676CAA450BB",
        "Locked": false,
        "Name": "Exceed Threshold Bearing 2",
        "Scoped To": "0EFA6B4F-47B9-EA80-8141-3E04DF6EE72C",
        "Type": "CalculatedCondition",
        "UIConfig": {
            "advancedEntryDuration": {
                "units": "min",
                "value": 0
            },
            "advancedEntryLowerValue": null,
            "advancedEntryValue": null,
            "advancedExitDuration": {
                "units": "min",
                "value": 0
            },
            "advancedExitValue": null,
            "advancedParametersCollapsed": true,
            "configVersion": 11,
            "isCleansing": true,
            "isMigratedDeviationSearch": false,
            "isSimple": true,
            "mergeDuration": {
                "units": "min",
                "value": 0
            },
            "minDuration": {
                "units": "min",
                "valid": true,
                "value": 10
            },
            "scopedTo": "0EFA6B4F-47B9-EA80-8141-3E04DF6EE72C",
            "simpleLowerValue": null,
            "simpleOperator": ">",
            "simpleValue": "0EFA6B5C-35D2-EE90-B4B7-2844AC235EC8",
            "type": "value-search",
            "useValidValues": false,
            "version": "V3"
        },
        "Unsearchable": false
    },
    "0EFA6B61-05D1-E890-97BA-027C958A57EF": {
        "Archived": false,
        "Cache Enabled": true,
        "Cache ID": "0EFA6B61-05D3-FFA0-85C5-D5180FD1330B",
        "Capsule ID Property": "start",
        "Capsule Property Units": {},
        "Data ID": "0EFA6B61-05D1-E890-97BA-027C958A57EF",
        "Datasource Class": "Seeq Calculations",
        "Datasource ID": "Seeq Calculations",
        "Enabled": true,
        "Formula": [
            "($a > $b)",
            ".merge(0min)",
            ".removeShorterThan(10min)"
        ],
        "Formula Parameters": {
            "a": "0EFA6B5A-026B-FF40-AD69-BB754098BC61",
            "b": "0EFA6B5C-D080-7140-8A84-595AF866A0D6"
        },
        "Formula Version": 31,
        "ID": "0EFA6B61-05D1-E890-97BA-027C958A57EF",
        "Locked": false,
        "Name": "Exceed Threshold Bearing 3",
        "Scoped To": "0EFA6B4F-47B9-EA80-8141-3E04DF6EE72C",
        "Type": "CalculatedCondition",
        "UIConfig": {
            "advancedEntryDuration": {
                "units": "min",
                "value": 0
            },
            "advancedEntryLowerValue": null,
            "advancedEntryValue": null,
            "advancedExitDuration": {
                "units": "min",
                "value": 0
            },
            "advancedExitValue": null,
            "advancedParametersCollapsed": true,
            "configVersion": 11,
            "isCleansing": true,
            "isMigratedDeviationSearch": false,
            "isSimple": true,
            "mergeDuration": {
                "units": "min",
                "value": 0
            },
            "minDuration": {
                "units": "min",
                "valid": true,
                "value": 10
            },
            "scopedTo": "0EFA6B4F-47B9-EA80-8141-3E04DF6EE72C",
            "simpleLowerValue": null,
            "simpleOperator": ">",
            "simpleValue": "0EFA6B5C-D080-7140-8A84-595AF866A0D6",
            "type": "value-search",
            "useValidValues": false,
            "version": "V3"
        },
        "Unsearchable": false
    },
    "0EFA6B61-6255-F9E0-A7EA-E212988E8EB9": {
        "Archived": false,
        "Cache Enabled": true,
        "Cache ID": "0EFA6B61-6258-60F0-8860-0B01EFBD6FAD",
        "Capsule ID Property": "start",
        "Capsule Property Units": {},
        "Data ID": "0EFA6B61-6255-F9E0-A7EA-E212988E8EB9",
        "Datasource Class": "Seeq Calculations",
        "Datasource ID": "Seeq Calculations",
        "Enabled": true,
        "Formula": [
            "($a > $b)",
            ".merge(0min)",
            ".removeShorterThan(10min)"
        ],
        "Formula Parameters": {
            "a": "0EFA6B5A-6B36-6200-903C-EA0A7D843724",
            "b": "0EFA6B5D-2ACD-EC10-853B-3B9CAB1E9A04"
        },
        "Formula Version": 31,
        "ID": "0EFA6B61-6255-F9E0-A7EA-E212988E8EB9",
        "Locked": false,
        "Name": "Exceed Threshold Bearing 4",
        "Scoped To": "0EFA6B4F-47B9-EA80-8141-3E04DF6EE72C",
        "Type": "CalculatedCondition",
        "UIConfig": {
            "advancedEntryDuration": {
                "units": "min",
                "value": 0
            },
            "advancedEntryLowerValue": null,
            "advancedEntryValue": null,
            "advancedExitDuration": {
                "units": "min",
                "value": 0
            },
            "advancedExitValue": null,
            "advancedParametersCollapsed": true,
            "configVersion": 11,
            "isCleansing": true,
            "isMigratedDeviationSearch": false,
            "isSimple": true,
            "mergeDuration": {
                "units": "min",
                "value": 0
            },
            "minDuration": {
                "units": "min",
                "valid": true,
                "value": 10
            },
            "scopedTo": "0EFA6B4F-47B9-EA80-8141-3E04DF6EE72C",
            "simpleLowerValue": null,
            "simpleOperator": ">",
            "simpleValue": "0EFA6B5D-2ACD-EC10-853B-3B9CAB1E9A04",
            "type": "value-search",
            "useValidValues": false,
            "version": "V3"
        },
        "Unsearchable": false
    },
    "0EFA6B66-37FB-FFF0-B818-95AD22B9E39F": {
        "Archived": false,
        "Cache Enabled": true,
        "Cache ID": "0EFA6B66-3803-7520-917E-2771DAB2A138",
        "Capsule ID Property": "start",
        "Capsule Property Units": {},
        "Data ID": "0EFA6B66-37FB-FFF0-B818-95AD22B9E39F",
        "Datasource Class": "Seeq Calculations",
        "Datasource ID": "Seeq Calculations",
        "Enabled": true,
        "Formula": "$a > 0",
        "Formula Parameters": {
            "a": "0EEBC4E9-4B7D-6290-B2F3-32CA150709D1"
        },
        "Formula Version": 31,
        "ID": "0EFA6B66-37FB-FFF0-B818-95AD22B9E39F",
        "Locked": false,
        "Name": "Bearing Abnormal Vibration",
        "Scoped To": "0EFA6B4F-47B9-EA80-8141-3E04DF6EE72C",
        "Type": "CalculatedCondition",
        "UIConfig": {
            "advancedEntryDuration": {
                "units": "min",
                "value": 0
            },
            "advancedEntryLowerValue": null,
            "advancedEntryValue": null,
            "advancedExitDuration": {
                "units": "min",
                "value": 0
            },
            "advancedExitValue": null,
            "advancedParametersCollapsed": true,
            "configVersion": 11,
            "isCleansing": false,
            "isMigratedDeviationSearch": false,
            "isSimple": true,
            "mergeDuration": {
                "units": "min",
                "value": 0
            },
            "minDuration": {
                "units": "min",
                "value": 0
            },
            "scopedTo": "0EFA6B4F-47B9-EA80-8141-3E04DF6EE72C",
            "simpleLowerValue": null,
            "simpleOperator": ">",
            "simpleValue": "0",
            "type": "value-search",
            "useValidValues": false,
            "version": "V3"
        },
        "Unsearchable": false
    },
    "3C6945EF-5D12-4FB5-AAFA-716CF6008F77": {
        "Archived": false,
        "Cache Enabled": false,
        "Cache ID": "0EEAE562-B4A1-7580-95D9-59490E76A114",
        "Data ID": "[3F153A03-6999-45AC-800B-559B4364439D] {Signal} Vibration Bearing 3",
        "Datasource Class": "Seeq Data Lab",
        "Datasource ID": "Seeq Data Lab",
        "Enabled": true,
        "ID": "3C6945EF-5D12-4FB5-AAFA-716CF6008F77",
        "Interpolation Method": "Linear",
        "Last Key Written": {
            "Unit Of Measure": "ns",
            "Value": 1077193359000000000
        },
        "Locked": false,
        "Maximum Interpolation": "1h",
        "Name": "Vibration Bearing 3",
        "Override Maximum Interpolation": "1h",
        "Source Value Unit Of Measure": "",
        "Storage Location": "FILE_SIGNAL_STORAGE",
        "Stored Series Cache Version": 1,
        "Type": "StoredSignal",
        "Unsearchable": false,
        "Value Unit Of Measure": ""
    },
    "728286D1-3D6D-46A0-A06A-A037BBDF716A": {
        "Archived": false,
        "Cache Enabled": false,
        "Cache ID": "0EEAE562-58C0-FD60-B4F5-7272CCB72F2D",
        "Data ID": "[3F153A03-6999-45AC-800B-559B4364439D] {Signal} Vibration Bearing 2",
        "Datasource Class": "Seeq Data Lab",
        "Datasource ID": "Seeq Data Lab",
        "Enabled": true,
        "ID": "728286D1-3D6D-46A0-A06A-A037BBDF716A",
        "Interpolation Method": "Linear",
        "Last Key Written": {
            "Unit Of Measure": "ns",
            "Value": 1077193359000000000
        },
        "Locked": false,
        "Maximum Interpolation": "1h",
        "Name": "Vibration Bearing 2",
        "Override Maximum Interpolation": "1h",
        "Source Value Unit Of Measure": "",
        "Storage Location": "FILE_SIGNAL_STORAGE",
        "Stored Series Cache Version": 1,
        "Type": "StoredSignal",
        "Unsearchable": false,
        "Value Unit Of Measure": ""
    },
    "905A3390-CCA6-489B-89A3-492EC9F7FF26": {
        "Access Control": [
            {
                "ID": "726694d8-3949-4a40-aa59-e01b172690cd",
                "Identity": {
                    "Datasource Class": "OAuth 2.0",
                    "Datasource ID": "9ecc7e74-4c32-436d-9af0-70d8aa99386b",
                    "Datasource Name": "Seeq Azure SSO",
                    "Email": "Joseph.Reckamp@seeq.com",
                    "First Name": "Joe",
                    "ID": "C9FD5B90-17F3-4CA7-8C37-CD9B7D9B85D2",
                    "Is Admin": true,
                    "Last Name": "Reckamp",
                    "Name": "Joe Reckamp",
                    "Type": "User",
                    "Username": "DEg3Lh5pLS4-lG84EjGXXXdzxhd1450vkLgiu8he2l8"
                },
                "Origin": null,
                "Permissions": {
                    "Manage": true,
                    "Read": true,
                    "Write": true
                },
                "Redacted": false,
                "Role": "OWNER"
            }
        ],
        "Ancestors": [
            "__Users__"
        ],
        "Archived": false,
        "Cache Enabled": false,
        "Created At": "1605736826077625600",
        "Enabled": true,
        "ID": "905A3390-CCA6-489B-89A3-492EC9F7FF26",
        "Locked": false,
        "Name": "Joseph Reckamp",
        "Owner": {
            "Datasource Class": "OAuth 2.0",
            "Datasource ID": "9ecc7e74-4c32-436d-9af0-70d8aa99386b",
            "Datasource Name": "Seeq Azure SSO",
            "Email": "Joseph.Reckamp@seeq.com",
            "First Name": "Joe",
            "ID": "C9FD5B90-17F3-4CA7-8C37-CD9B7D9B85D2",
            "Is Admin": true,
            "Last Name": "Reckamp",
            "Name": "Joe Reckamp",
            "Type": "User",
            "Username": "DEg3Lh5pLS4-lG84EjGXXXdzxhd1450vkLgiu8he2l8"
        },
        "Permission Inheritance Disabled": true,
        "Type": "Folder",
        "Unmodifiable": true,
        "Unsearchable": true,
        "Updated At": "1605736826077625600"
    },
    "BA3B27AA-B37F-428A-8FB6-BE8612BAF85E": {
        "Archived": false,
        "Cache Enabled": false,
        "Cache ID": "0EEAE563-091D-EC30-A809-416D1A5F2FD4",
        "Data ID": "[3F153A03-6999-45AC-800B-559B4364439D] {Signal} Vibration Bearing 4",
        "Datasource Class": "Seeq Data Lab",
        "Datasource ID": "Seeq Data Lab",
        "Enabled": true,
        "ID": "BA3B27AA-B37F-428A-8FB6-BE8612BAF85E",
        "Interpolation Method": "Linear",
        "Last Key Written": {
            "Unit Of Measure": "ns",
            "Value": 1077193359000000000
        },
        "Locked": false,
        "Maximum Interpolation": "1h",
        "Name": "Vibration Bearing 4",
        "Override Maximum Interpolation": "1h",
        "Source Value Unit Of Measure": "",
        "Storage Location": "FILE_SIGNAL_STORAGE",
        "Stored Series Cache Version": 1,
        "Type": "StoredSignal",
        "Unsearchable": false,
        "Value Unit Of Measure": ""
    },
    "E78BD39E-693F-46D8-803B-365EE389FF61": {
        "Archived": false,
        "Cache Enabled": false,
        "Cache ID": "0EEAE558-73BA-73F0-9AD8-FA6B4FE702CD",
        "Data ID": "[3F153A03-6999-45AC-800B-559B4364439D] {Signal} Vibration Bearing 1",
        "Datasource Class": "Seeq Data Lab",
        "Datasource ID": "Seeq Data Lab",
        "Enabled": true,
        "ID": "E78BD39E-693F-46D8-803B-365EE389FF61",
        "Interpolation Method": "Linear",
        "Last Key Written": {
            "Unit Of Measure": "ns",
            "Value": 1077193359000000000
        },
        "Locked": false,
        "Maximum Interpolation": "1h",
        "Name": "Vibration Bearing 1",
        "Override Maximum Interpolation": "1h",
        "Source Value Unit Of Measure": "",
        "Storage Location": "FILE_SIGNAL_STORAGE",
        "Stored Series Cache Version": 1,
        "Type": "StoredSignal",
        "Unsearchable": false,
        "Value Unit Of Measure": ""
    }
}