{
    "Definition": {
        "Archived": false,
        "Cache Enabled": false,
        "Created At": "1732048162397213430",
        "Description": "British Sugar used Seeq to monitor vibration across pulp driers to quickly and easily identify anomalous vibration measurements. Objective Bearings fail exponentially with little notice, making scheduled maintenance difficult. A failure of one bearing can result in the subsequent failure of other system bearings.&nbsp; Identify Failure Events Earlier Analysis Steps",
        "Document": "<h2><strong>Bearing Failure Prediction</strong></h2><figure class=\"table\" style=\"width:100%;\"><table class=\"ck-table-resized\" style=\"border-color:hsl(0, 0%, 100%);border-style:solid;\"><colgroup><col style=\"width:38.31%;\" /><col style=\"width:61.69%;\" /></colgroup><tbody><tr><td style=\"border-color:hsl(0, 0%, 100%);border-style:solid;\"><img src=\"/api/annotations/0EFA6B4F-6060-FB10-8858-BA1A73CC8A2B/images/image_v1.png\"></td><td style=\"border-color:hsl(0, 0%, 100%);border-style:solid;\"><h4><i><strong>British Sugar </strong>used Seeq to monitor vibration across pulp driers to quickly and easily identify anomalous vibration measurements.</i></h4></td></tr></tbody></table></figure><h3>Objective</h3><p>Bearings fail exponentially with little notice, making scheduled maintenance difficult. A failure of one bearing can result in the subsequent failure of other system bearings.\u00a0</p><p><a href=\"/links?type&#61;workstep&amp;workbook&#61;0EFA6B4F-47B9-EA80-8141-3E04DF6EE72C&amp;worksheet&#61;0EFA6B4F-4CDD-F930-ABCE-51B6FCD3ACD6&amp;workstep&#61;0EFA6B67-B6E2-7750-BFCA-DD699EBDC9FC\" rel=\"nofollow noopener noreferrer\">Identify Failure Events Earlier</a></p><h3>Analysis Steps</h3><p>Bring in bearing data and <a href=\"/links?type&#61;workstep&amp;workbook&#61;0EFA6B4F-47B9-EA80-8141-3E04DF6EE72C&amp;worksheet&#61;0EFA6B4F-4CDD-F930-ABCE-51B6FCD3ACD6&amp;workstep&#61;0EFA6B56-16CB-73E0-B04A-5CF4EFA1BF7D\" rel=\"nofollow noopener noreferrer\">identify downtime and normal operation</a>.</p><p>Calculate <a href=\"/links?type&#61;workstep&amp;workbook&#61;0EFA6B4F-47B9-EA80-8141-3E04DF6EE72C&amp;worksheet&#61;0EFA6B4F-4CDD-F930-ABCE-51B6FCD3ACD6&amp;workstep&#61;0EFA6B58-3E15-F9D0-8B83-7D7C0405BC0E\" rel=\"nofollow noopener noreferrer\">statistical thresholds for one bearing</a>, scale to <a href=\"/links?type&#61;workstep&amp;workbook&#61;0EFA6B4F-47B9-EA80-8141-3E04DF6EE72C&amp;worksheet&#61;0EFA6B4F-4CDD-F930-ABCE-51B6FCD3ACD6&amp;workstep&#61;0EFA6B5E-6A15-F980-B257-592FF56B39D7\" rel=\"nofollow noopener noreferrer\">all other bearings</a>.</p><p><a href=\"/links?type&#61;workstep&amp;workbook&#61;0EFA6B4F-47B9-EA80-8141-3E04DF6EE72C&amp;worksheet&#61;0EFA6B4F-4CDD-F930-ABCE-51B6FCD3ACD6&amp;workstep&#61;0EFA6B63-99C7-FBB0-8A81-134F3BFB50AF\" rel=\"nofollow noopener noreferrer\">Flag deviations above thresholds</a>.</p><h3>Enhance detection with Data Science Input</h3><p>Share analysis with data scientist <a href=\"/links?type&#61;workstep&amp;workbook&#61;0EFA6B4F-47B9-EA80-8141-3E04DF6EE72C&amp;worksheet&#61;0EFA6B4F-4CDD-F930-ABCE-51B6FCD3ACD6&amp;workstep&#61;0EFA6B63-99C7-FBB0-8A81-134F3BFB50AF\" rel=\"nofollow noopener noreferrer\">with all relevant context</a> - normal operation, downtime, etc.\u00a0</p><p>The Data Science can connect to the data and pull it into their application of choice using the Seeq Python module and Seeq Data Lab.\u00a0</p><p>Once they have created a model, they can <a href=\"/links?type&#61;workstep&amp;workbook&#61;0EFA6B4F-47B9-EA80-8141-3E04DF6EE72C&amp;worksheet&#61;0EFA6B4F-4CDD-F930-ABCE-51B6FCD3ACD6&amp;workstep&#61;0EFA6B67-B6E2-7750-BFCA-DD699EBDC9FC\" rel=\"nofollow noopener noreferrer\">push the model back into this analysis</a> for the SME to validate.</p>",
        "DocumentBackup\u02c9DEg3Lh5pLS4-lG84EjGXXXdzxhd1450vkLgiu8he2l8\u02c92024-11-19T20:29:00Z": "",
        "DocumentBackup\u02c9DEg3Lh5pLS4-lG84EjGXXXdzxhd1450vkLgiu8he2l8\u02c92024-11-19T20:30:00Z": "<h2><strong>Bearing Failure Prediction</strong></h2><figure class=\"table\" style=\"width:100%;\"><table class=\"ck-table-resized\" style=\"border-color:hsl(0, 0%, 100%);border-style:solid;\"><colgroup><col style=\"width:38.31%;\" /><col style=\"width:61.69%;\" /></colgroup><tbody><tr><td style=\"border-color:hsl(0, 0%, 100%);border-style:solid;\"><img src=\"/api/annotations/0EFA6B4F-6060-FB10-8858-BA1A73CC8A2B/images/image_v1.png\"></td><td style=\"border-color:hsl(0, 0%, 100%);border-style:solid;\"><h4><i><strong>British Sugar </strong>used Seeq to monitor vibration across pulp driers to quickly and easily identify anomalous vibration measurements.</i></h4></td></tr></tbody></table></figure><h3>Objective</h3><p>Bearings fail exponentially with little notice, making scheduled maintenance difficult. A failure of one bearing can result in the subsequent failure of other system bearings.\u00a0</p><p>Identify Failure Events Earlier</p><h3>Analysis Steps</h3><p>Bring in bearing data and identify downtime and normal operation.</p><p>Calculate <a href=\"/links?type&#61;workstep&amp;workbook&#61;0EEAE54C-A85B-6430-934E-78B7719765F6&amp;worksheet&#61;0EEAE54C-AC2B-FD30-9627-C960045EBBCB&amp;workstep&#61;0EEAE614-940F-EA80-A2A4-7C62FFE269E6\" rel=\"nofollow noopener noreferrer\">statistical thresholds for one bearing</a>, scale to <a href=\"/links?type&#61;workstep&amp;workbook&#61;0EEAE54C-A85B-6430-934E-78B7719765F6&amp;worksheet&#61;0EEAE54C-AC2B-FD30-9627-C960045EBBCB&amp;workstep&#61;0EEAE614-92FE-7380-B4C9-59947919F530\" rel=\"nofollow noopener noreferrer\">all other bearings</a>.</p><p><a href=\"/links?type&#61;workstep&amp;workbook&#61;0EEAE54C-A85B-6430-934E-78B7719765F6&amp;worksheet&#61;0EEAE54C-AC2B-FD30-9627-C960045EBBCB&amp;workstep&#61;0EEAE614-9096-FFC0-892C-FAB695B28B0A\" rel=\"nofollow noopener noreferrer\">Flag deviations above thresholds</a>.</p><h3>Enhance detection with Data Science Input</h3><p>Share analysis with data scientist <a href=\"/links?type&#61;workstep&amp;workbook&#61;0EEAE54C-A85B-6430-934E-78B7719765F6&amp;worksheet&#61;0EEAE54C-AC2B-FD30-9627-C960045EBBCB&amp;workstep&#61;0EEAE614-9096-FFC0-892C-FAB695B28B0A\" rel=\"nofollow noopener noreferrer\">with all relevant context</a> - normal operation, downtime, etc.\u00a0</p><p>The Data Science can connect to the data and pull it into their application of choice using the Seeq Python module and Seeq Data Lab.\u00a0</p><p>Once they have created a model, they can <a href=\"/links?type&#61;workstep&amp;workbook&#61;0EEAE54C-A85B-6430-934E-78B7719765F6&amp;worksheet&#61;0EEAE54C-AC2B-FD30-9627-C960045EBBCB&amp;workstep&#61;0EEBC4EA-FF9D-71C0-A150-617FB01E3C5F\" rel=\"nofollow noopener noreferrer\">push the model back into this analysis</a> for the SME to validate.</p>",
        "DocumentBackup\u02c9DEg3Lh5pLS4-lG84EjGXXXdzxhd1450vkLgiu8he2l8\u02c92024-11-19T20:32:00Z": "<h2><strong>Bearing Failure Prediction</strong></h2><figure class=\"table\" style=\"width:100%;\"><table class=\"ck-table-resized\" style=\"border-color:hsl(0, 0%, 100%);border-style:solid;\"><colgroup><col style=\"width:38.31%;\" /><col style=\"width:61.69%;\" /></colgroup><tbody><tr><td style=\"border-color:hsl(0, 0%, 100%);border-style:solid;\"><img src=\"/api/annotations/0EFA6B4F-6060-FB10-8858-BA1A73CC8A2B/images/image_v1.png\"></td><td style=\"border-color:hsl(0, 0%, 100%);border-style:solid;\"><h4><i><strong>British Sugar </strong>used Seeq to monitor vibration across pulp driers to quickly and easily identify anomalous vibration measurements.</i></h4></td></tr></tbody></table></figure><h3>Objective</h3><p>Bearings fail exponentially with little notice, making scheduled maintenance difficult. A failure of one bearing can result in the subsequent failure of other system bearings.\u00a0</p><p>Identify Failure Events Earlier</p><h3>Analysis Steps</h3><p>Bring in bearing data and <a href=\"/links?type&#61;workstep&amp;workbook&#61;0EFA6B4F-47B9-EA80-8141-3E04DF6EE72C&amp;worksheet&#61;0EFA6B4F-4CDD-F930-ABCE-51B6FCD3ACD6&amp;workstep&#61;0EFA6B56-16CB-73E0-B04A-5CF4EFA1BF7D\" rel=\"nofollow noopener noreferrer\">identify downtime and normal operation</a>.</p><p>Calculate statistical thresholds for one bearing, scale to all other bearings.</p><p>Flag deviations above thresholds.</p><h3>Enhance detection with Data Science Input</h3><p>Share analysis with data scientist with all relevant context - normal operation, downtime, etc.\u00a0</p><p>The Data Science can connect to the data and pull it into their application of choice using the Seeq Python module and Seeq Data Lab.\u00a0</p><p>Once they have created a model, they can push the model back into this analysis for the SME to validate.</p>",
        "DocumentBackup\u02c9DEg3Lh5pLS4-lG84EjGXXXdzxhd1450vkLgiu8he2l8\u02c92024-11-19T20:33:00Z": "<h2><strong>Bearing Failure Prediction</strong></h2><figure class=\"table\" style=\"width:100%;\"><table class=\"ck-table-resized\" style=\"border-color:hsl(0, 0%, 100%);border-style:solid;\"><colgroup><col style=\"width:38.31%;\" /><col style=\"width:61.69%;\" /></colgroup><tbody><tr><td style=\"border-color:hsl(0, 0%, 100%);border-style:solid;\"><img src=\"/api/annotations/0EFA6B4F-6060-FB10-8858-BA1A73CC8A2B/images/image_v1.png\"></td><td style=\"border-color:hsl(0, 0%, 100%);border-style:solid;\"><h4><i><strong>British Sugar </strong>used Seeq to monitor vibration across pulp driers to quickly and easily identify anomalous vibration measurements.</i></h4></td></tr></tbody></table></figure><h3>Objective</h3><p>Bearings fail exponentially with little notice, making scheduled maintenance difficult. A failure of one bearing can result in the subsequent failure of other system bearings.\u00a0</p><p>Identify Failure Events Earlier</p><h3>Analysis Steps</h3><p>Bring in bearing data and <a href=\"/links?type&#61;workstep&amp;workbook&#61;0EFA6B4F-47B9-EA80-8141-3E04DF6EE72C&amp;worksheet&#61;0EFA6B4F-4CDD-F930-ABCE-51B6FCD3ACD6&amp;workstep&#61;0EFA6B56-16CB-73E0-B04A-5CF4EFA1BF7D\" rel=\"nofollow noopener noreferrer\">identify downtime and normal operation</a>.</p><p>Calculate <a href=\"/links?type&#61;workstep&amp;workbook&#61;0EFA6B4F-47B9-EA80-8141-3E04DF6EE72C&amp;worksheet&#61;0EFA6B4F-4CDD-F930-ABCE-51B6FCD3ACD6&amp;workstep&#61;0EFA6B58-3E15-F9D0-8B83-7D7C0405BC0E\" rel=\"nofollow noopener noreferrer\">statistical thresholds for one bearing</a>, scale to all other bearings.</p><p>Flag deviations above thresholds.</p><h3>Enhance detection with Data Science Input</h3><p>Share analysis with data scientist with all relevant context - normal operation, downtime, etc.\u00a0</p><p>The Data Science can connect to the data and pull it into their application of choice using the Seeq Python module and Seeq Data Lab.\u00a0</p><p>Once they have created a model, they can push the model back into this analysis for the SME to validate.</p>",
        "DocumentBackup\u02c9DEg3Lh5pLS4-lG84EjGXXXdzxhd1450vkLgiu8he2l8\u02c92024-11-19T20:36:00Z": "<h2><strong>Bearing Failure Prediction</strong></h2><figure class=\"table\" style=\"width:100%;\"><table class=\"ck-table-resized\" style=\"border-color:hsl(0, 0%, 100%);border-style:solid;\"><colgroup><col style=\"width:38.31%;\" /><col style=\"width:61.69%;\" /></colgroup><tbody><tr><td style=\"border-color:hsl(0, 0%, 100%);border-style:solid;\"><img src=\"/api/annotations/0EFA6B4F-6060-FB10-8858-BA1A73CC8A2B/images/image_v1.png\"></td><td style=\"border-color:hsl(0, 0%, 100%);border-style:solid;\"><h4><i><strong>British Sugar </strong>used Seeq to monitor vibration across pulp driers to quickly and easily identify anomalous vibration measurements.</i></h4></td></tr></tbody></table></figure><h3>Objective</h3><p>Bearings fail exponentially with little notice, making scheduled maintenance difficult. A failure of one bearing can result in the subsequent failure of other system bearings.\u00a0</p><p>Identify Failure Events Earlier</p><h3>Analysis Steps</h3><p>Bring in bearing data and <a href=\"/links?type&#61;workstep&amp;workbook&#61;0EFA6B4F-47B9-EA80-8141-3E04DF6EE72C&amp;worksheet&#61;0EFA6B4F-4CDD-F930-ABCE-51B6FCD3ACD6&amp;workstep&#61;0EFA6B56-16CB-73E0-B04A-5CF4EFA1BF7D\" rel=\"nofollow noopener noreferrer\">identify downtime and normal operation</a>.</p><p>Calculate <a href=\"/links?type&#61;workstep&amp;workbook&#61;0EFA6B4F-47B9-EA80-8141-3E04DF6EE72C&amp;worksheet&#61;0EFA6B4F-4CDD-F930-ABCE-51B6FCD3ACD6&amp;workstep&#61;0EFA6B58-3E15-F9D0-8B83-7D7C0405BC0E\" rel=\"nofollow noopener noreferrer\">statistical thresholds for one bearing</a>, scale to <a href=\"/links?type&#61;workstep&amp;workbook&#61;0EFA6B4F-47B9-EA80-8141-3E04DF6EE72C&amp;worksheet&#61;0EFA6B4F-4CDD-F930-ABCE-51B6FCD3ACD6&amp;workstep&#61;0EFA6B5E-6A15-F980-B257-592FF56B39D7\" rel=\"nofollow noopener noreferrer\">all other bearings</a>.</p><p>Flag deviations above thresholds.</p><h3>Enhance detection with Data Science Input</h3><p>Share analysis with data scientist with all relevant context - normal operation, downtime, etc.\u00a0</p><p>The Data Science can connect to the data and pull it into their application of choice using the Seeq Python module and Seeq Data Lab.\u00a0</p><p>Once they have created a model, they can push the model back into this analysis for the SME to validate.</p>",
        "DocumentBackup\u02c9DEg3Lh5pLS4-lG84EjGXXXdzxhd1450vkLgiu8he2l8\u02c92024-11-19T20:38:00Z": "<h2><strong>Bearing Failure Prediction</strong></h2><figure class=\"table\" style=\"width:100%;\"><table class=\"ck-table-resized\" style=\"border-color:hsl(0, 0%, 100%);border-style:solid;\"><colgroup><col style=\"width:38.31%;\" /><col style=\"width:61.69%;\" /></colgroup><tbody><tr><td style=\"border-color:hsl(0, 0%, 100%);border-style:solid;\"><img src=\"/api/annotations/0EFA6B4F-6060-FB10-8858-BA1A73CC8A2B/images/image_v1.png\"></td><td style=\"border-color:hsl(0, 0%, 100%);border-style:solid;\"><h4><i><strong>British Sugar </strong>used Seeq to monitor vibration across pulp driers to quickly and easily identify anomalous vibration measurements.</i></h4></td></tr></tbody></table></figure><h3>Objective</h3><p>Bearings fail exponentially with little notice, making scheduled maintenance difficult. A failure of one bearing can result in the subsequent failure of other system bearings.\u00a0</p><p>Identify Failure Events Earlier</p><h3>Analysis Steps</h3><p>Bring in bearing data and <a href=\"/links?type&#61;workstep&amp;workbook&#61;0EFA6B4F-47B9-EA80-8141-3E04DF6EE72C&amp;worksheet&#61;0EFA6B4F-4CDD-F930-ABCE-51B6FCD3ACD6&amp;workstep&#61;0EFA6B56-16CB-73E0-B04A-5CF4EFA1BF7D\" rel=\"nofollow noopener noreferrer\">identify downtime and normal operation</a>.</p><p>Calculate <a href=\"/links?type&#61;workstep&amp;workbook&#61;0EFA6B4F-47B9-EA80-8141-3E04DF6EE72C&amp;worksheet&#61;0EFA6B4F-4CDD-F930-ABCE-51B6FCD3ACD6&amp;workstep&#61;0EFA6B58-3E15-F9D0-8B83-7D7C0405BC0E\" rel=\"nofollow noopener noreferrer\">statistical thresholds for one bearing</a>, scale to <a href=\"/links?type&#61;workstep&amp;workbook&#61;0EFA6B4F-47B9-EA80-8141-3E04DF6EE72C&amp;worksheet&#61;0EFA6B4F-4CDD-F930-ABCE-51B6FCD3ACD6&amp;workstep&#61;0EFA6B5E-6A15-F980-B257-592FF56B39D7\" rel=\"nofollow noopener noreferrer\">all other bearings</a>.</p><p><a href=\"/links?type&#61;workstep&amp;workbook&#61;0EFA6B4F-47B9-EA80-8141-3E04DF6EE72C&amp;worksheet&#61;0EFA6B4F-4CDD-F930-ABCE-51B6FCD3ACD6&amp;workstep&#61;0EFA6B63-99C7-FBB0-8A81-134F3BFB50AF\" rel=\"nofollow noopener noreferrer\">Flag deviations above thresholds</a>.</p><h3>Enhance detection with Data Science Input</h3><p>Share analysis with data scientist with all relevant context - normal operation, downtime, etc.\u00a0</p><p>The Data Science can connect to the data and pull it into their application of choice using the Seeq Python module and Seeq Data Lab.\u00a0</p><p>Once they have created a model, they can push the model back into this analysis for the SME to validate.</p>",
        "DocumentBackup\u02c9DEg3Lh5pLS4-lG84EjGXXXdzxhd1450vkLgiu8he2l8\u02c92024-11-19T20:40:00Z": "<h2><strong>Bearing Failure Prediction</strong></h2><figure class=\"table\" style=\"width:100%;\"><table class=\"ck-table-resized\" style=\"border-color:hsl(0, 0%, 100%);border-style:solid;\"><colgroup><col style=\"width:38.31%;\" /><col style=\"width:61.69%;\" /></colgroup><tbody><tr><td style=\"border-color:hsl(0, 0%, 100%);border-style:solid;\"><img src=\"/api/annotations/0EFA6B4F-6060-FB10-8858-BA1A73CC8A2B/images/image_v1.png\"></td><td style=\"border-color:hsl(0, 0%, 100%);border-style:solid;\"><h4><i><strong>British Sugar </strong>used Seeq to monitor vibration across pulp driers to quickly and easily identify anomalous vibration measurements.</i></h4></td></tr></tbody></table></figure><h3>Objective</h3><p>Bearings fail exponentially with little notice, making scheduled maintenance difficult. A failure of one bearing can result in the subsequent failure of other system bearings.\u00a0</p><p>Identify Failure Events Earlier</p><h3>Analysis Steps</h3><p>Bring in bearing data and <a href=\"/links?type&#61;workstep&amp;workbook&#61;0EFA6B4F-47B9-EA80-8141-3E04DF6EE72C&amp;worksheet&#61;0EFA6B4F-4CDD-F930-ABCE-51B6FCD3ACD6&amp;workstep&#61;0EFA6B56-16CB-73E0-B04A-5CF4EFA1BF7D\" rel=\"nofollow noopener noreferrer\">identify downtime and normal operation</a>.</p><p>Calculate <a href=\"/links?type&#61;workstep&amp;workbook&#61;0EFA6B4F-47B9-EA80-8141-3E04DF6EE72C&amp;worksheet&#61;0EFA6B4F-4CDD-F930-ABCE-51B6FCD3ACD6&amp;workstep&#61;0EFA6B58-3E15-F9D0-8B83-7D7C0405BC0E\" rel=\"nofollow noopener noreferrer\">statistical thresholds for one bearing</a>, scale to <a href=\"/links?type&#61;workstep&amp;workbook&#61;0EFA6B4F-47B9-EA80-8141-3E04DF6EE72C&amp;worksheet&#61;0EFA6B4F-4CDD-F930-ABCE-51B6FCD3ACD6&amp;workstep&#61;0EFA6B5E-6A15-F980-B257-592FF56B39D7\" rel=\"nofollow noopener noreferrer\">all other bearings</a>.</p><p><a href=\"/links?type&#61;workstep&amp;workbook&#61;0EFA6B4F-47B9-EA80-8141-3E04DF6EE72C&amp;worksheet&#61;0EFA6B4F-4CDD-F930-ABCE-51B6FCD3ACD6&amp;workstep&#61;0EFA6B63-99C7-FBB0-8A81-134F3BFB50AF\" rel=\"nofollow noopener noreferrer\">Flag deviations above thresholds</a>.</p><h3>Enhance detection with Data Science Input</h3><p>Share analysis with data scientist <a href=\"/links?type&#61;workstep&amp;workbook&#61;0EFA6B4F-47B9-EA80-8141-3E04DF6EE72C&amp;worksheet&#61;0EFA6B4F-4CDD-F930-ABCE-51B6FCD3ACD6&amp;workstep&#61;0EFA6B63-99C7-FBB0-8A81-134F3BFB50AF\" rel=\"nofollow noopener noreferrer\">with all relevant context</a> - normal operation, downtime, etc.\u00a0</p><p>The Data Science can connect to the data and pull it into their application of choice using the Seeq Python module and Seeq Data Lab.\u00a0</p><p>Once they have created a model, they can <a href=\"/links?type&#61;workstep&amp;workbook&#61;0EFA6B4F-47B9-EA80-8141-3E04DF6EE72C&amp;worksheet&#61;0EFA6B4F-4CDD-F930-ABCE-51B6FCD3ACD6&amp;workstep&#61;0EFA6B67-B6E2-7750-BFCA-DD699EBDC9FC\" rel=\"nofollow noopener noreferrer\">push the model back into this analysis</a> for the SME to validate.</p>",
        "Enabled": true,
        "ID": "0EFA6B4F-6060-FB10-8858-BA1A73CC8A2B",
        "Is CK Enabled": true,
        "Locked": false,
        "Name": "Bearing Failure Prediction",
        "Plain Text Document": "Bearing Failure PredictionBritish Sugar used Seeq to monitor vibration across pulp driers to quickly and easily identify anomalous vibration measurements.ObjectiveBearings fail exponentially with little notice, making scheduled maintenance difficult. A failure of one bearing can result in the subsequent failure of other system bearings.\u00a0Identify Failure Events EarlierAnalysis StepsBring in bearing data and identify downtime and normal operation.Calculate statistical thresholds for one bearing, scale to all other bearings.Flag deviations above thresholds.Enhance detection with Data Science InputShare analysis with data scientist with all relevant context - normal operation, downtime, etc.\u00a0The Data Science can connect to the data and pull it into their application of choice using the Seeq Python module and Seeq Data Lab.\u00a0Once they have created a model, they can push the model back into this analysis for the SME to validate.",
        "Type": "Journal",
        "Unsearchable": false,
        "Updated At": "1732048856581830915"
    }
}