{
    "Access Control": [
        {
            "ID": "0efa6b4f-47c8-64e0-ad0b-3745c2e90f0f",
            "Identity": {
                "Datasource Class": "OAuth 2.0",
                "Datasource ID": "9ecc7e74-4c32-436d-9af0-70d8aa99386b",
                "Datasource Name": "Seeq Azure SSO",
                "Email": "Joseph.Reckamp@seeq.com",
                "First Name": "Joe",
                "ID": "C9FD5B90-17F3-4CA7-8C37-CD9B7D9B85D2",
                "Is Admin": true,
                "Last Name": "Reckamp",
                "Name": "Joe Reckamp",
                "Type": "User",
                "Username": "DEg3Lh5pLS4-lG84EjGXXXdzxhd1450vkLgiu8he2l8"
            },
            "Origin": "0EFA6A0B-4C9B-71B0-ADCE-2000B1F79638",
            "Permissions": {
                "Manage": true,
                "Read": true,
                "Write": true
            },
            "Redacted": false,
            "Role": null
        },
        {
            "ID": "0efa6b4f-47b9-ea80-9c42-3f6aa0992404",
            "Identity": {
                "Datasource Class": "OAuth 2.0",
                "Datasource ID": "9ecc7e74-4c32-436d-9af0-70d8aa99386b",
                "Datasource Name": "Seeq Azure SSO",
                "Email": "Joseph.Reckamp@seeq.com",
                "First Name": "Joe",
                "ID": "C9FD5B90-17F3-4CA7-8C37-CD9B7D9B85D2",
                "Is Admin": true,
                "Last Name": "Reckamp",
                "Name": "Joe Reckamp",
                "Type": "User",
                "Username": "DEg3Lh5pLS4-lG84EjGXXXdzxhd1450vkLgiu8he2l8"
            },
            "Origin": null,
            "Permissions": {
                "Manage": true,
                "Read": true,
                "Write": true
            },
            "Redacted": false,
            "Role": "OWNER"
        }
    ],
    "Ancestors": [
        "__Users__",
        "905A3390-CCA6-489B-89A3-492EC9F7FF26",
        "0EFA6A0B-4C9B-71B0-ADCE-2000B1F79638"
    ],
    "Archived": false,
    "Cache Enabled": false,
    "Created At": "1732048159784677131",
    "Enabled": true,
    "ID": "0EFA6B4F-47B9-EA80-8141-3E04DF6EE72C",
    "Locked": false,
    "Name": "Use Case Selector: Bearing Failure",
    "Original Server URL": "http://seeq-server",
    "Owner": {
        "Datasource Class": "OAuth 2.0",
        "Datasource ID": "9ecc7e74-4c32-436d-9af0-70d8aa99386b",
        "Datasource Name": "Seeq Azure SSO",
        "Email": "Joseph.Reckamp@seeq.com",
        "First Name": "Joe",
        "ID": "C9FD5B90-17F3-4CA7-8C37-CD9B7D9B85D2",
        "Is Admin": true,
        "Last Name": "Reckamp",
        "Name": "Joe Reckamp",
        "Type": "User",
        "Username": "DEg3Lh5pLS4-lG84EjGXXXdzxhd1450vkLgiu8he2l8"
    },
    "Path": "Users >> Joseph Reckamp >> DO NOT USE (Please!)",
    "Search Folder ID": "0EFA6A0B-4C9B-71B0-ADCE-2000B1F79638",
    "Type": "Workbook",
    "URL": "https://demo.seeq.dev/0EFA6A0B-4C9B-71B0-ADCE-2000B1F79638/workbook/0EFA6B4F-47B9-EA80-8141-3E04DF6EE72C/worksheet/0EFA6B4F-4CDD-F930-ABCE-51B6FCD3ACD6",
    "Unsearchable": false,
    "Updated At": "1732048920547601461",
    "Workbook Type": "Analysis",
    "Worksheets": [
        "0EFA6B4F-4CDD-F930-ABCE-51B6FCD3ACD6",
        "0EFA6B68-6E0C-71B0-B205-A748E5ED7AE4"
    ],
    "workbookState": {
        "state": {
            "stores": {
                "sqAnnotationStore": {
                    "height": 0,
                    "id": "0EFA6B4F-6060-FB10-8858-BA1A73CC8A2B",
                    "isAnnotatesExpanded": false,
                    "isCkEnabled": true,
                    "isCommentsExpanded": false,
                    "isExpanded": false,
                    "width": 0
                }
            }
        },
        "version": 1
    }
}