{
    "Archived": false,
    "Cache Enabled": false,
    "Created At": "1732048160323099740",
    "Enabled": true,
    "ID": "0EFA6B4F-4CDD-F930-ABCE-51B6FCD3ACD6",
    "Locked": false,
    "Unsearchable": false,
    "Updated At": "1732048815687616389",
    "Name": "Bearing Failure Demo",
    "Type": "Worksheet",
    "Annotation ID": "0EFA6B4F-6060-FB10-8858-BA1A73CC8A2B",
    "Current Workstep ID": "0EFA6B67-B6E2-7750-BFCA-DD699EBDC9FC",
    "URL": "https://demo.seeq.dev/0EFA6A0B-4C9B-71B0-ADCE-2000B1F79638/workbook/0EFA6B4F-47B9-EA80-8141-3E04DF6EE72C/worksheet/0EFA6B4F-4CDD-F930-ABCE-51B6FCD3ACD6"
}