{
    "ID": "B47ABBE7-BCF4-49E6-A0D3-1E9C3C090521",
    "Type": "Workstep",
    "Data": {
        "version": 1,
        "state": {
            "stores": {
                "sqTrendSeriesStore": {
                    "items": []
                },
                "sqTrendCapsuleSetStore": {
                    "items": []
                },
                "sqTrendScalarStore": {
                    "items": []
                },
                "sqTrendMetricStore": {
                    "items": []
                },
                "sqTrendTableStore": {
                    "items": []
                },
                "sqDurationStore": {
                    "autoUpdate": {
                        "offset": 17999996
                    },
                    "displayRange": {
                        "start": 1732569209791,
                        "end": 1732655609791
                    },
                    "investigateRange": {
                        "start": 1732050809794,
                        "end": 1732655609794
                    }
                },
                "sqWorksheetStore": {
                    "viewKey": "TREND"
                }
            }
        }
    }
}