{
    "Archived": false,
    "Cache Enabled": false,
    "Created At": "1732048834891944485",
    "Enabled": true,
    "ID": "0EFA6B68-6E0C-71B0-B205-A748E5ED7AE4",
    "Locked": false,
    "Unsearchable": false,
    "Updated At": "1732048920547601461",
    "Name": "Bearing Failure - Extended Demo",
    "Type": "Worksheet",
    "Annotation ID": "0EFA6B68-6E3F-6600-91C4-43214D46A60A",
    "Current Workstep ID": "0EFA6B68-6E3F-6600-B62F-2201FC5D4051",
    "URL": "https://demo.seeq.dev/0EFA6A0B-4C9B-71B0-ADCE-2000B1F79638/workbook/0EFA6B4F-47B9-EA80-8141-3E04DF6EE72C/worksheet/0EFA6B68-6E0C-71B0-B205-A748E5ED7AE4"
}