{
    "Archived": false,
    "Cache Enabled": false,
    "Created At": "1699960683213414848",
    "Enabled": true,
    "ID": "0EE82DF7-A0E2-77D0-B6E0-8D8394E394CD",
    "Locked": false,
    "Unsearchable": false,
    "Updated At": "1730988561362695111",
    "Name": "Soft Sensor - Simple Demo",
    "Type": "Worksheet",
    "Annotation ID": "0EF110A7-B60A-6090-AF5B-0783D7341167",
    "Current Workstep ID": "0EF9D11E-29B2-FD00-966F-BD5B414BF0BA",
    "URL": "https://demo.seeq.dev/43AC47FD-4041-4F06-8315-1E575018C6DE/workbook/86BEA7EF-3A51-4BA0-8CDF-B3675E05EFFC/worksheet/0EE82DF7-A0E2-77D0-B6E0-8D8394E394CD"
}