{
    "ID": "0EF65447-338D-62A0-AA5F-D2C9517DA9F1",
    "Type": "Workstep",
    "Data": {
        "state": {
            "stores": {
                "sqAssetGroupStore": {
                    "id": "",
                    "assets": [],
                    "name": "",
                    "description": "",
                    "errors": [],
                    "isLoading": false,
                    "hasUnsavedChanges": false
                },
                "sqInvestigateStore": {
                    "item": {},
                    "activeTool": "formula",
                    "displayMode": "EDIT",
                    "derivedDataPanelOpen": false
                },
                "sqPluginStore": {
                    "pluginState": {}
                },
                "sqDurationStore": {
                    "autoUpdate": {
                        "mode": "OFF",
                        "offset": -183744868762,
                        "manualInterval": {
                            "value": 1,
                            "units": "min"
                        }
                    },
                    "displayRange": {
                        "start": 1540662301914,
                        "end": 1541108106935
                    },
                    "investigateRange": {
                        "start": 1540662301914,
                        "end": 1856519400000
                    }
                },
                "sqExploreFolderModalStore": {
                    "pageSize": 5
                },
                "sqExploreWorkbookModalStore": {
                    "pageSize": 5
                },
                "sqWorksheetStore": {
                    "tabsets": {
                        "sidebar": 1
                    },
                    "originalViewKey": "TREND",
                    "viewKey": "TREND",
                    "selectedIdsForView": {},
                    "conditionToSeriesGrouping": {},
                    "capsuleGroupMode": false,
                    "showAssetSelectionWarnings": true,
                    "displayAssetGroupEditor": false,
                    "displayTableDefinitionView": false,
                    "returnViewKey": "TREND",
                    "browsePanelCollapsed": false,
                    "displayWidth": 850,
                    "displayHeight": 575,
                    "resizeEnabled": true
                },
                "sqSearchStore": {
                    "nameFilter": "",
                    "isExactName": false,
                    "descriptionFilter": "",
                    "typeFilter": [],
                    "datasourceFilter": [],
                    "sortBy": "",
                    "isAdvancedMode": false,
                    "mode": "overview",
                    "currentAsset": "",
                    "selectAllChecked": false,
                    "selectedItemIds": [],
                    "recentDatasourceFilters": []
                },
                "sqCompositeSearchStore": {
                    "originalParameters": [],
                    "advancedParametersCollapsed": true,
                    "color": "",
                    "isUpgradedUnionCondition": false,
                    "inclusiveA": true,
                    "inclusiveB": true,
                    "matchProperty": "n/a",
                    "useEarliestStart": true,
                    "keepProperties": false
                },
                "sqConditionWithPropertiesStore": {
                    "originalParameters": [],
                    "advancedParametersCollapsed": true,
                    "properties": [
                        {
                            "stringSignal": "",
                            "propertyName": ""
                        },
                        {
                            "stringSignal": "",
                            "propertyName": ""
                        }
                    ]
                },
                "sqValueSearchStore": {
                    "originalParameters": [],
                    "advancedParametersCollapsed": true,
                    "inputSignal": {
                        "predicate": [
                            "name",
                            "a"
                        ]
                    },
                    "isSimple": true,
                    "useValidValues": false,
                    "isCleansing": false,
                    "simpleValue": null,
                    "simpleLowerValue": null,
                    "minDuration": {
                        "value": 0,
                        "units": "min"
                    },
                    "mergeDuration": {
                        "value": 0,
                        "units": "min"
                    },
                    "advancedEntryValue": null,
                    "advancedEntryLowerValue": null,
                    "advancedEntryDuration": {
                        "value": 0,
                        "units": "min"
                    },
                    "advancedExitValue": null,
                    "advancedExitDuration": {
                        "value": 0,
                        "units": "min"
                    },
                    "isMigratedDeviationSearch": false,
                    "version": "V3"
                },
                "sqItemPropertiesStore": {
                    "advancedParametersCollapsed": true,
                    "duplicatingItemId": "0EF65445-8129-E8D0-A5F8-59265CB88C3D"
                },
                "sqManualSignalStore": {
                    "originalParameters": [],
                    "advancedParametersCollapsed": true,
                    "interpolationMethod": "Linear",
                    "maximumInterpolation": {
                        "value": "40",
                        "units": "h"
                    },
                    "samples": [],
                    "sort": {
                        "asc": false,
                        "property": "dateTime"
                    },
                    "color": ""
                },
                "sqManualConditionStore": {
                    "originalParameters": [],
                    "advancedParametersCollapsed": true,
                    "color": ""
                },
                "sqFftStore": {
                    "originalParameters": [],
                    "advancedParametersCollapsed": true,
                    "signalToAggregate": {
                        "predicate": [
                            "name",
                            "signalToAggregate"
                        ]
                    },
                    "rateType": true,
                    "rate": {},
                    "outputUnits": "min",
                    "highPass": {},
                    "lowPass": {},
                    "useHighPass": false,
                    "useLowPass": false
                },
                "sqAggregationBinStore": {
                    "signalToAggregate": {
                        "predicate": [
                            "name",
                            "signalToAggregate"
                        ]
                    },
                    "mode": "by_y_value",
                    "includeEmptyBuckets": true,
                    "yValueSignal": "",
                    "stat": {
                        "key": null,
                        "timeUnits": "s"
                    },
                    "aggregationConfigs": [
                        {
                            "id": 1,
                            "mode": "by_y_value",
                            "capsuleMode": "intersect",
                            "yValueBinMode": "size",
                            "valid": false
                        }
                    ]
                },
                "sqSignalFromConditionStore": {
                    "originalParameters": [],
                    "advancedParametersCollapsed": true,
                    "inputItem": {
                        "predicate": [
                            "name",
                            "series"
                        ]
                    },
                    "condition": {
                        "predicate": [
                            "name",
                            "capsules"
                        ]
                    },
                    "interpolation": "DISCRETE",
                    "stat": {
                        "timeUnits": "s"
                    },
                    "color": ""
                },
                "sqPeriodicConditionStore": {
                    "originalParameters": [],
                    "advancedParametersCollapsed": true,
                    "timezone": "US/Eastern",
                    "frequencies": [],
                    "weekStart": "Day.Sunday",
                    "quarterStart": {
                        "month": "Month.January",
                        "day": 1
                    },
                    "shift": {
                        "offset": 8,
                        "duration": 8
                    },
                    "offset": {
                        "value": 0,
                        "units": "min"
                    },
                    "customDuration": {
                        "value": 0,
                        "units": "h"
                    },
                    "customPeriod": {
                        "value": 0,
                        "units": "h"
                    },
                    "customPeriodDisable": true
                },
                "sqProfileSearchStore": {
                    "originalParameters": [],
                    "advancedParametersCollapsed": true,
                    "inputSignal": {
                        "predicate": [
                            "name",
                            "a"
                        ]
                    },
                    "similarity": 98,
                    "normalizeAmplitude": true,
                    "normalizeLocation": true,
                    "selectedRegion": {
                        "min": 0,
                        "max": 0
                    }
                },
                "sqPredictionPanelStore": {
                    "originalParameters": [],
                    "advancedParametersCollapsed": true,
                    "option": "linear",
                    "polynomialValue": 2,
                    "mustGoThroughZero": false,
                    "lambda": 0,
                    "windowStart": 1540813800000,
                    "windowEnd": 1540900200000,
                    "modelExpanded": false,
                    "regressionMethod": "OLS",
                    "variableSelection": 0.05,
                    "isRefreshRateEnabled": false,
                    "variableSelectionEnabled": false,
                    "color": ""
                },
                "sqSignalSmoothingStore": {
                    "originalParameters": [],
                    "advancedParametersCollapsed": true,
                    "inputSignal": {
                        "predicate": [
                            "name",
                            "inputSignal"
                        ]
                    },
                    "algorithmSelectedValue": "seeq-agile",
                    "samplingRate": {},
                    "smoothingWindow": {},
                    "cutoff": {},
                    "polynomialFactor": 2,
                    "isSamplingRateAuto": true,
                    "isCutoffAuto": true,
                    "isTau": true,
                    "tau": {
                        "value": 10,
                        "units": "min"
                    },
                    "alpha": 0.9,
                    "isMigratedLowPassFilter": false,
                    "color": ""
                },
                "sqDigitalFilterStore": {
                    "originalParameters": [],
                    "advancedParametersCollapsed": true,
                    "inputSignal": {
                        "predicate": [
                            "name",
                            "inputSignal"
                        ]
                    },
                    "cutoff": {},
                    "cutoff2": {},
                    "samplingRate": {},
                    "windowSize": {},
                    "isAutoSamplingRate": true,
                    "isAutoWindowSize": true,
                    "color": ""
                },
                "sqTrendMetricStore": {
                    "items": []
                },
                "sqTrendTableStore": {
                    "items": []
                },
                "sqReferencePanelStore": {
                    "originalParameters": [],
                    "advancedParametersCollapsed": true,
                    "windowStart": 1540813800000,
                    "windowEnd": 1540900200000,
                    "griddingPeriod": {
                        "value": 5,
                        "units": "min"
                    },
                    "referenceStat": "",
                    "multiplier": 1,
                    "inputGroups": [
                        {
                            "inputSignal": {},
                            "inputCondition": {}
                        }
                    ]
                },
                "sqDisplayToolStore": {
                    "originalParameters": [],
                    "advancedParametersCollapsed": true,
                    "isScaled": true
                },
                "sqTrendScalarStore": {
                    "items": []
                },
                "sqTrendSeriesStore": {
                    "items": [
                        {
                            "name": "Rxtr_Temp",
                            "id": "88D0468D-6327-49E6-9B15-3400DA99DCCE",
                            "color": "#4055a3",
                            "dashStyle": "Solid",
                            "lineWidth": 1.0,
                            "lane": 2,
                            "sampleDisplayOption": "line",
                            "axisAutoScale": true,
                            "rightAxis": false,
                            "axisAlign": "A",
                            "axisVisibility": true,
                            "selected": false
                        },
                        {
                            "name": "Rxtr_Conversion",
                            "id": "6829229D-F222-4611-9F9D-F70F600BCB12",
                            "color": "#4055a3",
                            "dashStyle": "Solid",
                            "lineWidth": 1.0,
                            "lane": 3,
                            "sampleDisplayOption": "line",
                            "axisAutoScale": true,
                            "rightAxis": false,
                            "axisAlign": "B",
                            "axisVisibility": true,
                            "selected": false
                        },
                        {
                            "name": "Modifier_Flow",
                            "id": "59EFE199-8FF6-46D2-AA45-E27EE937F5E4",
                            "color": "#4055a3",
                            "dashStyle": "Solid",
                            "lineWidth": 1.0,
                            "lane": 4,
                            "sampleDisplayOption": "line",
                            "axisAutoScale": true,
                            "rightAxis": false,
                            "axisAlign": "C",
                            "axisVisibility": true,
                            "selected": false
                        },
                        {
                            "name": "Product_Viscosity",
                            "id": "0EE771CA-C126-73A0-BA6E-CA0AE121F979",
                            "color": "#736868",
                            "dashStyle": "Solid",
                            "lineWidth": 1.0,
                            "lane": 1,
                            "sampleDisplayOption": "lineAndSample",
                            "axisAutoScale": true,
                            "rightAxis": false,
                            "axisAlign": "D",
                            "axisVisibility": true,
                            "selected": false
                        },
                        {
                            "name": "Smoothed and Moved Rxtr_Temp",
                            "id": "0EF65445-801C-FFF0-82C6-52178D6315B7",
                            "color": "#4055A3",
                            "dashStyle": "Solid",
                            "lineWidth": 1.0,
                            "lane": 2,
                            "sampleDisplayOption": "line",
                            "axisAutoScale": true,
                            "rightAxis": false,
                            "axisAlign": "A",
                            "axisVisibility": true,
                            "selected": false
                        },
                        {
                            "name": "Smoothed and Moved Rxtr_Conversion",
                            "id": "0EF65445-80CA-7560-B1F8-A5BE12B0EB8D",
                            "color": "#068C45",
                            "dashStyle": "Solid",
                            "lineWidth": 1.0,
                            "lane": 3,
                            "sampleDisplayOption": "line",
                            "axisAutoScale": true,
                            "rightAxis": false,
                            "axisAlign": "B",
                            "axisVisibility": true,
                            "selected": false
                        },
                        {
                            "name": "Smoothed and Moved Modifier_Flow",
                            "id": "0EF65445-8129-E8D0-A5F8-59265CB88C3D",
                            "color": "#9D248F",
                            "dashStyle": "Solid",
                            "lineWidth": 1.0,
                            "lane": 4,
                            "sampleDisplayOption": "line",
                            "axisAutoScale": true,
                            "rightAxis": false,
                            "axisAlign": "C",
                            "axisVisibility": true,
                            "selected": false
                        }
                    ],
                    "editingId": null,
                    "previewSeriesDefinition": {}
                },
                "sqImportDatafileStore": {
                    "uploadFilename": "",
                    "filename": "",
                    "keyColumnIndex": 1,
                    "keyColumnName": "",
                    "interpolationMethod": {
                        "text": "IMPORTS.INTERPOLATION.LINEAR",
                        "value": "Linear"
                    },
                    "validationMode": {
                        "text": "IMPORTS.VALIDATION_MODE_TYPES.FAIL",
                        "value": "Fail"
                    },
                    "fileOutputType": {
                        "text": "IMPORTS.FILE_OUTPUT_TYPES.REPLACE",
                        "value": "Replace"
                    },
                    "fieldDelimiter": {
                        "text": ",",
                        "value": "Comma"
                    },
                    "maxInterpolation": {
                        "value": 40,
                        "units": "h"
                    },
                    "namePrefix": "",
                    "nameSuffix": "",
                    "firstDataRow": 2,
                    "nameRow": 1,
                    "description": "",
                    "valueColumnOption": {
                        "text": "IMPORTS.VALUE_COLUMN.ALL",
                        "value": "All"
                    },
                    "valueUom": "",
                    "lenientDaylightSavings": false,
                    "itemType": {
                        "text": "IMPORTS.SIGNAL",
                        "value": "Signal"
                    },
                    "maxDuration": {
                        "value": 40,
                        "units": "h"
                    },
                    "endColumnName": "",
                    "conditionName": "",
                    "dayFirstDefault": {
                        "text": "IMPORTS.FIRST.MONTH",
                        "value": false
                    },
                    "originalParameters": [],
                    "advancedParametersCollapsed": true
                },
                "sqTrendCapsuleStore": {
                    "selectedCapsules": [],
                    "dataStatus": "itemDataPresent",
                    "warningCount": 0,
                    "warningLogs": [],
                    "timingInformation": "",
                    "meterInformation": "",
                    "editingId": null,
                    "previewCapsulesDefinition": {},
                    "items": []
                },
                "sqCapsuleGroupStore": {
                    "capsules": []
                },
                "sqCursorStore": {
                    "calendarCursors": [],
                    "capsuleCursors": [],
                    "showValues": true
                },
                "sqTrendConditionStore": {
                    "items": []
                },
                "sqTrendStore": {
                    "view": "calendar",
                    "isCompareMode": false,
                    "enabledColumns": {
                        "CAPSULES": {
                            "startTime": true
                        },
                        "SERIES": {
                            "lane": true
                        }
                    },
                    "propertyColumns": {},
                    "selectedRegion": {
                        "min": 0,
                        "max": 0
                    },
                    "selectedRegionOptions": {},
                    "capsuleTimeOffsets": {
                        "lower": 0,
                        "upper": 0
                    },
                    "dataSummary": {
                        "type": "AUTO",
                        "value": 0,
                        "discreteUnits": {
                            "value": 0,
                            "units": "min"
                        },
                        "isSlider": true
                    },
                    "canCapsulesExpand": true,
                    "capsuleTimeColorMode": "signal",
                    "compareViewColorMode": "rainbow",
                    "capsulePreview": false,
                    "customizationMode": "off",
                    "dimDataOutsideCapsules": false,
                    "hideUnselectedItems": false,
                    "labelDisplayConfiguration": {
                        "name": "lane",
                        "description": "off",
                        "asset": "off",
                        "assetPathLevels": 1,
                        "line": "off",
                        "unitOfMeasure": "axis",
                        "custom": "lane",
                        "customLabels": [
                            {
                                "location": "lane",
                                "target": 1,
                                "text": "(Signal to predict)"
                            },
                            {
                                "location": "lane",
                                "target": 2,
                                "text": "(Input to prediction model)"
                            },
                            {
                                "location": "lane",
                                "target": 3,
                                "text": "(Input to prediction model)"
                            },
                            {
                                "location": "lane",
                                "target": 4,
                                "text": "(Input to prediction model)"
                            },
                            {
                                "location": "lane",
                                "target": 5,
                                "text": "(Input to prediction model)"
                            }
                        ]
                    },
                    "showCapsuleLaneLabels": true,
                    "panelProps": {
                        "BOTTOM": {
                            "leftPanelWidth": 1660.3472900390625,
                            "height": "30%"
                        }
                    },
                    "panelSorters": {
                        "CAPSULES": {
                            "sortBy": "startTime",
                            "sortAsc": true
                        },
                        "CAPSULE_SERIES": {
                            "sortBy": "startTime",
                            "sortAsc": true
                        },
                        "SERIES": {
                            "sortBy": "lane",
                            "sortAsc": true
                        },
                        "INVESTIGATE_ITEMS": {
                            "sortBy": "name",
                            "sortAsc": true
                        }
                    },
                    "capsulePanelFilters": {},
                    "capsulePanelOffset": 0,
                    "capsulePanelMaxOffset": 0,
                    "capsulePanelHasNext": false,
                    "showGridlines": false,
                    "capsuleProperties": [],
                    "hideUncertainty": false
                },
                "sqTreemapStore": {
                    "parent": {},
                    "statistics": []
                },
                "sqExportExcelPanelStore": {
                    "name": "Promotional - MASTER - Predicting Product Properties Based on Upstream Conditions (Soft Sensor)_Soft Sensor - Simple Demo",
                    "originalParameters": [],
                    "advancedParametersCollapsed": true,
                    "exportStatistics": true,
                    "exportSamples": true,
                    "exportCapsules": true,
                    "timeRange": {
                        "start": 1540813800000,
                        "end": 1540900200000
                    },
                    "exportTimeZone": {
                        "name": "US/Eastern",
                        "displayName": "US/Eastern",
                        "offset": "-04:00",
                        "offsetMinutes": -240
                    },
                    "gridOption": "custom",
                    "gridSize": {
                        "value": 1,
                        "units": "min"
                    },
                    "gridOrigin": 1704085200000,
                    "gridOriginEnabled": false,
                    "chainView": false,
                    "capsuleTime": false,
                    "samplesMode": "calendar"
                },
                "sqScatterPlotStore": {
                    "xSignal": null,
                    "ySignals": [],
                    "selector": {
                        "low": 0.5,
                        "high": 0.75
                    },
                    "selectedRegion": {
                        "x": {
                            "min": null,
                            "max": null
                        },
                        "ys": {}
                    },
                    "viewRegion": {
                        "x": {
                            "min": null,
                            "max": null
                        },
                        "ys": {}
                    },
                    "fxLines": [],
                    "colorConditionIds": [],
                    "colorByItemColor": false,
                    "colorRanges": [],
                    "plotMode": "DISPLAY_RANGE",
                    "plotView": "SCATTER_PLOT",
                    "connect": false,
                    "showTooltips": true,
                    "isMarkerSizeCustom": false,
                    "densityPlotData": [],
                    "numXBins": 40,
                    "numYBins": 20,
                    "xBinSize": 0,
                    "yBinSize": 0,
                    "groupCount": 0,
                    "seriesCount": 0
                },
                "sqExportODataPanelStore": {
                    "name": "Promotional - MASTER - Predicting Product Properties Based on Upstream Conditions (Soft Sensor)_Soft Sensor - Simple Demo",
                    "originalParameters": [],
                    "advancedParametersCollapsed": true,
                    "autoupdateTimeRange": false,
                    "timeRange": {
                        "start": 1540813800000,
                        "end": 1540900200000
                    },
                    "exportTimeZone": {
                        "name": "US/Eastern",
                        "displayName": "US/Eastern",
                        "offset": "-04:00",
                        "offsetMinutes": -240
                    },
                    "gridOption": "custom",
                    "gridSize": {
                        "value": 1,
                        "units": "min"
                    },
                    "gridOrigin": 1704085200000,
                    "gridOriginEnabled": false,
                    "exportNameSuffix": "",
                    "chainView": false,
                    "capsuleTime": false,
                    "worksheetLink": "",
                    "samplesMode": "calendar"
                },
                "sqTableBuilderStore": {
                    "mode": "condition",
                    "headers": {
                        "condition": {
                            "type": "startEnd",
                            "format": "lll"
                        },
                        "simple": {
                            "type": "startEnd",
                            "format": "lll"
                        }
                    },
                    "columns": {
                        "condition": [
                            {
                                "key": "name",
                                "headerTextAlign": "center",
                                "headerTextStyle": [
                                    "bold"
                                ]
                            }
                        ],
                        "simple": [
                            {
                                "key": "name",
                                "accessor": "name",
                                "propertyName": "Name",
                                "style": "string",
                                "title": "NAME",
                                "shortTitle": "NAME",
                                "headerTextAlign": "center",
                                "headerTextStyle": [
                                    "bold"
                                ]
                            },
                            {
                                "key": "statistics.average",
                                "title": "STATISTICS.AVERAGE.LONG",
                                "shortTitle": "STATISTICS.AVERAGE.SHORT",
                                "style": "decimal",
                                "stat": "average()",
                                "invalidsFirst": true,
                                "columnSuffix": "Average",
                                "headerTextAlign": "center",
                                "headerTextStyle": [
                                    "bold"
                                ]
                            }
                        ]
                    },
                    "otherColumns": {
                        "condition": {},
                        "simple": {}
                    },
                    "autoGroupColumn": {},
                    "rowGroupPaths": {
                        "condition": [],
                        "simple": []
                    },
                    "isTransposed": {
                        "condition": true,
                        "simple": false
                    },
                    "assetId": {},
                    "isHomogenizeUnits": {
                        "condition": false,
                        "simple": false
                    },
                    "hasMoreData": false,
                    "isMigrating": false,
                    "chartView": {
                        "enabled": false,
                        "settings": {
                            "title": "",
                            "legend": true,
                            "dataLabels": true,
                            "categoryLabels": true,
                            "rows": [],
                            "columns": [],
                            "categoryColumns": [
                                "name"
                            ],
                            "showSettings": false,
                            "position": {
                                "x": 100,
                                "y": 100
                            }
                        },
                        "conditionEnabled": false
                    },
                    "useSignalColorsInChart": true,
                    "itemFilters": {},
                    "itemSorts": {}
                },
                "sqFormulaToolStore": {
                    "id": "0EF65445-8129-E8D0-A5F8-59265CB88C3D",
                    "name": "Smoothed and Moved Modifier_Flow",
                    "originalParameters": [
                        {
                            "valueUnitOfMeasure": "lb/h",
                            "sourceValueUnitOfMeasure": "lb/hr",
                            "isAssetGroupItem": false,
                            "includedProperties": {},
                            "parameters": [],
                            "id": "59EFE199-8FF6-46D2-AA45-E27EE937F5E4",
                            "name": "Modifier_Flow",
                            "type": "StoredSignal",
                            "ancestors": [],
                            "hasChildren": false,
                            "isArchived": false,
                            "isRedacted": false,
                            "itemType": "seriesDisplayType",
                            "signalMetadata": {
                                "interpolationMethod": "Linear",
                                "keyUnitOfMeasure": "ns",
                                "maxInterpolation": {
                                    "uom": "string",
                                    "value": null
                                },
                                "valueUnitOfMeasure": "lb/h"
                            },
                            "assets": [
                                {
                                    "formattedName": "",
                                    "pathComponentIds": []
                                }
                            ]
                        }
                    ],
                    "advancedParametersCollapsed": true,
                    "configVersion": 11,
                    "formula": "// Step 1: Smooth the signal using agileFilter with a period of 1.5 hours\n$smoothed_signal = $modifier_flow.agileFilter(1.5h)\n\n// Step 2: Move the smoothed signal by 1.5 hours\n$moved_signal = $smoothed_signal.move(1.5h)\n\n// Output\nreturn $moved_signal\n",
                    "localFormula": "",
                    "tabTransitioning": false,
                    "parameters": [
                        {
                            "identifier": "modifier_flow",
                            "item": {
                                "valueUnitOfMeasure": "lb/h",
                                "sourceValueUnitOfMeasure": "lb/hr",
                                "isAssetGroupItem": false,
                                "includedProperties": {},
                                "parameters": [],
                                "id": "59EFE199-8FF6-46D2-AA45-E27EE937F5E4",
                                "name": "Modifier_Flow",
                                "type": "StoredSignal",
                                "ancestors": [],
                                "hasChildren": false,
                                "isArchived": false,
                                "isRedacted": false,
                                "itemType": "seriesDisplayType",
                                "signalMetadata": {
                                    "interpolationMethod": "Linear",
                                    "keyUnitOfMeasure": "ns",
                                    "maxInterpolation": {
                                        "uom": "string",
                                        "value": null
                                    },
                                    "valueUnitOfMeasure": "lb/h"
                                },
                                "assets": [
                                    {
                                        "formattedName": "",
                                        "pathComponentIds": []
                                    }
                                ]
                            }
                        }
                    ],
                    "helpShown": true,
                    "helpView": "documentation",
                    "scopedTo": "86BEA7EF-3A51-4BA0-8CDF-B3675E05EFFC"
                },
                "sqThresholdMetricStore": {
                    "originalParameters": [],
                    "advancedParametersCollapsed": true,
                    "measuredItem": {
                        "predicate": [
                            "name",
                            "measuredItem"
                        ]
                    },
                    "boundingCondition": {
                        "predicate": [
                            "name",
                            "boundingCondition"
                        ]
                    },
                    "processType": "Condition",
                    "aggregationOperator": {
                        "key": null,
                        "timeUnits": "s"
                    },
                    "duration": {},
                    "period": {},
                    "thresholds": {}
                },
                "sqScatterConditionStore": {
                    "originalParameters": [],
                    "advancedParametersCollapsed": true,
                    "isBounding": false,
                    "isCleansing": false,
                    "minDuration": {
                        "value": 0,
                        "units": "min"
                    },
                    "mergeDuration": {
                        "value": 0,
                        "units": "min"
                    }
                },
                "sqScorecardStore": {
                    "metrics": []
                },
                "sqDashboardStore": {
                    "columnCount": 12,
                    "content": []
                },
                "sqLayoutStore": {
                    "assetGroupEditorVisible": false,
                    "tableDefinitionEditorVisible": false,
                    "displayPaneAddOnCapsulesPanelEnabled": false,
                    "displayPaneAddOnDetailsPanelEnabled": false,
                    "trendVisible": true,
                    "sidePanelCollapsed": false,
                    "formulaInTab": false,
                    "formulaTabAnchorPosition": {
                        "top": 70.85000038146973,
                        "left": 163.85000228881836,
                        "height": 895.3374996185303,
                        "width": 400.14999771118164
                    },
                    "calculationHierarchyInTab": false,
                    "layout": null,
                    "toolsTabVisible": true
                }
            }
        },
        "version": 62
    }
}