{
    "Definition": {
        "Archived": false,
        "Cache Enabled": false,
        "Created At": "1699503386987005441",
        "Description": "&nbsp; By periodically shutting down to ensure all equipment is operating as best possible, the production unit was able to fulfill the order 10.5 days sooner (an 11% improvement on their typical fulfillment time) . In a high demand environment, this operational change has the ability to increase sales volumes",
        "Document": "<h2><strong>Run Length Optimization</strong></h2><figure class=\"table\"><table><colgroup><col style=\"width:42.45%;\" /><col style=\"width:57.55%;\" /></colgroup><tbody><tr><td><img class=\"image_resized\" style=\"width:100%;\" src=\"/api/annotations/0EE7EB6C-02B6-60C0-8DED-8A78FA3E0DD5/images/image_v1.png\"></td><td><h4>\u00a0<span style=\"color:hsl(0,0%,0%);\"><i>By periodically shutting down to ensure all equipment is operating as best possible, the <strong>production unit was able to fulfill the order 10.5 days sooner (an 11% improvement on their typical fulfillment time)</strong>. In a high demand environment, this operational change has the <strong>ability to increase sales volumes and revenues by an equal percentage.</strong></i></span></h4></td></tr></tbody></table></figure><h4 style=\"text-align:right;\">\u00a0</h4><h4><strong>Problem Statement</strong></h4><p>Many manufacturing units hit process throughput constraints over the course of a run. These constraints are often reversible, but at the cost of shutting down to clean/maintain equipment. \u00a0</p><p>Assuming every production time period has associated downtime, predicting the right time to shutdown and clean equipment enables a unit to meet their production goals sooner. Meeting targets sooner translates into more production (&amp; $$) over time.\u00a0</p><p><a href=\"/links?type&#61;workstep&amp;workbook&#61;61B5BF99-D276-4BE7-8F26-0B65F19F1FA6&amp;worksheet&#61;0EE7EB6B-9EC4-71C0-813E-EBD27924B4BC&amp;workstep&#61;0EE7ECEA-499A-7700-A34A-154410F9D270\" rel=\"nofollow noopener noreferrer\">Optimizing run length to meet production target sooner</a></p><p><strong>Solution:</strong></p><p><a href=\"/links?type&#61;workstep&amp;workbook&#61;61B5BF99-D276-4BE7-8F26-0B65F19F1FA6&amp;worksheet&#61;0EE7EB6B-9EC4-71C0-813E-EBD27924B4BC&amp;workstep&#61;0EE7ECFB-23D8-73D0-9F64-E715F0CB4127\" rel=\"nofollow noopener noreferrer\">Use Prediction tool to predict future production rate and identify when the production target of 50,000 klb is met</a> <strong>if no downtime is scheduled during the run.</strong></p><p><a href=\"/links?type&#61;workstep&amp;workbook&#61;61B5BF99-D276-4BE7-8F26-0B65F19F1FA6&amp;worksheet&#61;0EE7EB6B-9EC4-71C0-813E-EBD27924B4BC&amp;workstep&#61;0EE7ED17-7CAA-FD20-B20F-B7EE06912E67\" rel=\"nofollow noopener noreferrer\">Calculate the number of downtimes that would be required to fulfill the order quantity at any point in the production cycle.</a>\u00a0</p><p><a href=\"/links?type&#61;workstep&amp;workbook&#61;61B5BF99-D276-4BE7-8F26-0B65F19F1FA6&amp;worksheet&#61;0EE7EB6B-9EC4-71C0-813E-EBD27924B4BC&amp;workstep&#61;0EE7ED40-8CF3-FD70-B91F-27BBE805D1EC\" rel=\"nofollow noopener noreferrer\">Calculate the Average Production Rate at each point during the current run time and the total run time (including downtimes) required to produce the given order quantity based on the number of required downtimes.</a></p><p><a href=\"/links?type&#61;workstep&amp;workbook&#61;61B5BF99-D276-4BE7-8F26-0B65F19F1FA6&amp;worksheet&#61;0EE7EB6B-9EC4-71C0-813E-EBD27924B4BC&amp;workstep&#61;0EE7ED2F-85E8-7500-89C5-B892E7CBA6F4\" rel=\"nofollow noopener noreferrer\">Find the minimum run length required and use that to create a new condition showing the full order fulfillment time.\u00a0</a></p><p><a href=\"/links?type&#61;workstep&amp;workbook&#61;61B5BF99-D276-4BE7-8F26-0B65F19F1FA6&amp;worksheet&#61;0EE7EB6B-9EC4-71C0-813E-EBD27924B4BC&amp;workstep&#61;0EE7ED35-9EFE-FFC0-AFAC-CD2F666C6C9C\" rel=\"nofollow noopener noreferrer\">Find the production rate at the point of minimum run length to trigger proactive downtime.</a></p><p style=\"margin-left:0px;\"><a href=\"/links?type&#61;workstep&amp;workbook&#61;61B5BF99-D276-4BE7-8F26-0B65F19F1FA6&amp;worksheet&#61;0EE7EB6B-9EC4-71C0-813E-EBD27924B4BC&amp;workstep&#61;0EE7ED39-A0C9-E860-BF43-05D579331BCA\" rel=\"nofollow noopener noreferrer\">Build a Reference Profile for the ideal production cycles to monitor current operations against.</a></p><p style=\"margin-left:0px;\">\u00a0</p><p style=\"margin-left:0px;\">\u00a0</p><p>\u00a0</p>",
        "DocumentBackup\u02c9ELmAWRzYK8sXaSFDYC-9pvU9lbOxlbA42tRMCYcJiMo\u02c92023-11-09T07:37:00Z": "<h2><strong>Run Length Optimization</strong></h2><figure class=\"table\"><table><colgroup><col style=\"width:42.45%;\" /><col style=\"width:57.55%;\" /></colgroup><tbody><tr><td><img class=\"image_resized\" style=\"width:100%;\" src=\"/api/annotations/0EE7EB6C-02B6-60C0-8DED-8A78FA3E0DD5/images/image_v1.png\"></td><td><h4>\u00a0<span style=\"color:hsl(0,0%,0%);\"><i>By periodically shutting down to ensure all equipment is operating as best possible, the <strong>production unit was able to fulfill the order 10.5 days sooner (an 11% improvement on their typical fulfillment time)</strong>. In a high demand environment, this operational change has the <strong>ability to increase sales volumes and revenues by an equal percentage.</strong></i></span></h4></td></tr></tbody></table></figure><h4 style=\"text-align:right;\">\u00a0</h4><h4><strong>Problem Statement</strong></h4><p>Many manufacturing units hit process throughput constraints over the course of a run. These constraints are often reversible, but at the cost of shutting down to clean/maintain equipment. \u00a0</p><p>Assuming every production time period has associated downtime, predicting the right time to shutdown and clean equipment enables a unit to meet their production goals sooner. Meeting targets sooner translates into more production (&amp; $$) over time.\u00a0</p><p><a href=\"/links?type&#61;workstep&amp;workbook&#61;61B5BF99-D276-4BE7-8F26-0B65F19F1FA6&amp;worksheet&#61;0EE7EB6B-9EC4-71C0-813E-EBD27924B4BC&amp;workstep&#61;0EE7ECEA-499A-7700-A34A-154410F9D270\" rel=\"nofollow noopener noreferrer\">Optimizing run length to meet production target sooner</a></p><p><strong>Solution:</strong></p><p><a href=\"/links?type&#61;workstep&amp;workbook&#61;61B5BF99-D276-4BE7-8F26-0B65F19F1FA6&amp;worksheet&#61;0EE7EB6B-9EC4-71C0-813E-EBD27924B4BC&amp;workstep&#61;0EE7ECFB-23D8-73D0-9F64-E715F0CB4127\" rel=\"nofollow noopener noreferrer\">Use Prediction tool to predict future production rate and identify when the production target of 50,000 klb is met</a> <strong>if no downtime is scheduled.</strong></p><p><a href=\"/links?type&#61;workstep&amp;workbook&#61;61B5BF99-D276-4BE7-8F26-0B65F19F1FA6&amp;worksheet&#61;0EE7EB6B-9EC4-71C0-813E-EBD27924B4BC&amp;workstep&#61;0EE7ED17-7CAA-FD20-B20F-B7EE06912E67\" rel=\"nofollow noopener noreferrer\">Calculate the number of downtimes that would be required to fulfill the order quantity at any point in the production cycle.</a>\u00a0</p><p><a href=\"/links?type&#61;workstep&amp;workbook&#61;61B5BF99-D276-4BE7-8F26-0B65F19F1FA6&amp;worksheet&#61;0EE7EB6B-9EC4-71C0-813E-EBD27924B4BC&amp;workstep&#61;0EE7ED1A-C37D-F970-BC59-316DFF789667\" rel=\"nofollow noopener noreferrer\">Calculate the Average Production Rate at each point during the current run time and the total run time (including downtimes) required to produce the given order quantity based on the number of required downtimes.</a></p><p><a href=\"/links?type&#61;workstep&amp;workbook&#61;61B5BF99-D276-4BE7-8F26-0B65F19F1FA6&amp;worksheet&#61;0EE7EB6B-9EC4-71C0-813E-EBD27924B4BC&amp;workstep&#61;0EE7ED1D-B258-FD40-9664-85265CBC72FC\" rel=\"nofollow noopener noreferrer\"><span style=\"background-color:rgb(255,255,255);color:rgb(51,51,51);\">Find the Minimum run time required\u00a0</span></a></p><p>FCreate a new condition showing the full order fulfillment time. View the date that the order will be ready to ship in the capsules pane. (<a href=\"/links?type&#61;workstep&amp;workbook&#61;61B5BF99-D276-4BE7-8F26-0B65F19F1FA6&amp;worksheet&#61;0EE7EB6B-9EC4-71C0-813E-EBD27924B4BC&amp;workstep&#61;3054C248-E0DF-4C70-B2A9-3FB320F68949\" rel=\"nofollow noopener noreferrer\">step</a>)</p><ul><li><span style=\"background-color:rgb(255,255,255);color:rgb(51,51,51);\">Based on 4 downtimes and 5 run times to produce the desired amount, downtimes should be taken every 284.88 h of run time [(1472.4 h total time - 48 h of downtime) / 5 run times].</span></li><li>The order will be ready to ship on <strong>March 2, 2020 at 1:24 AM Pacific</strong></li></ul><p style=\"margin-left:0px;\">9) Identify the production rate at the point of min runtime. This can be used as a trigger for taking a proactive downtime. (<a href=\"/links?type&#61;workstep&amp;workbook&#61;61B5BF99-D276-4BE7-8F26-0B65F19F1FA6&amp;worksheet&#61;0EE7EB6B-9EC4-71C0-813E-EBD27924B4BC&amp;workstep&#61;00E73390-16D7-492B-8538-64CA11E1902F\" rel=\"nofollow noopener noreferrer\">step</a>)</p><p style=\"margin-left:0px;\">10) Build a Reference Profile for the ideal production cycles to monitor current operations against. (<a href=\"/links?type&#61;workstep&amp;workbook&#61;61B5BF99-D276-4BE7-8F26-0B65F19F1FA6&amp;worksheet&#61;0EE7EB6B-9EC4-71C0-813E-EBD27924B4BC&amp;workstep&#61;6BAB6AC1-7E55-4372-A4CA-AF0A25808238\" rel=\"nofollow noopener noreferrer\">step</a>)</p><p style=\"margin-left:0px;\">\u00a0</p><p style=\"margin-left:0px;\"><a href=\"/links?type&#61;workstep&amp;workbook&#61;61B5BF99-D276-4BE7-8F26-0B65F19F1FA6&amp;worksheet&#61;0EE7EB6B-9EC4-71C0-813E-EBD27924B4BC&amp;workstep&#61;D2D12D4B-F272-4E6F-AA91-2FF55485D392\" rel=\"nofollow noopener noreferrer\">Promotional - Run Length Optimization - Demo (May 18, 2021 9:53 AM)</a></p><p style=\"margin-left:0px;\">\u00a0</p><h4><strong>Conclusion:</strong></h4><h4 style=\"margin-left:0px;\">By periodically shutting down to ensure all equipment is operating as best possible, the production unit was able to fulfill the order 10.5 days sooner (an 11% improvement on their typical fulfillment time). In a high demand environment, this operational change has the ability to increase sales volumes and revenues by an equal percentage.\u00a0</h4><p><a href=\"/links?type&#61;workstep&amp;workbook&#61;61B5BF99-D276-4BE7-8F26-0B65F19F1FA6&amp;worksheet&#61;0EE7EB6B-9EC4-71C0-813E-EBD27924B4BC&amp;workstep&#61;D89605F3-0ECE-4356-A668-B3CF440DCEC7\" rel=\"nofollow noopener noreferrer\">Visual Comparison</a></p><p>\u00a0</p>",
        "DocumentBackup\u02c9ELmAWRzYK8sXaSFDYC-9pvU9lbOxlbA42tRMCYcJiMo\u02c92023-11-09T07:38:00Z": "<h2><strong>Run Length Optimization</strong></h2><figure class=\"table\"><table><colgroup><col style=\"width:42.45%;\" /><col style=\"width:57.55%;\" /></colgroup><tbody><tr><td><img class=\"image_resized\" style=\"width:100%;\" src=\"/api/annotations/0EE7EB6C-02B6-60C0-8DED-8A78FA3E0DD5/images/image_v1.png\"></td><td><h4>\u00a0<span style=\"color:hsl(0,0%,0%);\"><i>By periodically shutting down to ensure all equipment is operating as best possible, the <strong>production unit was able to fulfill the order 10.5 days sooner (an 11% improvement on their typical fulfillment time)</strong>. In a high demand environment, this operational change has the <strong>ability to increase sales volumes and revenues by an equal percentage.</strong></i></span></h4></td></tr></tbody></table></figure><h4 style=\"text-align:right;\">\u00a0</h4><h4><strong>Problem Statement</strong></h4><p>Many manufacturing units hit process throughput constraints over the course of a run. These constraints are often reversible, but at the cost of shutting down to clean/maintain equipment. \u00a0</p><p>Assuming every production time period has associated downtime, predicting the right time to shutdown and clean equipment enables a unit to meet their production goals sooner. Meeting targets sooner translates into more production (&amp; $$) over time.\u00a0</p><p><a href=\"/links?type&#61;workstep&amp;workbook&#61;61B5BF99-D276-4BE7-8F26-0B65F19F1FA6&amp;worksheet&#61;0EE7EB6B-9EC4-71C0-813E-EBD27924B4BC&amp;workstep&#61;0EE7ECEA-499A-7700-A34A-154410F9D270\" rel=\"nofollow noopener noreferrer\">Optimizing run length to meet production target sooner</a></p><p><strong>Solution:</strong></p><p><a href=\"/links?type&#61;workstep&amp;workbook&#61;61B5BF99-D276-4BE7-8F26-0B65F19F1FA6&amp;worksheet&#61;0EE7EB6B-9EC4-71C0-813E-EBD27924B4BC&amp;workstep&#61;0EE7ECFB-23D8-73D0-9F64-E715F0CB4127\" rel=\"nofollow noopener noreferrer\">Use Prediction tool to predict future production rate and identify when the production target of 50,000 klb is met</a> <strong>if no downtime is scheduled.</strong></p><p><a href=\"/links?type&#61;workstep&amp;workbook&#61;61B5BF99-D276-4BE7-8F26-0B65F19F1FA6&amp;worksheet&#61;0EE7EB6B-9EC4-71C0-813E-EBD27924B4BC&amp;workstep&#61;0EE7ED17-7CAA-FD20-B20F-B7EE06912E67\" rel=\"nofollow noopener noreferrer\">Calculate the number of downtimes that would be required to fulfill the order quantity at any point in the production cycle.</a>\u00a0</p><p><a href=\"/links?type&#61;workstep&amp;workbook&#61;61B5BF99-D276-4BE7-8F26-0B65F19F1FA6&amp;worksheet&#61;0EE7EB6B-9EC4-71C0-813E-EBD27924B4BC&amp;workstep&#61;0EE7ED1A-C37D-F970-BC59-316DFF789667\" rel=\"nofollow noopener noreferrer\">Calculate the Average Production Rate at each point during the current run time and the total run time (including downtimes) required to produce the given order quantity based on the number of required downtimes.</a></p><p><a href=\"/links?type&#61;workstep&amp;workbook&#61;61B5BF99-D276-4BE7-8F26-0B65F19F1FA6&amp;worksheet&#61;0EE7EB6B-9EC4-71C0-813E-EBD27924B4BC&amp;workstep&#61;0EE7ED1D-B258-FD40-9664-85265CBC72FC\" rel=\"nofollow noopener noreferrer\"><span style=\"background-color:rgb(255,255,255);color:rgb(51,51,51);\">Find the Minimum run time required\u00a0</span></a></p><p>Find the minimum run time required and use thcreate a new condition showing the full order fulfillment time.\u00a0</p><p>\u00a0</p><p>\u00a0</p><p>View the date that the order will be ready to ship in the capsules pane. (<a href=\"/links?type&#61;workstep&amp;workbook&#61;61B5BF99-D276-4BE7-8F26-0B65F19F1FA6&amp;worksheet&#61;0EE7EB6B-9EC4-71C0-813E-EBD27924B4BC&amp;workstep&#61;3054C248-E0DF-4C70-B2A9-3FB320F68949\" rel=\"nofollow noopener noreferrer\">step</a>)</p><ul><li><span style=\"background-color:rgb(255,255,255);color:rgb(51,51,51);\">Based on 4 downtimes and 5 run times to produce the desired amount, downtimes should be taken every 284.88 h of run time [(1472.4 h total time - 48 h of downtime) / 5 run times].</span></li><li>The order will be ready to ship on <strong>March 2, 2020 at 1:24 AM Pacific</strong></li></ul><p style=\"margin-left:0px;\">9) Identify the production rate at the point of min runtime. This can be used as a trigger for taking a proactive downtime. (<a href=\"/links?type&#61;workstep&amp;workbook&#61;61B5BF99-D276-4BE7-8F26-0B65F19F1FA6&amp;worksheet&#61;0EE7EB6B-9EC4-71C0-813E-EBD27924B4BC&amp;workstep&#61;00E73390-16D7-492B-8538-64CA11E1902F\" rel=\"nofollow noopener noreferrer\">step</a>)</p><p style=\"margin-left:0px;\">10) Build a Reference Profile for the ideal production cycles to monitor current operations against. (<a href=\"/links?type&#61;workstep&amp;workbook&#61;61B5BF99-D276-4BE7-8F26-0B65F19F1FA6&amp;worksheet&#61;0EE7EB6B-9EC4-71C0-813E-EBD27924B4BC&amp;workstep&#61;6BAB6AC1-7E55-4372-A4CA-AF0A25808238\" rel=\"nofollow noopener noreferrer\">step</a>)</p><p style=\"margin-left:0px;\">\u00a0</p><p style=\"margin-left:0px;\"><a href=\"/links?type&#61;workstep&amp;workbook&#61;61B5BF99-D276-4BE7-8F26-0B65F19F1FA6&amp;worksheet&#61;0EE7EB6B-9EC4-71C0-813E-EBD27924B4BC&amp;workstep&#61;D2D12D4B-F272-4E6F-AA91-2FF55485D392\" rel=\"nofollow noopener noreferrer\">Promotional - Run Length Optimization - Demo (May 18, 2021 9:53 AM)</a></p><p style=\"margin-left:0px;\">\u00a0</p><h4><strong>Conclusion:</strong></h4><h4 style=\"margin-left:0px;\">By periodically shutting down to ensure all equipment is operating as best possible, the production unit was able to fulfill the order 10.5 days sooner (an 11% improvement on their typical fulfillment time). In a high demand environment, this operational change has the ability to increase sales volumes and revenues by an equal percentage.\u00a0</h4><p><a href=\"/links?type&#61;workstep&amp;workbook&#61;61B5BF99-D276-4BE7-8F26-0B65F19F1FA6&amp;worksheet&#61;0EE7EB6B-9EC4-71C0-813E-EBD27924B4BC&amp;workstep&#61;D89605F3-0ECE-4356-A668-B3CF440DCEC7\" rel=\"nofollow noopener noreferrer\">Visual Comparison</a></p><p>\u00a0</p>",
        "DocumentBackup\u02c9ELmAWRzYK8sXaSFDYC-9pvU9lbOxlbA42tRMCYcJiMo\u02c92023-11-09T07:39:00Z": "<h2><strong>Run Length Optimization</strong></h2><figure class=\"table\"><table><colgroup><col style=\"width:42.45%;\" /><col style=\"width:57.55%;\" /></colgroup><tbody><tr><td><img class=\"image_resized\" style=\"width:100%;\" src=\"/api/annotations/0EE7EB6C-02B6-60C0-8DED-8A78FA3E0DD5/images/image_v1.png\"></td><td><h4>\u00a0<span style=\"color:hsl(0,0%,0%);\"><i>By periodically shutting down to ensure all equipment is operating as best possible, the <strong>production unit was able to fulfill the order 10.5 days sooner (an 11% improvement on their typical fulfillment time)</strong>. In a high demand environment, this operational change has the <strong>ability to increase sales volumes and revenues by an equal percentage.</strong></i></span></h4></td></tr></tbody></table></figure><h4 style=\"text-align:right;\">\u00a0</h4><h4><strong>Problem Statement</strong></h4><p>Many manufacturing units hit process throughput constraints over the course of a run. These constraints are often reversible, but at the cost of shutting down to clean/maintain equipment. \u00a0</p><p>Assuming every production time period has associated downtime, predicting the right time to shutdown and clean equipment enables a unit to meet their production goals sooner. Meeting targets sooner translates into more production (&amp; $$) over time.\u00a0</p><p><a href=\"/links?type&#61;workstep&amp;workbook&#61;61B5BF99-D276-4BE7-8F26-0B65F19F1FA6&amp;worksheet&#61;0EE7EB6B-9EC4-71C0-813E-EBD27924B4BC&amp;workstep&#61;0EE7ECEA-499A-7700-A34A-154410F9D270\" rel=\"nofollow noopener noreferrer\">Optimizing run length to meet production target sooner</a></p><p><strong>Solution:</strong></p><p><a href=\"/links?type&#61;workstep&amp;workbook&#61;61B5BF99-D276-4BE7-8F26-0B65F19F1FA6&amp;worksheet&#61;0EE7EB6B-9EC4-71C0-813E-EBD27924B4BC&amp;workstep&#61;0EE7ECFB-23D8-73D0-9F64-E715F0CB4127\" rel=\"nofollow noopener noreferrer\">Use Prediction tool to predict future production rate and identify when the production target of 50,000 klb is met</a> <strong>if no downtime is scheduled.</strong></p><p><a href=\"/links?type&#61;workstep&amp;workbook&#61;61B5BF99-D276-4BE7-8F26-0B65F19F1FA6&amp;worksheet&#61;0EE7EB6B-9EC4-71C0-813E-EBD27924B4BC&amp;workstep&#61;0EE7ED17-7CAA-FD20-B20F-B7EE06912E67\" rel=\"nofollow noopener noreferrer\">Calculate the number of downtimes that would be required to fulfill the order quantity at any point in the production cycle.</a>\u00a0</p><p><a href=\"/links?type&#61;workstep&amp;workbook&#61;61B5BF99-D276-4BE7-8F26-0B65F19F1FA6&amp;worksheet&#61;0EE7EB6B-9EC4-71C0-813E-EBD27924B4BC&amp;workstep&#61;0EE7ED1A-C37D-F970-BC59-316DFF789667\" rel=\"nofollow noopener noreferrer\">Calculate the Average Production Rate at each point during the current run time and the total run time (including downtimes) required to produce the given order quantity based on the number of required downtimes.</a></p><p><a href=\"/links?type&#61;workstep&amp;workbook&#61;61B5BF99-D276-4BE7-8F26-0B65F19F1FA6&amp;worksheet&#61;0EE7EB6B-9EC4-71C0-813E-EBD27924B4BC&amp;workstep&#61;0EE7ED2F-85E8-7500-89C5-B892E7CBA6F4\" rel=\"nofollow noopener noreferrer\">Find the minimum run length required and use that to create a new condition showing the full order fulfillment time.\u00a0</a></p><p>\u00a0</p><p>\u00a0</p><p>\u00a0</p><p style=\"margin-left:0px;\">9) Identify the production rate at the point of min runtime. This can be used as a trigger for taking a proactive downtime. (<a href=\"/links?type&#61;workstep&amp;workbook&#61;61B5BF99-D276-4BE7-8F26-0B65F19F1FA6&amp;worksheet&#61;0EE7EB6B-9EC4-71C0-813E-EBD27924B4BC&amp;workstep&#61;00E73390-16D7-492B-8538-64CA11E1902F\" rel=\"nofollow noopener noreferrer\">step</a>)</p><p style=\"margin-left:0px;\">10) Build a Reference Profile for the ideal production cycles to monitor current operations against. (<a href=\"/links?type&#61;workstep&amp;workbook&#61;61B5BF99-D276-4BE7-8F26-0B65F19F1FA6&amp;worksheet&#61;0EE7EB6B-9EC4-71C0-813E-EBD27924B4BC&amp;workstep&#61;6BAB6AC1-7E55-4372-A4CA-AF0A25808238\" rel=\"nofollow noopener noreferrer\">step</a>)</p><p style=\"margin-left:0px;\">\u00a0</p><p style=\"margin-left:0px;\"><a href=\"/links?type&#61;workstep&amp;workbook&#61;61B5BF99-D276-4BE7-8F26-0B65F19F1FA6&amp;worksheet&#61;0EE7EB6B-9EC4-71C0-813E-EBD27924B4BC&amp;workstep&#61;D2D12D4B-F272-4E6F-AA91-2FF55485D392\" rel=\"nofollow noopener noreferrer\">Promotional - Run Length Optimization - Demo (May 18, 2021 9:53 AM)</a></p><p style=\"margin-left:0px;\">\u00a0</p><h4><strong>Conclusion:</strong></h4><h4 style=\"margin-left:0px;\">By periodically shutting down to ensure all equipment is operating as best possible, the production unit was able to fulfill the order 10.5 days sooner (an 11% improvement on their typical fulfillment time). In a high demand environment, this operational change has the ability to increase sales volumes and revenues by an equal percentage.\u00a0</h4><p><a href=\"/links?type&#61;workstep&amp;workbook&#61;61B5BF99-D276-4BE7-8F26-0B65F19F1FA6&amp;worksheet&#61;0EE7EB6B-9EC4-71C0-813E-EBD27924B4BC&amp;workstep&#61;D89605F3-0ECE-4356-A668-B3CF440DCEC7\" rel=\"nofollow noopener noreferrer\">Visual Comparison</a></p><p>\u00a0</p>",
        "DocumentBackup\u02c9ELmAWRzYK8sXaSFDYC-9pvU9lbOxlbA42tRMCYcJiMo\u02c92023-11-09T07:40:00Z": "<h2><strong>Run Length Optimization</strong></h2><figure class=\"table\"><table><colgroup><col style=\"width:42.45%;\" /><col style=\"width:57.55%;\" /></colgroup><tbody><tr><td><img class=\"image_resized\" style=\"width:100%;\" src=\"/api/annotations/0EE7EB6C-02B6-60C0-8DED-8A78FA3E0DD5/images/image_v1.png\"></td><td><h4>\u00a0<span style=\"color:hsl(0,0%,0%);\"><i>By periodically shutting down to ensure all equipment is operating as best possible, the <strong>production unit was able to fulfill the order 10.5 days sooner (an 11% improvement on their typical fulfillment time)</strong>. In a high demand environment, this operational change has the <strong>ability to increase sales volumes and revenues by an equal percentage.</strong></i></span></h4></td></tr></tbody></table></figure><h4 style=\"text-align:right;\">\u00a0</h4><h4><strong>Problem Statement</strong></h4><p>Many manufacturing units hit process throughput constraints over the course of a run. These constraints are often reversible, but at the cost of shutting down to clean/maintain equipment. \u00a0</p><p>Assuming every production time period has associated downtime, predicting the right time to shutdown and clean equipment enables a unit to meet their production goals sooner. Meeting targets sooner translates into more production (&amp; $$) over time.\u00a0</p><p><a href=\"/links?type&#61;workstep&amp;workbook&#61;61B5BF99-D276-4BE7-8F26-0B65F19F1FA6&amp;worksheet&#61;0EE7EB6B-9EC4-71C0-813E-EBD27924B4BC&amp;workstep&#61;0EE7ECEA-499A-7700-A34A-154410F9D270\" rel=\"nofollow noopener noreferrer\">Optimizing run length to meet production target sooner</a></p><p><strong>Solution:</strong></p><p><a href=\"/links?type&#61;workstep&amp;workbook&#61;61B5BF99-D276-4BE7-8F26-0B65F19F1FA6&amp;worksheet&#61;0EE7EB6B-9EC4-71C0-813E-EBD27924B4BC&amp;workstep&#61;0EE7ECFB-23D8-73D0-9F64-E715F0CB4127\" rel=\"nofollow noopener noreferrer\">Use Prediction tool to predict future production rate and identify when the production target of 50,000 klb is met</a> <strong>if no downtime is scheduled.</strong></p><p><a href=\"/links?type&#61;workstep&amp;workbook&#61;61B5BF99-D276-4BE7-8F26-0B65F19F1FA6&amp;worksheet&#61;0EE7EB6B-9EC4-71C0-813E-EBD27924B4BC&amp;workstep&#61;0EE7ED17-7CAA-FD20-B20F-B7EE06912E67\" rel=\"nofollow noopener noreferrer\">Calculate the number of downtimes that would be required to fulfill the order quantity at any point in the production cycle.</a>\u00a0</p><p><a href=\"/links?type&#61;workstep&amp;workbook&#61;61B5BF99-D276-4BE7-8F26-0B65F19F1FA6&amp;worksheet&#61;0EE7EB6B-9EC4-71C0-813E-EBD27924B4BC&amp;workstep&#61;0EE7ED1A-C37D-F970-BC59-316DFF789667\" rel=\"nofollow noopener noreferrer\">Calculate the Average Production Rate at each point during the current run time and the total run time (including downtimes) required to produce the given order quantity based on the number of required downtimes.</a></p><p><a href=\"/links?type&#61;workstep&amp;workbook&#61;61B5BF99-D276-4BE7-8F26-0B65F19F1FA6&amp;worksheet&#61;0EE7EB6B-9EC4-71C0-813E-EBD27924B4BC&amp;workstep&#61;0EE7ED2F-85E8-7500-89C5-B892E7CBA6F4\" rel=\"nofollow noopener noreferrer\">Find the minimum run length required and use that to create a new condition showing the full order fulfillment time.\u00a0</a></p><p>F the production rate at the point of minimum run length to trigger proactive downtime.</p><p style=\"margin-left:0px;\">9) Identify the production rate at the point of min runtime. This can be used as a trigger for taking a proactive downtime. (<a href=\"/links?type&#61;workstep&amp;workbook&#61;61B5BF99-D276-4BE7-8F26-0B65F19F1FA6&amp;worksheet&#61;0EE7EB6B-9EC4-71C0-813E-EBD27924B4BC&amp;workstep&#61;00E73390-16D7-492B-8538-64CA11E1902F\" rel=\"nofollow noopener noreferrer\">step</a>)</p><p style=\"margin-left:0px;\">10) Build a Reference Profile for the ideal production cycles to monitor current operations against. (<a href=\"/links?type&#61;workstep&amp;workbook&#61;61B5BF99-D276-4BE7-8F26-0B65F19F1FA6&amp;worksheet&#61;0EE7EB6B-9EC4-71C0-813E-EBD27924B4BC&amp;workstep&#61;6BAB6AC1-7E55-4372-A4CA-AF0A25808238\" rel=\"nofollow noopener noreferrer\">step</a>)</p><p style=\"margin-left:0px;\">\u00a0</p><p style=\"margin-left:0px;\"><a href=\"/links?type&#61;workstep&amp;workbook&#61;61B5BF99-D276-4BE7-8F26-0B65F19F1FA6&amp;worksheet&#61;0EE7EB6B-9EC4-71C0-813E-EBD27924B4BC&amp;workstep&#61;D2D12D4B-F272-4E6F-AA91-2FF55485D392\" rel=\"nofollow noopener noreferrer\">Promotional - Run Length Optimization - Demo (May 18, 2021 9:53 AM)</a></p><p style=\"margin-left:0px;\">\u00a0</p><h4><strong>Conclusion:</strong></h4><h4 style=\"margin-left:0px;\">By periodically shutting down to ensure all equipment is operating as best possible, the production unit was able to fulfill the order 10.5 days sooner (an 11% improvement on their typical fulfillment time). In a high demand environment, this operational change has the ability to increase sales volumes and revenues by an equal percentage.\u00a0</h4><p><a href=\"/links?type&#61;workstep&amp;workbook&#61;61B5BF99-D276-4BE7-8F26-0B65F19F1FA6&amp;worksheet&#61;0EE7EB6B-9EC4-71C0-813E-EBD27924B4BC&amp;workstep&#61;D89605F3-0ECE-4356-A668-B3CF440DCEC7\" rel=\"nofollow noopener noreferrer\">Visual Comparison</a></p><p>\u00a0</p>",
        "DocumentBackup\u02c9ELmAWRzYK8sXaSFDYC-9pvU9lbOxlbA42tRMCYcJiMo\u02c92023-11-09T07:41:00Z": "<h2><strong>Run Length Optimization</strong></h2><figure class=\"table\"><table><colgroup><col style=\"width:42.45%;\" /><col style=\"width:57.55%;\" /></colgroup><tbody><tr><td><img class=\"image_resized\" style=\"width:100%;\" src=\"/api/annotations/0EE7EB6C-02B6-60C0-8DED-8A78FA3E0DD5/images/image_v1.png\"></td><td><h4>\u00a0<span style=\"color:hsl(0,0%,0%);\"><i>By periodically shutting down to ensure all equipment is operating as best possible, the <strong>production unit was able to fulfill the order 10.5 days sooner (an 11% improvement on their typical fulfillment time)</strong>. In a high demand environment, this operational change has the <strong>ability to increase sales volumes and revenues by an equal percentage.</strong></i></span></h4></td></tr></tbody></table></figure><h4 style=\"text-align:right;\">\u00a0</h4><h4><strong>Problem Statement</strong></h4><p>Many manufacturing units hit process throughput constraints over the course of a run. These constraints are often reversible, but at the cost of shutting down to clean/maintain equipment. \u00a0</p><p>Assuming every production time period has associated downtime, predicting the right time to shutdown and clean equipment enables a unit to meet their production goals sooner. Meeting targets sooner translates into more production (&amp; $$) over time.\u00a0</p><p><a href=\"/links?type&#61;workstep&amp;workbook&#61;61B5BF99-D276-4BE7-8F26-0B65F19F1FA6&amp;worksheet&#61;0EE7EB6B-9EC4-71C0-813E-EBD27924B4BC&amp;workstep&#61;0EE7ECEA-499A-7700-A34A-154410F9D270\" rel=\"nofollow noopener noreferrer\">Optimizing run length to meet production target sooner</a></p><p><strong>Solution:</strong></p><p><a href=\"/links?type&#61;workstep&amp;workbook&#61;61B5BF99-D276-4BE7-8F26-0B65F19F1FA6&amp;worksheet&#61;0EE7EB6B-9EC4-71C0-813E-EBD27924B4BC&amp;workstep&#61;0EE7ECFB-23D8-73D0-9F64-E715F0CB4127\" rel=\"nofollow noopener noreferrer\">Use Prediction tool to predict future production rate and identify when the production target of 50,000 klb is met</a> <strong>if no downtime is scheduled.</strong></p><p><a href=\"/links?type&#61;workstep&amp;workbook&#61;61B5BF99-D276-4BE7-8F26-0B65F19F1FA6&amp;worksheet&#61;0EE7EB6B-9EC4-71C0-813E-EBD27924B4BC&amp;workstep&#61;0EE7ED17-7CAA-FD20-B20F-B7EE06912E67\" rel=\"nofollow noopener noreferrer\">Calculate the number of downtimes that would be required to fulfill the order quantity at any point in the production cycle.</a>\u00a0</p><p><a href=\"/links?type&#61;workstep&amp;workbook&#61;61B5BF99-D276-4BE7-8F26-0B65F19F1FA6&amp;worksheet&#61;0EE7EB6B-9EC4-71C0-813E-EBD27924B4BC&amp;workstep&#61;0EE7ED1A-C37D-F970-BC59-316DFF789667\" rel=\"nofollow noopener noreferrer\">Calculate the Average Production Rate at each point during the current run time and the total run time (including downtimes) required to produce the given order quantity based on the number of required downtimes.</a></p><p><a href=\"/links?type&#61;workstep&amp;workbook&#61;61B5BF99-D276-4BE7-8F26-0B65F19F1FA6&amp;worksheet&#61;0EE7EB6B-9EC4-71C0-813E-EBD27924B4BC&amp;workstep&#61;0EE7ED2F-85E8-7500-89C5-B892E7CBA6F4\" rel=\"nofollow noopener noreferrer\">Find the minimum run length required and use that to create a new condition showing the full order fulfillment time.\u00a0</a></p><p><a href=\"/links?type&#61;workstep&amp;workbook&#61;61B5BF99-D276-4BE7-8F26-0B65F19F1FA6&amp;worksheet&#61;0EE7EB6B-9EC4-71C0-813E-EBD27924B4BC&amp;workstep&#61;0EE7ED35-9EFE-FFC0-AFAC-CD2F666C6C9C\" rel=\"nofollow noopener noreferrer\">Find the production rate at the point of minimum run length to trigger proactive downtime.</a></p><p style=\"margin-left:0px;\">9) Identify the production rate at the point of min runtime. This can be used as a trigger for taking a proactive downtime. (<a href=\"/links?type&#61;workstep&amp;workbook&#61;61B5BF99-D276-4BE7-8F26-0B65F19F1FA6&amp;worksheet&#61;0EE7EB6B-9EC4-71C0-813E-EBD27924B4BC&amp;workstep&#61;00E73390-16D7-492B-8538-64CA11E1902F\" rel=\"nofollow noopener noreferrer\">step</a>)</p><p style=\"margin-left:0px;\">10) Build a Reference Profile for the ideal production cycles to monitor current operations against. (<a href=\"/links?type&#61;workstep&amp;workbook&#61;61B5BF99-D276-4BE7-8F26-0B65F19F1FA6&amp;worksheet&#61;0EE7EB6B-9EC4-71C0-813E-EBD27924B4BC&amp;workstep&#61;6BAB6AC1-7E55-4372-A4CA-AF0A25808238\" rel=\"nofollow noopener noreferrer\">step</a>)</p><p style=\"margin-left:0px;\">\u00a0</p><p style=\"margin-left:0px;\"><a href=\"/links?type&#61;workstep&amp;workbook&#61;61B5BF99-D276-4BE7-8F26-0B65F19F1FA6&amp;worksheet&#61;0EE7EB6B-9EC4-71C0-813E-EBD27924B4BC&amp;workstep&#61;D2D12D4B-F272-4E6F-AA91-2FF55485D392\" rel=\"nofollow noopener noreferrer\">Promotional - Run Length Optimization - Demo (May 18, 2021 9:53 AM)</a></p><p style=\"margin-left:0px;\">\u00a0</p><h4><strong>Conclusion:</strong></h4><h4 style=\"margin-left:0px;\">By periodically shutting down to ensure all equipment is operating as best possible, the production unit was able to fulfill the order 10.5 days sooner (an 11% improvement on their typical fulfillment time). In a high demand environment, this operational change has the ability to increase sales volumes and revenues by an equal percentage.\u00a0</h4><p><a href=\"/links?type&#61;workstep&amp;workbook&#61;61B5BF99-D276-4BE7-8F26-0B65F19F1FA6&amp;worksheet&#61;0EE7EB6B-9EC4-71C0-813E-EBD27924B4BC&amp;workstep&#61;D89605F3-0ECE-4356-A668-B3CF440DCEC7\" rel=\"nofollow noopener noreferrer\">Visual Comparison</a></p><p>\u00a0</p>",
        "DocumentBackup\u02c9ELmAWRzYK8sXaSFDYC-9pvU9lbOxlbA42tRMCYcJiMo\u02c92023-11-09T07:42:00Z": "<h2><strong>Run Length Optimization</strong></h2><figure class=\"table\"><table><colgroup><col style=\"width:42.45%;\" /><col style=\"width:57.55%;\" /></colgroup><tbody><tr><td><img class=\"image_resized\" style=\"width:100%;\" src=\"/api/annotations/0EE7EB6C-02B6-60C0-8DED-8A78FA3E0DD5/images/image_v1.png\"></td><td><h4>\u00a0<span style=\"color:hsl(0,0%,0%);\"><i>By periodically shutting down to ensure all equipment is operating as best possible, the <strong>production unit was able to fulfill the order 10.5 days sooner (an 11% improvement on their typical fulfillment time)</strong>. In a high demand environment, this operational change has the <strong>ability to increase sales volumes and revenues by an equal percentage.</strong></i></span></h4></td></tr></tbody></table></figure><h4 style=\"text-align:right;\">\u00a0</h4><h4><strong>Problem Statement</strong></h4><p>Many manufacturing units hit process throughput constraints over the course of a run. These constraints are often reversible, but at the cost of shutting down to clean/maintain equipment. \u00a0</p><p>Assuming every production time period has associated downtime, predicting the right time to shutdown and clean equipment enables a unit to meet their production goals sooner. Meeting targets sooner translates into more production (&amp; $$) over time.\u00a0</p><p><a href=\"/links?type&#61;workstep&amp;workbook&#61;61B5BF99-D276-4BE7-8F26-0B65F19F1FA6&amp;worksheet&#61;0EE7EB6B-9EC4-71C0-813E-EBD27924B4BC&amp;workstep&#61;0EE7ECEA-499A-7700-A34A-154410F9D270\" rel=\"nofollow noopener noreferrer\">Optimizing run length to meet production target sooner</a></p><p><strong>Solution:</strong></p><p><a href=\"/links?type&#61;workstep&amp;workbook&#61;61B5BF99-D276-4BE7-8F26-0B65F19F1FA6&amp;worksheet&#61;0EE7EB6B-9EC4-71C0-813E-EBD27924B4BC&amp;workstep&#61;0EE7ECFB-23D8-73D0-9F64-E715F0CB4127\" rel=\"nofollow noopener noreferrer\">Use Prediction tool to predict future production rate and identify when the production target of 50,000 klb is met</a> <strong>if no downtime is scheduled.</strong></p><p><a href=\"/links?type&#61;workstep&amp;workbook&#61;61B5BF99-D276-4BE7-8F26-0B65F19F1FA6&amp;worksheet&#61;0EE7EB6B-9EC4-71C0-813E-EBD27924B4BC&amp;workstep&#61;0EE7ED17-7CAA-FD20-B20F-B7EE06912E67\" rel=\"nofollow noopener noreferrer\">Calculate the number of downtimes that would be required to fulfill the order quantity at any point in the production cycle.</a>\u00a0</p><p><a href=\"/links?type&#61;workstep&amp;workbook&#61;61B5BF99-D276-4BE7-8F26-0B65F19F1FA6&amp;worksheet&#61;0EE7EB6B-9EC4-71C0-813E-EBD27924B4BC&amp;workstep&#61;0EE7ED1A-C37D-F970-BC59-316DFF789667\" rel=\"nofollow noopener noreferrer\">Calculate the Average Production Rate at each point during the current run time and the total run time (including downtimes) required to produce the given order quantity based on the number of required downtimes.</a></p><p><a href=\"/links?type&#61;workstep&amp;workbook&#61;61B5BF99-D276-4BE7-8F26-0B65F19F1FA6&amp;worksheet&#61;0EE7EB6B-9EC4-71C0-813E-EBD27924B4BC&amp;workstep&#61;0EE7ED2F-85E8-7500-89C5-B892E7CBA6F4\" rel=\"nofollow noopener noreferrer\">Find the minimum run length required and use that to create a new condition showing the full order fulfillment time.\u00a0</a></p><p><a href=\"/links?type&#61;workstep&amp;workbook&#61;61B5BF99-D276-4BE7-8F26-0B65F19F1FA6&amp;worksheet&#61;0EE7EB6B-9EC4-71C0-813E-EBD27924B4BC&amp;workstep&#61;0EE7ED35-9EFE-FFC0-AFAC-CD2F666C6C9C\" rel=\"nofollow noopener noreferrer\">Find the production rate at the point of minimum run length to trigger proactive downtime.</a></p><p style=\"margin-left:0px;\">1Build a Reference Profile for the ideal production cycles to monitor current operations against. (<a href=\"/links?type&#61;workstep&amp;workbook&#61;61B5BF99-D276-4BE7-8F26-0B65F19F1FA6&amp;worksheet&#61;0EE7EB6B-9EC4-71C0-813E-EBD27924B4BC&amp;workstep&#61;6BAB6AC1-7E55-4372-A4CA-AF0A25808238\" rel=\"nofollow noopener noreferrer\">step</a>)</p><p style=\"margin-left:0px;\">\u00a0</p><p style=\"margin-left:0px;\"><a href=\"/links?type&#61;workstep&amp;workbook&#61;61B5BF99-D276-4BE7-8F26-0B65F19F1FA6&amp;worksheet&#61;0EE7EB6B-9EC4-71C0-813E-EBD27924B4BC&amp;workstep&#61;D2D12D4B-F272-4E6F-AA91-2FF55485D392\" rel=\"nofollow noopener noreferrer\">Promotional - Run Length Optimization - Demo (May 18, 2021 9:53 AM)</a></p><p style=\"margin-left:0px;\">\u00a0</p><h4><strong>Conclusion:</strong></h4><h4 style=\"margin-left:0px;\">By periodically shutting down to ensure all equipment is operating as best possible, the production unit was able to fulfill the order 10.5 days sooner (an 11% improvement on their typical fulfillment time). In a high demand environment, this operational change has the ability to increase sales volumes and revenues by an equal percentage.\u00a0</h4><p><a href=\"/links?type&#61;workstep&amp;workbook&#61;61B5BF99-D276-4BE7-8F26-0B65F19F1FA6&amp;worksheet&#61;0EE7EB6B-9EC4-71C0-813E-EBD27924B4BC&amp;workstep&#61;D89605F3-0ECE-4356-A668-B3CF440DCEC7\" rel=\"nofollow noopener noreferrer\">Visual Comparison</a></p><p>\u00a0</p>",
        "DocumentBackup\u02c9ELmAWRzYK8sXaSFDYC-9pvU9lbOxlbA42tRMCYcJiMo\u02c92023-11-09T07:43:00Z": "<h2><strong>Run Length Optimization</strong></h2><figure class=\"table\"><table><colgroup><col style=\"width:42.45%;\" /><col style=\"width:57.55%;\" /></colgroup><tbody><tr><td><img class=\"image_resized\" style=\"width:100%;\" src=\"/api/annotations/0EE7EB6C-02B6-60C0-8DED-8A78FA3E0DD5/images/image_v1.png\"></td><td><h4>\u00a0<span style=\"color:hsl(0,0%,0%);\"><i>By periodically shutting down to ensure all equipment is operating as best possible, the <strong>production unit was able to fulfill the order 10.5 days sooner (an 11% improvement on their typical fulfillment time)</strong>. In a high demand environment, this operational change has the <strong>ability to increase sales volumes and revenues by an equal percentage.</strong></i></span></h4></td></tr></tbody></table></figure><h4 style=\"text-align:right;\">\u00a0</h4><h4><strong>Problem Statement</strong></h4><p>Many manufacturing units hit process throughput constraints over the course of a run. These constraints are often reversible, but at the cost of shutting down to clean/maintain equipment. \u00a0</p><p>Assuming every production time period has associated downtime, predicting the right time to shutdown and clean equipment enables a unit to meet their production goals sooner. Meeting targets sooner translates into more production (&amp; $$) over time.\u00a0</p><p><a href=\"/links?type&#61;workstep&amp;workbook&#61;61B5BF99-D276-4BE7-8F26-0B65F19F1FA6&amp;worksheet&#61;0EE7EB6B-9EC4-71C0-813E-EBD27924B4BC&amp;workstep&#61;0EE7ECEA-499A-7700-A34A-154410F9D270\" rel=\"nofollow noopener noreferrer\">Optimizing run length to meet production target sooner</a></p><p><strong>Solution:</strong></p><p><a href=\"/links?type&#61;workstep&amp;workbook&#61;61B5BF99-D276-4BE7-8F26-0B65F19F1FA6&amp;worksheet&#61;0EE7EB6B-9EC4-71C0-813E-EBD27924B4BC&amp;workstep&#61;0EE7ECFB-23D8-73D0-9F64-E715F0CB4127\" rel=\"nofollow noopener noreferrer\">Use Prediction tool to predict future production rate and identify when the production target of 50,000 klb is met</a> <strong>if no downtime is scheduled.</strong></p><p><a href=\"/links?type&#61;workstep&amp;workbook&#61;61B5BF99-D276-4BE7-8F26-0B65F19F1FA6&amp;worksheet&#61;0EE7EB6B-9EC4-71C0-813E-EBD27924B4BC&amp;workstep&#61;0EE7ED17-7CAA-FD20-B20F-B7EE06912E67\" rel=\"nofollow noopener noreferrer\">Calculate the number of downtimes that would be required to fulfill the order quantity at any point in the production cycle.</a>\u00a0</p><p><a href=\"/links?type&#61;workstep&amp;workbook&#61;61B5BF99-D276-4BE7-8F26-0B65F19F1FA6&amp;worksheet&#61;0EE7EB6B-9EC4-71C0-813E-EBD27924B4BC&amp;workstep&#61;0EE7ED1A-C37D-F970-BC59-316DFF789667\" rel=\"nofollow noopener noreferrer\">Calculate the Average Production Rate at each point during the current run time and the total run time (including downtimes) required to produce the given order quantity based on the number of required downtimes.</a></p><p><a href=\"/links?type&#61;workstep&amp;workbook&#61;61B5BF99-D276-4BE7-8F26-0B65F19F1FA6&amp;worksheet&#61;0EE7EB6B-9EC4-71C0-813E-EBD27924B4BC&amp;workstep&#61;0EE7ED2F-85E8-7500-89C5-B892E7CBA6F4\" rel=\"nofollow noopener noreferrer\">Find the minimum run length required and use that to create a new condition showing the full order fulfillment time.\u00a0</a></p><p><a href=\"/links?type&#61;workstep&amp;workbook&#61;61B5BF99-D276-4BE7-8F26-0B65F19F1FA6&amp;worksheet&#61;0EE7EB6B-9EC4-71C0-813E-EBD27924B4BC&amp;workstep&#61;0EE7ED35-9EFE-FFC0-AFAC-CD2F666C6C9C\" rel=\"nofollow noopener noreferrer\">Find the production rate at the point of minimum run length to trigger proactive downtime.</a></p><p style=\"margin-left:0px;\"><a href=\"/links?type&#61;workstep&amp;workbook&#61;61B5BF99-D276-4BE7-8F26-0B65F19F1FA6&amp;worksheet&#61;0EE7EB6B-9EC4-71C0-813E-EBD27924B4BC&amp;workstep&#61;0EE7ED39-A0C9-E860-BF43-05D579331BCA\" rel=\"nofollow noopener noreferrer\">Build a Reference Profile for the ideal production cycles to monitor current operations against.</a></p><p style=\"margin-left:0px;\">\u00a0</p><p style=\"margin-left:0px;\"><a href=\"/links?type&#61;workstep&amp;workbook&#61;61B5BF99-D276-4BE7-8F26-0B65F19F1FA6&amp;worksheet&#61;0EE7EB6B-9EC4-71C0-813E-EBD27924B4BC&amp;workstep&#61;D2D12D4B-F272-4E6F-AA91-2FF55485D392\" rel=\"nofollow noopener noreferrer\">Promotional - Run Length Optimization - Demo (May 18, 2021 9:53 AM)</a></p><p style=\"margin-left:0px;\">\u00a0</p><h4><strong>Conclusion:</strong></h4><h4 style=\"margin-left:0px;\">By periodically shutting down to ensure all equipment is operating as best possible, the production unit was able to fulfill the order 10.5 days sooner (an 11% improvement on their typical fulfillment time). In a high demand environment, this operational change has the ability to increase sales volumes and revenues by an equal percentage.\u00a0</h4><p><a href=\"/links?type&#61;workstep&amp;workbook&#61;61B5BF99-D276-4BE7-8F26-0B65F19F1FA6&amp;worksheet&#61;0EE7EB6B-9EC4-71C0-813E-EBD27924B4BC&amp;workstep&#61;D89605F3-0ECE-4356-A668-B3CF440DCEC7\" rel=\"nofollow noopener noreferrer\">Visual Comparison</a></p><p>\u00a0</p>",
        "DocumentBackup\u02c9ELmAWRzYK8sXaSFDYC-9pvU9lbOxlbA42tRMCYcJiMo\u02c92023-11-09T07:45:00Z": "<h2><strong>Run Length Optimization</strong></h2><figure class=\"table\"><table><colgroup><col style=\"width:42.45%;\" /><col style=\"width:57.55%;\" /></colgroup><tbody><tr><td><img class=\"image_resized\" style=\"width:100%;\" src=\"/api/annotations/0EE7EB6C-02B6-60C0-8DED-8A78FA3E0DD5/images/image_v1.png\"></td><td><h4>\u00a0<span style=\"color:hsl(0,0%,0%);\"><i>By periodically shutting down to ensure all equipment is operating as best possible, the <strong>production unit was able to fulfill the order 10.5 days sooner (an 11% improvement on their typical fulfillment time)</strong>. In a high demand environment, this operational change has the <strong>ability to increase sales volumes and revenues by an equal percentage.</strong></i></span></h4></td></tr></tbody></table></figure><h4 style=\"text-align:right;\">\u00a0</h4><h4><strong>Problem Statement</strong></h4><p>Many manufacturing units hit process throughput constraints over the course of a run. These constraints are often reversible, but at the cost of shutting down to clean/maintain equipment. \u00a0</p><p>Assuming every production time period has associated downtime, predicting the right time to shutdown and clean equipment enables a unit to meet their production goals sooner. Meeting targets sooner translates into more production (&amp; $$) over time.\u00a0</p><p><a href=\"/links?type&#61;workstep&amp;workbook&#61;61B5BF99-D276-4BE7-8F26-0B65F19F1FA6&amp;worksheet&#61;0EE7EB6B-9EC4-71C0-813E-EBD27924B4BC&amp;workstep&#61;0EE7ECEA-499A-7700-A34A-154410F9D270\" rel=\"nofollow noopener noreferrer\">Optimizing run length to meet production target sooner</a></p><p><strong>Solution:</strong></p><p><a href=\"/links?type&#61;workstep&amp;workbook&#61;61B5BF99-D276-4BE7-8F26-0B65F19F1FA6&amp;worksheet&#61;0EE7EB6B-9EC4-71C0-813E-EBD27924B4BC&amp;workstep&#61;0EE7ECFB-23D8-73D0-9F64-E715F0CB4127\" rel=\"nofollow noopener noreferrer\">Use Prediction tool to predict future production rate and identify when the production target of 50,000 klb is met</a> <strong>if no downtime is scheduled.</strong></p><p><a href=\"/links?type&#61;workstep&amp;workbook&#61;61B5BF99-D276-4BE7-8F26-0B65F19F1FA6&amp;worksheet&#61;0EE7EB6B-9EC4-71C0-813E-EBD27924B4BC&amp;workstep&#61;0EE7ED17-7CAA-FD20-B20F-B7EE06912E67\" rel=\"nofollow noopener noreferrer\">Calculate the number of downtimes that would be required to fulfill the order quantity at any point in the production cycle.</a>\u00a0</p><p><a href=\"/links?type&#61;workstep&amp;workbook&#61;61B5BF99-D276-4BE7-8F26-0B65F19F1FA6&amp;worksheet&#61;0EE7EB6B-9EC4-71C0-813E-EBD27924B4BC&amp;workstep&#61;0EE7ED3F-F983-FB30-A3D2-0837C1232595\" rel=\"nofollow noopener noreferrer\">Calculate the Average Production Rate at each point during the current run time and the total run time (including downtimes) required to produce the given order quantity based on the number of required downtimes.</a></p><p><a href=\"/links?type&#61;workstep&amp;workbook&#61;61B5BF99-D276-4BE7-8F26-0B65F19F1FA6&amp;worksheet&#61;0EE7EB6B-9EC4-71C0-813E-EBD27924B4BC&amp;workstep&#61;0EE7ED2F-85E8-7500-89C5-B892E7CBA6F4\" rel=\"nofollow noopener noreferrer\">Find the minimum run length required and use that to create a new condition showing the full order fulfillment time.\u00a0</a></p><p><a href=\"/links?type&#61;workstep&amp;workbook&#61;61B5BF99-D276-4BE7-8F26-0B65F19F1FA6&amp;worksheet&#61;0EE7EB6B-9EC4-71C0-813E-EBD27924B4BC&amp;workstep&#61;0EE7ED35-9EFE-FFC0-AFAC-CD2F666C6C9C\" rel=\"nofollow noopener noreferrer\">Find the production rate at the point of minimum run length to trigger proactive downtime.</a></p><p style=\"margin-left:0px;\"><a href=\"/links?type&#61;workstep&amp;workbook&#61;61B5BF99-D276-4BE7-8F26-0B65F19F1FA6&amp;worksheet&#61;0EE7EB6B-9EC4-71C0-813E-EBD27924B4BC&amp;workstep&#61;0EE7ED39-A0C9-E860-BF43-05D579331BCA\" rel=\"nofollow noopener noreferrer\">Build a Reference Profile for the ideal production cycles to monitor current operations against.</a></p><p style=\"margin-left:0px;\">\u00a0</p><p style=\"margin-left:0px;\">\u00a0</p><p>\u00a0</p>",
        "DocumentBackup\u02c9ELmAWRzYK8sXaSFDYC-9pvU9lbOxlbA42tRMCYcJiMo\u02c92023-11-09T07:46:00Z": "<h2><strong>Run Length Optimization</strong></h2><figure class=\"table\"><table><colgroup><col style=\"width:42.45%;\" /><col style=\"width:57.55%;\" /></colgroup><tbody><tr><td><img class=\"image_resized\" style=\"width:100%;\" src=\"/api/annotations/0EE7EB6C-02B6-60C0-8DED-8A78FA3E0DD5/images/image_v1.png\"></td><td><h4>\u00a0<span style=\"color:hsl(0,0%,0%);\"><i>By periodically shutting down to ensure all equipment is operating as best possible, the <strong>production unit was able to fulfill the order 10.5 days sooner (an 11% improvement on their typical fulfillment time)</strong>. In a high demand environment, this operational change has the <strong>ability to increase sales volumes and revenues by an equal percentage.</strong></i></span></h4></td></tr></tbody></table></figure><h4 style=\"text-align:right;\">\u00a0</h4><h4><strong>Problem Statement</strong></h4><p>Many manufacturing units hit process throughput constraints over the course of a run. These constraints are often reversible, but at the cost of shutting down to clean/maintain equipment. \u00a0</p><p>Assuming every production time period has associated downtime, predicting the right time to shutdown and clean equipment enables a unit to meet their production goals sooner. Meeting targets sooner translates into more production (&amp; $$) over time.\u00a0</p><p><a href=\"/links?type&#61;workstep&amp;workbook&#61;61B5BF99-D276-4BE7-8F26-0B65F19F1FA6&amp;worksheet&#61;0EE7EB6B-9EC4-71C0-813E-EBD27924B4BC&amp;workstep&#61;0EE7ECEA-499A-7700-A34A-154410F9D270\" rel=\"nofollow noopener noreferrer\">Optimizing run length to meet production target sooner</a></p><p><strong>Solution:</strong></p><p><a href=\"/links?type&#61;workstep&amp;workbook&#61;61B5BF99-D276-4BE7-8F26-0B65F19F1FA6&amp;worksheet&#61;0EE7EB6B-9EC4-71C0-813E-EBD27924B4BC&amp;workstep&#61;0EE7ECFB-23D8-73D0-9F64-E715F0CB4127\" rel=\"nofollow noopener noreferrer\">Use Prediction tool to predict future production rate and identify when the production target of 50,000 klb is met</a> <strong>if no downtime is scheduled.</strong></p><p><a href=\"/links?type&#61;workstep&amp;workbook&#61;61B5BF99-D276-4BE7-8F26-0B65F19F1FA6&amp;worksheet&#61;0EE7EB6B-9EC4-71C0-813E-EBD27924B4BC&amp;workstep&#61;0EE7ED17-7CAA-FD20-B20F-B7EE06912E67\" rel=\"nofollow noopener noreferrer\">Calculate the number of downtimes that would be required to fulfill the order quantity at any point in the production cycle.</a>\u00a0</p><p><a href=\"/links?type&#61;workstep&amp;workbook&#61;61B5BF99-D276-4BE7-8F26-0B65F19F1FA6&amp;worksheet&#61;0EE7EB6B-9EC4-71C0-813E-EBD27924B4BC&amp;workstep&#61;0EE7ED40-8CF3-FD70-B91F-27BBE805D1EC\" rel=\"nofollow noopener noreferrer\">Calculate the Average Production Rate at each point during the current run time and the total run time (including downtimes) required to produce the given order quantity based on the number of required downtimes.</a></p><p><a href=\"/links?type&#61;workstep&amp;workbook&#61;61B5BF99-D276-4BE7-8F26-0B65F19F1FA6&amp;worksheet&#61;0EE7EB6B-9EC4-71C0-813E-EBD27924B4BC&amp;workstep&#61;0EE7ED2F-85E8-7500-89C5-B892E7CBA6F4\" rel=\"nofollow noopener noreferrer\">Find the minimum run length required and use that to create a new condition showing the full order fulfillment time.\u00a0</a></p><p><a href=\"/links?type&#61;workstep&amp;workbook&#61;61B5BF99-D276-4BE7-8F26-0B65F19F1FA6&amp;worksheet&#61;0EE7EB6B-9EC4-71C0-813E-EBD27924B4BC&amp;workstep&#61;0EE7ED35-9EFE-FFC0-AFAC-CD2F666C6C9C\" rel=\"nofollow noopener noreferrer\">Find the production rate at the point of minimum run length to trigger proactive downtime.</a></p><p style=\"margin-left:0px;\"><a href=\"/links?type&#61;workstep&amp;workbook&#61;61B5BF99-D276-4BE7-8F26-0B65F19F1FA6&amp;worksheet&#61;0EE7EB6B-9EC4-71C0-813E-EBD27924B4BC&amp;workstep&#61;0EE7ED39-A0C9-E860-BF43-05D579331BCA\" rel=\"nofollow noopener noreferrer\">Build a Reference Profile for the ideal production cycles to monitor current operations against.</a></p><p style=\"margin-left:0px;\">\u00a0</p><p style=\"margin-left:0px;\">\u00a0</p><p>\u00a0</p>",
        "DocumentBackup\u02c9ELmAWRzYK8sXaSFDYC-9pvU9lbOxlbA42tRMCYcJiMo\u02c92023-11-09T08:14:00Z": "<h2><strong>Run Length Optimization</strong></h2><figure class=\"table\"><table><colgroup><col style=\"width:42.45%;\" /><col style=\"width:57.55%;\" /></colgroup><tbody><tr><td><img class=\"image_resized\" style=\"width:100%;\" src=\"/api/annotations/0EE7EB6C-02B6-60C0-8DED-8A78FA3E0DD5/images/image_v1.png\"></td><td><h4>\u00a0<span style=\"color:hsl(0,0%,0%);\"><i>By periodically shutting down to ensure all equipment is operating as best possible, the <strong>production unit was able to fulfill the order 10.5 days sooner (an 11% improvement on their typical fulfillment time)</strong>. In a high demand environment, this operational change has the <strong>ability to increase sales volumes and revenues by an equal percentage.</strong></i></span></h4></td></tr></tbody></table></figure><h4 style=\"text-align:right;\">\u00a0</h4><h4><strong>Problem Statement</strong></h4><p>Many manufacturing units hit process throughput constraints over the course of a run. These constraints are often reversible, but at the cost of shutting down to clean/maintain equipment. \u00a0</p><p>Assuming every production time period has associated downtime, predicting the right time to shutdown and clean equipment enables a unit to meet their production goals sooner. Meeting targets sooner translates into more production (&amp; $$) over time.\u00a0</p><p><a href=\"/links?type&#61;workstep&amp;workbook&#61;61B5BF99-D276-4BE7-8F26-0B65F19F1FA6&amp;worksheet&#61;0EE7EB6B-9EC4-71C0-813E-EBD27924B4BC&amp;workstep&#61;0EE7ECEA-499A-7700-A34A-154410F9D270\" rel=\"nofollow noopener noreferrer\">Optimizing run length to meet production target sooner</a></p><p><strong>Solution:</strong></p><p><a href=\"/links?type&#61;workstep&amp;workbook&#61;61B5BF99-D276-4BE7-8F26-0B65F19F1FA6&amp;worksheet&#61;0EE7EB6B-9EC4-71C0-813E-EBD27924B4BC&amp;workstep&#61;0EE7ECFB-23D8-73D0-9F64-E715F0CB4127\" rel=\"nofollow noopener noreferrer\">Use Prediction tool to predict future production rate and identify when the production target of 50,000 klb is met</a> <strong>if no downtime is scheduled</strong></p><p><a href=\"/links?type&#61;workstep&amp;workbook&#61;61B5BF99-D276-4BE7-8F26-0B65F19F1FA6&amp;worksheet&#61;0EE7EB6B-9EC4-71C0-813E-EBD27924B4BC&amp;workstep&#61;0EE7ED17-7CAA-FD20-B20F-B7EE06912E67\" rel=\"nofollow noopener noreferrer\">Calculate the number of downtimes that would be required to fulfill the order quantity at any point in the production cycle.</a>\u00a0</p><p><a href=\"/links?type&#61;workstep&amp;workbook&#61;61B5BF99-D276-4BE7-8F26-0B65F19F1FA6&amp;worksheet&#61;0EE7EB6B-9EC4-71C0-813E-EBD27924B4BC&amp;workstep&#61;0EE7ED40-8CF3-FD70-B91F-27BBE805D1EC\" rel=\"nofollow noopener noreferrer\">Calculate the Average Production Rate at each point during the current run time and the total run time (including downtimes) required to produce the given order quantity based on the number of required downtimes.</a></p><p><a href=\"/links?type&#61;workstep&amp;workbook&#61;61B5BF99-D276-4BE7-8F26-0B65F19F1FA6&amp;worksheet&#61;0EE7EB6B-9EC4-71C0-813E-EBD27924B4BC&amp;workstep&#61;0EE7ED2F-85E8-7500-89C5-B892E7CBA6F4\" rel=\"nofollow noopener noreferrer\">Find the minimum run length required and use that to create a new condition showing the full order fulfillment time.\u00a0</a></p><p><a href=\"/links?type&#61;workstep&amp;workbook&#61;61B5BF99-D276-4BE7-8F26-0B65F19F1FA6&amp;worksheet&#61;0EE7EB6B-9EC4-71C0-813E-EBD27924B4BC&amp;workstep&#61;0EE7ED35-9EFE-FFC0-AFAC-CD2F666C6C9C\" rel=\"nofollow noopener noreferrer\">Find the production rate at the point of minimum run length to trigger proactive downtime.</a></p><p style=\"margin-left:0px;\"><a href=\"/links?type&#61;workstep&amp;workbook&#61;61B5BF99-D276-4BE7-8F26-0B65F19F1FA6&amp;worksheet&#61;0EE7EB6B-9EC4-71C0-813E-EBD27924B4BC&amp;workstep&#61;0EE7ED39-A0C9-E860-BF43-05D579331BCA\" rel=\"nofollow noopener noreferrer\">Build a Reference Profile for the ideal production cycles to monitor current operations against.</a></p><p style=\"margin-left:0px;\">\u00a0</p><p style=\"margin-left:0px;\">\u00a0</p><p>\u00a0</p>",
        "Enabled": true,
        "Froala Backup": "<h2 style=\"box-sizing: border-box; margin-top: 18px; margin-bottom: 9px; font-weight: 500; line-height: 1.2; font-size: 27px; font-family: &#34;Source Sans Pro&#34;, &#34;Helvetica Neue&#34;, Helvetica, Arial, sans-serif; color: rgb(51, 51, 51); font-style: normal; font-variant-ligatures: normal; font-variant-caps: normal; letter-spacing: normal; orphans: 2; text-align: left; text-indent: 0px; text-transform: none; white-space: normal; widows: 2; word-spacing: 0px; -webkit-text-stroke-width: 0px; text-decoration-style: initial; text-decoration-color: initial;\"><strong>Run Length Optimization</strong></h2><h4 style=\"box-sizing: border-box; margin-top: 9px; margin-bottom: 9px; font-weight: 500; line-height: 1.2; font-size: 17px; font-family: &#34;Source Sans Pro&#34;, &#34;Helvetica Neue&#34;, Helvetica, Arial, sans-serif; color: rgb(51, 51, 51); font-style: normal; font-variant-ligatures: normal; font-variant-caps: normal; letter-spacing: normal; orphans: 2; text-align: left; text-indent: 0px; text-transform: none; white-space: normal; widows: 2; word-spacing: 0px; -webkit-text-stroke-width: 0px; text-decoration-style: initial; text-decoration-color: initial;\">\u00a0 <img src=\"/api/annotations/0EE7EB6C-02B6-60C0-8DED-8A78FA3E0DD5/images/1591977953107_v1.png\" class=\"fr-fic fr-fin fr-dii\"></h4><h4 style=\"box-sizing: border-box; margin-top: 9px; margin-bottom: 9px; font-weight: 500; line-height: 1.2; font-size: 17px; font-family: &#34;Source Sans Pro&#34;, &#34;Helvetica Neue&#34;, Helvetica, Arial, sans-serif; color: rgb(51, 51, 51); font-style: normal; font-variant-ligatures: normal; font-variant-caps: normal; letter-spacing: normal; orphans: 2; text-align: left; text-indent: 0px; text-transform: none; white-space: normal; widows: 2; word-spacing: 0px; -webkit-text-stroke-width: 0px; text-decoration-style: initial; text-decoration-color: initial;\"><strong>Background:\u00a0</strong></h4><h4 style=\"box-sizing: border-box; margin-top: 9px; margin-bottom: 9px; font-weight: 500; line-height: 1.2; font-size: 17px; font-family: &#34;Source Sans Pro&#34;, &#34;Helvetica Neue&#34;, Helvetica, Arial, sans-serif; color: rgb(51, 51, 51); font-style: normal; font-variant-ligatures: normal; font-variant-caps: normal; letter-spacing: normal; orphans: 2; text-align: left; text-indent: 0px; text-transform: none; white-space: normal; widows: 2; word-spacing: 0px; -webkit-text-stroke-width: 0px; text-decoration-style: initial; text-decoration-color: initial;\">Many manufacturing units hit process throughput constraints over the course of a run. These constraints are often reversible, but at the cost of shutting down to clean/maintain equipment. Sometimes the decision to shutdown and clean equipment, regaining throughput rate upon start-up, enables a unit to meet their production goals sooner. Meeting targets sooner translates into more production (&amp; $$) over time.\u00a0</h4><h4 style=\"box-sizing: border-box; margin-top: 9px; margin-bottom: 9px; font-weight: 500; line-height: 1.2; font-size: 17px; font-family: &#34;Source Sans Pro&#34;, &#34;Helvetica Neue&#34;, Helvetica, Arial, sans-serif; color: rgb(51, 51, 51); font-style: normal; font-variant-ligatures: normal; font-variant-caps: normal; letter-spacing: normal; orphans: 2; text-align: left; text-indent: 0px; text-transform: none; white-space: normal; widows: 2; word-spacing: 0px; -webkit-text-stroke-width: 0px; text-decoration-style: initial; text-decoration-color: initial;\"><strong>Scenario:</strong>\u00a0</h4><h4 style=\"box-sizing: border-box; margin-top: 9px; margin-bottom: 9px; font-weight: 500; line-height: 1.2; font-size: 17px; font-family: &#34;Source Sans Pro&#34;, &#34;Helvetica Neue&#34;, Helvetica, Arial, sans-serif; color: rgb(51, 51, 51); font-style: normal; font-variant-ligatures: normal; font-variant-caps: normal; letter-spacing: normal; orphans: 2; text-align: left; text-indent: 0px; text-transform: none; white-space: normal; widows: 2; word-spacing: 0px; -webkit-text-stroke-width: 0px; text-decoration-style: initial; text-decoration-color: initial;\">A manufacturing production unit needs to produce 50,000 klb of the product that they are running. The supply chain for this product is tight and the customer needs the full order filled ASAP.\u00a0</h4><h4 style=\"box-sizing: border-box; margin-top: 9px; margin-bottom: 9px; font-weight: 500; line-height: 1.2; font-size: 17px; font-family: &#34;Source Sans Pro&#34;, &#34;Helvetica Neue&#34;, Helvetica, Arial, sans-serif; color: rgb(51, 51, 51); font-style: normal; font-variant-ligatures: normal; font-variant-caps: normal; letter-spacing: normal; orphans: 2; text-align: left; text-indent: 0px; text-transform: none; white-space: normal; widows: 2; word-spacing: 0px; -webkit-text-stroke-width: 0px; text-decoration-style: initial; text-decoration-color: initial;\">The production rate for this product decreases at a relatively constant linear rate due to equipment fouling and plugging constraints. A 12-hour shutdown (production rate &#61; 0 klb/h) can be taken at any point during a product run in order to recover production rate.\u00a0</h4><h4><strong>Data:\u00a0</strong></h4><ul><li><strong><a href=\"/links?type&#61;signal&amp;item&#61;9F386D8E-867F-408B-857A-6BC8E8E11AB6\" rel=\"nofollow noopener noreferrer\"></a></strong><a href=\"/links?type&#61;signal&amp;item&#61;9F386D8E-867F-408B-857A-6BC8E8E11AB6\" rel=\"nofollow noopener noreferrer\"></a><a href=\"/links?type&#61;signal&amp;item&#61;9F386D8E-867F-408B-857A-6BC8E8E11AB6\" rel=\"nofollow noopener noreferrer\">Production Rate</a><a href=\"/links?type&#61;signal&amp;item&#61;9F386D8E-867F-408B-857A-6BC8E8E11AB6\" rel=\"nofollow noopener noreferrer\"></a><strong><a href=\"/links?type&#61;signal&amp;item&#61;9F386D8E-867F-408B-857A-6BC8E8E11AB6\" rel=\"nofollow noopener noreferrer\"></a></strong></li></ul><h4><strong>Date Range:\u00a0</strong></h4><ul><li><strong><a href=\"/links?type&#61;range&amp;start&#61;1577858400000&amp;end&#61;1583042400000\" rel=\"nofollow noopener noreferrer\"></a></strong><a href=\"/links?type&#61;range&amp;start&#61;1577858400000&amp;end&#61;1583042400000\" rel=\"nofollow noopener noreferrer\"></a><a href=\"/links?type&#61;range&amp;start&#61;1577858400000&amp;end&#61;1583042400000\" rel=\"nofollow noopener noreferrer\">Jan 1, 2020 12:00 AM - Mar 1, 2020 12:00 AM</a><a href=\"/links?type&#61;range&amp;start&#61;1577858400000&amp;end&#61;1583042400000\" rel=\"nofollow noopener noreferrer\"></a><strong><a href=\"/links?type&#61;range&amp;start&#61;1577858400000&amp;end&#61;1583042400000\" rel=\"nofollow noopener noreferrer\"></a></strong></li></ul><h4><strong>Strategy:</strong></h4><h4><span style=\"color: rgb(51, 51, 51); font-family: &#34;Source Sans Pro&#34;, &#34;Helvetica Neue&#34;, Helvetica, Arial, sans-serif; font-size: 13px; font-style: normal; font-variant-ligatures: normal; font-variant-caps: normal; font-weight: 400; letter-spacing: normal; orphans: 2; text-align: left; text-indent: 0px; text-transform: none; white-space: normal; widows: 2; word-spacing: 0px; -webkit-text-stroke-width: 0px; background-color: rgb(255, 255, 255); text-decoration-style: initial; text-decoration-color: initial; display: inline !important; float: none;\">To minimize the time taken to produce a given order quantity, you must maximize production rate over the long-term. You can assume that every production time period also has an associated downtime, but that the final (1) downtime does not impact order delivery date as it comes after the full order is produced.</span></h4><h4 style=\"box-sizing: border-box; margin-top: 9px; margin-bottom: 9px; font-weight: 500; line-height: 1.2; font-size: 17px; font-family: &#34;Source Sans Pro&#34;, &#34;Helvetica Neue&#34;, Helvetica, Arial, sans-serif; color: rgb(65, 65, 65); font-style: normal; font-variant-ligatures: normal; font-variant-caps: normal; letter-spacing: normal; orphans: 2; text-align: left; text-indent: 0px; text-transform: none; white-space: normal; widows: 2; word-spacing: 0px; -webkit-text-stroke-width: 0px; background-color: rgb(255, 255, 255); text-decoration-style: initial; text-decoration-color: initial;\"><br></h4><p><a href=\"/links?type&#61;workstep&amp;workbook&#61;61B5BF99-D276-4BE7-8F26-0B65F19F1FA6&amp;worksheet&#61;0EE7EB6B-9EC4-71C0-813E-EBD27924B4BC&amp;workstep&#61;358B1DE2-7C5C-4E44-8272-A71F30693443\" rel=\"nofollow noopener noreferrer\">Reset</a></p><h4 style=\"box-sizing: border-box; margin-top: 9px; margin-bottom: 9px; font-weight: 500; line-height: 1.2; font-size: 17px; font-family: &#34;Source Sans Pro&#34;, &#34;Helvetica Neue&#34;, Helvetica, Arial, sans-serif; color: rgb(65, 65, 65); font-style: normal; font-variant-ligatures: normal; font-variant-caps: normal; letter-spacing: normal; orphans: 2; text-align: left; text-indent: 0px; text-transform: none; white-space: normal; widows: 2; word-spacing: 0px; -webkit-text-stroke-width: 0px; background-color: rgb(255, 255, 255); text-decoration-style: initial; text-decoration-color: initial;\"><strong>Base Case Analysis Steps:</strong></h4><p>1) Create a capsule for this run - extend the capsule into the future far enough that it will capture the end of the run even with degrading production rates. (<a href=\"/links?type&#61;workstep&amp;workbook&#61;61B5BF99-D276-4BE7-8F26-0B65F19F1FA6&amp;worksheet&#61;0EE7EB6B-9EC4-71C0-813E-EBD27924B4BC&amp;workstep&#61;D58E3531-E514-4E88-9027-898A88F347A7\" rel=\"nofollow noopener noreferrer\">step</a>)</p><p>2) Calculate the total time elapsed since the beginning of the production run. (<a href=\"/links?type&#61;workstep&amp;workbook&#61;61B5BF99-D276-4BE7-8F26-0B65F19F1FA6&amp;worksheet&#61;0EE7EB6B-9EC4-71C0-813E-EBD27924B4BC&amp;workstep&#61;A6008764-E0D0-4CDD-A49F-697B945F9FC0\" rel=\"nofollow noopener noreferrer\">step</a>)</p><p>3) Create a predictive model of the production rate based on the time signal. (<a href=\"/links?type&#61;workstep&amp;workbook&#61;61B5BF99-D276-4BE7-8F26-0B65F19F1FA6&amp;worksheet&#61;0EE7EB6B-9EC4-71C0-813E-EBD27924B4BC&amp;workstep&#61;9B3857D6-7E10-4039-9EC2-B5DDBF9D2D89\" rel=\"nofollow noopener noreferrer\">step</a>)</p><p>4) Create a combined signal of the Production Rate data that exists and the prediction for the future training. (<a href=\"/links?type&#61;workstep&amp;workbook&#61;61B5BF99-D276-4BE7-8F26-0B65F19F1FA6&amp;worksheet&#61;0EE7EB6B-9EC4-71C0-813E-EBD27924B4BC&amp;workstep&#61;66988A75-5DFF-4AA8-99DE-F5D9428DF5BD\" rel=\"nofollow noopener noreferrer\">step</a>)</p><p>5) Integrate the projected signal to create a production totalizer. (<a href=\"/links?type&#61;workstep&amp;workbook&#61;61B5BF99-D276-4BE7-8F26-0B65F19F1FA6&amp;worksheet&#61;0EE7EB6B-9EC4-71C0-813E-EBD27924B4BC&amp;workstep&#61;2C5F64B7-7E54-48F7-B36A-71483ED90453\" rel=\"nofollow noopener noreferrer\">step</a>)</p><p>6) Identify when 50,000 klb is produced. (<a href=\"/links?type&#61;workstep&amp;workbook&#61;61B5BF99-D276-4BE7-8F26-0B65F19F1FA6&amp;worksheet&#61;0EE7EB6B-9EC4-71C0-813E-EBD27924B4BC&amp;workstep&#61;522F2B1C-28F0-4455-BDB9-2775B098C831\" rel=\"nofollow noopener noreferrer\">step</a>)</p><ul><li>Order ready to ship on <strong>March 12, 2020 at 4:25 PM</strong></li></ul><p><br></p><h4><strong>Alternative Analysis Steps:</strong></h4><p>1) Create a capsule spanning the time over which production rate data exists for this run. (<a href=\"/links?type&#61;workstep&amp;workbook&#61;61B5BF99-D276-4BE7-8F26-0B65F19F1FA6&amp;worksheet&#61;0EE7EB6B-9EC4-71C0-813E-EBD27924B4BC&amp;workstep&#61;686B81AE-C79C-478F-A8E5-43807FA79164\" rel=\"nofollow noopener noreferrer\">step</a>)</p><p>2) Calculate the total time elapsed since the beginning of the production run. (<a href=\"/links?type&#61;workstep&amp;workbook&#61;61B5BF99-D276-4BE7-8F26-0B65F19F1FA6&amp;worksheet&#61;0EE7EB6B-9EC4-71C0-813E-EBD27924B4BC&amp;workstep&#61;58BAC45A-3D6E-486C-918C-ED6D11C15D7C\" rel=\"nofollow noopener noreferrer\">step</a>)</p><p>3) Calculate a totalizer signal for a given amount of product produced at any point during the run. (<a href=\"/links?type&#61;workstep&amp;workbook&#61;61B5BF99-D276-4BE7-8F26-0B65F19F1FA6&amp;worksheet&#61;0EE7EB6B-9EC4-71C0-813E-EBD27924B4BC&amp;workstep&#61;2D218408-1AED-4DD4-8230-E2E95063A5C2\" rel=\"nofollow noopener noreferrer\">step</a>)</p><p>4) Calculate the number of downtimes that would be required to fulfill the order quantity at any point in the production cycle. (<a href=\"/links?type&#61;workstep&amp;workbook&#61;61B5BF99-D276-4BE7-8F26-0B65F19F1FA6&amp;worksheet&#61;0EE7EB6B-9EC4-71C0-813E-EBD27924B4BC&amp;workstep&#61;22A287A6-261A-4B2C-B33C-316328B59344\" rel=\"nofollow noopener noreferrer\">step</a>)</p><p>5) Calculate the Average Production Rate at each point during the current run time. (<a href=\"/links?type&#61;workstep&amp;workbook&#61;61B5BF99-D276-4BE7-8F26-0B65F19F1FA6&amp;worksheet&#61;0EE7EB6B-9EC4-71C0-813E-EBD27924B4BC&amp;workstep&#61;4574C6CF-4EC0-4AF4-A3D1-5BC9C49BDDB0\" rel=\"nofollow noopener noreferrer\">step</a>)</p><p>6) Calculate the total run time (including downtimes) required to produce the given order quantity based on the number of required downtimes. (<a href=\"/links?type&#61;workstep&amp;workbook&#61;61B5BF99-D276-4BE7-8F26-0B65F19F1FA6&amp;worksheet&#61;0EE7EB6B-9EC4-71C0-813E-EBD27924B4BC&amp;workstep&#61;D9A4D1C5-204E-4788-AB5F-79A5AF5FE0E1\" rel=\"nofollow noopener noreferrer\">step</a>)</p><p>7) <span style=\"color: rgb(51, 51, 51); font-family: &#34;Source Sans Pro&#34;, &#34;Helvetica Neue&#34;, Helvetica, Arial, sans-serif; font-size: 13px; font-style: normal; font-variant-ligatures: normal; font-variant-caps: normal; font-weight: 400; letter-spacing: normal; orphans: 2; text-align: left; text-indent: 0px; text-transform: none; white-space: normal; widows: 2; word-spacing: 0px; -webkit-text-stroke-width: 0px; background-color: rgb(255, 255, 255); text-decoration-style: initial; text-decoration-color: initial; display: inline !important; float: none;\">Find the Minimum run time required using Signal from Condition.</span> (<a href=\"/links?type&#61;workstep&amp;workbook&#61;61B5BF99-D276-4BE7-8F26-0B65F19F1FA6&amp;worksheet&#61;0EE7EB6B-9EC4-71C0-813E-EBD27924B4BC&amp;workstep&#61;7FAB9A16-6CAD-4A1D-9A3F-F8EF7453E247\" rel=\"nofollow noopener noreferrer\">step</a>)</p><p>8) Create a new condition showing the full order fulfillment time. View the date that the order will be ready to ship in the capsules pane. (<a href=\"/links?type&#61;workstep&amp;workbook&#61;61B5BF99-D276-4BE7-8F26-0B65F19F1FA6&amp;worksheet&#61;0EE7EB6B-9EC4-71C0-813E-EBD27924B4BC&amp;workstep&#61;3054C248-E0DF-4C70-B2A9-3FB320F68949\" rel=\"nofollow noopener noreferrer\">step</a>)</p><ul><li><span style=\"color: rgb(51, 51, 51); font-family: &#34;Source Sans Pro&#34;, &#34;Helvetica Neue&#34;, Helvetica, Arial, sans-serif; font-size: 13px; font-style: normal; font-variant-ligatures: normal; font-variant-caps: normal; font-weight: 400; letter-spacing: normal; orphans: 2; text-align: left; text-indent: 0px; text-transform: none; white-space: normal; widows: 2; word-spacing: 0px; -webkit-text-stroke-width: 0px; background-color: rgb(255, 255, 255); text-decoration-style: initial; text-decoration-color: initial; display: inline !important; float: none;\">Based on 4 downtimes and 5 run times to produce the desired amount, downtimes should be taken every 284.88 h of run time [(1472.4 h total time - 48 h of downtime) / 5 run times].</span></li><li>The order will be ready to ship on <strong>March 2, 2020 at 1:24 AM Pacific</strong></li></ul><p style=\"box-sizing: border-box; margin: 0px 0px 9px; color: rgb(51, 51, 51); font-family: &#34;Source Sans Pro&#34;, &#34;Helvetica Neue&#34;, Helvetica, Arial, sans-serif; font-size: 13px; font-style: normal; font-variant-ligatures: normal; font-variant-caps: normal; font-weight: 400; letter-spacing: normal; orphans: 2; text-align: left; text-indent: 0px; text-transform: none; white-space: normal; widows: 2; word-spacing: 0px; -webkit-text-stroke-width: 0px; text-decoration-style: initial; text-decoration-color: initial;\">9) Identify the production rate at the point of min runtime. This can be used as a trigger for taking a proactive downtime. (<a href=\"/links?type&#61;workstep&amp;workbook&#61;61B5BF99-D276-4BE7-8F26-0B65F19F1FA6&amp;worksheet&#61;0EE7EB6B-9EC4-71C0-813E-EBD27924B4BC&amp;workstep&#61;00E73390-16D7-492B-8538-64CA11E1902F\" rel=\"nofollow noopener noreferrer\">step</a>)</p><p style=\"box-sizing: border-box; margin: 0px 0px 9px; color: rgb(51, 51, 51); font-family: &#34;Source Sans Pro&#34;, &#34;Helvetica Neue&#34;, Helvetica, Arial, sans-serif; font-size: 13px; font-style: normal; font-variant-ligatures: normal; font-variant-caps: normal; font-weight: 400; letter-spacing: normal; orphans: 2; text-align: left; text-indent: 0px; text-transform: none; white-space: normal; widows: 2; word-spacing: 0px; -webkit-text-stroke-width: 0px; text-decoration-style: initial; text-decoration-color: initial;\">10) Build a Reference Profile for the ideal production cycles to monitor current operations against. (<a href=\"/links?type&#61;workstep&amp;workbook&#61;61B5BF99-D276-4BE7-8F26-0B65F19F1FA6&amp;worksheet&#61;0EE7EB6B-9EC4-71C0-813E-EBD27924B4BC&amp;workstep&#61;6BAB6AC1-7E55-4372-A4CA-AF0A25808238\" rel=\"nofollow noopener noreferrer\">step</a>)</p><p style=\"box-sizing: border-box; margin: 0px 0px 9px; color: rgb(51, 51, 51); font-family: &#34;Source Sans Pro&#34;, &#34;Helvetica Neue&#34;, Helvetica, Arial, sans-serif; font-size: 13px; font-style: normal; font-variant-ligatures: normal; font-variant-caps: normal; font-weight: 400; letter-spacing: normal; orphans: 2; text-align: left; text-indent: 0px; text-transform: none; white-space: normal; widows: 2; word-spacing: 0px; -webkit-text-stroke-width: 0px; text-decoration-style: initial; text-decoration-color: initial;\"><br></p><p style=\"box-sizing: border-box; margin: 0px 0px 9px; color: rgb(51, 51, 51); font-family: &#34;Source Sans Pro&#34;, &#34;Helvetica Neue&#34;, Helvetica, Arial, sans-serif; font-size: 13px; font-style: normal; font-variant-ligatures: normal; font-variant-caps: normal; font-weight: 400; letter-spacing: normal; orphans: 2; text-align: left; text-indent: 0px; text-transform: none; white-space: normal; widows: 2; word-spacing: 0px; -webkit-text-stroke-width: 0px; text-decoration-style: initial; text-decoration-color: initial;\"><a href=\"/links?type&#61;workstep&amp;workbook&#61;61B5BF99-D276-4BE7-8F26-0B65F19F1FA6&amp;worksheet&#61;0EE7EB6B-9EC4-71C0-813E-EBD27924B4BC&amp;workstep&#61;D2D12D4B-F272-4E6F-AA91-2FF55485D392\" rel=\"nofollow noopener noreferrer\">Promotional - Run Length Optimization - Demo (May 18, 2021 9:53 AM)</a></p><p style=\"box-sizing: border-box; margin: 0px 0px 9px; color: rgb(51, 51, 51); font-family: &#34;Source Sans Pro&#34;, &#34;Helvetica Neue&#34;, Helvetica, Arial, sans-serif; font-size: 13px; font-style: normal; font-variant-ligatures: normal; font-variant-caps: normal; font-weight: 400; letter-spacing: normal; orphans: 2; text-align: left; text-indent: 0px; text-transform: none; white-space: normal; widows: 2; word-spacing: 0px; -webkit-text-stroke-width: 0px; text-decoration-style: initial; text-decoration-color: initial;\"><br></p><h4><strong>Conclusion:</strong></h4><h4 style=\"box-sizing: border-box; margin: 0px 0px 9px; color: rgb(51, 51, 51); font-family: &#34;Source Sans Pro&#34;, &#34;Helvetica Neue&#34;, Helvetica, Arial, sans-serif; font-size: 13px; font-style: normal; font-variant-ligatures: normal; font-variant-caps: normal; font-weight: 400; letter-spacing: normal; orphans: 2; text-align: left; text-indent: 0px; text-transform: none; white-space: normal; widows: 2; word-spacing: 0px; -webkit-text-stroke-width: 0px; text-decoration-style: initial; text-decoration-color: initial;\">By periodically shutting down to ensure all equipment is operating as best possible, the production unit was able to fulfill the order 10.5 days sooner (an 11% improvement on their typical fulfillment time). In a high demand environment, this operational change has the ability to increase sales volumes and revenues by an equal percentage.\u00a0</h4><p><a href=\"/links?type&#61;workstep&amp;workbook&#61;61B5BF99-D276-4BE7-8F26-0B65F19F1FA6&amp;worksheet&#61;0EE7EB6B-9EC4-71C0-813E-EBD27924B4BC&amp;workstep&#61;D89605F3-0ECE-4356-A668-B3CF440DCEC7\" rel=\"nofollow noopener noreferrer\">Visual Comparison</a></p><p><br></p>",
        "ID": "0EE7EB6C-02B6-60C0-8DED-8A78FA3E0DD5",
        "Is CK Enabled": true,
        "Locked": false,
        "Name": "Run Length Optimization",
        "Plain Text Document": "Run Length Optimization\u00a0By periodically shutting down to ensure all equipment is operating as best possible, the production unit was able to fulfill the order 10.5 days sooner (an 11% improvement on their typical fulfillment time). In a high demand environment, this operational change has the ability to increase sales volumes and revenues by an equal percentage.\u00a0Problem StatementMany manufacturing units hit process throughput constraints over the course of a run. These constraints are often reversible, but at the cost of shutting down to clean/maintain equipment. \u00a0Assuming every production time period has associated downtime, predicting the right time to shutdown and clean equipment enables a unit to meet their production goals sooner. Meeting targets sooner translates into more production (&amp; $$) over time.\u00a0Optimizing run length to meet production target soonerSolution:Use Prediction tool to predict future production rate and identify when the production target of 50,000 klb is met if no downtime is scheduled during the run.Calculate the number of downtimes that would be required to fulfill the order quantity at any point in the production cycle.\u00a0Calculate the Average Production Rate at each point during the current run time and the total run time (including downtimes) required to produce the given order quantity based on the number of required downtimes.Find the minimum run length required and use that to create a new condition showing the full order fulfillment time.\u00a0Find the production rate at the point of minimum run length to trigger proactive downtime.Build a Reference Profile for the ideal production cycles to monitor current operations against.\u00a0\u00a0\u00a0",
        "Type": "Journal",
        "Unsearchable": false,
        "Updated At": "1699517679231214267"
    }
}