,ID_Fan_Vibration (0EEA657F-ADD8-6090-9199-26D06EE22A64),ID_Fan_Motor_State (0EEA657F-ADD8-6090-BF46-3D5686201B92)
2019-12-31 19:00:00-05:00,0.021042309,off
2019-12-31 20:00:00-05:00,0.195750812,on
2019-12-31 21:00:00-05:00,0.20049072699999998,on
2019-12-31 22:00:00-05:00,0.202355263,on
2019-12-31 23:00:00-05:00,0.202174569,on
2020-01-01 00:00:00-05:00,0.20063862899999999,on
2020-01-01 01:00:00-05:00,0.230115115,on
2020-01-01 02:00:00-05:00,0.20149145100000002,on
2020-01-01 03:00:00-05:00,0.21197482899999998,on
2020-01-01 04:00:00-05:00,0.21275559800000002,on
2020-01-01 05:00:00-05:00,0.203191084,on
2020-01-01 06:00:00-05:00,0.202530388,on
2020-01-01 07:00:00-05:00,0.202684003,on
2020-01-01 08:00:00-05:00,0.202443139,on
2020-01-01 09:00:00-05:00,0.203954097,on
2020-01-01 10:00:00-05:00,0.19644267199999998,on
2020-01-01 11:00:00-05:00,0.177270447,on
2020-01-01 12:00:00-05:00,0.168354561,on
2020-01-01 13:00:00-05:00,0.168904743,on
2020-01-01 14:00:00-05:00,0.168358427,on
2020-01-01 15:00:00-05:00,0.16948042300000002,on
2020-01-01 16:00:00-05:00,0.17730062,on
2020-01-01 17:00:00-05:00,0.179979683,on
2020-01-01 18:00:00-05:00,0.18075987699999999,on
2020-01-01 19:00:00-05:00,0.181080297,on
2020-01-01 20:00:00-05:00,0.18046591,on
2020-01-01 21:00:00-05:00,0.181140873,on
2020-01-01 22:00:00-05:00,0.181142745,on
2020-01-01 23:00:00-05:00,0.18138502899999998,on
2020-01-02 00:00:00-05:00,0.187821763,on
2020-01-02 01:00:00-05:00,0.203565314,on
2020-01-02 02:00:00-05:00,0.315618895,off
2020-01-02 03:00:00-05:00,0.44815847200000003,off
2020-01-02 04:00:00-05:00,0.37939392,off
2020-01-02 05:00:00-05:00,0.230764363,off
2020-01-02 06:00:00-05:00,0.203689125,on
2020-01-02 07:00:00-05:00,0.202410733,on
2020-01-02 08:00:00-05:00,0.200647275,on
2020-01-02 09:00:00-05:00,0.201058128,on
2020-01-02 10:00:00-05:00,0.20125938100000001,on
2020-01-02 11:00:00-05:00,0.198750271,on
2020-01-02 12:00:00-05:00,0.19222199899999998,on
2020-01-02 13:00:00-05:00,0.18602898199999998,on
2020-01-02 14:00:00-05:00,0.185629708,on
2020-01-02 15:00:00-05:00,0.18588427800000001,on
2020-01-02 16:00:00-05:00,0.189451984,on
2020-01-02 17:00:00-05:00,0.200531932,on
2020-01-02 18:00:00-05:00,0.200921016,on
2020-01-02 19:00:00-05:00,0.20216502100000003,on
2020-01-02 20:00:00-05:00,0.202674203,on
2020-01-02 21:00:00-05:00,0.20215195800000002,on
2020-01-02 22:00:00-05:00,0.201188686,on
2020-01-02 23:00:00-05:00,0.202171237,on
2020-01-03 00:00:00-05:00,0.20266178199999998,on
2020-01-03 01:00:00-05:00,0.20162622,on
2020-01-03 02:00:00-05:00,0.19555784899999998,on
2020-01-03 03:00:00-05:00,0.19476423,on
2020-01-03 04:00:00-05:00,0.19998511800000002,on
2020-01-03 05:00:00-05:00,0.20048057800000002,on
2020-01-03 06:00:00-05:00,0.196893631,on
2020-01-03 07:00:00-05:00,0.197479171,on
2020-01-03 08:00:00-05:00,0.19569920300000002,on
2020-01-03 09:00:00-05:00,0.19525924,on
2020-01-03 10:00:00-05:00,0.194536932,on
2020-01-03 11:00:00-05:00,0.19624015,on
2020-01-03 12:00:00-05:00,0.19695074899999998,on
2020-01-03 13:00:00-05:00,0.195260739,on
2020-01-03 14:00:00-05:00,0.196890817,on
2020-01-03 15:00:00-05:00,0.197344682,on
2020-01-03 16:00:00-05:00,0.19674362899999998,on
2020-01-03 17:00:00-05:00,0.197302329,on
2020-01-03 18:00:00-05:00,0.197439127,on
2020-01-03 19:00:00-05:00,0.197676678,on
2020-01-03 20:00:00-05:00,0.197170813,on
2020-01-03 21:00:00-05:00,0.19746117,on
2020-01-03 22:00:00-05:00,0.197503436,on
2020-01-03 23:00:00-05:00,0.198727193,on
2020-01-04 00:00:00-05:00,0.197569975,on
2020-01-04 01:00:00-05:00,0.19865291100000002,on
2020-01-04 02:00:00-05:00,0.198917395,on
2020-01-04 03:00:00-05:00,0.199820312,on
2020-01-04 04:00:00-05:00,0.199341032,on
2020-01-04 05:00:00-05:00,0.20004306,on
2020-01-04 06:00:00-05:00,0.200100041,on
2020-01-04 07:00:00-05:00,0.20017932100000002,on
2020-01-04 08:00:00-05:00,0.200416435,on
2020-01-04 09:00:00-05:00,0.201200336,on
2020-01-04 10:00:00-05:00,0.20106964800000002,on
2020-01-04 11:00:00-05:00,0.20046692800000002,on
2020-01-04 12:00:00-05:00,0.200594036,on
2020-01-04 13:00:00-05:00,0.200944879,on
2020-01-04 14:00:00-05:00,0.206186048,on
2020-01-04 15:00:00-05:00,0.201668911,on
2020-01-04 16:00:00-05:00,0.20232349,on
2020-01-04 17:00:00-05:00,0.20271406600000003,on
2020-01-04 18:00:00-05:00,0.202906985,on
2020-01-04 19:00:00-05:00,0.20257340100000001,on
2020-01-04 20:00:00-05:00,0.20268351199999998,on
2020-01-04 21:00:00-05:00,0.202232785,on
2020-01-04 22:00:00-05:00,0.202859271,on
2020-01-04 23:00:00-05:00,0.203827381,on
2020-01-05 00:00:00-05:00,0.20413376800000002,on
2020-01-05 01:00:00-05:00,0.204107822,on
2020-01-05 02:00:00-05:00,0.202244161,on
2020-01-05 03:00:00-05:00,0.20266552,on
2020-01-05 04:00:00-05:00,0.203980548,on
2020-01-05 05:00:00-05:00,0.199843205,on
2020-01-05 06:00:00-05:00,0.19273098800000002,on
2020-01-05 07:00:00-05:00,0.19526461399999998,on
2020-01-05 08:00:00-05:00,0.196998098,on
2020-01-05 09:00:00-05:00,0.196962393,on
2020-01-05 10:00:00-05:00,0.19548367600000002,on
2020-01-05 11:00:00-05:00,0.194793518,on
2020-01-05 12:00:00-05:00,0.195933462,on
2020-01-05 13:00:00-05:00,0.195350758,on
2020-01-05 14:00:00-05:00,0.197430208,on
2020-01-05 15:00:00-05:00,0.19652441199999998,on
2020-01-05 16:00:00-05:00,0.196047875,on
2020-01-05 17:00:00-05:00,0.197659757,on
2020-01-05 18:00:00-05:00,0.197179753,on
2020-01-05 19:00:00-05:00,0.197033522,on
2020-01-05 20:00:00-05:00,0.197225042,on
2020-01-05 21:00:00-05:00,0.197355732,on
2020-01-05 22:00:00-05:00,0.19763343,on
2020-01-05 23:00:00-05:00,0.197571987,on
2020-01-06 00:00:00-05:00,0.197941137,on
2020-01-06 01:00:00-05:00,0.198020502,on
2020-01-06 02:00:00-05:00,0.19846012,on
2020-01-06 03:00:00-05:00,0.19988863199999998,on
2020-01-06 04:00:00-05:00,0.201258457,on
2020-01-06 05:00:00-05:00,0.20065979399999997,on
2020-01-06 06:00:00-05:00,0.20040113399999998,on
2020-01-06 07:00:00-05:00,0.200153319,on
2020-01-06 08:00:00-05:00,0.200269058,on
2020-01-06 09:00:00-05:00,0.20045433699999998,on
2020-01-06 10:00:00-05:00,0.20077177899999998,on
2020-01-06 11:00:00-05:00,0.200745548,on
2020-01-06 12:00:00-05:00,0.23304654600000002,off
2020-01-06 13:00:00-05:00,0.693728984,off
2020-01-06 14:00:00-05:00,0.8301591629999999,off
2020-01-06 15:00:00-05:00,0.996682746,off
2020-01-06 16:00:00-05:00,0.749044198,off
2020-01-06 17:00:00-05:00,0.280775251,off
2020-01-06 18:00:00-05:00,0.214600735,off
2020-01-06 19:00:00-05:00,0.196886841,on
2020-01-06 20:00:00-05:00,0.197074489,on
2020-01-06 21:00:00-05:00,0.20050542899999999,on
2020-01-06 22:00:00-05:00,0.19946332600000002,on
2020-01-06 23:00:00-05:00,0.19921663399999998,on
2020-01-07 00:00:00-05:00,0.196473268,on
2020-01-07 01:00:00-05:00,0.198047477,on
2020-01-07 02:00:00-05:00,0.199099532,on
2020-01-07 03:00:00-05:00,0.199068897,on
2020-01-07 04:00:00-05:00,0.199825594,on
2020-01-07 05:00:00-05:00,0.200388861,on
2020-01-07 06:00:00-05:00,0.20094238399999997,on
2020-01-07 07:00:00-05:00,0.201132167,on
2020-01-07 08:00:00-05:00,0.201128602,on
2020-01-07 09:00:00-05:00,0.202645264,on
2020-01-07 10:00:00-05:00,0.201929637,on
2020-01-07 11:00:00-05:00,0.202387724,on
2020-01-07 12:00:00-05:00,0.202155718,on
2020-01-07 13:00:00-05:00,0.20094678600000002,on
2020-01-07 14:00:00-05:00,0.200308911,on
2020-01-07 15:00:00-05:00,0.20028704,on
2020-01-07 16:00:00-05:00,0.199057137,on
2020-01-07 17:00:00-05:00,0.19885554,on
2020-01-07 18:00:00-05:00,0.199286574,on
2020-01-07 19:00:00-05:00,0.201111705,on
2020-01-07 20:00:00-05:00,0.202574118,on
2020-01-07 21:00:00-05:00,0.200309973,on
2020-01-07 22:00:00-05:00,0.200671315,on
2020-01-07 23:00:00-05:00,0.20073407100000001,on
2020-01-08 00:00:00-05:00,0.204069153,on
2020-01-08 01:00:00-05:00,0.20469567,on
2020-01-08 02:00:00-05:00,0.219919705,on
2020-01-08 03:00:00-05:00,0.048142344000000004,off
2020-01-08 04:00:00-05:00,0.041463636,off
2020-01-08 05:00:00-05:00,0.04253,off
2020-01-08 06:00:00-05:00,0.037275908999999996,off
2020-01-08 07:00:00-05:00,0.048327273,off
2020-01-08 08:00:00-05:00,0.043928182,off
2020-01-08 09:00:00-05:00,0.042301818,off
2020-01-08 10:00:00-05:00,0.256713452,off
2020-01-08 11:00:00-05:00,0.221144046,on
2020-01-08 12:00:00-05:00,0.217311592,on
2020-01-08 13:00:00-05:00,0.227063122,on
2020-01-08 14:00:00-05:00,0.228751758,on
2020-01-08 15:00:00-05:00,0.227068183,on
2020-01-08 16:00:00-05:00,0.239988079,on
2020-01-08 17:00:00-05:00,0.222652395,on
2020-01-08 18:00:00-05:00,0.224848527,on
2020-01-08 19:00:00-05:00,0.227114454,on
2020-01-08 20:00:00-05:00,0.228325793,on
2020-01-08 21:00:00-05:00,0.228727194,on
2020-01-08 22:00:00-05:00,0.23014472600000002,on
2020-01-08 23:00:00-05:00,0.230295661,on
2020-01-09 00:00:00-05:00,0.229276835,on
2020-01-09 01:00:00-05:00,0.230122608,on
2020-01-09 02:00:00-05:00,0.228565099,on
2020-01-09 03:00:00-05:00,0.228197343,on
2020-01-09 04:00:00-05:00,0.22900952600000002,on
2020-01-09 05:00:00-05:00,0.22776082,on
2020-01-09 06:00:00-05:00,0.227178656,on
2020-01-09 07:00:00-05:00,0.228194333,on
2020-01-09 08:00:00-05:00,0.227204608,on
2020-01-09 09:00:00-05:00,0.227507815,on
2020-01-09 10:00:00-05:00,0.22840115,on
2020-01-09 11:00:00-05:00,0.230601533,on
2020-01-09 12:00:00-05:00,0.23072734600000003,on
2020-01-09 13:00:00-05:00,0.231595878,on
2020-01-09 14:00:00-05:00,0.232503657,on
2020-01-09 15:00:00-05:00,0.232511697,on
2020-01-09 16:00:00-05:00,0.23233410899999998,on
2020-01-09 17:00:00-05:00,0.23241962300000002,on
2020-01-09 18:00:00-05:00,0.233291069,on
2020-01-09 19:00:00-05:00,0.23387715,on
2020-01-09 20:00:00-05:00,0.231973685,on
2020-01-09 21:00:00-05:00,0.23303163899999998,on
2020-01-09 22:00:00-05:00,0.234601373,on
2020-01-09 23:00:00-05:00,0.233148303,on
2020-01-10 00:00:00-05:00,0.231465251,on
2020-01-10 01:00:00-05:00,0.230189693,on
2020-01-10 02:00:00-05:00,0.23054515899999997,on
2020-01-10 03:00:00-05:00,0.234543738,on
2020-01-10 04:00:00-05:00,0.232421026,on
2020-01-10 05:00:00-05:00,0.23352311,on
2020-01-10 06:00:00-05:00,0.231743132,on
2020-01-10 07:00:00-05:00,0.22989437399999998,on
2020-01-10 08:00:00-05:00,0.230473048,on
2020-01-10 09:00:00-05:00,0.23079155399999998,on
2020-01-10 10:00:00-05:00,0.232145623,on
2020-01-10 11:00:00-05:00,0.23358698600000002,on
2020-01-10 12:00:00-05:00,0.23338528,on
2020-01-10 13:00:00-05:00,0.232040993,on
2020-01-10 14:00:00-05:00,0.231074721,on
2020-01-10 15:00:00-05:00,0.230333278,on
2020-01-10 16:00:00-05:00,0.229671245,on
2020-01-10 17:00:00-05:00,0.229199381,on
2020-01-10 18:00:00-05:00,0.229177417,on
2020-01-10 19:00:00-05:00,0.229845205,on
2020-01-10 20:00:00-05:00,0.23142726800000002,on
2020-01-10 21:00:00-05:00,0.231790492,on
2020-01-10 22:00:00-05:00,0.232536728,on
2020-01-10 23:00:00-05:00,0.232300914,on
2020-01-11 00:00:00-05:00,0.231570135,on
2020-01-11 01:00:00-05:00,0.234705078,on
2020-01-11 02:00:00-05:00,0.235505503,on
2020-01-11 03:00:00-05:00,0.23394676600000003,on
2020-01-11 04:00:00-05:00,0.234129632,on
2020-01-11 05:00:00-05:00,0.234826485,on
2020-01-11 06:00:00-05:00,0.233237427,on
2020-01-11 07:00:00-05:00,0.232196,on
2020-01-11 08:00:00-05:00,0.23169045,on
2020-01-11 09:00:00-05:00,0.231033113,on
2020-01-11 10:00:00-05:00,0.234586624,on
2020-01-11 11:00:00-05:00,0.236967147,on
2020-01-11 12:00:00-05:00,0.234670973,on
2020-01-11 13:00:00-05:00,0.234930186,on
2020-01-11 14:00:00-05:00,0.23630086100000003,on
2020-01-11 15:00:00-05:00,0.238234435,on
2020-01-11 16:00:00-05:00,0.24403512600000002,on
2020-01-11 17:00:00-05:00,0.23993198,on
2020-01-11 18:00:00-05:00,0.23816698100000003,on
2020-01-11 19:00:00-05:00,0.268325784,on
2020-01-11 20:00:00-05:00,0.253676019,on
2020-01-11 21:00:00-05:00,0.284190316,on
2020-01-11 22:00:00-05:00,0.281439664,on
2020-01-11 23:00:00-05:00,0.259973552,on
2020-01-12 00:00:00-05:00,0.24159513100000002,on
2020-01-12 01:00:00-05:00,0.242665217,on
2020-01-12 02:00:00-05:00,0.24317638600000002,on
2020-01-12 03:00:00-05:00,0.246328653,on
2020-01-12 04:00:00-05:00,0.24506082,on
2020-01-12 05:00:00-05:00,0.246225208,on
2020-01-12 06:00:00-05:00,0.245451533,on
2020-01-12 07:00:00-05:00,0.243878386,on
2020-01-12 08:00:00-05:00,0.24401105399999998,on
2020-01-12 09:00:00-05:00,0.25218634,on
2020-01-12 10:00:00-05:00,0.262021283,on
2020-01-12 11:00:00-05:00,0.263292542,on
2020-01-12 12:00:00-05:00,0.26305366399999996,on
2020-01-12 13:00:00-05:00,0.26118991199999997,on
2020-01-12 14:00:00-05:00,0.247646698,on
2020-01-12 15:00:00-05:00,0.24375401,on
2020-01-12 16:00:00-05:00,0.24385100699999998,on
2020-01-12 17:00:00-05:00,0.244884762,on
2020-01-12 18:00:00-05:00,0.246544199,on
2020-01-12 19:00:00-05:00,0.247461194,on
2020-01-12 20:00:00-05:00,0.247019271,on
2020-01-12 21:00:00-05:00,0.24795562300000001,on
2020-01-12 22:00:00-05:00,0.248224776,on
2020-01-12 23:00:00-05:00,0.250656046,on
2020-01-13 00:00:00-05:00,0.257614573,on
2020-01-13 01:00:00-05:00,0.24516024600000003,on
2020-01-13 02:00:00-05:00,0.24401150600000002,on
2020-01-13 03:00:00-05:00,0.246296283,on
2020-01-13 04:00:00-05:00,0.24738289100000002,on
2020-01-13 05:00:00-05:00,0.246931188,on
2020-01-13 06:00:00-05:00,0.248052745,on
2020-01-13 07:00:00-05:00,0.252087353,on
2020-01-13 08:00:00-05:00,0.25080249,on
2020-01-13 09:00:00-05:00,0.249879233,on
2020-01-13 10:00:00-05:00,0.248557698,on
2020-01-13 11:00:00-05:00,0.245019729,on
2020-01-13 12:00:00-05:00,0.244454082,on
2020-01-13 13:00:00-05:00,0.245165054,on
2020-01-13 14:00:00-05:00,0.247452247,on
2020-01-13 15:00:00-05:00,0.247763349,on
2020-01-13 16:00:00-05:00,0.249803305,on
2020-01-13 17:00:00-05:00,0.250843962,on
2020-01-13 18:00:00-05:00,0.24939906,on
2020-01-13 19:00:00-05:00,0.249314961,on
2020-01-13 20:00:00-05:00,0.250313049,on
2020-01-13 21:00:00-05:00,0.251355761,on
2020-01-13 22:00:00-05:00,0.251306281,on
2020-01-13 23:00:00-05:00,0.250788986,on
2020-01-14 00:00:00-05:00,0.250562966,on
2020-01-14 01:00:00-05:00,0.250174362,on
2020-01-14 02:00:00-05:00,0.25013089899999996,on
2020-01-14 03:00:00-05:00,0.250800583,on
2020-01-14 04:00:00-05:00,0.251557142,on
2020-01-14 05:00:00-05:00,0.251295735,on
2020-01-14 06:00:00-05:00,0.252620816,on
2020-01-14 07:00:00-05:00,0.251745465,on
2020-01-14 08:00:00-05:00,0.251434087,on
2020-01-14 09:00:00-05:00,0.250754333,on
2020-01-14 10:00:00-05:00,0.250025027,on
2020-01-14 11:00:00-05:00,0.251842036,on
2020-01-14 12:00:00-05:00,0.250839093,on
2020-01-14 13:00:00-05:00,0.248976505,on
2020-01-14 14:00:00-05:00,0.247025348,on
2020-01-14 15:00:00-05:00,0.259399858,on
2020-01-14 16:00:00-05:00,0.251391059,on
2020-01-14 17:00:00-05:00,0.256876946,on
2020-01-14 18:00:00-05:00,0.259550671,on
2020-01-14 19:00:00-05:00,0.257512471,on
2020-01-14 20:00:00-05:00,0.250939811,on
2020-01-14 21:00:00-05:00,0.248381618,on
2020-01-14 22:00:00-05:00,0.23640219199999998,on
2020-01-14 23:00:00-05:00,0.227967405,on
2020-01-15 00:00:00-05:00,0.22606233899999997,on
2020-01-15 01:00:00-05:00,0.22633836,on
2020-01-15 02:00:00-05:00,0.227662538,on
2020-01-15 03:00:00-05:00,0.231458937,on
2020-01-15 04:00:00-05:00,0.230028077,on
2020-01-15 05:00:00-05:00,0.230027505,on
2020-01-15 06:00:00-05:00,0.230798179,on
2020-01-15 07:00:00-05:00,0.232102468,on
2020-01-15 08:00:00-05:00,0.233438271,on
2020-01-15 09:00:00-05:00,0.235686888,on
2020-01-15 10:00:00-05:00,0.235487592,on
2020-01-15 11:00:00-05:00,0.234158032,on
2020-01-15 12:00:00-05:00,0.23575523,on
2020-01-15 13:00:00-05:00,0.232262262,on
2020-01-15 14:00:00-05:00,0.231852075,on
2020-01-15 15:00:00-05:00,0.234934399,on
2020-01-15 16:00:00-05:00,0.23602174199999998,on
2020-01-15 17:00:00-05:00,0.23556729,on
2020-01-15 18:00:00-05:00,0.234694053,on
2020-01-15 19:00:00-05:00,0.233669963,on
2020-01-15 20:00:00-05:00,0.23245480699999999,on
2020-01-15 21:00:00-05:00,0.232601305,on
2020-01-15 22:00:00-05:00,0.23335942,on
2020-01-15 23:00:00-05:00,0.233517323,on
2020-01-16 00:00:00-05:00,0.223534165,on
2020-01-16 01:00:00-05:00,0.23366519300000002,on
2020-01-16 02:00:00-05:00,0.234667364,on
2020-01-16 03:00:00-05:00,0.236413994,on
2020-01-16 04:00:00-05:00,0.236686124,on
2020-01-16 05:00:00-05:00,0.23678433899999998,on
2020-01-16 06:00:00-05:00,0.23746023600000002,on
2020-01-16 07:00:00-05:00,0.23694997,on
2020-01-16 08:00:00-05:00,0.23755716100000002,on
2020-01-16 09:00:00-05:00,0.23878960000000002,on
2020-01-16 10:00:00-05:00,0.23979544,on
2020-01-16 11:00:00-05:00,0.240634656,on
2020-01-16 12:00:00-05:00,0.239943715,on
2020-01-16 13:00:00-05:00,0.24015585,on
2020-01-16 14:00:00-05:00,0.24086807300000002,on
2020-01-16 15:00:00-05:00,0.240624632,on
2020-01-16 16:00:00-05:00,0.240658335,on
2020-01-16 17:00:00-05:00,0.23943304899999998,on
2020-01-16 18:00:00-05:00,0.23865207100000002,on
2020-01-16 19:00:00-05:00,0.239081045,on
2020-01-16 20:00:00-05:00,0.239191056,on
2020-01-16 21:00:00-05:00,0.239565492,on
2020-01-16 22:00:00-05:00,0.242500305,on
2020-01-16 23:00:00-05:00,0.245429095,on
2020-01-17 00:00:00-05:00,0.24121263699999998,on
2020-01-17 01:00:00-05:00,0.24146399899999998,on
2020-01-17 02:00:00-05:00,0.242595769,on
2020-01-17 03:00:00-05:00,0.24466310800000002,on
2020-01-17 04:00:00-05:00,0.244761371,on
2020-01-17 05:00:00-05:00,0.245053971,on
2020-01-17 06:00:00-05:00,0.243920781,on
2020-01-17 07:00:00-05:00,0.24417373399999998,on
2020-01-17 08:00:00-05:00,0.24477198100000003,on
2020-01-17 09:00:00-05:00,0.244936529,on
2020-01-17 10:00:00-05:00,0.245239058,on
2020-01-17 11:00:00-05:00,0.24563661,on
2020-01-17 12:00:00-05:00,0.24569909399999998,on
2020-01-17 13:00:00-05:00,0.245885209,on
2020-01-17 14:00:00-05:00,0.24716513,on
2020-01-17 15:00:00-05:00,0.24708486,on
2020-01-17 16:00:00-05:00,0.247961512,on
2020-01-17 17:00:00-05:00,0.24898006399999997,on
2020-01-17 18:00:00-05:00,0.249158713,on
2020-01-17 19:00:00-05:00,0.24849219,on
2020-01-17 20:00:00-05:00,0.247767853,on
2020-01-17 21:00:00-05:00,0.246487862,on
2020-01-17 22:00:00-05:00,0.245548285,on
2020-01-17 23:00:00-05:00,0.245857462,on
2020-01-18 00:00:00-05:00,0.249534814,on
2020-01-18 01:00:00-05:00,0.249230943,on
2020-01-18 02:00:00-05:00,0.248139408,on
2020-01-18 03:00:00-05:00,0.248284935,on
2020-01-18 04:00:00-05:00,0.24936541399999998,on
2020-01-18 05:00:00-05:00,0.250965897,on
2020-01-18 06:00:00-05:00,0.25204103,on
2020-01-18 07:00:00-05:00,0.251430324,on
2020-01-18 08:00:00-05:00,0.24983507100000002,on
2020-01-18 09:00:00-05:00,0.24831640800000002,on
2020-01-18 10:00:00-05:00,0.24615953899999998,on
2020-01-18 11:00:00-05:00,0.247899116,on
2020-01-18 12:00:00-05:00,0.246628875,on
2020-01-18 13:00:00-05:00,0.25004593,on
2020-01-18 14:00:00-05:00,0.252355153,on
2020-01-18 15:00:00-05:00,0.249890668,on
2020-01-18 16:00:00-05:00,0.24900571800000001,on
2020-01-18 17:00:00-05:00,0.24757635600000003,on
2020-01-18 18:00:00-05:00,0.24658031800000002,on
2020-01-18 19:00:00-05:00,0.246719512,on
2020-01-18 20:00:00-05:00,0.248067111,on
2020-01-18 21:00:00-05:00,0.250190628,on
2020-01-18 22:00:00-05:00,0.250874604,on
2020-01-18 23:00:00-05:00,0.252540545,on
2020-01-19 00:00:00-05:00,0.252465094,on
2020-01-19 01:00:00-05:00,0.251584672,on
2020-01-19 02:00:00-05:00,0.251480922,on
2020-01-19 03:00:00-05:00,0.251131907,on
2020-01-19 04:00:00-05:00,0.251648129,on
2020-01-19 05:00:00-05:00,0.253296791,on
2020-01-19 06:00:00-05:00,0.255531148,on
2020-01-19 07:00:00-05:00,0.255095965,on
2020-01-19 08:00:00-05:00,0.254087429,on
2020-01-19 09:00:00-05:00,0.255060413,on
2020-01-19 10:00:00-05:00,0.257175322,on
2020-01-19 11:00:00-05:00,0.259107061,on
2020-01-19 12:00:00-05:00,0.26560737100000004,on
2020-01-19 13:00:00-05:00,0.263111849,on
2020-01-19 14:00:00-05:00,0.250477297,on
2020-01-19 15:00:00-05:00,0.251909208,on
2020-01-19 16:00:00-05:00,0.252564477,on
2020-01-19 17:00:00-05:00,0.25275572,on
2020-01-19 18:00:00-05:00,0.253828224,on
2020-01-19 19:00:00-05:00,0.254786535,on
2020-01-19 20:00:00-05:00,0.254296672,on
2020-01-19 21:00:00-05:00,0.253925273,on
2020-01-19 22:00:00-05:00,0.254621859,on
2020-01-19 23:00:00-05:00,0.253574431,on
2020-01-20 00:00:00-05:00,0.252504963,on
2020-01-20 01:00:00-05:00,0.279923484,on
2020-01-20 02:00:00-05:00,0.269697803,on
2020-01-20 03:00:00-05:00,0.258528467,on
2020-01-20 04:00:00-05:00,0.260428349,on
2020-01-20 05:00:00-05:00,0.263245512,on
2020-01-20 06:00:00-05:00,0.260082248,on
2020-01-20 07:00:00-05:00,0.261105594,on
2020-01-20 08:00:00-05:00,0.26066069,on
2020-01-20 09:00:00-05:00,0.259800276,on
2020-01-20 10:00:00-05:00,0.259235862,on
2020-01-20 11:00:00-05:00,0.25747474800000003,on
2020-01-20 12:00:00-05:00,0.258705338,on
2020-01-20 13:00:00-05:00,0.260307807,on
2020-01-20 14:00:00-05:00,0.260096913,on
2020-01-20 15:00:00-05:00,0.259203718,on
2020-01-20 16:00:00-05:00,0.259194557,on
2020-01-20 17:00:00-05:00,0.259806925,on
2020-01-20 18:00:00-05:00,0.25953716600000004,on
2020-01-20 19:00:00-05:00,0.259197722,on
2020-01-20 20:00:00-05:00,0.259741767,on
2020-01-20 21:00:00-05:00,0.259311664,on
2020-01-20 22:00:00-05:00,0.257903282,on
2020-01-20 23:00:00-05:00,0.257914475,on
2020-01-21 00:00:00-05:00,0.259014958,on
2020-01-21 01:00:00-05:00,0.258773593,on
2020-01-21 02:00:00-05:00,0.257564152,on
2020-01-21 03:00:00-05:00,0.257723404,on
2020-01-21 04:00:00-05:00,0.258169914,on
2020-01-21 05:00:00-05:00,0.257896303,on
2020-01-21 06:00:00-05:00,0.259991767,on
2020-01-21 07:00:00-05:00,0.260282755,on
2020-01-21 08:00:00-05:00,0.260280844,on
2020-01-21 09:00:00-05:00,0.260155664,on
2020-01-21 10:00:00-05:00,0.258771062,on
2020-01-21 11:00:00-05:00,0.259844089,on
2020-01-21 12:00:00-05:00,0.260131741,on
2020-01-21 13:00:00-05:00,0.26099989,on
2020-01-21 14:00:00-05:00,0.261120558,on
2020-01-21 15:00:00-05:00,0.259993871,on
2020-01-21 16:00:00-05:00,0.260675563,on
2020-01-21 17:00:00-05:00,0.260511512,on
2020-01-21 18:00:00-05:00,0.26026266,on
2020-01-21 19:00:00-05:00,0.26569953,on
2020-01-21 20:00:00-05:00,0.264445663,on
2020-01-21 21:00:00-05:00,0.262272958,on
2020-01-21 22:00:00-05:00,0.263883158,on
2020-01-21 23:00:00-05:00,0.262989942,on
2020-01-22 00:00:00-05:00,0.262722802,on
2020-01-22 01:00:00-05:00,0.261725797,on
2020-01-22 02:00:00-05:00,0.261459592,on
2020-01-22 03:00:00-05:00,0.26027547,on
2020-01-22 04:00:00-05:00,0.257924036,on
2020-01-22 05:00:00-05:00,0.258021141,on
2020-01-22 06:00:00-05:00,0.25995139300000003,on
2020-01-22 07:00:00-05:00,0.26264767899999997,on
2020-01-22 08:00:00-05:00,0.26443101199999997,on
2020-01-22 09:00:00-05:00,0.26544819399999997,on
2020-01-22 10:00:00-05:00,0.278569871,on
2020-01-22 11:00:00-05:00,0.28148603899999997,on
2020-01-22 12:00:00-05:00,0.278163614,on
2020-01-22 13:00:00-05:00,0.27670835,on
2020-01-22 14:00:00-05:00,0.27720774600000003,on
2020-01-22 15:00:00-05:00,0.277078538,on
2020-01-22 16:00:00-05:00,0.27736342,on
2020-01-22 17:00:00-05:00,0.27584584300000003,on
2020-01-22 18:00:00-05:00,0.27604628800000003,on
2020-01-22 19:00:00-05:00,0.27635567699999997,on
2020-01-22 20:00:00-05:00,0.276094693,on
2020-01-22 21:00:00-05:00,0.276403572,on
2020-01-22 22:00:00-05:00,0.277492024,on
2020-01-22 23:00:00-05:00,0.277648913,on
2020-01-23 00:00:00-05:00,0.278834068,on
2020-01-23 01:00:00-05:00,0.275402401,on
2020-01-23 02:00:00-05:00,0.270037621,on
2020-01-23 03:00:00-05:00,0.270822856,on
2020-01-23 04:00:00-05:00,0.27245586,on
2020-01-23 05:00:00-05:00,0.269716146,on
2020-01-23 06:00:00-05:00,0.265944717,on
2020-01-23 07:00:00-05:00,0.267611023,on
2020-01-23 08:00:00-05:00,0.277899692,on
2020-01-23 09:00:00-05:00,0.291103097,on
2020-01-23 10:00:00-05:00,0.284515747,on
2020-01-23 11:00:00-05:00,0.27865758,on
2020-01-23 12:00:00-05:00,0.266216172,on
2020-01-23 13:00:00-05:00,0.26234419600000003,on
2020-01-23 14:00:00-05:00,0.26186009600000004,on
2020-01-23 15:00:00-05:00,0.257776833,on
2020-01-23 16:00:00-05:00,0.25773532600000004,on
2020-01-23 17:00:00-05:00,0.25708110300000003,on
2020-01-23 18:00:00-05:00,0.25571620300000003,on
2020-01-23 19:00:00-05:00,0.25756563,on
2020-01-23 20:00:00-05:00,0.259347938,on
2020-01-23 21:00:00-05:00,0.262636141,on
2020-01-23 22:00:00-05:00,0.263793139,on
2020-01-23 23:00:00-05:00,0.26988752,on
2020-01-24 00:00:00-05:00,0.27803459999999997,on
2020-01-24 01:00:00-05:00,0.276775231,on
2020-01-24 02:00:00-05:00,0.274909487,on
2020-01-24 03:00:00-05:00,0.272496408,on
2020-01-24 04:00:00-05:00,0.274114425,on
2020-01-24 05:00:00-05:00,0.274983397,on
2020-01-24 06:00:00-05:00,0.272186105,on
2020-01-24 07:00:00-05:00,0.269538087,on
2020-01-24 08:00:00-05:00,0.272666029,on
2020-01-24 09:00:00-05:00,0.273088989,on
2020-01-24 10:00:00-05:00,0.286795405,on
2020-01-24 11:00:00-05:00,0.3089037,on
2020-01-24 12:00:00-05:00,0.29218399899999997,on
2020-01-24 13:00:00-05:00,0.27511684,on
2020-01-24 14:00:00-05:00,0.27389561100000004,on
2020-01-24 15:00:00-05:00,0.277356883,on
2020-01-24 16:00:00-05:00,0.273645983,on
2020-01-24 17:00:00-05:00,0.265156461,on
2020-01-24 18:00:00-05:00,0.264046726,on
2020-01-24 19:00:00-05:00,0.264921458,on
2020-01-24 20:00:00-05:00,0.27073415300000003,on
2020-01-24 21:00:00-05:00,0.277144913,on
2020-01-24 22:00:00-05:00,0.273994685,on
2020-01-24 23:00:00-05:00,0.275018944,on
2020-01-25 00:00:00-05:00,0.278134002,on
2020-01-25 01:00:00-05:00,0.27918741199999997,on
2020-01-25 02:00:00-05:00,0.278611364,on
2020-01-25 03:00:00-05:00,0.292568113,on
2020-01-25 04:00:00-05:00,0.30394298,on
2020-01-25 05:00:00-05:00,0.303802461,on
2020-01-25 06:00:00-05:00,0.306182088,on
2020-01-25 07:00:00-05:00,0.307857974,on
2020-01-25 08:00:00-05:00,0.30868692,on
2020-01-25 09:00:00-05:00,0.310852753,on
2020-01-25 10:00:00-05:00,0.309472588,on
2020-01-25 11:00:00-05:00,0.311056942,on
2020-01-25 12:00:00-05:00,0.31073133199999997,on
2020-01-25 13:00:00-05:00,0.311086307,on
2020-01-25 14:00:00-05:00,0.312200347,on
2020-01-25 15:00:00-05:00,0.310038755,on
2020-01-25 16:00:00-05:00,0.30721519399999997,on
2020-01-25 17:00:00-05:00,0.308042763,on
2020-01-25 18:00:00-05:00,0.308637842,on
2020-01-25 19:00:00-05:00,0.309463808,on
2020-01-25 20:00:00-05:00,0.314875945,on
2020-01-25 21:00:00-05:00,0.31913774,on
2020-01-25 22:00:00-05:00,0.317418236,on
2020-01-25 23:00:00-05:00,0.317018557,on
2020-01-26 00:00:00-05:00,0.312396551,on
2020-01-26 01:00:00-05:00,0.308142166,on
2020-01-26 02:00:00-05:00,0.309491299,on
2020-01-26 03:00:00-05:00,0.312531415,on
2020-01-26 04:00:00-05:00,0.314600032,on
2020-01-26 05:00:00-05:00,0.31432873100000003,on
2020-01-26 06:00:00-05:00,0.310720273,on
2020-01-26 07:00:00-05:00,0.311061877,on
2020-01-26 08:00:00-05:00,0.30953557800000003,on
2020-01-26 09:00:00-05:00,0.309784767,on
2020-01-26 10:00:00-05:00,0.311228971,on
2020-01-26 11:00:00-05:00,0.310761452,on
2020-01-26 12:00:00-05:00,0.311452347,on
2020-01-26 13:00:00-05:00,0.31066412,on
2020-01-26 14:00:00-05:00,0.31213612399999996,on
2020-01-26 15:00:00-05:00,0.313972383,on
2020-01-26 16:00:00-05:00,0.313583321,on
2020-01-26 17:00:00-05:00,0.314172603,on
2020-01-26 18:00:00-05:00,0.313560938,on
2020-01-26 19:00:00-05:00,0.312414061,on
2020-01-26 20:00:00-05:00,0.312488266,on
2020-01-26 21:00:00-05:00,0.314649291,on
2020-01-26 22:00:00-05:00,0.315958195,on
2020-01-26 23:00:00-05:00,0.31566571600000004,on
2020-01-27 00:00:00-05:00,0.316330932,on
2020-01-27 01:00:00-05:00,0.317105344,on
2020-01-27 02:00:00-05:00,0.317139538,on
2020-01-27 03:00:00-05:00,0.31701718,on
2020-01-27 04:00:00-05:00,0.318030475,on
2020-01-27 05:00:00-05:00,0.313275745,on
2020-01-27 06:00:00-05:00,0.309321917,on
2020-01-27 07:00:00-05:00,0.307155031,on
2020-01-27 08:00:00-05:00,0.307601886,on
2020-01-27 09:00:00-05:00,0.309565266,on
2020-01-27 10:00:00-05:00,0.313712631,on
2020-01-27 11:00:00-05:00,0.314732003,on
2020-01-27 12:00:00-05:00,0.318448279,on
2020-01-27 13:00:00-05:00,0.319044715,on
2020-01-27 14:00:00-05:00,0.31782008,on
2020-01-27 15:00:00-05:00,0.323208977,on
2020-01-27 16:00:00-05:00,0.31620796100000004,on
2020-01-27 17:00:00-05:00,0.31621926,on
2020-01-27 18:00:00-05:00,0.317258252,on
2020-01-27 19:00:00-05:00,0.310968071,on
2020-01-27 20:00:00-05:00,0.285402627,on
2020-01-27 21:00:00-05:00,0.284261418,on
2020-01-27 22:00:00-05:00,0.282794695,on
2020-01-27 23:00:00-05:00,0.280476413,on
2020-01-28 00:00:00-05:00,0.281363237,on
2020-01-28 01:00:00-05:00,0.282657249,on
2020-01-28 02:00:00-05:00,0.282151953,on
2020-01-28 03:00:00-05:00,0.28452873300000003,on
2020-01-28 04:00:00-05:00,0.288524793,on
2020-01-28 05:00:00-05:00,0.286710614,on
2020-01-28 06:00:00-05:00,0.288879266,on
2020-01-28 07:00:00-05:00,0.295070452,on
2020-01-28 08:00:00-05:00,0.30391357199999997,on
2020-01-28 09:00:00-05:00,0.29783361399999997,on
2020-01-28 10:00:00-05:00,0.298036523,on
2020-01-28 11:00:00-05:00,0.299693046,on
2020-01-28 12:00:00-05:00,0.300369929,on
2020-01-28 13:00:00-05:00,0.300239166,on
2020-01-28 14:00:00-05:00,0.30450962600000003,on
2020-01-28 15:00:00-05:00,0.33264188899999997,on
2020-01-28 16:00:00-05:00,0.39074914299999997,on
2020-01-28 17:00:00-05:00,0.389499065,on
2020-01-28 18:00:00-05:00,0.391335119,on
2020-01-28 19:00:00-05:00,0.393015258,on
2020-01-28 20:00:00-05:00,0.383023063,on
2020-01-28 21:00:00-05:00,0.37897048299999997,on
2020-01-28 22:00:00-05:00,0.378794831,on
2020-01-28 23:00:00-05:00,0.380911832,on
2020-01-29 00:00:00-05:00,0.38095491,on
2020-01-29 01:00:00-05:00,0.374790275,on
2020-01-29 02:00:00-05:00,0.378262021,on
2020-01-29 03:00:00-05:00,0.37220324299999996,on
2020-01-29 04:00:00-05:00,0.364864687,on
2020-01-29 05:00:00-05:00,0.36283458799999996,on
2020-01-29 06:00:00-05:00,0.364142397,on
2020-01-29 07:00:00-05:00,0.367849789,on
2020-01-29 08:00:00-05:00,0.36989336899999997,on
2020-01-29 09:00:00-05:00,0.368098686,on
2020-01-29 10:00:00-05:00,0.36798286,on
2020-01-29 11:00:00-05:00,0.365287572,on
2020-01-29 12:00:00-05:00,0.365972776,on
2020-01-29 13:00:00-05:00,0.362937179,on
2020-01-29 14:00:00-05:00,0.366653589,on
2020-01-29 15:00:00-05:00,0.37017789,on
2020-01-29 16:00:00-05:00,0.373830971,on
2020-01-29 17:00:00-05:00,0.379334548,on
2020-01-29 18:00:00-05:00,0.37949699299999995,on
2020-01-29 19:00:00-05:00,0.37741010399999997,on
2020-01-29 20:00:00-05:00,0.380292389,on
2020-01-29 21:00:00-05:00,0.38930549,on
2020-01-29 22:00:00-05:00,0.389544574,on
2020-01-29 23:00:00-05:00,0.377272737,on
2020-01-30 00:00:00-05:00,0.37767722600000003,on
2020-01-30 01:00:00-05:00,0.381351247,on
2020-01-30 02:00:00-05:00,0.38421633299999997,on
2020-01-30 03:00:00-05:00,0.38209223600000003,on
2020-01-30 04:00:00-05:00,0.377111322,on
2020-01-30 05:00:00-05:00,0.37512462,on
2020-01-30 06:00:00-05:00,0.378244176,on
2020-01-30 07:00:00-05:00,0.38271169899999996,on
2020-01-30 08:00:00-05:00,0.388024615,on
2020-01-30 09:00:00-05:00,0.375923775,on
2020-01-30 10:00:00-05:00,0.36738292899999997,on
2020-01-30 11:00:00-05:00,0.370317058,on
2020-01-30 12:00:00-05:00,0.372330317,on
2020-01-30 13:00:00-05:00,0.37255804600000003,on
2020-01-30 14:00:00-05:00,0.379353001,on
2020-01-30 15:00:00-05:00,0.378408244,on
2020-01-30 16:00:00-05:00,0.375702442,on
2020-01-30 17:00:00-05:00,0.37819294299999995,on
2020-01-30 18:00:00-05:00,0.380138617,on
2020-01-30 19:00:00-05:00,0.381715032,on
2020-01-30 20:00:00-05:00,0.383911677,on
2020-01-30 21:00:00-05:00,0.38689538,on
2020-01-30 22:00:00-05:00,0.38676207799999995,on
2020-01-30 23:00:00-05:00,0.38861872799999997,on
2020-01-31 00:00:00-05:00,0.38816282700000004,on
2020-01-31 01:00:00-05:00,0.37909471899999997,on
2020-01-31 02:00:00-05:00,0.379742727,on
2020-01-31 03:00:00-05:00,0.38170955799999995,on
2020-01-31 04:00:00-05:00,0.387348058,on
2020-01-31 05:00:00-05:00,0.391233686,on
2020-01-31 06:00:00-05:00,0.38677525700000004,on
2020-01-31 07:00:00-05:00,0.38787851,on
2020-01-31 08:00:00-05:00,0.391131635,on
2020-01-31 09:00:00-05:00,0.39070906299999997,on
2020-01-31 10:00:00-05:00,0.38588290299999994,on
2020-01-31 11:00:00-05:00,0.383214503,on
2020-01-31 12:00:00-05:00,0.381504936,on
2020-01-31 13:00:00-05:00,0.379342715,on
2020-01-31 14:00:00-05:00,0.379851661,on
2020-01-31 15:00:00-05:00,0.048377273,off
2020-01-31 16:00:00-05:00,0.054556636,off
2020-01-31 17:00:00-05:00,0.04829090900000001,off
2020-01-31 18:00:00-05:00,0.05422290900000001,off
2020-01-31 19:00:00-05:00,0.052193635999999995,off
2020-01-31 20:00:00-05:00,0.0469385,off
2020-01-31 21:00:00-05:00,0.046576364,off
2020-01-31 22:00:00-05:00,0.041302241,off
2020-01-31 23:00:00-05:00,0.359107798,on
2020-02-01 00:00:00-05:00,0.348787345,on
2020-02-01 01:00:00-05:00,0.34594761700000004,on
2020-02-01 02:00:00-05:00,0.344081921,on
2020-02-01 03:00:00-05:00,0.351839809,on
2020-02-01 04:00:00-05:00,0.35519029399999996,on
2020-02-01 05:00:00-05:00,0.342065771,on
2020-02-01 06:00:00-05:00,0.31200554,on
2020-02-01 07:00:00-05:00,0.306865364,on
2020-02-01 08:00:00-05:00,0.307593955,on
2020-02-01 09:00:00-05:00,0.30764861,on
2020-02-01 10:00:00-05:00,0.312304125,on
2020-02-01 11:00:00-05:00,0.306858151,on
2020-02-01 12:00:00-05:00,0.30890487,on
2020-02-01 13:00:00-05:00,0.309831435,on
2020-02-01 14:00:00-05:00,0.343063929,on
2020-02-01 15:00:00-05:00,0.367390263,on
2020-02-01 16:00:00-05:00,0.374754591,on
2020-02-01 17:00:00-05:00,0.380149346,on
2020-02-01 18:00:00-05:00,0.38036977299999997,on
2020-02-01 19:00:00-05:00,0.382450179,on
2020-02-01 20:00:00-05:00,0.3809813,on
2020-02-01 21:00:00-05:00,0.39162936299999995,on
2020-02-01 22:00:00-05:00,0.38687408100000004,on
