{
  "B7BCB705-8244-4A24-8AAF-FCEC3147219F": {
    "Definition": {
      "Datasource ID": "trainingData",
      "Source Value Unit Of Measure": "kbd",
      "Sync Token": "2023-02-16T00:00:00.365541947Z",
      "Enabled": true,
      "Key Unit Of Measure": "ns",
      "Archived": false,
      "Cache ID": "241F7962-6063-4E79-9298-E8781E9DB096",
      "Datasource Class": "Time Series CSV Files",
      "Cache Enabled": false,
      "Data ID": "[Tag] Crude Feed Rate.sim.ts.csv",
      "Value Unit Of Measure": "kbd",
      "Interpolation Method": "Linear",
      "Stored Series Cache Version": 1,
      "Unsearchable": false,
      "Source Maximum Interpolation": "16560000000000ns",
      "Locked": false,
      "Maximum Interpolation": "16560.0s",
      "ID": "B7BCB705-8244-4A24-8AAF-FCEC3147219F",
      "Name": "Crude Feed Rate",
      "Type": "StoredSignal"
    },
    "Periods": [
      {
        "Start": "2020-01-01T03:43:03.475000+00:00",
        "End": "2021-02-19T21:36:03.869000+00:00"
      },
      {
        "Start": "2019-12-01T17:43:03.475000+00:00",
        "End": "2021-03-22T07:36:03.869000+00:00",
        "Added by User": true
      }
    ]
  },
  "99608E55-7594-487C-AC94-27CCAE6F9FB2": {
    "Definition": {
      "Datasource ID": "trainingData",
      "Source Value Unit Of Measure": "%",
      "Sync Token": "2023-09-14T19:07:49.156181900Z",
      "Enabled": true,
      "Key Unit Of Measure": "ns",
      "Archived": false,
      "Cache ID": "0EE53320-0809-7100-A7DF-9850668E278A",
      "Datasource Class": "Time Series CSV Files",
      "Cache Enabled": false,
      "Data ID": "[Tag] South Excess O2.sim.ts.csv",
      "Value Unit Of Measure": "%",
      "Interpolation Method": "Linear",
      "Stored Series Cache Version": 1,
      "Unsearchable": false,
      "Source Maximum Interpolation": "4020000000000ns",
      "Locked": false,
      "Maximum Interpolation": "4020.0s",
      "ID": "99608E55-7594-487C-AC94-27CCAE6F9FB2",
      "Name": "South Excess O2",
      "Type": "StoredSignal"
    },
    "Periods": [
      {
        "Start": "2020-01-01T03:43:03.475000+00:00",
        "End": "2021-02-19T21:36:03.869000+00:00"
      },
      {
        "Start": "2019-12-01T17:43:03.475000+00:00",
        "End": "2021-03-22T07:36:03.869000+00:00",
        "Added by User": true
      }
    ]
  }
}