{
    "0EFA6A0B-4C9B-71B0-ADCE-2000B1F79638": {
        "Access Control": [
            {
                "ID": "0efa6a0b-4c9b-71b0-832f-2cb144107853",
                "Identity": {
                    "Datasource Class": "OAuth 2.0",
                    "Datasource ID": "9ecc7e74-4c32-436d-9af0-70d8aa99386b",
                    "Datasource Name": "Seeq Azure SSO",
                    "Email": "Joseph.Reckamp@seeq.com",
                    "First Name": "Joe",
                    "ID": "C9FD5B90-17F3-4CA7-8C37-CD9B7D9B85D2",
                    "Is Admin": true,
                    "Last Name": "Reckamp",
                    "Name": "Joe Reckamp",
                    "Type": "User",
                    "Username": "DEg3Lh5pLS4-lG84EjGXXXdzxhd1450vkLgiu8he2l8"
                },
                "Origin": null,
                "Permissions": {
                    "Manage": true,
                    "Read": true,
                    "Write": true
                },
                "Redacted": false,
                "Role": "OWNER"
            },
            {
                "ID": "0efa6a0b-4cc7-60d0-a44e-06a6b1da5301",
                "Identity": {
                    "Datasource Class": "OAuth 2.0",
                    "Datasource ID": "9ecc7e74-4c32-436d-9af0-70d8aa99386b",
                    "Datasource Name": "Seeq Azure SSO",
                    "Email": "Joseph.Reckamp@seeq.com",
                    "First Name": "Joe",
                    "ID": "C9FD5B90-17F3-4CA7-8C37-CD9B7D9B85D2",
                    "Is Admin": true,
                    "Last Name": "Reckamp",
                    "Name": "Joe Reckamp",
                    "Type": "User",
                    "Username": "DEg3Lh5pLS4-lG84EjGXXXdzxhd1450vkLgiu8he2l8"
                },
                "Origin": "905A3390-CCA6-489B-89A3-492EC9F7FF26",
                "Permissions": {
                    "Manage": true,
                    "Read": true,
                    "Write": true
                },
                "Redacted": false,
                "Role": null
            }
        ],
        "Ancestors": [
            "__Users__",
            "905A3390-CCA6-489B-89A3-492EC9F7FF26"
        ],
        "Archived": false,
        "Cache Enabled": false,
        "Created At": "1732039462987374025",
        "Enabled": true,
        "ID": "0EFA6A0B-4C9B-71B0-ADCE-2000B1F79638",
        "Locked": false,
        "Name": "DO NOT USE (Please!)",
        "Owner": {
            "Datasource Class": "OAuth 2.0",
            "Datasource ID": "9ecc7e74-4c32-436d-9af0-70d8aa99386b",
            "Datasource Name": "Seeq Azure SSO",
            "Email": "Joseph.Reckamp@seeq.com",
            "First Name": "Joe",
            "ID": "C9FD5B90-17F3-4CA7-8C37-CD9B7D9B85D2",
            "Is Admin": true,
            "Last Name": "Reckamp",
            "Name": "Joe Reckamp",
            "Type": "User",
            "Username": "DEg3Lh5pLS4-lG84EjGXXXdzxhd1450vkLgiu8he2l8"
        },
        "Type": "Folder",
        "Unsearchable": false,
        "Updated At": "1732135031904791904"
    },
    "0EFA749B-88DD-F9D0-9C89-80146D4F3A9A": {
        "Archived": false,
        "Cache Enabled": true,
        "Cache ID": "1EFA74AA-472D-6090-9A5C-5DD558BBD0E8",
        "Data ID": "0EFA749B-88DD-F9D0-9C89-80146D4F3A9A",
        "Datasource Class": "Seeq Calculations",
        "Datasource ID": "Seeq Calculations",
        "Enabled": true,
        "Formula": "$inputSignal.agileFilter(9s,5min)",
        "Formula Parameters": {
            "inputSignal": "0EFA74A9-E462-73B0-A2BD-D4ABF681C168"
        },
        "Formula Version": 31,
        "ID": "0EFA749B-88DD-F9D0-9C89-80146D4F3A9A",
        "Interpolation Method": "Linear",
        "Locked": false,
        "Maximum Interpolation": {
            "Unit Of Measure": "s",
            "Value": 9.0
        },
        "Name": "Smoothed Conductivity",
        "Scoped To": "0EFA748F-A13C-FBE0-AF1B-4B1AACD8392D",
        "Type": "CalculatedSignal",
        "UIConfig": {
            "advancedParametersCollapsed": true,
            "algorithmSelectedValue": "seeq-agile",
            "alpha": 0.9,
            "color": "#068C45",
            "configVersion": 11,
            "cutoff": {},
            "isCutoffAuto": true,
            "isMigratedLowPassFilter": false,
            "isSamplingRateAuto": true,
            "isTau": true,
            "polynomialFactor": 2,
            "samplingRate": {
                "units": "s",
                "valid": true,
                "value": 9
            },
            "scopedTo": "0EFA748F-A13C-FBE0-AF1B-4B1AACD8392D",
            "smoothingWindow": {
                "units": "min",
                "valid": true,
                "value": 5
            },
            "tau": {
                "units": "min",
                "value": 10
            },
            "type": "signal-smoothing"
        },
        "Unsearchable": false,
        "Value Unit Of Measure": "mS"
    },
    "0EFA74A4-E26D-7140-BA8D-FAF7DC0F6B1B": {
        "Archived": false,
        "Cache Enabled": true,
        "Cache ID": "0EFA74A4-E26F-E850-A1BF-5A702170DDE8",
        "Capsule Property Units": {},
        "Data ID": "0EFA74A4-E26D-7140-BA8D-FAF7DC0F6B1B",
        "Datasource Class": "Seeq Calculations",
        "Datasource ID": "Seeq Calculations",
        "Enabled": true,
        "Formula": [
            "condition(284055841000ms,",
            "  capsule(1548862200000ms, 1832918040000ms))"
        ],
        "Formula Parameters": {},
        "Formula Version": 31,
        "ID": "0EFA74A4-E26D-7140-BA8D-FAF7DC0F6B1B",
        "Locked": false,
        "Maximum Duration": {
            "Unit Of Measure": "ms",
            "Value": 284055841000
        },
        "Name": "Manual Condition 2",
        "Scoped To": "0EFA748F-A13C-FBE0-AF1B-4B1AACD8392D",
        "Type": "CalculatedCondition",
        "UIConfig": {
            "color": "#00A2DD",
            "configVersion": 11,
            "isExecuting": false,
            "type": "manual-condition"
        },
        "Unsearchable": false
    },
    "0EFA74A5-98DF-F9F0-9BC4-AACA1DA829BF": {
        "Archived": false,
        "Cache Enabled": true,
        "Cache ID": "1EFA7638-168B-6AA0-911F-95AF19B9C31E",
        "Data ID": "0EFA74A5-98DF-F9F0-9BC4-AACA1DA829BF",
        "Datasource Class": "Seeq Calculations",
        "Datasource ID": "Seeq Calculations",
        "Enabled": true,
        "Formula": "'B_'.toSignal()+(($mc2.timeSince(1hr)/8)*10).setUnits('').round().toString()",
        "Formula Parameters": {
            "mc2": "0EFA74A4-E26D-7140-BA8D-FAF7DC0F6B1B"
        },
        "Formula Version": 31,
        "ID": "0EFA74A5-98DF-F9F0-9BC4-AACA1DA829BF",
        "Interpolation Method": "Step",
        "Locked": false,
        "Maximum Interpolation": {
            "Unit Of Measure": "d",
            "Value": 1
        },
        "Name": "BatchID",
        "Scoped To": "0EFA748F-A13C-FBE0-AF1B-4B1AACD8392D",
        "Type": "CalculatedSignal",
        "UIConfig": {
            "advancedParametersCollapsed": true,
            "configVersion": 11,
            "localFormula": "",
            "scopedTo": "0EFA748F-A13C-FBE0-AF1B-4B1AACD8392D",
            "tabTransitioning": false,
            "type": "formula"
        },
        "Unsearchable": false,
        "Value Unit Of Measure": "string"
    },
    "0EFA74A6-B045-E800-8441-381A41E0BAAC": {
        "Archived": false,
        "Cache Enabled": true,
        "Cache ID": "0EFA74A6-B051-FB50-BF93-1537AAC11754",
        "Capsule ID Property": "start",
        "Capsule Property Units": {},
        "Data ID": "0EFA74A6-B045-E800-8441-381A41E0BAAC",
        "Datasource Class": "Seeq Calculations",
        "Datasource ID": "Seeq Calculations",
        "Enabled": true,
        "Formula": "$a < 5.5",
        "Formula Parameters": {
            "a": "503B5AE9-86A9-4852-B676-B2B9D02F5561"
        },
        "Formula Version": 31,
        "ID": "0EFA74A6-B045-E800-8441-381A41E0BAAC",
        "Locked": false,
        "Name": "Low Flow",
        "Scoped To": "0EFA748F-A13C-FBE0-AF1B-4B1AACD8392D",
        "Type": "CalculatedCondition",
        "UIConfig": {
            "advancedEntryDuration": {
                "units": "min",
                "value": 0
            },
            "advancedEntryLowerValue": null,
            "advancedEntryValue": null,
            "advancedExitDuration": {
                "units": "min",
                "value": 0
            },
            "advancedExitValue": null,
            "advancedParametersCollapsed": true,
            "configVersion": 11,
            "isCleansing": false,
            "isMigratedDeviationSearch": false,
            "isSimple": true,
            "mergeDuration": {
                "units": "min",
                "value": 0
            },
            "minDuration": {
                "units": "min",
                "value": 0
            },
            "simpleLowerValue": null,
            "simpleOperator": "<",
            "simpleValue": "5.5",
            "type": "value-search",
            "useValidValues": false,
            "version": "V3"
        },
        "Unsearchable": false
    },
    "0EFA74A7-7EAA-66A0-8A9C-1796E055776B": {
        "Archived": false,
        "Cache Enabled": true,
        "Cache ID": "1EFA74AA-4733-6B10-B7BE-365885AE2576",
        "Data ID": "0EFA74A7-7EAA-66A0-8A9C-1796E055776B",
        "Datasource Class": "Seeq Calculations",
        "Datasource ID": "Seeq Calculations",
        "Enabled": true,
        "Formula": "$smooth_cond.derivative()",
        "Formula Parameters": {
            "smooth_cond": "0EFA749B-88DD-F9D0-9C89-80146D4F3A9A"
        },
        "Formula Version": 31,
        "ID": "0EFA74A7-7EAA-66A0-8A9C-1796E055776B",
        "Interpolation Method": "Linear",
        "Locked": false,
        "Maximum Interpolation": {
            "Unit Of Measure": "s",
            "Value": 9.0
        },
        "Name": "dC/dt",
        "Scoped To": "0EFA748F-A13C-FBE0-AF1B-4B1AACD8392D",
        "Type": "CalculatedSignal",
        "UIConfig": {
            "advancedParametersCollapsed": true,
            "configVersion": 11,
            "localFormula": "",
            "tabTransitioning": false,
            "type": "formula"
        },
        "Unsearchable": false,
        "Value Unit Of Measure": "mS/s"
    },
    "0EFA74A9-E462-73B0-A2BD-D4ABF681C168": {
        "Archived": false,
        "Cache Enabled": true,
        "Cache ID": "0EFA74A9-E467-71D0-9F25-20E107865F34",
        "Data ID": "0EFA74A9-E462-73B0-A2BD-D4ABF681C168",
        "Datasource Class": "Seeq Calculations",
        "Datasource ID": "Seeq Calculations",
        "Enabled": true,
        "Formula": "$cc.setUnits('mS')",
        "Formula Parameters": {
            "cc": "76CCE191-E0DD-4CD2-B9B8-B895FE5763DC"
        },
        "Formula Version": 31,
        "ID": "0EFA74A9-E462-73B0-A2BD-D4ABF681C168",
        "Interpolation Method": "Linear",
        "Locked": false,
        "Maximum Interpolation": {
            "Unit Of Measure": "h",
            "Value": 40
        },
        "Name": "Chrom_Conductivity",
        "Scoped To": "0EFA748F-A13C-FBE0-AF1B-4B1AACD8392D",
        "Type": "CalculatedSignal",
        "UIConfig": {
            "advancedParametersCollapsed": true,
            "configVersion": 11,
            "localFormula": "",
            "tabTransitioning": false,
            "type": "formula"
        },
        "Unsearchable": false,
        "Value Unit Of Measure": "mS"
    },
    "0EFA74AB-53FC-EAD0-9DCC-AB186F305879": {
        "Archived": false,
        "Cache Enabled": true,
        "Cache ID": "0EFA74AB-5401-E8F0-A64E-B1EC8518EC5B",
        "Capsule ID Property": "start",
        "Capsule Property Units": {},
        "Data ID": "0EFA74AB-53FC-EAD0-9DCC-AB186F305879",
        "Datasource Class": "Seeq Calculations",
        "Datasource ID": "Seeq Calculations",
        "Enabled": true,
        "Formula": [
            "($a > .00075)",
            ".merge(0min)",
            ".removeShorterThan(7min)"
        ],
        "Formula Parameters": {
            "a": "0EFA74A7-7EAA-66A0-8A9C-1796E055776B"
        },
        "Formula Version": 31,
        "ID": "0EFA74AB-53FC-EAD0-9DCC-AB186F305879",
        "Locked": false,
        "Name": "Positive dC/dt",
        "Scoped To": "0EFA748F-A13C-FBE0-AF1B-4B1AACD8392D",
        "Type": "CalculatedCondition",
        "UIConfig": {
            "advancedEntryDuration": {
                "units": "min",
                "value": 0
            },
            "advancedEntryLowerValue": null,
            "advancedEntryValue": null,
            "advancedExitDuration": {
                "units": "min",
                "value": 0
            },
            "advancedExitValue": null,
            "advancedParametersCollapsed": true,
            "configVersion": 11,
            "isCleansing": true,
            "isMigratedDeviationSearch": false,
            "isSimple": true,
            "mergeDuration": {
                "units": "min",
                "value": 0
            },
            "minDuration": {
                "units": "min",
                "valid": true,
                "value": 7
            },
            "simpleLowerValue": null,
            "simpleOperator": ">",
            "simpleValue": ".00075",
            "type": "value-search",
            "useValidValues": false,
            "version": "V3"
        },
        "Unsearchable": false
    },
    "0EFA74AD-58FB-EC00-B252-BAF28E0E3E7C": {
        "Archived": false,
        "Cache Enabled": true,
        "Cache ID": "1EFA7638-1690-6340-AA5E-6DFFD6176DAE",
        "Capsule Property Units": {
            "Batch ID": "string",
            "Product": "string"
        },
        "Data ID": "0EFA74AD-58FB-EC00-B252-BAF28E0E3E7C",
        "Datasource Class": "Seeq Calculations",
        "Datasource ID": "Seeq Calculations",
        "Enabled": true,
        "Formula": [
            "$pos_dCdt.subtract($lowflow) ",
            ".setMaximumDuration(3d)",
            ".setProperty('Batch ID', $batchID, startValue())",
            ".setProperty('Product', $product, startValue())"
        ],
        "Formula Parameters": {
            "batchID": "0EFA74A5-98DF-F9F0-9BC4-AACA1DA829BF",
            "lowflow": "0EFA74A6-B045-E800-8441-381A41E0BAAC",
            "pos_dCdt": "0EFA74AB-53FC-EAD0-9DCC-AB186F305879",
            "product": "3FBF8E7E-5A88-4F63-85ED-8A1E1C821503"
        },
        "Formula Version": 31,
        "ID": "0EFA74AD-58FB-EC00-B252-BAF28E0E3E7C",
        "Locked": false,
        "Maximum Duration": {
            "Unit Of Measure": "d",
            "Value": 3
        },
        "Name": "Transition Periods",
        "Scoped To": "0EFA748F-A13C-FBE0-AF1B-4B1AACD8392D",
        "Type": "CalculatedCondition",
        "UIConfig": {
            "advancedParametersCollapsed": true,
            "configVersion": 11,
            "localFormula": "",
            "tabTransitioning": false,
            "type": "formula"
        },
        "Unsearchable": false
    },
    "0EFA74B5-0F98-73D0-B093-B2FA877D55F4": {
        "Archived": false,
        "Cache Enabled": true,
        "Cache ID": "1EFA7638-1691-6860-913A-4604E9D4D517",
        "Data ID": "0EFA74B5-0F98-73D0-B093-B2FA877D55F4",
        "Datasource Class": "Seeq Calculations",
        "Datasource ID": "Seeq Calculations",
        "Enabled": true,
        "Formula": [
            "//Integrate the flow over the transition periods",
            "$flow.integral($transition)"
        ],
        "Formula Parameters": {
            "flow": "0EFA74B6-D488-6630-8DDB-6A6F41537D5B",
            "transition": "0EFA74AD-58FB-EC00-B252-BAF28E0E3E7C"
        },
        "Formula Version": 31,
        "ID": "0EFA74B5-0F98-73D0-B093-B2FA877D55F4",
        "Interpolation Method": "Linear",
        "Locked": false,
        "Maximum Interpolation": {
            "Unit Of Measure": "h",
            "Value": 40
        },
        "Name": "Transition Volume",
        "Scoped To": "0EFA748F-A13C-FBE0-AF1B-4B1AACD8392D",
        "Type": "CalculatedSignal",
        "UIConfig": {
            "advancedParametersCollapsed": true,
            "configVersion": 11,
            "localFormula": "",
            "scopedTo": "0EFA748F-A13C-FBE0-AF1B-4B1AACD8392D",
            "tabTransitioning": false,
            "type": "formula"
        },
        "Unsearchable": false,
        "Value Unit Of Measure": "L"
    },
    "0EFA74B6-D488-6630-8DDB-6A6F41537D5B": {
        "Archived": false,
        "Cache Enabled": true,
        "Cache ID": "0EFA74B6-D48D-6450-ADA2-8AD480BAB03E",
        "Data ID": "0EFA74B6-D488-6630-8DDB-6A6F41537D5B",
        "Datasource Class": "Seeq Calculations",
        "Datasource ID": "Seeq Calculations",
        "Enabled": true,
        "Formula": "$cfr.setunits('L/min')",
        "Formula Parameters": {
            "cfr": "503B5AE9-86A9-4852-B676-B2B9D02F5561"
        },
        "Formula Version": 31,
        "ID": "0EFA74B6-D488-6630-8DDB-6A6F41537D5B",
        "Interpolation Method": "Linear",
        "Locked": false,
        "Maximum Interpolation": {
            "Unit Of Measure": "h",
            "Value": 40
        },
        "Name": "Chrom_Flow_Rate",
        "Scoped To": "0EFA748F-A13C-FBE0-AF1B-4B1AACD8392D",
        "Type": "CalculatedSignal",
        "UIConfig": {
            "advancedParametersCollapsed": true,
            "configVersion": 11,
            "localFormula": "",
            "tabTransitioning": false,
            "type": "formula"
        },
        "Unsearchable": false,
        "Value Unit Of Measure": "L/min"
    },
    "0EFA74B8-3DDC-6630-BD28-5D69D360461A": {
        "Archived": false,
        "Cache Enabled": true,
        "Cache ID": "1EFA7638-1693-6040-9B9F-EABA4646497E",
        "Data ID": "0EFA74B8-3DDC-6630-BD28-5D69D360461A",
        "Datasource Class": "Seeq Calculations",
        "Datasource ID": "Seeq Calculations",
        "Enabled": true,
        "Formula": "RunningDelta($conductivity)/RunningDelta($volume)",
        "Formula Parameters": {
            "conductivity": "0EFA749B-88DD-F9D0-9C89-80146D4F3A9A",
            "volume": "0EFA74B5-0F98-73D0-B093-B2FA877D55F4"
        },
        "Formula Version": 31,
        "ID": "0EFA74B8-3DDC-6630-BD28-5D69D360461A",
        "Interpolation Method": "Linear",
        "Locked": false,
        "Maximum Interpolation": {
            "Unit Of Measure": "s",
            "Value": 9.0
        },
        "Name": "dC/dV",
        "Scoped To": "0EFA748F-A13C-FBE0-AF1B-4B1AACD8392D",
        "Type": "CalculatedSignal",
        "UIConfig": {
            "advancedParametersCollapsed": true,
            "configVersion": 11,
            "localFormula": "",
            "tabTransitioning": false,
            "type": "formula"
        },
        "Unsearchable": false,
        "Value Unit Of Measure": "mS/L"
    },
    "0EFA74B9-5D3B-6480-8C75-D59076C8061B": {
        "Archived": false,
        "Cache Enabled": true,
        "Cache ID": "1EFA7638-1693-63E0-A4CD-EFAB0E3A51AF",
        "Data ID": "0EFA74B9-5D3B-6480-8C75-D59076C8061B",
        "Datasource Class": "Seeq Calculations",
        "Datasource ID": "Seeq Calculations",
        "Enabled": true,
        "Formula": "$dCdV*($volume.aggregate(delta(), $transition, middleKey(), 0s))",
        "Formula Parameters": {
            "dCdV": "0EFA74B8-3DDC-6630-BD28-5D69D360461A",
            "transition": "0EFA74AD-58FB-EC00-B252-BAF28E0E3E7C",
            "volume": "0EFA74B5-0F98-73D0-B093-B2FA877D55F4"
        },
        "Formula Version": 31,
        "ID": "0EFA74B9-5D3B-6480-8C75-D59076C8061B",
        "Interpolation Method": "None",
        "Locked": false,
        "Maximum Interpolation": {
            "Unit Of Measure": "s",
            "Value": 0
        },
        "Name": "M0",
        "Scoped To": "0EFA748F-A13C-FBE0-AF1B-4B1AACD8392D",
        "Type": "CalculatedSignal",
        "UIConfig": {
            "advancedParametersCollapsed": true,
            "configVersion": 11,
            "localFormula": "",
            "tabTransitioning": false,
            "type": "formula"
        },
        "Unsearchable": false,
        "Value Unit Of Measure": "mS"
    },
    "0EFA74BA-5414-EA40-AD86-04837BF205E3": {
        "Archived": false,
        "Cache Enabled": true,
        "Cache ID": "1EFA7638-1693-6740-8B68-B1487A4AD192",
        "Data ID": "0EFA74BA-5414-EA40-AD86-04837BF205E3",
        "Datasource Class": "Seeq Calculations",
        "Datasource ID": "Seeq Calculations",
        "Enabled": true,
        "Formula": "$dCdV*(($volume.aggregate(delta(), $transition, middleKey(), 0s))^2)/2",
        "Formula Parameters": {
            "dCdV": "0EFA74B8-3DDC-6630-BD28-5D69D360461A",
            "transition": "0EFA74AD-58FB-EC00-B252-BAF28E0E3E7C",
            "volume": "0EFA74B5-0F98-73D0-B093-B2FA877D55F4"
        },
        "Formula Version": 31,
        "ID": "0EFA74BA-5414-EA40-AD86-04837BF205E3",
        "Interpolation Method": "None",
        "Locked": false,
        "Maximum Interpolation": {
            "Unit Of Measure": "s",
            "Value": 0
        },
        "Name": "M1",
        "Scoped To": "0EFA748F-A13C-FBE0-AF1B-4B1AACD8392D",
        "Type": "CalculatedSignal",
        "UIConfig": {
            "advancedParametersCollapsed": true,
            "configVersion": 11,
            "localFormula": "",
            "tabTransitioning": false,
            "type": "formula"
        },
        "Unsearchable": false,
        "Value Unit Of Measure": "mS\u00b7L"
    },
    "0EFA74BB-3BCD-EEE0-8BBB-0D307B16B4E3": {
        "Archived": false,
        "Cache Enabled": true,
        "Cache ID": "1EFA7638-1694-6050-980F-603D2ED083C9",
        "Data ID": "0EFA74BB-3BCD-EEE0-8BBB-0D307B16B4E3",
        "Datasource Class": "Seeq Calculations",
        "Datasource ID": "Seeq Calculations",
        "Enabled": true,
        "Formula": "$dCdV*(($volume.aggregate(delta(), $transition, middleKey(), 0s))^3)/3",
        "Formula Parameters": {
            "dCdV": "0EFA74B8-3DDC-6630-BD28-5D69D360461A",
            "transition": "0EFA74AD-58FB-EC00-B252-BAF28E0E3E7C",
            "volume": "0EFA74B5-0F98-73D0-B093-B2FA877D55F4"
        },
        "Formula Version": 31,
        "ID": "0EFA74BB-3BCD-EEE0-8BBB-0D307B16B4E3",
        "Interpolation Method": "None",
        "Locked": false,
        "Maximum Interpolation": {
            "Unit Of Measure": "s",
            "Value": 0
        },
        "Name": "M2",
        "Scoped To": "0EFA748F-A13C-FBE0-AF1B-4B1AACD8392D",
        "Type": "CalculatedSignal",
        "UIConfig": {
            "advancedParametersCollapsed": true,
            "configVersion": 11,
            "localFormula": "",
            "tabTransitioning": false,
            "type": "formula"
        },
        "Unsearchable": false,
        "Value Unit Of Measure": "mS\u00b7L\u00b2"
    },
    "0EFA74BC-370A-7560-A7BB-B5C327972484": {
        "Archived": false,
        "Cache Enabled": true,
        "Cache ID": "1EFA7638-1694-69A0-973F-9867193C94B8",
        "Data ID": "0EFA74BC-370A-7560-A7BB-B5C327972484",
        "Datasource Class": "Seeq Calculations",
        "Datasource ID": "Seeq Calculations",
        "Enabled": true,
        "Formula": "($M2/$M0)-($M1/$M0)^2",
        "Formula Parameters": {
            "M0": "0EFA74B9-5D3B-6480-8C75-D59076C8061B",
            "M1": "0EFA74BA-5414-EA40-AD86-04837BF205E3",
            "M2": "0EFA74BB-3BCD-EEE0-8BBB-0D307B16B4E3"
        },
        "Formula Version": 31,
        "ID": "0EFA74BC-370A-7560-A7BB-B5C327972484",
        "Interpolation Method": "None",
        "Locked": false,
        "Maximum Interpolation": {
            "Unit Of Measure": "s",
            "Value": 0
        },
        "Name": "Variance",
        "Scoped To": "0EFA748F-A13C-FBE0-AF1B-4B1AACD8392D",
        "Type": "CalculatedSignal",
        "UIConfig": {
            "advancedParametersCollapsed": true,
            "configVersion": 11,
            "localFormula": "",
            "tabTransitioning": false,
            "type": "formula"
        },
        "Unsearchable": false,
        "Value Unit Of Measure": "L\u00b2"
    },
    "0EFA74BD-2D3B-73D0-B00F-640B10E0888C": {
        "Archived": false,
        "Cache Enabled": true,
        "Cache ID": "1EFA7638-16FB-6A30-8011-557841F2E7EB",
        "Data ID": "0EFA74BD-2D3B-73D0-B00F-640B10E0888C",
        "Datasource Class": "Seeq Calculations",
        "Datasource ID": "Seeq Calculations",
        "Enabled": true,
        "Formula": "(10cm*($variance))/(($M1/$M0)^2).round()",
        "Formula Parameters": {
            "M0": "0EFA74B9-5D3B-6480-8C75-D59076C8061B",
            "M1": "0EFA74BA-5414-EA40-AD86-04837BF205E3",
            "variance": "0EFA74BC-370A-7560-A7BB-B5C327972484"
        },
        "Formula Version": 31,
        "ID": "0EFA74BD-2D3B-73D0-B00F-640B10E0888C",
        "Interpolation Method": "None",
        "Locked": false,
        "Maximum Interpolation": {
            "Unit Of Measure": "s",
            "Value": 0
        },
        "Name": "HETP",
        "Scoped To": "0EFA748F-A13C-FBE0-AF1B-4B1AACD8392D",
        "Type": "CalculatedSignal",
        "UIConfig": {
            "advancedParametersCollapsed": true,
            "configVersion": 11,
            "localFormula": "",
            "tabTransitioning": false,
            "type": "formula"
        },
        "Unsearchable": false,
        "Value Unit Of Measure": "cm"
    },
    "0EFA7615-4C4B-EAA0-92E3-509EC8755FE4": {
        "Archived": false,
        "Cache Enabled": true,
        "Cache ID": "1EFA7638-16FC-6710-B2EF-64B36A305C1C",
        "Data ID": "0EFA7615-4C4B-EAA0-92E3-509EC8755FE4",
        "Datasource Class": "Seeq Calculations",
        "Datasource ID": "Seeq Calculations",
        "Enabled": true,
        "Formula": "$series.aggregate(maxValue(), $capsules, durationKey())",
        "Formula Parameters": {
            "capsules": "0EFA74AD-58FB-EC00-B252-BAF28E0E3E7C",
            "series": "0EFA74B8-3DDC-6630-BD28-5D69D360461A"
        },
        "Formula Version": 31,
        "ID": "0EFA7615-4C4B-EAA0-92E3-509EC8755FE4",
        "Interpolation Method": "Step",
        "Locked": false,
        "Maximum Interpolation": {
            "Unit Of Measure": "d",
            "Value": 3
        },
        "Name": "Max dC/dV",
        "Scoped To": "0EFA748F-A13C-FBE0-AF1B-4B1AACD8392D",
        "Type": "CalculatedSignal",
        "UIConfig": {
            "advancedParametersCollapsed": true,
            "configVersion": 11,
            "type": "signal-from-condition"
        },
        "Unsearchable": false,
        "Value Unit Of Measure": "mS/L"
    },
    "0EFA7617-C341-E8B0-B9B2-03C00A795475": {
        "Archived": false,
        "Cache Enabled": true,
        "Cache ID": "1EFA7638-1728-6E90-B16F-4C340C194EFB",
        "Data ID": "0EFA7617-C341-E8B0-B9B2-03C00A795475",
        "Datasource Class": "Seeq Calculations",
        "Datasource ID": "Seeq Calculations",
        "Enabled": true,
        "Formula": "0.10 * $max_dCdV",
        "Formula Parameters": {
            "max_dCdV": "0EFA7615-4C4B-EAA0-92E3-509EC8755FE4"
        },
        "Formula Version": 31,
        "ID": "0EFA7617-C341-E8B0-B9B2-03C00A795475",
        "Interpolation Method": "Step",
        "Locked": false,
        "Maximum Interpolation": {
            "Unit Of Measure": "d",
            "Value": 3
        },
        "Name": "10% Max dC/dV",
        "Scoped To": "0EFA748F-A13C-FBE0-AF1B-4B1AACD8392D",
        "Type": "CalculatedSignal",
        "UIConfig": {
            "advancedParametersCollapsed": true,
            "configVersion": 11,
            "localFormula": "",
            "tabTransitioning": false,
            "type": "formula"
        },
        "Unsearchable": false,
        "Value Unit Of Measure": "mS/L"
    },
    "0EFA7618-5606-EC90-B8AD-3AF240E99C2E": {
        "Archived": false,
        "Cache Enabled": true,
        "Cache ID": "1EFA7638-172A-61C0-832E-5D2C942EAB4C",
        "Data ID": "0EFA7618-5606-EC90-B8AD-3AF240E99C2E",
        "Datasource Class": "Seeq Calculations",
        "Datasource ID": "Seeq Calculations",
        "Enabled": true,
        "Formula": "$dd.derivative()",
        "Formula Parameters": {
            "dd": "0EFA74B8-3DDC-6630-BD28-5D69D360461A"
        },
        "Formula Version": 31,
        "ID": "0EFA7618-5606-EC90-B8AD-3AF240E99C2E",
        "Interpolation Method": "Linear",
        "Locked": false,
        "Maximum Interpolation": {
            "Unit Of Measure": "s",
            "Value": 9.0
        },
        "Name": "d(dC/dV)dt",
        "Scoped To": "0EFA748F-A13C-FBE0-AF1B-4B1AACD8392D",
        "Type": "CalculatedSignal",
        "UIConfig": {
            "advancedParametersCollapsed": true,
            "configVersion": 11,
            "localFormula": "",
            "tabTransitioning": false,
            "type": "formula"
        },
        "Unsearchable": false,
        "Value Unit Of Measure": "mS/(L\u00b7s)"
    },
    "0EFA7619-F7C3-FB40-B5F3-6D27D995DAC7": {
        "Archived": false,
        "Cache Enabled": true,
        "Cache ID": "1EFA7638-172A-6560-AA89-03BDF337D1CB",
        "Capsule Property Units": {},
        "Data ID": "0EFA7619-F7C3-FB40-B5F3-6D27D995DAC7",
        "Datasource Class": "Seeq Calculations",
        "Datasource ID": "Seeq Calculations",
        "Enabled": true,
        "Formula": "($a > 0).move(-1min, 0min)",
        "Formula Parameters": {
            "a": "0EFA7618-5606-EC90-B8AD-3AF240E99C2E"
        },
        "Formula Version": 31,
        "ID": "0EFA7619-F7C3-FB40-B5F3-6D27D995DAC7",
        "Locked": false,
        "Name": "Positive d(dC/dV)dt",
        "Scoped To": "0EFA748F-A13C-FBE0-AF1B-4B1AACD8392D",
        "Type": "CalculatedCondition",
        "UIConfig": {
            "advancedParametersCollapsed": true,
            "configVersion": 11,
            "localFormula": "",
            "tabTransitioning": false,
            "type": "formula"
        },
        "Unsearchable": false
    },
    "0EFA761A-F5B5-7780-88F5-F48AB8FC97C6": {
        "Archived": false,
        "Cache Enabled": true,
        "Cache ID": "1EFA7638-172A-6F10-9DFC-CAFB277A9691",
        "Capsule ID Property": "start",
        "Capsule Property Units": {},
        "Data ID": "0EFA761A-F5B5-7780-88F5-F48AB8FC97C6",
        "Datasource Class": "Seeq Calculations",
        "Datasource ID": "Seeq Calculations",
        "Enabled": true,
        "Formula": "$a > $b",
        "Formula Parameters": {
            "a": "0EFA74B8-3DDC-6630-BD28-5D69D360461A",
            "b": "0EFA7617-C341-E8B0-B9B2-03C00A795475"
        },
        "Formula Version": 31,
        "ID": "0EFA761A-F5B5-7780-88F5-F48AB8FC97C6",
        "Locked": false,
        "Name": "dC/dV > 10% max",
        "Scoped To": "0EFA748F-A13C-FBE0-AF1B-4B1AACD8392D",
        "Type": "CalculatedCondition",
        "UIConfig": {
            "advancedEntryDuration": {
                "units": "min",
                "value": 0
            },
            "advancedEntryLowerValue": null,
            "advancedEntryValue": null,
            "advancedExitDuration": {
                "units": "min",
                "value": 0
            },
            "advancedExitValue": null,
            "advancedParametersCollapsed": true,
            "configVersion": 11,
            "isCleansing": false,
            "isMigratedDeviationSearch": false,
            "isSimple": true,
            "mergeDuration": {
                "units": "min",
                "value": 0
            },
            "minDuration": {
                "units": "min",
                "value": 0
            },
            "simpleLowerValue": null,
            "simpleOperator": ">",
            "simpleValue": "0EFA7617-C341-E8B0-B9B2-03C00A795475",
            "type": "value-search",
            "useValidValues": false,
            "version": "V3"
        },
        "Unsearchable": false
    },
    "0EFA761B-CDD9-E800-B39A-BC5AEE127244": {
        "Archived": false,
        "Cache Enabled": true,
        "Cache ID": "1EFA7638-175A-6950-97BA-94ED2FF4961A",
        "Capsule ID Property": "start",
        "Capsule Property Units": {},
        "Data ID": "0EFA761B-CDD9-E800-B39A-BC5AEE127244",
        "Datasource Class": "Seeq Calculations",
        "Datasource ID": "Seeq Calculations",
        "Enabled": true,
        "Formula": "$a.intersect($b)",
        "Formula Parameters": {
            "a": "0EFA74AD-58FB-EC00-B252-BAF28E0E3E7C",
            "b": "0EFA7619-F7C3-FB40-B5F3-6D27D995DAC7"
        },
        "Formula Version": 31,
        "ID": "0EFA761B-CDD9-E800-B39A-BC5AEE127244",
        "Locked": false,
        "Maximum Duration": {
            "Unit Of Measure": "d",
            "Value": 3
        },
        "Name": "Full Left Side",
        "Scoped To": "0EFA748F-A13C-FBE0-AF1B-4B1AACD8392D",
        "Type": "CalculatedCondition",
        "UIConfig": {
            "advancedParametersCollapsed": true,
            "configVersion": 11,
            "type": "composite-search"
        },
        "Unsearchable": false
    },
    "0EFA761C-758D-EA10-8776-431EEA26EDFA": {
        "Archived": false,
        "Cache Enabled": true,
        "Cache ID": "1EFA7638-175A-6E60-AEF1-17FA1F3989C8",
        "Capsule ID Property": "start",
        "Capsule Property Units": {},
        "Data ID": "0EFA761C-758D-EA10-8776-431EEA26EDFA",
        "Datasource Class": "Seeq Calculations",
        "Datasource ID": "Seeq Calculations",
        "Enabled": true,
        "Formula": "$a.intersect($b)",
        "Formula Parameters": {
            "a": "0EFA761B-CDD9-E800-B39A-BC5AEE127244",
            "b": "0EFA761A-F5B5-7780-88F5-F48AB8FC97C6"
        },
        "Formula Version": 31,
        "ID": "0EFA761C-758D-EA10-8776-431EEA26EDFA",
        "Locked": false,
        "Maximum Duration": {
            "Unit Of Measure": "d",
            "Value": 3
        },
        "Name": "Left Side",
        "Scoped To": "0EFA748F-A13C-FBE0-AF1B-4B1AACD8392D",
        "Type": "CalculatedCondition",
        "UIConfig": {
            "advancedParametersCollapsed": true,
            "configVersion": 11,
            "type": "composite-search"
        },
        "Unsearchable": false
    },
    "0EFA761D-BB87-7560-BD33-C4CFC7E30FAF": {
        "Archived": false,
        "Cache Enabled": true,
        "Cache ID": "1EFA7638-175B-6EA0-8A93-897679EB0550",
        "Capsule Property Units": {
            "Batch ID": "string",
            "Product": "string"
        },
        "Data ID": "0EFA761D-BB87-7560-BD33-C4CFC7E30FAF",
        "Datasource Class": "Seeq Calculations",
        "Datasource ID": "Seeq Calculations",
        "Enabled": true,
        "Formula": "$a.subtract($b)",
        "Formula Parameters": {
            "a": "0EFA74AD-58FB-EC00-B252-BAF28E0E3E7C",
            "b": "0EFA761C-758D-EA10-8776-431EEA26EDFA"
        },
        "Formula Version": 31,
        "ID": "0EFA761D-BB87-7560-BD33-C4CFC7E30FAF",
        "Locked": false,
        "Maximum Duration": {
            "Unit Of Measure": "d",
            "Value": 3
        },
        "Name": "Full Right Side",
        "Scoped To": "0EFA748F-A13C-FBE0-AF1B-4B1AACD8392D",
        "Type": "CalculatedCondition",
        "UIConfig": {
            "advancedParametersCollapsed": true,
            "configVersion": 11,
            "type": "composite-search"
        },
        "Unsearchable": false
    },
    "0EFA761F-1F53-7520-93CC-8AF96F1946C3": {
        "Archived": false,
        "Cache Enabled": true,
        "Cache ID": "1EFA7638-175C-62C0-8CD3-25FAD7DE2A11",
        "Capsule ID Property": "start",
        "Capsule Property Units": {},
        "Data ID": "0EFA761F-1F53-7520-93CC-8AF96F1946C3",
        "Datasource Class": "Seeq Calculations",
        "Datasource ID": "Seeq Calculations",
        "Enabled": true,
        "Formula": "$a.intersect($b)",
        "Formula Parameters": {
            "a": "0EFA761D-BB87-7560-BD33-C4CFC7E30FAF",
            "b": "0EFA761A-F5B5-7780-88F5-F48AB8FC97C6"
        },
        "Formula Version": 31,
        "ID": "0EFA761F-1F53-7520-93CC-8AF96F1946C3",
        "Locked": false,
        "Maximum Duration": {
            "Unit Of Measure": "d",
            "Value": 3
        },
        "Name": "Right Side",
        "Scoped To": "0EFA748F-A13C-FBE0-AF1B-4B1AACD8392D",
        "Type": "CalculatedCondition",
        "UIConfig": {
            "advancedParametersCollapsed": true,
            "configVersion": 11,
            "type": "composite-search"
        },
        "Unsearchable": false
    },
    "0EFA7620-17E6-F930-80C1-81CAFCED19BB": {
        "Archived": false,
        "Cache Enabled": true,
        "Cache ID": "1EFA7638-175C-6C60-8668-DC140D118D80",
        "Data ID": "0EFA7620-17E6-F930-80C1-81CAFCED19BB",
        "Datasource Class": "Seeq Calculations",
        "Datasource ID": "Seeq Calculations",
        "Enabled": true,
        "Formula": "$series.aggregate(delta(), $capsules, middleKey(), 0s)",
        "Formula Parameters": {
            "capsules": "0EFA761F-1F53-7520-93CC-8AF96F1946C3",
            "series": "0EFA74B5-0F98-73D0-B093-B2FA877D55F4"
        },
        "Formula Version": 31,
        "ID": "0EFA7620-17E6-F930-80C1-81CAFCED19BB",
        "Interpolation Method": "None",
        "Locked": false,
        "Maximum Interpolation": {
            "Unit Of Measure": "s",
            "Value": 0
        },
        "Name": "Right dV",
        "Scoped To": "0EFA748F-A13C-FBE0-AF1B-4B1AACD8392D",
        "Type": "CalculatedSignal",
        "UIConfig": {
            "advancedParametersCollapsed": true,
            "configVersion": 11,
            "type": "signal-from-condition"
        },
        "Unsearchable": false,
        "Value Unit Of Measure": "L"
    },
    "0EFA7620-D933-7700-86D0-19D66B2A0DAD": {
        "Archived": false,
        "Cache Enabled": true,
        "Cache ID": "1EFA7638-175D-60C0-824D-1E6C7E14982F",
        "Data ID": "0EFA7620-D933-7700-86D0-19D66B2A0DAD",
        "Datasource Class": "Seeq Calculations",
        "Datasource ID": "Seeq Calculations",
        "Enabled": true,
        "Formula": "$series.aggregate(delta(), $capsules, middleKey(), 0s)",
        "Formula Parameters": {
            "capsules": "0EFA761C-758D-EA10-8776-431EEA26EDFA",
            "series": "0EFA74B5-0F98-73D0-B093-B2FA877D55F4"
        },
        "Formula Version": 31,
        "ID": "0EFA7620-D933-7700-86D0-19D66B2A0DAD",
        "Interpolation Method": "None",
        "Locked": false,
        "Maximum Interpolation": {
            "Unit Of Measure": "s",
            "Value": 0
        },
        "Name": "Left dV",
        "Scoped To": "0EFA748F-A13C-FBE0-AF1B-4B1AACD8392D",
        "Type": "CalculatedSignal",
        "UIConfig": {
            "advancedParametersCollapsed": true,
            "configVersion": 11,
            "type": "signal-from-condition"
        },
        "Unsearchable": false,
        "Value Unit Of Measure": "L"
    },
    "0EFA7622-6E96-FBC0-91F9-39E8CC083F5A": {
        "Archived": false,
        "Cache Enabled": true,
        "Cache ID": "1EFA7638-175D-66C0-89A3-A1461C4D9E38",
        "Data ID": "0EFA7622-6E96-FBC0-91F9-39E8CC083F5A",
        "Datasource Class": "Seeq Calculations",
        "Datasource ID": "Seeq Calculations",
        "Enabled": true,
        "Formula": "$series.aggregate(maxValue(), $capsules, middleKey(), 0s)",
        "Formula Parameters": {
            "capsules": "0EFA74AD-58FB-EC00-B252-BAF28E0E3E7C",
            "series": "0EFA7620-17E6-F930-80C1-81CAFCED19BB"
        },
        "Formula Version": 31,
        "ID": "0EFA7622-6E96-FBC0-91F9-39E8CC083F5A",
        "Interpolation Method": "None",
        "Locked": false,
        "Maximum Interpolation": {
            "Unit Of Measure": "s",
            "Value": 0
        },
        "Name": "Right dV - Transition",
        "Scoped To": "0EFA748F-A13C-FBE0-AF1B-4B1AACD8392D",
        "Type": "CalculatedSignal",
        "UIConfig": {
            "advancedParametersCollapsed": true,
            "configVersion": 11,
            "type": "signal-from-condition"
        },
        "Unsearchable": false,
        "Value Unit Of Measure": "L"
    },
    "0EFA7623-8AA6-7760-ACE9-B4B53D3CAEB4": {
        "Archived": false,
        "Cache Enabled": true,
        "Cache ID": "1EFA7638-175D-6E40-AC41-D9BFC306FD96",
        "Data ID": "0EFA7623-8AA6-7760-ACE9-B4B53D3CAEB4",
        "Datasource Class": "Seeq Calculations",
        "Datasource ID": "Seeq Calculations",
        "Enabled": true,
        "Formula": "$series.aggregate(maxValue(), $capsules, middleKey(), 0s)",
        "Formula Parameters": {
            "capsules": "0EFA74AD-58FB-EC00-B252-BAF28E0E3E7C",
            "series": "0EFA7620-D933-7700-86D0-19D66B2A0DAD"
        },
        "Formula Version": 31,
        "ID": "0EFA7623-8AA6-7760-ACE9-B4B53D3CAEB4",
        "Interpolation Method": "None",
        "Locked": false,
        "Maximum Interpolation": {
            "Unit Of Measure": "s",
            "Value": 0
        },
        "Name": "Left dV - Transition",
        "Scoped To": "0EFA748F-A13C-FBE0-AF1B-4B1AACD8392D",
        "Type": "CalculatedSignal",
        "UIConfig": {
            "advancedParametersCollapsed": true,
            "configVersion": 11,
            "type": "signal-from-condition"
        },
        "Unsearchable": false,
        "Value Unit Of Measure": "L"
    },
    "0EFA7624-D3A1-7360-BCE0-7E4711C07449": {
        "Archived": false,
        "Cache Enabled": true,
        "Cache ID": "1EFA7638-175E-6240-B3C3-C98DAC7F07C7",
        "Data ID": "0EFA7624-D3A1-7360-BCE0-7E4711C07449",
        "Datasource Class": "Seeq Calculations",
        "Datasource ID": "Seeq Calculations",
        "Enabled": true,
        "Formula": "$rightDV/$leftDV",
        "Formula Parameters": {
            "leftDV": "0EFA7623-8AA6-7760-ACE9-B4B53D3CAEB4",
            "rightDV": "0EFA7622-6E96-FBC0-91F9-39E8CC083F5A"
        },
        "Formula Version": 31,
        "ID": "0EFA7624-D3A1-7360-BCE0-7E4711C07449",
        "Interpolation Method": "None",
        "Locked": false,
        "Maximum Interpolation": {
            "Unit Of Measure": "s",
            "Value": 0
        },
        "Name": "Asymmetry",
        "Scoped To": "0EFA748F-A13C-FBE0-AF1B-4B1AACD8392D",
        "Type": "CalculatedSignal",
        "UIConfig": {
            "advancedParametersCollapsed": true,
            "configVersion": 11,
            "localFormula": "",
            "tabTransitioning": false,
            "type": "formula"
        },
        "Unsearchable": false,
        "Value Unit Of Measure": ""
    },
    "0EFA7628-BE8A-FD10-BCF5-9B556C0E1A54": {
        "Archived": false,
        "Cache Enabled": true,
        "Cache ID": "1EFA7638-175E-6560-8FEA-1157FC3C7D95",
        "Data ID": "0EFA7628-BE8A-FD10-BCF5-9B556C0E1A54",
        "Datasource Class": "Seeq Calculations",
        "Datasource ID": "Seeq Calculations",
        "Enabled": true,
        "Formula": "$series.aggregate(maxValue(), $capsules, durationKey())",
        "Formula Parameters": {
            "capsules": "0EFA74AD-58FB-EC00-B252-BAF28E0E3E7C",
            "series": "0EFA74BD-2D3B-73D0-B00F-640B10E0888C"
        },
        "Formula Version": 31,
        "ID": "0EFA7628-BE8A-FD10-BCF5-9B556C0E1A54",
        "Interpolation Method": "Step",
        "Locked": false,
        "Maximum Interpolation": {
            "Unit Of Measure": "d",
            "Value": 3
        },
        "Name": "HETP over Transition",
        "Scoped To": "0EFA748F-A13C-FBE0-AF1B-4B1AACD8392D",
        "Type": "CalculatedSignal",
        "UIConfig": {
            "advancedParametersCollapsed": true,
            "configVersion": 11,
            "type": "signal-from-condition"
        },
        "Unsearchable": false,
        "Value Unit Of Measure": "cm"
    },
    "0EFA7629-8CCB-71C0-94EE-19BF750984FC": {
        "Archived": false,
        "Cache Enabled": true,
        "Cache ID": "1EFA7638-175E-68B0-9E89-9FB847DCB873",
        "Data ID": "0EFA7629-8CCB-71C0-94EE-19BF750984FC",
        "Datasource Class": "Seeq Calculations",
        "Datasource ID": "Seeq Calculations",
        "Enabled": true,
        "Formula": "$series.aggregate(maxValue(), $capsules, durationKey())",
        "Formula Parameters": {
            "capsules": "0EFA74AD-58FB-EC00-B252-BAF28E0E3E7C",
            "series": "0EFA7624-D3A1-7360-BCE0-7E4711C07449"
        },
        "Formula Version": 31,
        "ID": "0EFA7629-8CCB-71C0-94EE-19BF750984FC",
        "Interpolation Method": "Step",
        "Locked": false,
        "Maximum Interpolation": {
            "Unit Of Measure": "d",
            "Value": 3
        },
        "Name": "Asymmetry over Transition",
        "Scoped To": "0EFA748F-A13C-FBE0-AF1B-4B1AACD8392D",
        "Type": "CalculatedSignal",
        "UIConfig": {
            "advancedParametersCollapsed": true,
            "configVersion": 11,
            "type": "signal-from-condition"
        },
        "Unsearchable": false,
        "Value Unit Of Measure": ""
    },
    "0EFA762A-CA6C-F960-9A94-F22D17D400A1": {
        "Archived": false,
        "Cache Enabled": true,
        "Cache ID": "0EFA762A-CA6C-F960-B283-7BEFBEB55C2A",
        "Data ID": "0EFA762A-CA6C-F960-9A94-F22D17D400A1",
        "Datasource Class": "Seeq Calculations",
        "Datasource ID": "Seeq Calculations",
        "Enabled": true,
        "Formula": "3.334cm",
        "Formula Parameters": {},
        "Formula Version": 31,
        "ID": "0EFA762A-CA6C-F960-9A94-F22D17D400A1",
        "Locked": false,
        "Name": "HETP HCL",
        "Scoped To": "0EFA748F-A13C-FBE0-AF1B-4B1AACD8392D",
        "Type": "CalculatedScalar",
        "UIConfig": {
            "advancedParametersCollapsed": true,
            "configVersion": 11,
            "localFormula": "",
            "tabTransitioning": false,
            "type": "formula"
        },
        "Unit Of Measure": "cm",
        "Unsearchable": false
    },
    "0EFA762B-2C71-75C0-9A8F-3BB2374CE576": {
        "Archived": false,
        "Cache Enabled": true,
        "Cache ID": "0EFA762B-2C71-75C0-A73B-32AA5497C17F",
        "Data ID": "0EFA762B-2C71-75C0-9A8F-3BB2374CE576",
        "Datasource Class": "Seeq Calculations",
        "Datasource ID": "Seeq Calculations",
        "Enabled": true,
        "Formula": "3.335cm",
        "Formula Parameters": {},
        "Formula Version": 31,
        "ID": "0EFA762B-2C71-75C0-9A8F-3BB2374CE576",
        "Locked": false,
        "Name": "HETP HHCL",
        "Scoped To": "0EFA748F-A13C-FBE0-AF1B-4B1AACD8392D",
        "Type": "CalculatedScalar",
        "UIConfig": {
            "advancedParametersCollapsed": true,
            "configVersion": 11,
            "localFormula": "",
            "tabTransitioning": false,
            "type": "formula"
        },
        "Unit Of Measure": "cm",
        "Unsearchable": false
    },
    "0EFA762B-B4CC-F960-B464-5509FA7DBA15": {
        "Archived": false,
        "Cache Enabled": true,
        "Cache ID": "0EFA762B-B4CC-F960-B091-650762A3441E",
        "Data ID": "0EFA762B-B4CC-F960-B464-5509FA7DBA15",
        "Datasource Class": "Seeq Calculations",
        "Datasource ID": "Seeq Calculations",
        "Enabled": true,
        "Formula": "0.95",
        "Formula Parameters": {},
        "Formula Version": 31,
        "ID": "0EFA762B-B4CC-F960-B464-5509FA7DBA15",
        "Locked": false,
        "Name": "Asymmetry LCL",
        "Scoped To": "0EFA748F-A13C-FBE0-AF1B-4B1AACD8392D",
        "Type": "CalculatedScalar",
        "UIConfig": {
            "advancedParametersCollapsed": true,
            "configVersion": 11,
            "localFormula": "",
            "tabTransitioning": false,
            "type": "formula"
        },
        "Unit Of Measure": "",
        "Unsearchable": false
    },
    "0EFA762C-258A-EE40-A919-81ECD7DD6650": {
        "Archived": false,
        "Cache Enabled": true,
        "Cache ID": "0EFA762C-258A-EE40-9BF2-E442C0B5A204",
        "Data ID": "0EFA762C-258A-EE40-A919-81ECD7DD6650",
        "Datasource Class": "Seeq Calculations",
        "Datasource ID": "Seeq Calculations",
        "Enabled": true,
        "Formula": "1.125",
        "Formula Parameters": {},
        "Formula Version": 31,
        "ID": "0EFA762C-258A-EE40-A919-81ECD7DD6650",
        "Locked": false,
        "Name": "Asymmetry UCL",
        "Scoped To": "0EFA748F-A13C-FBE0-AF1B-4B1AACD8392D",
        "Type": "CalculatedScalar",
        "UIConfig": {
            "advancedParametersCollapsed": true,
            "configVersion": 11,
            "localFormula": "",
            "tabTransitioning": false,
            "type": "formula"
        },
        "Unit Of Measure": "",
        "Unsearchable": false
    },
    "0EFA762D-22A0-EEE0-BB16-EA36382A699D": {
        "Archived": false,
        "Cache Enabled": true,
        "Cache ID": "1EFA7638-175E-6C20-85D7-1423A66F33B5",
        "Capsule ID Property": "start",
        "Capsule Property Units": {},
        "Data ID": "0EFA762D-22A0-EEE0-BB16-EA36382A699D",
        "Datasource Class": "Seeq Calculations",
        "Datasource ID": "Seeq Calculations",
        "Enabled": true,
        "Formula": "$a > $b",
        "Formula Parameters": {
            "a": "0EFA7628-BE8A-FD10-BCF5-9B556C0E1A54",
            "b": "0EFA762A-CA6C-F960-9A94-F22D17D400A1"
        },
        "Formula Version": 31,
        "ID": "0EFA762D-22A0-EEE0-BB16-EA36382A699D",
        "Locked": false,
        "Name": "HETP Advisory Deviation",
        "Scoped To": "0EFA748F-A13C-FBE0-AF1B-4B1AACD8392D",
        "Type": "CalculatedCondition",
        "UIConfig": {
            "advancedEntryDuration": {
                "units": "min",
                "value": 0
            },
            "advancedEntryLowerValue": null,
            "advancedEntryValue": null,
            "advancedExitDuration": {
                "units": "min",
                "value": 0
            },
            "advancedExitValue": null,
            "advancedParametersCollapsed": true,
            "configVersion": 11,
            "isCleansing": false,
            "isMigratedDeviationSearch": false,
            "isSimple": true,
            "mergeDuration": {
                "units": "min",
                "value": 0
            },
            "minDuration": {
                "units": "min",
                "value": 0
            },
            "simpleLowerValue": null,
            "simpleOperator": ">",
            "simpleValue": "0EFA762A-CA6C-F960-9A94-F22D17D400A1",
            "type": "value-search",
            "useValidValues": false,
            "version": "V3"
        },
        "Unsearchable": false
    },
    "0EFA762D-DEC2-E8D0-852F-391D99BB06B0": {
        "Archived": false,
        "Cache Enabled": true,
        "Cache ID": "1EFA7638-175E-6F50-B0BF-0668ED9FA46D",
        "Capsule ID Property": "start",
        "Capsule Property Units": {},
        "Data ID": "0EFA762D-DEC2-E8D0-852F-391D99BB06B0",
        "Datasource Class": "Seeq Calculations",
        "Datasource ID": "Seeq Calculations",
        "Enabled": true,
        "Formula": "$a > $b",
        "Formula Parameters": {
            "a": "0EFA7628-BE8A-FD10-BCF5-9B556C0E1A54",
            "b": "0EFA762B-2C71-75C0-9A8F-3BB2374CE576"
        },
        "Formula Version": 31,
        "ID": "0EFA762D-DEC2-E8D0-852F-391D99BB06B0",
        "Locked": false,
        "Name": "HETP Quality Deviation",
        "Scoped To": "0EFA748F-A13C-FBE0-AF1B-4B1AACD8392D",
        "Type": "CalculatedCondition",
        "UIConfig": {
            "advancedEntryDuration": {
                "units": "min",
                "value": 0
            },
            "advancedEntryLowerValue": null,
            "advancedEntryValue": null,
            "advancedExitDuration": {
                "units": "min",
                "value": 0
            },
            "advancedExitValue": null,
            "advancedParametersCollapsed": true,
            "configVersion": 11,
            "isCleansing": false,
            "isMigratedDeviationSearch": false,
            "isSimple": true,
            "mergeDuration": {
                "units": "min",
                "value": 0
            },
            "minDuration": {
                "units": "min",
                "value": 0
            },
            "scopedTo": "0EFA748F-A13C-FBE0-AF1B-4B1AACD8392D",
            "simpleLowerValue": null,
            "simpleOperator": ">",
            "simpleValue": "0EFA762B-2C71-75C0-9A8F-3BB2374CE576",
            "type": "value-search",
            "useValidValues": false,
            "version": "V3"
        },
        "Unsearchable": false
    },
    "0EFA762F-3A3B-7300-8D68-5C32628F3035": {
        "Archived": false,
        "Cache Enabled": true,
        "Cache ID": "1EFA7638-175F-62B0-8CDB-DC580097A6A7",
        "Capsule ID Property": "start",
        "Capsule Property Units": {},
        "Data ID": "0EFA762F-3A3B-7300-8D68-5C32628F3035",
        "Datasource Class": "Seeq Calculations",
        "Datasource ID": "Seeq Calculations",
        "Enabled": true,
        "Formula": "$a < $c or $a > $b",
        "Formula Parameters": {
            "a": "0EFA7629-8CCB-71C0-94EE-19BF750984FC",
            "b": "0EFA762C-258A-EE40-A919-81ECD7DD6650",
            "c": "0EFA762B-B4CC-F960-B464-5509FA7DBA15"
        },
        "Formula Version": 31,
        "ID": "0EFA762F-3A3B-7300-8D68-5C32628F3035",
        "Locked": false,
        "Name": "Asymmetry Advisory Deviation",
        "Scoped To": "0EFA748F-A13C-FBE0-AF1B-4B1AACD8392D",
        "Type": "CalculatedCondition",
        "UIConfig": {
            "advancedEntryDuration": {
                "units": "min",
                "value": 0
            },
            "advancedEntryLowerValue": null,
            "advancedEntryValue": null,
            "advancedExitDuration": {
                "units": "min",
                "value": 0
            },
            "advancedExitValue": null,
            "advancedParametersCollapsed": true,
            "configVersion": 11,
            "isCleansing": false,
            "isMigratedDeviationSearch": false,
            "isSimple": true,
            "mergeDuration": {
                "units": "min",
                "value": 0
            },
            "minDuration": {
                "units": "min",
                "value": 0
            },
            "scopedTo": "0EFA748F-A13C-FBE0-AF1B-4B1AACD8392D",
            "simpleLowerValue": "0EFA762B-B4CC-F960-B464-5509FA7DBA15",
            "simpleLowerValueInclusivity": "<",
            "simpleOperator": "<>",
            "simpleUpperValueInclusivity": ">",
            "simpleValue": "0EFA762C-258A-EE40-A919-81ECD7DD6650",
            "type": "value-search",
            "useValidValues": false,
            "version": "V3"
        },
        "Unsearchable": false
    },
    "0EFA7630-C01A-7510-8CD9-B0B48DF44617": {
        "Archived": false,
        "Cache Enabled": false,
        "Data ID": "0EFA7630-C01A-7510-8CD9-B0B48DF44617",
        "Datasource Class": "Seeq Calculations",
        "Datasource ID": "Seeq Calculations",
        "Enabled": true,
        "Formula": "<ThresholdMetric>",
        "Formula Parameters": {
            "Aggregation Condition": "0efa7630-c197-62d0-8c1b-1a53cc6b4ea3",
            "Aggregation Function": "maxValue()",
            "Bounding Condition": "0EFA74AD-58FB-EC00-B252-BAF28E0E3E7C",
            "Measured Item": "0EFA7628-BE8A-FD10-BCF5-9B556C0E1A54",
            "Metric Neutral Color": "#00B050",
            "Process Type": "Condition",
            "Thresholds": [
                {
                    "Item ID": "0EFA762B-2C71-75C0-9A8F-3BB2374CE576",
                    "Priority": {
                        "Color": "#ff0000",
                        "Level": 3,
                        "Name": "HiHiHi"
                    },
                    "Value": {
                        "Unit Of Measure": "cm",
                        "Value": 3.335
                    }
                },
                {
                    "Item ID": "0EFA762A-CA6C-F960-9A94-F22D17D400A1",
                    "Priority": {
                        "Color": "#ffdd52",
                        "Level": 2,
                        "Name": "HiHi"
                    },
                    "Value": {
                        "Unit Of Measure": "cm",
                        "Value": 3.334
                    }
                }
            ]
        },
        "ID": "0EFA7630-C01A-7510-8CD9-B0B48DF44617",
        "Locked": false,
        "MetricReconfigurationMigration": true,
        "Name": "HETP",
        "NeutralColor": "#00B050",
        "Scoped To": "0EFA748F-A13C-FBE0-AF1B-4B1AACD8392D",
        "Type": "ThresholdMetric",
        "UIConfig": {
            "advancedParametersCollapsed": true,
            "type": "threshold-metric"
        },
        "Unsearchable": false
    },
    "0EFA7632-01AE-E890-8208-B72A42A36013": {
        "Archived": false,
        "Cache Enabled": false,
        "Data ID": "0EFA7632-01AE-E890-8208-B72A42A36013",
        "Datasource Class": "Seeq Calculations",
        "Datasource ID": "Seeq Calculations",
        "Enabled": true,
        "Formula": "<ThresholdMetric>",
        "Formula Parameters": {
            "Aggregation Condition": "0efa7632-0234-fd00-a4d2-0b9ec8e443ad",
            "Aggregation Function": "maxValue()",
            "Bounding Condition": "0EFA74AD-58FB-EC00-B252-BAF28E0E3E7C",
            "Measured Item": "0EFA7629-8CCB-71C0-94EE-19BF750984FC",
            "Metric Neutral Color": "#00B050",
            "Process Type": "Condition",
            "Thresholds": [
                {
                    "Item ID": "0EFA762C-258A-EE40-A919-81ECD7DD6650",
                    "Priority": {
                        "Color": "#ffdd52",
                        "Level": 2,
                        "Name": "HiHi"
                    },
                    "Value": {
                        "Unit Of Measure": "",
                        "Value": 1.125
                    }
                },
                {
                    "Item ID": "0EFA762B-B4CC-F960-B464-5509FA7DBA15",
                    "Priority": {
                        "Color": "#ffdd52",
                        "Level": -2,
                        "Name": "LoLo"
                    },
                    "Value": {
                        "Unit Of Measure": "",
                        "Value": 0.95
                    }
                }
            ]
        },
        "ID": "0EFA7632-01AE-E890-8208-B72A42A36013",
        "Locked": false,
        "MetricReconfigurationMigration": true,
        "Name": "Asymmetry",
        "NeutralColor": "#00B050",
        "Scoped To": "0EFA748F-A13C-FBE0-AF1B-4B1AACD8392D",
        "Type": "ThresholdMetric",
        "UIConfig": {
            "advancedParametersCollapsed": true,
            "type": "threshold-metric"
        },
        "Unsearchable": false
    },
    "3FBF8E7E-5A88-4F63-85ED-8A1E1C821503": {
        "Archived": false,
        "Cache Enabled": false,
        "Cache ID": "F1730458-1E42-40AB-BC46-7DCC08953885",
        "Data ID": "[Tag] Reactor 1 Product.sim.ts.csv",
        "Datasource Class": "Time Series CSV Files",
        "Datasource ID": "trainingData",
        "Enabled": true,
        "ID": "3FBF8E7E-5A88-4F63-85ED-8A1E1C821503",
        "Interpolation Method": "Step",
        "Key Unit Of Measure": "ns",
        "Locked": false,
        "Maximum Interpolation": "1min",
        "Name": "Reactor 1 Product",
        "Source Maximum Interpolation": "1min",
        "Source Value Unit Of Measure": "string",
        "Stored Series Cache Version": 1,
        "Sync Token": "2023-02-16T00:00:00.365541947Z",
        "Type": "StoredSignal",
        "Unsearchable": false,
        "Value Unit Of Measure": "string"
    },
    "503B5AE9-86A9-4852-B676-B2B9D02F5561": {
        "Archived": false,
        "Cache Enabled": false,
        "Cache ID": "E2FE4FCB-A608-48AA-AF0C-D8944FAC362C",
        "Data ID": "[Tag] Chrom_Flow_Rate.sim.ts.csv",
        "Datasource Class": "Time Series CSV Files",
        "Datasource ID": "trainingData",
        "Enabled": true,
        "ID": "503B5AE9-86A9-4852-B676-B2B9D02F5561",
        "Interpolation Method": "Linear",
        "Key Unit Of Measure": "ns",
        "Locked": false,
        "Maximum Interpolation": "40h",
        "Name": "Chrom_Flow_Rate",
        "Source Maximum Interpolation": "40h",
        "Source Value Unit Of Measure": "",
        "Stored Series Cache Version": 1,
        "Sync Token": "2023-02-16T00:00:00.365541947Z",
        "Type": "StoredSignal",
        "Unsearchable": false,
        "Value Unit Of Measure": ""
    },
    "76CCE191-E0DD-4CD2-B9B8-B895FE5763DC": {
        "Archived": false,
        "Cache Enabled": false,
        "Cache ID": "9FE5B6C9-0FC3-446A-82AB-73D2C5049B07",
        "Data ID": "[Tag] Chrom_Conductivity.sim.ts.csv",
        "Datasource Class": "Time Series CSV Files",
        "Datasource ID": "trainingData",
        "Enabled": true,
        "ID": "76CCE191-E0DD-4CD2-B9B8-B895FE5763DC",
        "Interpolation Method": "Linear",
        "Key Unit Of Measure": "ns",
        "Locked": false,
        "Maximum Interpolation": "40h",
        "Name": "Chrom_Conductivity",
        "Source Maximum Interpolation": "40h",
        "Source Value Unit Of Measure": "",
        "Stored Series Cache Version": 1,
        "Sync Token": "2023-02-16T00:00:00.365541947Z",
        "Type": "StoredSignal",
        "Unsearchable": false,
        "Value Unit Of Measure": ""
    },
    "905A3390-CCA6-489B-89A3-492EC9F7FF26": {
        "Access Control": [
            {
                "ID": "726694d8-3949-4a40-aa59-e01b172690cd",
                "Identity": {
                    "Datasource Class": "OAuth 2.0",
                    "Datasource ID": "9ecc7e74-4c32-436d-9af0-70d8aa99386b",
                    "Datasource Name": "Seeq Azure SSO",
                    "Email": "Joseph.Reckamp@seeq.com",
                    "First Name": "Joe",
                    "ID": "C9FD5B90-17F3-4CA7-8C37-CD9B7D9B85D2",
                    "Is Admin": true,
                    "Last Name": "Reckamp",
                    "Name": "Joe Reckamp",
                    "Type": "User",
                    "Username": "DEg3Lh5pLS4-lG84EjGXXXdzxhd1450vkLgiu8he2l8"
                },
                "Origin": null,
                "Permissions": {
                    "Manage": true,
                    "Read": true,
                    "Write": true
                },
                "Redacted": false,
                "Role": "OWNER"
            }
        ],
        "Ancestors": [
            "__Users__"
        ],
        "Archived": false,
        "Cache Enabled": false,
        "Created At": "1605736826077625600",
        "Enabled": true,
        "ID": "905A3390-CCA6-489B-89A3-492EC9F7FF26",
        "Locked": false,
        "Name": "Joseph Reckamp",
        "Owner": {
            "Datasource Class": "OAuth 2.0",
            "Datasource ID": "9ecc7e74-4c32-436d-9af0-70d8aa99386b",
            "Datasource Name": "Seeq Azure SSO",
            "Email": "Joseph.Reckamp@seeq.com",
            "First Name": "Joe",
            "ID": "C9FD5B90-17F3-4CA7-8C37-CD9B7D9B85D2",
            "Is Admin": true,
            "Last Name": "Reckamp",
            "Name": "Joe Reckamp",
            "Type": "User",
            "Username": "DEg3Lh5pLS4-lG84EjGXXXdzxhd1450vkLgiu8he2l8"
        },
        "Permission Inheritance Disabled": true,
        "Type": "Folder",
        "Unmodifiable": true,
        "Unsearchable": true,
        "Updated At": "1605736826077625600"
    }
}