{
    "Definition": {
        "Archived": false,
        "Cache Enabled": false,
        "Created At": "1732111738820856288",
        "Description": "Reduced TA turnaround time by 2-16hrs per chromatography cycle.&nbsp; Monitor to prevent column re-pack and re-slurry ( $100k+ /occurrence) Calculate near real-time production-scale column HETP and Asymmetry during column transition periods to monitor for column integrity and consistent operations using the moment analysis technique. Contextualize Begin with the conductivity and",
        "Document": "<h1 style=\"margin-left:0px;text-align:center;\"><a href=\"/links?type&#61;workstep&amp;workbook&#61;0EFA748F-A13C-FBE0-AF1B-4B1AACD8392D&amp;worksheet&#61;0EFA748F-A728-FDB0-AA14-EF64B88D7C8C&amp;workstep&#61;0EFA7635-B5FC-EA60-835A-A5B31BB24529\" rel=\"nofollow noopener noreferrer\"><strong><u>Transition Analysis</u></strong></a></h1><figure class=\"table\"><table class=\"ck-table-resized\"><colgroup><col style=\"width:50%;\" /><col style=\"width:50%;\" /></colgroup><tbody><tr><td><img src=\"/api/annotations/0EFA748F-BE77-EA70-9018-C52DB23B506E/images/image_v1.png\" alt=\"Leadership Insights in the Pharmaceutical Industry | CCL\"></td><td><strong>Reduced </strong>TA turnaround time by <strong>2-16hrs</strong> per chromatography cycle.\u00a0<br><strong>Monitor </strong>to prevent column re-pack and re-slurry (<strong>$100k&#43;</strong>/occurrence)</td></tr></tbody></table></figure><p style=\"margin-left:0px;\">Calculate near <strong>real-time</strong> production-scale column HETP and Asymmetry during column transition periods to monitor for column integrity and consistent operations using the moment analysis technique.</p><h4><strong>Contextualize</strong></h4><p>Begin with the conductivity and flow rate signals. Clean and smooth signal as needed.\u00a0</p><ul><li><a href=\"/links?type&#61;workstep&amp;workbook&#61;0EFA748F-A13C-FBE0-AF1B-4B1AACD8392D&amp;worksheet&#61;0EFA748F-A728-FDB0-AA14-EF64B88D7C8C&amp;workstep&#61;0EFA74C0-D08F-EA60-A6DD-8B0B644D4EE0\" rel=\"nofollow noopener noreferrer\">Cleaned Signals</a></li></ul><p>Identify transition periods with conductivity, flow, or DCS phase type signal(s).</p><ul><li><a href=\"/links?type&#61;workstep&amp;workbook&#61;0EFA748F-A13C-FBE0-AF1B-4B1AACD8392D&amp;worksheet&#61;0EFA748F-A728-FDB0-AA14-EF64B88D7C8C&amp;workstep&#61;0EFA74AE-83A7-FB60-B9D9-9D545AC3FDF3\" rel=\"nofollow noopener noreferrer\">Transition Periods</a>\u00a0</li></ul><h4><strong>Calculate</strong></h4><h4>HETP</h4><p>Quantify the <strong>column efficiency</strong> by calculating the HETP using a moment analysis.</p><ul><li><a href=\"/links?type&#61;workstep&amp;workbook&#61;0EFA748F-A13C-FBE0-AF1B-4B1AACD8392D&amp;worksheet&#61;0EFA748F-A728-FDB0-AA14-EF64B88D7C8C&amp;workstep&#61;0EFA74BE-ACA7-FFA0-8DF1-E91D95FD9077\" rel=\"nofollow noopener noreferrer\">HETP</a></li></ul><h4>Asymmetry\u00a0</h4><p>Quantify the <strong>column integrity and pack quality</strong> by calculating peak asymmetry using volume changes.</p><ul><li><a href=\"/links?type&#61;workstep&amp;workbook&#61;0EFA748F-A13C-FBE0-AF1B-4B1AACD8392D&amp;worksheet&#61;0EFA748F-A728-FDB0-AA14-EF64B88D7C8C&amp;workstep&#61;0EFA7626-66ED-FD70-A793-31C04EC05568\" rel=\"nofollow noopener noreferrer\">Asymmetry</a></li></ul><h4><strong>Monitor</strong></h4><p>Set thresholds and monitor the HETP and Asymmetry in real time.</p><ul><li><a href=\"/links?type&#61;workstep&amp;workbook&#61;0EFA748F-A13C-FBE0-AF1B-4B1AACD8392D&amp;worksheet&#61;0EFA748F-A728-FDB0-AA14-EF64B88D7C8C&amp;workstep&#61;0EFA7635-B5FC-EA60-835A-A5B31BB24529\" rel=\"nofollow noopener noreferrer\">Deviations</a></li></ul>",
        "DocumentBackup\u02c9DEg3Lh5pLS4-lG84EjGXXXdzxhd1450vkLgiu8he2l8\u02c92024-11-20T14:08:00Z": "",
        "DocumentBackup\u02c9DEg3Lh5pLS4-lG84EjGXXXdzxhd1450vkLgiu8he2l8\u02c92024-11-20T14:09:00Z": "<h1 style=\"margin-left:0px;text-align:center;\"><a href=\"/links?type&#61;workstep&amp;workbook&#61;0EE77E1B-20DA-6650-B9E0-5493405784B1&amp;worksheet&#61;0EE77E1B-24F6-EA40-BA3A-7FADE9C0E9B1&amp;workstep&#61;0EE77E71-3C62-EED0-A09F-64C896C1CF9C\" rel=\"nofollow noopener noreferrer\"><strong><u>Transition Analysis</u></strong></a></h1><figure class=\"table\"><table class=\"ck-table-resized\"><colgroup><col style=\"width:50%;\" /><col style=\"width:50%;\" /></colgroup><tbody><tr><td><img src=\"/api/annotations/0EFA748F-BE77-EA70-9018-C52DB23B506E/images/image_v1.png\" alt=\"Leadership Insights in the Pharmaceutical Industry | CCL\"></td><td><strong>Reduced </strong>TA turnaround time by <strong>2-16hrs</strong> per chromatography cycle.\u00a0<br><strong>Monitor </strong>to prevent column re-pack and re-slurry (<strong>$100k&#43;</strong>/occurrence)</td></tr></tbody></table></figure><p style=\"margin-left:0px;\">Calculate near <strong>real-time</strong> production-scale column HETP and Asymmetry during column transition periods to monitor for column integrity and consistent operations using the moment analysis technique.</p><h4><strong>Contextualize</strong></h4><p>Begin with the conductivity and flow rate signals. Clean and smooth signal as needed.\u00a0</p><ul><li><a href=\"/links?type&#61;workstep&amp;workbook&#61;0EE77E1B-20DA-6650-B9E0-5493405784B1&amp;worksheet&#61;0EE77E1B-24F6-EA40-BA3A-7FADE9C0E9B1&amp;workstep&#61;0EE77E72-A836-F930-863F-D4773D3BB25C\" rel=\"nofollow noopener noreferrer\">Cleaned Signals</a></li></ul><p>Identify transition periods with conductivity, flow, or DCS phase type signal(s).</p><ul><li><a href=\"/links?type&#61;workstep&amp;workbook&#61;0EE77E1B-20DA-6650-B9E0-5493405784B1&amp;worksheet&#61;0EE77E1B-24F6-EA40-BA3A-7FADE9C0E9B1&amp;workstep&#61;0EE77E36-7DB4-F950-84AC-14538BA8CAD7\" rel=\"nofollow noopener noreferrer\">Transition Periods</a>\u00a0</li></ul><h4><strong>Calculate</strong></h4><h4>HETP</h4><p>Quantify the <strong>column efficiency</strong> by calculating the HETP using a moment analysis.</p><ul><li><a href=\"/links?type&#61;workstep&amp;workbook&#61;0EE77E1B-20DA-6650-B9E0-5493405784B1&amp;worksheet&#61;0EE77E1B-24F6-EA40-BA3A-7FADE9C0E9B1&amp;workstep&#61;0EE77E4C-6419-6660-B820-98AC60A33540\" rel=\"nofollow noopener noreferrer\">HETP</a></li></ul><h4>Asymmetry\u00a0</h4><p>Quantify the <strong>column integrity and pack quality</strong> by calculating peak asymmetry using volume changes.</p><ul><li><a href=\"/links?type&#61;workstep&amp;workbook&#61;0EE77E1B-20DA-6650-B9E0-5493405784B1&amp;worksheet&#61;0EE77E1B-24F6-EA40-BA3A-7FADE9C0E9B1&amp;workstep&#61;0EE77E5E-1132-FB10-949A-9C6C13AEC600\" rel=\"nofollow noopener noreferrer\">Asymmetry</a></li></ul><h4><strong>Monitor</strong></h4><p>Set thresholds and monitor the HETP and Asymmetry in real time.</p><ul><li><a href=\"/links?type&#61;workstep&amp;workbook&#61;0EE77E1B-20DA-6650-B9E0-5493405784B1&amp;worksheet&#61;0EE77E1B-24F6-EA40-BA3A-7FADE9C0E9B1&amp;workstep&#61;0EE77E71-3C62-EED0-A09F-64C896C1CF9C\" rel=\"nofollow noopener noreferrer\">Deviations</a></li></ul>",
        "DocumentBackup\u02c9DEg3Lh5pLS4-lG84EjGXXXdzxhd1450vkLgiu8he2l8\u02c92024-11-20T14:14:00Z": "<h1 style=\"margin-left:0px;text-align:center;\"><strong><u>Transition Analysis</u></strong></h1><figure class=\"table\"><table class=\"ck-table-resized\"><colgroup><col style=\"width:50%;\" /><col style=\"width:50%;\" /></colgroup><tbody><tr><td><img src=\"/api/annotations/0EFA748F-BE77-EA70-9018-C52DB23B506E/images/image_v1.png\" alt=\"Leadership Insights in the Pharmaceutical Industry | CCL\"></td><td><strong>Reduced </strong>TA turnaround time by <strong>2-16hrs</strong> per chromatography cycle.\u00a0<br><strong>Monitor </strong>to prevent column re-pack and re-slurry (<strong>$100k&#43;</strong>/occurrence)</td></tr></tbody></table></figure><p style=\"margin-left:0px;\">Calculate near <strong>real-time</strong> production-scale column HETP and Asymmetry during column transition periods to monitor for column integrity and consistent operations using the moment analysis technique.</p><h4><strong>Contextualize</strong></h4><p>Begin with the conductivity and flow rate signals. Clean and smooth signal as needed.\u00a0</p><ul><li><a href=\"/links?type&#61;workstep&amp;workbook&#61;0EFA748F-A13C-FBE0-AF1B-4B1AACD8392D&amp;worksheet&#61;0EFA748F-A728-FDB0-AA14-EF64B88D7C8C&amp;workstep&#61;0EFA749B-E48A-FDA0-B36E-02277EB6C720\" rel=\"nofollow noopener noreferrer\">Cleaned Signals</a></li></ul><p>Identify transition periods with conductivity, flow, or DCS phase type signal(s).</p><ul><li>Transition Periods\u00a0</li></ul><h4><strong>Calculate</strong></h4><h4>HETP</h4><p>Quantify the <strong>column efficiency</strong> by calculating the HETP using a moment analysis.</p><ul><li>HETP</li></ul><h4>Asymmetry\u00a0</h4><p>Quantify the <strong>column integrity and pack quality</strong> by calculating peak asymmetry using volume changes.</p><ul><li>Asymmetry</li></ul><h4><strong>Monitor</strong></h4><p>Set thresholds and monitor the HETP and Asymmetry in real time.</p><ul><li>Deviations</li></ul>",
        "DocumentBackup\u02c9DEg3Lh5pLS4-lG84EjGXXXdzxhd1450vkLgiu8he2l8\u02c92024-11-20T14:22:00Z": "<h1 style=\"margin-left:0px;text-align:center;\"><strong><u>Transition Analysis</u></strong></h1><figure class=\"table\"><table class=\"ck-table-resized\"><colgroup><col style=\"width:50%;\" /><col style=\"width:50%;\" /></colgroup><tbody><tr><td><img src=\"/api/annotations/0EFA748F-BE77-EA70-9018-C52DB23B506E/images/image_v1.png\" alt=\"Leadership Insights in the Pharmaceutical Industry | CCL\"></td><td><strong>Reduced </strong>TA turnaround time by <strong>2-16hrs</strong> per chromatography cycle.\u00a0<br><strong>Monitor </strong>to prevent column re-pack and re-slurry (<strong>$100k&#43;</strong>/occurrence)</td></tr></tbody></table></figure><p style=\"margin-left:0px;\">Calculate near <strong>real-time</strong> production-scale column HETP and Asymmetry during column transition periods to monitor for column integrity and consistent operations using the moment analysis technique.</p><h4><strong>Contextualize</strong></h4><p>Begin with the conductivity and flow rate signals. Clean and smooth signal as needed.\u00a0</p><ul><li><a href=\"/links?type&#61;workstep&amp;workbook&#61;0EFA748F-A13C-FBE0-AF1B-4B1AACD8392D&amp;worksheet&#61;0EFA748F-A728-FDB0-AA14-EF64B88D7C8C&amp;workstep&#61;0EFA749B-E48A-FDA0-B36E-02277EB6C720\" rel=\"nofollow noopener noreferrer\">Cleaned Signals</a></li></ul><p>Identify transition periods with conductivity, flow, or DCS phase type signal(s).</p><ul><li><a href=\"/links?type&#61;workstep&amp;workbook&#61;0EFA748F-A13C-FBE0-AF1B-4B1AACD8392D&amp;worksheet&#61;0EFA748F-A728-FDB0-AA14-EF64B88D7C8C&amp;workstep&#61;0EFA74AE-83A7-FB60-B9D9-9D545AC3FDF3\" rel=\"nofollow noopener noreferrer\">Transition Periods</a>\u00a0</li></ul><h4><strong>Calculate</strong></h4><h4>HETP</h4><p>Quantify the <strong>column efficiency</strong> by calculating the HETP using a moment analysis.</p><ul><li>HETP</li></ul><h4>Asymmetry\u00a0</h4><p>Quantify the <strong>column integrity and pack quality</strong> by calculating peak asymmetry using volume changes.</p><ul><li>Asymmetry</li></ul><h4><strong>Monitor</strong></h4><p>Set thresholds and monitor the HETP and Asymmetry in real time.</p><ul><li>Deviations</li></ul>",
        "DocumentBackup\u02c9DEg3Lh5pLS4-lG84EjGXXXdzxhd1450vkLgiu8he2l8\u02c92024-11-20T14:24:00Z": "<h1 style=\"margin-left:0px;text-align:center;\"><strong><u>Transition Analysis</u></strong></h1><figure class=\"table\"><table class=\"ck-table-resized\"><colgroup><col style=\"width:50%;\" /><col style=\"width:50%;\" /></colgroup><tbody><tr><td><img src=\"/api/annotations/0EFA748F-BE77-EA70-9018-C52DB23B506E/images/image_v1.png\" alt=\"Leadership Insights in the Pharmaceutical Industry | CCL\"></td><td><strong>Reduced </strong>TA turnaround time by <strong>2-16hrs</strong> per chromatography cycle.\u00a0<br><strong>Monitor </strong>to prevent column re-pack and re-slurry (<strong>$100k&#43;</strong>/occurrence)</td></tr></tbody></table></figure><p style=\"margin-left:0px;\">Calculate near <strong>real-time</strong> production-scale column HETP and Asymmetry during column transition periods to monitor for column integrity and consistent operations using the moment analysis technique.</p><h4><strong>Contextualize</strong></h4><p>Begin with the conductivity and flow rate signals. Clean and smooth signal as needed.\u00a0</p><ul><li><a href=\"/links?type&#61;workstep&amp;workbook&#61;0EFA748F-A13C-FBE0-AF1B-4B1AACD8392D&amp;worksheet&#61;0EFA748F-A728-FDB0-AA14-EF64B88D7C8C&amp;workstep&#61;0EFA74B1-7DED-7500-8094-9B3F771E0505\" rel=\"nofollow noopener noreferrer\">Cleaned Signals</a></li></ul><p>Identify transition periods with conductivity, flow, or DCS phase type signal(s).</p><ul><li><a href=\"/links?type&#61;workstep&amp;workbook&#61;0EFA748F-A13C-FBE0-AF1B-4B1AACD8392D&amp;worksheet&#61;0EFA748F-A728-FDB0-AA14-EF64B88D7C8C&amp;workstep&#61;0EFA74AE-83A7-FB60-B9D9-9D545AC3FDF3\" rel=\"nofollow noopener noreferrer\">Transition Periods</a>\u00a0</li></ul><h4><strong>Calculate</strong></h4><h4>HETP</h4><p>Quantify the <strong>column efficiency</strong> by calculating the HETP using a moment analysis.</p><ul><li>HETP</li></ul><h4>Asymmetry\u00a0</h4><p>Quantify the <strong>column integrity and pack quality</strong> by calculating peak asymmetry using volume changes.</p><ul><li>Asymmetry</li></ul><h4><strong>Monitor</strong></h4><p>Set thresholds and monitor the HETP and Asymmetry in real time.</p><ul><li>Deviations</li></ul>",
        "DocumentBackup\u02c9DEg3Lh5pLS4-lG84EjGXXXdzxhd1450vkLgiu8he2l8\u02c92024-11-20T14:30:00Z": "<h1 style=\"margin-left:0px;text-align:center;\"><strong><u>Transition Analysis</u></strong></h1><figure class=\"table\"><table class=\"ck-table-resized\"><colgroup><col style=\"width:50%;\" /><col style=\"width:50%;\" /></colgroup><tbody><tr><td><img src=\"/api/annotations/0EFA748F-BE77-EA70-9018-C52DB23B506E/images/image_v1.png\" alt=\"Leadership Insights in the Pharmaceutical Industry | CCL\"></td><td><strong>Reduced </strong>TA turnaround time by <strong>2-16hrs</strong> per chromatography cycle.\u00a0<br><strong>Monitor </strong>to prevent column re-pack and re-slurry (<strong>$100k&#43;</strong>/occurrence)</td></tr></tbody></table></figure><p style=\"margin-left:0px;\">Calculate near <strong>real-time</strong> production-scale column HETP and Asymmetry during column transition periods to monitor for column integrity and consistent operations using the moment analysis technique.</p><h4><strong>Contextualize</strong></h4><p>Begin with the conductivity and flow rate signals. Clean and smooth signal as needed.\u00a0</p><ul><li><a href=\"/links?type&#61;workstep&amp;workbook&#61;0EFA748F-A13C-FBE0-AF1B-4B1AACD8392D&amp;worksheet&#61;0EFA748F-A728-FDB0-AA14-EF64B88D7C8C&amp;workstep&#61;0EFA74B1-7DED-7500-8094-9B3F771E0505\" rel=\"nofollow noopener noreferrer\">Cleaned Signals</a></li></ul><p>Identify transition periods with conductivity, flow, or DCS phase type signal(s).</p><ul><li><a href=\"/links?type&#61;workstep&amp;workbook&#61;0EFA748F-A13C-FBE0-AF1B-4B1AACD8392D&amp;worksheet&#61;0EFA748F-A728-FDB0-AA14-EF64B88D7C8C&amp;workstep&#61;0EFA74AE-83A7-FB60-B9D9-9D545AC3FDF3\" rel=\"nofollow noopener noreferrer\">Transition Periods</a>\u00a0</li></ul><h4><strong>Calculate</strong></h4><h4>HETP</h4><p>Quantify the <strong>column efficiency</strong> by calculating the HETP using a moment analysis.</p><ul><li><a href=\"/links?type&#61;workstep&amp;workbook&#61;0EFA748F-A13C-FBE0-AF1B-4B1AACD8392D&amp;worksheet&#61;0EFA748F-A728-FDB0-AA14-EF64B88D7C8C&amp;workstep&#61;0EFA74BE-ACA7-FFA0-8DF1-E91D95FD9077\" rel=\"nofollow noopener noreferrer\">HETP</a></li></ul><h4>Asymmetry\u00a0</h4><p>Quantify the <strong>column integrity and pack quality</strong> by calculating peak asymmetry using volume changes.</p><ul><li>Asymmetry</li></ul><h4><strong>Monitor</strong></h4><p>Set thresholds and monitor the HETP and Asymmetry in real time.</p><ul><li>Deviations</li></ul>",
        "DocumentBackup\u02c9DEg3Lh5pLS4-lG84EjGXXXdzxhd1450vkLgiu8he2l8\u02c92024-11-20T14:31:00Z": "<h1 style=\"margin-left:0px;text-align:center;\"><strong><u>Transition Analysis</u></strong></h1><figure class=\"table\"><table class=\"ck-table-resized\"><colgroup><col style=\"width:50%;\" /><col style=\"width:50%;\" /></colgroup><tbody><tr><td><img src=\"/api/annotations/0EFA748F-BE77-EA70-9018-C52DB23B506E/images/image_v1.png\" alt=\"Leadership Insights in the Pharmaceutical Industry | CCL\"></td><td><strong>Reduced </strong>TA turnaround time by <strong>2-16hrs</strong> per chromatography cycle.\u00a0<br><strong>Monitor </strong>to prevent column re-pack and re-slurry (<strong>$100k&#43;</strong>/occurrence)</td></tr></tbody></table></figure><p style=\"margin-left:0px;\">Calculate near <strong>real-time</strong> production-scale column HETP and Asymmetry during column transition periods to monitor for column integrity and consistent operations using the moment analysis technique.</p><h4><strong>Contextualize</strong></h4><p>Begin with the conductivity and flow rate signals. Clean and smooth signal as needed.\u00a0</p><ul><li><a href=\"/links?type&#61;workstep&amp;workbook&#61;0EFA748F-A13C-FBE0-AF1B-4B1AACD8392D&amp;worksheet&#61;0EFA748F-A728-FDB0-AA14-EF64B88D7C8C&amp;workstep&#61;0EFA74C0-D08F-EA60-A6DD-8B0B644D4EE0\" rel=\"nofollow noopener noreferrer\">Cleaned Signals</a></li></ul><p>Identify transition periods with conductivity, flow, or DCS phase type signal(s).</p><ul><li><a href=\"/links?type&#61;workstep&amp;workbook&#61;0EFA748F-A13C-FBE0-AF1B-4B1AACD8392D&amp;worksheet&#61;0EFA748F-A728-FDB0-AA14-EF64B88D7C8C&amp;workstep&#61;0EFA74AE-83A7-FB60-B9D9-9D545AC3FDF3\" rel=\"nofollow noopener noreferrer\">Transition Periods</a>\u00a0</li></ul><h4><strong>Calculate</strong></h4><h4>HETP</h4><p>Quantify the <strong>column efficiency</strong> by calculating the HETP using a moment analysis.</p><ul><li><a href=\"/links?type&#61;workstep&amp;workbook&#61;0EFA748F-A13C-FBE0-AF1B-4B1AACD8392D&amp;worksheet&#61;0EFA748F-A728-FDB0-AA14-EF64B88D7C8C&amp;workstep&#61;0EFA74BE-ACA7-FFA0-8DF1-E91D95FD9077\" rel=\"nofollow noopener noreferrer\">HETP</a></li></ul><h4>Asymmetry\u00a0</h4><p>Quantify the <strong>column integrity and pack quality</strong> by calculating peak asymmetry using volume changes.</p><ul><li>Asymmetry</li></ul><h4><strong>Monitor</strong></h4><p>Set thresholds and monitor the HETP and Asymmetry in real time.</p><ul><li>Deviations</li></ul>",
        "DocumentBackup\u02c9DEg3Lh5pLS4-lG84EjGXXXdzxhd1450vkLgiu8he2l8\u02c92024-11-20T17:11:00Z": "<h1 style=\"margin-left:0px;text-align:center;\"><strong><u>Transition Analysis</u></strong></h1><figure class=\"table\"><table class=\"ck-table-resized\"><colgroup><col style=\"width:50%;\" /><col style=\"width:50%;\" /></colgroup><tbody><tr><td><img src=\"/api/annotations/0EFA748F-BE77-EA70-9018-C52DB23B506E/images/image_v1.png\" alt=\"Leadership Insights in the Pharmaceutical Industry | CCL\"></td><td><strong>Reduced </strong>TA turnaround time by <strong>2-16hrs</strong> per chromatography cycle.\u00a0<br><strong>Monitor </strong>to prevent column re-pack and re-slurry (<strong>$100k&#43;</strong>/occurrence)</td></tr></tbody></table></figure><p style=\"margin-left:0px;\">Calculate near <strong>real-time</strong> production-scale column HETP and Asymmetry during column transition periods to monitor for column integrity and consistent operations using the moment analysis technique.</p><h4><strong>Contextualize</strong></h4><p>Begin with the conductivity and flow rate signals. Clean and smooth signal as needed.\u00a0</p><ul><li><a href=\"/links?type&#61;workstep&amp;workbook&#61;0EFA748F-A13C-FBE0-AF1B-4B1AACD8392D&amp;worksheet&#61;0EFA748F-A728-FDB0-AA14-EF64B88D7C8C&amp;workstep&#61;0EFA74C0-D08F-EA60-A6DD-8B0B644D4EE0\" rel=\"nofollow noopener noreferrer\">Cleaned Signals</a></li></ul><p>Identify transition periods with conductivity, flow, or DCS phase type signal(s).</p><ul><li><a href=\"/links?type&#61;workstep&amp;workbook&#61;0EFA748F-A13C-FBE0-AF1B-4B1AACD8392D&amp;worksheet&#61;0EFA748F-A728-FDB0-AA14-EF64B88D7C8C&amp;workstep&#61;0EFA74AE-83A7-FB60-B9D9-9D545AC3FDF3\" rel=\"nofollow noopener noreferrer\">Transition Periods</a>\u00a0</li></ul><h4><strong>Calculate</strong></h4><h4>HETP</h4><p>Quantify the <strong>column efficiency</strong> by calculating the HETP using a moment analysis.</p><ul><li><a href=\"/links?type&#61;workstep&amp;workbook&#61;0EFA748F-A13C-FBE0-AF1B-4B1AACD8392D&amp;worksheet&#61;0EFA748F-A728-FDB0-AA14-EF64B88D7C8C&amp;workstep&#61;0EFA74BE-ACA7-FFA0-8DF1-E91D95FD9077\" rel=\"nofollow noopener noreferrer\">HETP</a></li></ul><h4>Asymmetry\u00a0</h4><p>Quantify the <strong>column integrity and pack quality</strong> by calculating peak asymmetry using volume changes.</p><ul><li><a href=\"/links?type&#61;workstep&amp;workbook&#61;0EFA748F-A13C-FBE0-AF1B-4B1AACD8392D&amp;worksheet&#61;0EFA748F-A728-FDB0-AA14-EF64B88D7C8C&amp;workstep&#61;0EFA7626-66ED-FD70-A793-31C04EC05568\" rel=\"nofollow noopener noreferrer\">Asymmetry</a></li></ul><h4><strong>Monitor</strong></h4><p>Set thresholds and monitor the HETP and Asymmetry in real time.</p><ul><li>Deviations</li></ul>",
        "DocumentBackup\u02c9DEg3Lh5pLS4-lG84EjGXXXdzxhd1450vkLgiu8he2l8\u02c92024-11-20T17:17:00Z": "<h1 style=\"margin-left:0px;text-align:center;\"><strong><u>Transition Analysis</u></strong></h1><figure class=\"table\"><table class=\"ck-table-resized\"><colgroup><col style=\"width:50%;\" /><col style=\"width:50%;\" /></colgroup><tbody><tr><td><img src=\"/api/annotations/0EFA748F-BE77-EA70-9018-C52DB23B506E/images/image_v1.png\" alt=\"Leadership Insights in the Pharmaceutical Industry | CCL\"></td><td><strong>Reduced </strong>TA turnaround time by <strong>2-16hrs</strong> per chromatography cycle.\u00a0<br><strong>Monitor </strong>to prevent column re-pack and re-slurry (<strong>$100k&#43;</strong>/occurrence)</td></tr></tbody></table></figure><p style=\"margin-left:0px;\">Calculate near <strong>real-time</strong> production-scale column HETP and Asymmetry during column transition periods to monitor for column integrity and consistent operations using the moment analysis technique.</p><h4><strong>Contextualize</strong></h4><p>Begin with the conductivity and flow rate signals. Clean and smooth signal as needed.\u00a0</p><ul><li><a href=\"/links?type&#61;workstep&amp;workbook&#61;0EFA748F-A13C-FBE0-AF1B-4B1AACD8392D&amp;worksheet&#61;0EFA748F-A728-FDB0-AA14-EF64B88D7C8C&amp;workstep&#61;0EFA74C0-D08F-EA60-A6DD-8B0B644D4EE0\" rel=\"nofollow noopener noreferrer\">Cleaned Signals</a></li></ul><p>Identify transition periods with conductivity, flow, or DCS phase type signal(s).</p><ul><li><a href=\"/links?type&#61;workstep&amp;workbook&#61;0EFA748F-A13C-FBE0-AF1B-4B1AACD8392D&amp;worksheet&#61;0EFA748F-A728-FDB0-AA14-EF64B88D7C8C&amp;workstep&#61;0EFA74AE-83A7-FB60-B9D9-9D545AC3FDF3\" rel=\"nofollow noopener noreferrer\">Transition Periods</a>\u00a0</li></ul><h4><strong>Calculate</strong></h4><h4>HETP</h4><p>Quantify the <strong>column efficiency</strong> by calculating the HETP using a moment analysis.</p><ul><li><a href=\"/links?type&#61;workstep&amp;workbook&#61;0EFA748F-A13C-FBE0-AF1B-4B1AACD8392D&amp;worksheet&#61;0EFA748F-A728-FDB0-AA14-EF64B88D7C8C&amp;workstep&#61;0EFA74BE-ACA7-FFA0-8DF1-E91D95FD9077\" rel=\"nofollow noopener noreferrer\">HETP</a></li></ul><h4>Asymmetry\u00a0</h4><p>Quantify the <strong>column integrity and pack quality</strong> by calculating peak asymmetry using volume changes.</p><ul><li><a href=\"/links?type&#61;workstep&amp;workbook&#61;0EFA748F-A13C-FBE0-AF1B-4B1AACD8392D&amp;worksheet&#61;0EFA748F-A728-FDB0-AA14-EF64B88D7C8C&amp;workstep&#61;0EFA7626-66ED-FD70-A793-31C04EC05568\" rel=\"nofollow noopener noreferrer\">Asymmetry</a></li></ul><h4><strong>Monitor</strong></h4><p>Set thresholds and monitor the HETP and Asymmetry in real time.</p><ul><li><a href=\"/links?type&#61;workstep&amp;workbook&#61;0EFA748F-A13C-FBE0-AF1B-4B1AACD8392D&amp;worksheet&#61;0EFA748F-A728-FDB0-AA14-EF64B88D7C8C&amp;workstep&#61;0EFA7635-B5FC-EA60-835A-A5B31BB24529\" rel=\"nofollow noopener noreferrer\">Deviations</a></li></ul>",
        "Enabled": true,
        "ID": "0EFA748F-BE77-EA70-9018-C52DB23B506E",
        "Is CK Enabled": true,
        "Locked": false,
        "Name": "Transition Analysis",
        "Plain Text Document": "Transition AnalysisReduced TA turnaround time by 2-16hrs per chromatography cycle.\u00a0Monitor to prevent column re-pack and re-slurry ($100k&#43;/occurrence)Calculate near real-time production-scale column HETP and Asymmetry during column transition periods to monitor for column integrity and consistent operations using the moment analysis technique.ContextualizeBegin with the conductivity and flow rate signals. Clean and smooth signal as needed.\u00a0Cleaned SignalsIdentify transition periods with conductivity, flow, or DCS phase type signal(s).Transition Periods\u00a0CalculateHETPQuantify the column efficiency by calculating the HETP using a moment analysis.HETPAsymmetry\u00a0Quantify the column integrity and pack quality by calculating peak asymmetry using volume changes.AsymmetryMonitorSet thresholds and monitor the HETP and Asymmetry in real time.Deviations",
        "Type": "Journal",
        "Unsearchable": false,
        "Updated At": "1732123076066410438"
    }
}