{
    "Archived": false,
    "Cache Enabled": false,
    "Created At": "1732123171235916929",
    "Enabled": true,
    "ID": "0EFA7639-ACAA-FF30-9187-DBC7FBDB3581",
    "Locked": false,
    "Unsearchable": false,
    "Updated At": "1732125228465315415",
    "Name": "Chromatography Extended Demo",
    "Type": "Worksheet",
    "Annotation ID": "0EFA7639-ACE3-71A0-8B1F-798BF62888B0",
    "Current Workstep ID": "0EFA7639-ACE0-EA90-AAEE-ADA211DB1259",
    "URL": "https://demo.seeq.dev/0EFA6A0B-4C9B-71B0-ADCE-2000B1F79638/workbook/0EFA748F-A13C-FBE0-AF1B-4B1AACD8392D/worksheet/0EFA7639-ACAA-FF30-9187-DBC7FBDB3581"
}