{
    "ID": "54040518-6180-47E1-A3AD-DD746EF21B8B",
    "Type": "Workstep",
    "Data": {
        "version": 1,
        "state": {
            "stores": {
                "sqTrendSeriesStore": {
                    "items": []
                },
                "sqTrendCapsuleSetStore": {
                    "items": []
                },
                "sqTrendScalarStore": {
                    "items": []
                },
                "sqTrendMetricStore": {
                    "items": []
                },
                "sqTrendTableStore": {
                    "items": []
                },
                "sqDurationStore": {
                    "autoUpdate": {
                        "offset": 17999996
                    },
                    "displayRange": {
                        "start": 1732056877229,
                        "end": 1732143277229
                    },
                    "investigateRange": {
                        "start": 1731538477232,
                        "end": 1732143277232
                    }
                },
                "sqWorksheetStore": {
                    "viewKey": "TREND"
                }
            }
        }
    }
}