{
    "Archived": false,
    "Cache Enabled": false,
    "Created At": "1732111735307993350",
    "Enabled": true,
    "ID": "0EFA748F-A728-FDB0-AA14-EF64B88D7C8C",
    "Locked": false,
    "Unsearchable": false,
    "Updated At": "1732123146408285177",
    "Name": "Chromatography Demo",
    "Type": "Worksheet",
    "Annotation ID": "0EFA748F-BE77-EA70-9018-C52DB23B506E",
    "Current Workstep ID": "0EFA7635-B5FC-EA60-835A-A5B31BB24529",
    "URL": "https://demo.seeq.dev/0EFA6A0B-4C9B-71B0-ADCE-2000B1F79638/workbook/0EFA748F-A13C-FBE0-AF1B-4B1AACD8392D/worksheet/0EFA748F-A728-FDB0-AA14-EF64B88D7C8C"
}