{
    "Definition": {
        "Archived": false,
        "Cache Enabled": false,
        "Created At": "1701796412286294690",
        "Description": "British Sugar used Seeq to monitor vibration across pulp driers to quickly and easily identify anomalous vibration measurements. Objective Bearings fail exponentially with little notice, making scheduled maintenance difficult. A failure of one bearing can result in the subsequent failure of other system bearings.&nbsp; Identify Failure Events Earlier Analysis Steps",
        "Document": "<h2 style=\"text-align:center;\"><strong>Bearing Failure Prediction</strong></h2><figure class=\"table\"><table><tbody><tr><td style=\"border-color:hsl(0, 0%, 100%);border-style:solid;\"><img src=\"/api/annotations/0EE93919-D48A-F9B0-9868-724F5C89EE35/images/image_v5.png\"></td><td style=\"border-color:hsl(0, 0%, 100%);border-style:solid;\"><h4><i><strong>British Sugar </strong>used Seeq to monitor vibration across pulp driers to quickly and easily identify anomalous vibration measurements.</i></h4></td></tr></tbody></table></figure><h2>Objective</h2><p>Bearings fail exponentially with little notice, making scheduled maintenance difficult. A failure of one bearing can result in the subsequent failure of other system bearings.\u00a0</p><p><a href=\"/links?type&#61;workstep&amp;workbook&#61;3B9FF00B-25E4-42F3-95B4-004D99488A6D&amp;worksheet&#61;0EE93919-D0B7-F9A0-B95B-89CCD4CDB78D&amp;workstep&#61;0EF358EE-230C-7590-BE1B-73DAB4E89B9C\" rel=\"nofollow noopener noreferrer\">Identify Failure Events Earlier</a></p><h3>Analysis Steps</h3><p>Bring in bearing data and <a href=\"/links?type&#61;workstep&amp;workbook&#61;3B9FF00B-25E4-42F3-95B4-004D99488A6D&amp;worksheet&#61;0EE93919-D0B7-F9A0-B95B-89CCD4CDB78D&amp;workstep&#61;0EE93976-D5A6-7710-B642-8ED409DD3D10\" rel=\"nofollow noopener noreferrer\">identify downtime and normal operation</a>.</p><p>Calculate<a href=\"/links?type&#61;workstep&amp;workbook&#61;3B9FF00B-25E4-42F3-95B4-004D99488A6D&amp;worksheet&#61;0EE93919-D0B7-F9A0-B95B-89CCD4CDB78D&amp;workstep&#61;0EE93919-D46D-64F0-B823-29AE3E54887E\" rel=\"nofollow noopener noreferrer\"> statistical thresholds for one bearing</a>, scale to <a href=\"/links?type&#61;workstep&amp;workbook&#61;3B9FF00B-25E4-42F3-95B4-004D99488A6D&amp;worksheet&#61;0EE93919-D0B7-F9A0-B95B-89CCD4CDB78D&amp;workstep&#61;0EE93919-D46A-FDE0-90C5-72AA7E7806AB\" rel=\"nofollow noopener noreferrer\">all other bearings</a>.</p><p><a href=\"/links?type&#61;workstep&amp;workbook&#61;3B9FF00B-25E4-42F3-95B4-004D99488A6D&amp;worksheet&#61;0EE93919-D0B7-F9A0-B95B-89CCD4CDB78D&amp;workstep&#61;0EE93979-C091-6610-B02C-9669B6E959FE\" rel=\"nofollow noopener noreferrer\">Flag deviations above thresholds</a>.</p><h3>Enhance detection with Data Science Input</h3><p>Share analysis with data scientist <a href=\"/links?type&#61;workstep&amp;workbook&#61;3B9FF00B-25E4-42F3-95B4-004D99488A6D&amp;worksheet&#61;0EE93919-D0B7-F9A0-B95B-89CCD4CDB78D&amp;workstep&#61;0EE93981-130F-FFC0-A36E-C394FC52F79C\" rel=\"nofollow noopener noreferrer\">with all relevant context</a> - normal operation, downtime, etc.\u00a0</p><p>The Data Science can connect to the data and pull it into their application of choice using the Seeq Python module and <a href=\"/links?type&#61;workstep&amp;workbook&#61;3B9FF00B-25E4-42F3-95B4-004D99488A6D&amp;worksheet&#61;0EE93919-D0B7-F9A0-B95B-89CCD4CDB78D&amp;workstep&#61;0EE93981-130F-FFC0-A36E-C394FC52F79C\" rel=\"nofollow noopener noreferrer\">Seeq Data Lab</a>.\u00a0</p><p>Once they have created a model, they can<a href=\"/links?type&#61;workstep&amp;workbook&#61;3B9FF00B-25E4-42F3-95B4-004D99488A6D&amp;worksheet&#61;0EE93919-D0B7-F9A0-B95B-89CCD4CDB78D&amp;workstep&#61;0EE9398E-DA2D-EE10-9100-704F4D666B2D\" rel=\"nofollow noopener noreferrer\"> </a><a href=\"/links?type&#61;workstep&amp;workbook&#61;3B9FF00B-25E4-42F3-95B4-004D99488A6D&amp;worksheet&#61;0EE93919-D0B7-F9A0-B95B-89CCD4CDB78D&amp;workstep&#61;0EF358EE-230C-7590-BE1B-73DAB4E89B9C\" rel=\"nofollow noopener noreferrer\">push the model back \u00a0 \u00a0into this analysis </a>for the SME to validate.</p>",
        "DocumentBackup\u02c9DEg3Lh5pLS4-lG84EjGXXXdzxhd1450vkLgiu8he2l8\u02c92024-10-16T13:46:00Z": "<h2 style=\"text-align:center;\"><strong>Bearing Failure Prediction</strong></h2><h2>\u00a0</h2><h2>Objective</h2><p>Bearings fail exponentially with little notice, making scheduled maintenance difficult. A failure of one bearing can result in the subsequent failure of other system bearings.\u00a0</p><p><a href=\"/links?type&#61;workstep&amp;workbook&#61;3B9FF00B-25E4-42F3-95B4-004D99488A6D&amp;worksheet&#61;0EE93919-D0B7-F9A0-B95B-89CCD4CDB78D&amp;workstep&#61;0EF358EE-230C-7590-BE1B-73DAB4E89B9C\" rel=\"nofollow noopener noreferrer\">Identify Failure Events Earlier</a></p><h3>Analysis Steps</h3><p>Bring in bearing data and <a href=\"/links?type&#61;workstep&amp;workbook&#61;3B9FF00B-25E4-42F3-95B4-004D99488A6D&amp;worksheet&#61;0EE93919-D0B7-F9A0-B95B-89CCD4CDB78D&amp;workstep&#61;0EE93976-D5A6-7710-B642-8ED409DD3D10\" rel=\"nofollow noopener noreferrer\">identify downtime and normal operation</a>.</p><p>Calculate<a href=\"/links?type&#61;workstep&amp;workbook&#61;3B9FF00B-25E4-42F3-95B4-004D99488A6D&amp;worksheet&#61;0EE93919-D0B7-F9A0-B95B-89CCD4CDB78D&amp;workstep&#61;0EE93919-D46D-64F0-B823-29AE3E54887E\" rel=\"nofollow noopener noreferrer\"> statistical thresholds for one bearing</a>, scale to <a href=\"/links?type&#61;workstep&amp;workbook&#61;3B9FF00B-25E4-42F3-95B4-004D99488A6D&amp;worksheet&#61;0EE93919-D0B7-F9A0-B95B-89CCD4CDB78D&amp;workstep&#61;0EE93919-D46A-FDE0-90C5-72AA7E7806AB\" rel=\"nofollow noopener noreferrer\">all other bearings</a>.</p><p><a href=\"/links?type&#61;workstep&amp;workbook&#61;3B9FF00B-25E4-42F3-95B4-004D99488A6D&amp;worksheet&#61;0EE93919-D0B7-F9A0-B95B-89CCD4CDB78D&amp;workstep&#61;0EE93979-C091-6610-B02C-9669B6E959FE\" rel=\"nofollow noopener noreferrer\">Flag deviations above thresholds</a>.</p><h3>Enhance detection with Data Science Input</h3><p>Share analysis with data scientist <a href=\"/links?type&#61;workstep&amp;workbook&#61;3B9FF00B-25E4-42F3-95B4-004D99488A6D&amp;worksheet&#61;0EE93919-D0B7-F9A0-B95B-89CCD4CDB78D&amp;workstep&#61;0EE93981-130F-FFC0-A36E-C394FC52F79C\" rel=\"nofollow noopener noreferrer\">with all relevant context</a> - normal operation, downtime, etc.\u00a0</p><p>The Data Science can connect to the data and pull it into their application of choice using the Seeq Python module and <a href=\"/links?type&#61;workstep&amp;workbook&#61;3B9FF00B-25E4-42F3-95B4-004D99488A6D&amp;worksheet&#61;0EE93919-D0B7-F9A0-B95B-89CCD4CDB78D&amp;workstep&#61;0EE93981-130F-FFC0-A36E-C394FC52F79C\" rel=\"nofollow noopener noreferrer\">Seeq Data Lab</a>.\u00a0</p><p>Once they have created a model, they can<a href=\"/links?type&#61;workstep&amp;workbook&#61;3B9FF00B-25E4-42F3-95B4-004D99488A6D&amp;worksheet&#61;0EE93919-D0B7-F9A0-B95B-89CCD4CDB78D&amp;workstep&#61;0EE9398E-DA2D-EE10-9100-704F4D666B2D\" rel=\"nofollow noopener noreferrer\"> </a><a href=\"/links?type&#61;workstep&amp;workbook&#61;3B9FF00B-25E4-42F3-95B4-004D99488A6D&amp;worksheet&#61;0EE93919-D0B7-F9A0-B95B-89CCD4CDB78D&amp;workstep&#61;0EF358EE-230C-7590-BE1B-73DAB4E89B9C\" rel=\"nofollow noopener noreferrer\">push the model back \u00a0 \u00a0into this analysis </a>for the SME to validate.</p><p>\u00a0</p><p>\u00a0</p><p>\u00a0</p><p>\u00a0</p><p>\u00a0</p><p>\u00a0</p><p>\u00a0</p><p>\u00a0</p><p>\u00a0</p><p>\u00a0</p><p>\u00a0</p><p>\u00a0</p><p>\u00a0</p><p>\u00a0</p><p>\u00a0</p><p>\u00a0</p><p>\u00a0</p><p>\u00a0</p><p>\u00a0</p><figure class=\"table\" style=\"width:100%;\"><table class=\"ck-table-resized\" style=\"border-color:hsl(0, 0%, 100%);border-style:solid;\"><colgroup><col style=\"width:38.31%;\" /><col style=\"width:61.69%;\" /></colgroup><tbody><tr><td style=\"border-color:hsl(0, 0%, 100%);border-style:solid;\"><img src=\"/api/annotations/0EE93919-D48A-F9B0-9868-724F5C89EE35/images/image_v2.png\"></td><td style=\"border-color:hsl(0, 0%, 100%);border-style:solid;\"><h4><i><strong>British Sugar </strong>used Seeq to monitor vibration across pulp driers to quickly and easily identify anomalous vibration measurements.</i></h4><p><a target=\"_blank\" href=\"https://engage.seeq.com/public-customer-stories/reliability/british-sugar-identfies-advanced-analytics-opportunities-within-the-sugar-industry?w&#61;5c106\" rel=\"nofollow noopener noreferrer\">British Sugar seeq.com</a></p></td></tr></tbody></table></figure><p>\u00a0</p><p>\u00a0</p><p>\u00a0</p><p>\u00a0</p><p>\u00a0</p><p>\u00a0</p><p>\u00a0</p><p>\u00a0</p><p>\u00a0</p><p>\u00a0</p><p>\u00a0</p><p>\u00a0</p><p>\u00a0</p><p>\u00a0</p><p>\u00a0</p><p>\u00a0</p>",
        "DocumentBackup\u02c9DEg3Lh5pLS4-lG84EjGXXXdzxhd1450vkLgiu8he2l8\u02c92024-11-07T13:19:00Z": "<h2 style=\"text-align:center;\"><strong>Bearing Failure Prediction</strong></h2><figure class=\"table\"><table><tbody><tr><td style=\"border-color:hsl(0, 0%, 100%);border-style:solid;\"><img src=\"/api/annotations/0EE93919-D48A-F9B0-9868-724F5C89EE35/images/image_v5.png\"></td><td style=\"border-color:hsl(0, 0%, 100%);border-style:solid;\"><h4><i><strong>British Sugar </strong>used Seeq to monitor vibration across pulp driers to quickly and easily identify anomalous vibration measurements.</i></h4></td></tr></tbody></table></figure><h2>Objective</h2><p>Bearings fail exponentially with little notice, making scheduled maintenance difficult. A failure of one bearing can result in the subsequent failure of other system bearings.\u00a0</p><p><a href=\"/links?type&#61;workstep&amp;workbook&#61;3B9FF00B-25E4-42F3-95B4-004D99488A6D&amp;worksheet&#61;0EE93919-D0B7-F9A0-B95B-89CCD4CDB78D&amp;workstep&#61;0EF358EE-230C-7590-BE1B-73DAB4E89B9C\" rel=\"nofollow noopener noreferrer\">Identify Failure Events Earlier</a></p><h3>Analysis Steps</h3><p>Bring in bearing data and <a href=\"/links?type&#61;workstep&amp;workbook&#61;3B9FF00B-25E4-42F3-95B4-004D99488A6D&amp;worksheet&#61;0EE93919-D0B7-F9A0-B95B-89CCD4CDB78D&amp;workstep&#61;0EE93976-D5A6-7710-B642-8ED409DD3D10\" rel=\"nofollow noopener noreferrer\">identify downtime and normal operation</a>.</p><p>Calculate<a href=\"/links?type&#61;workstep&amp;workbook&#61;3B9FF00B-25E4-42F3-95B4-004D99488A6D&amp;worksheet&#61;0EE93919-D0B7-F9A0-B95B-89CCD4CDB78D&amp;workstep&#61;0EE93919-D46D-64F0-B823-29AE3E54887E\" rel=\"nofollow noopener noreferrer\"> statistical thresholds for one bearing</a>, scale to <a href=\"/links?type&#61;workstep&amp;workbook&#61;3B9FF00B-25E4-42F3-95B4-004D99488A6D&amp;worksheet&#61;0EE93919-D0B7-F9A0-B95B-89CCD4CDB78D&amp;workstep&#61;0EE93919-D46A-FDE0-90C5-72AA7E7806AB\" rel=\"nofollow noopener noreferrer\">all other bearings</a>.</p><p><a href=\"/links?type&#61;workstep&amp;workbook&#61;3B9FF00B-25E4-42F3-95B4-004D99488A6D&amp;worksheet&#61;0EE93919-D0B7-F9A0-B95B-89CCD4CDB78D&amp;workstep&#61;0EE93979-C091-6610-B02C-9669B6E959FE\" rel=\"nofollow noopener noreferrer\">Flag deviations above thresholds</a>.</p><h3>Enhance detection with Data Science Input</h3><p>Share analysis with data scientist <a href=\"/links?type&#61;workstep&amp;workbook&#61;3B9FF00B-25E4-42F3-95B4-004D99488A6D&amp;worksheet&#61;0EE93919-D0B7-F9A0-B95B-89CCD4CDB78D&amp;workstep&#61;0EE93981-130F-FFC0-A36E-C394FC52F79C\" rel=\"nofollow noopener noreferrer\">with all relevant context</a> - normal operation, downtime, etc.\u00a0</p><p>The Data Science can connect to the data and pull it into their application of choice using the Seeq Python module and <a href=\"/links?type&#61;workstep&amp;workbook&#61;3B9FF00B-25E4-42F3-95B4-004D99488A6D&amp;worksheet&#61;0EE93919-D0B7-F9A0-B95B-89CCD4CDB78D&amp;workstep&#61;0EE93981-130F-FFC0-A36E-C394FC52F79C\" rel=\"nofollow noopener noreferrer\">Seeq Data Lab</a>.\u00a0</p><p>Once they have created a model, they can<a href=\"/links?type&#61;workstep&amp;workbook&#61;3B9FF00B-25E4-42F3-95B4-004D99488A6D&amp;worksheet&#61;0EE93919-D0B7-F9A0-B95B-89CCD4CDB78D&amp;workstep&#61;0EE9398E-DA2D-EE10-9100-704F4D666B2D\" rel=\"nofollow noopener noreferrer\"> </a><a href=\"/links?type&#61;workstep&amp;workbook&#61;3B9FF00B-25E4-42F3-95B4-004D99488A6D&amp;worksheet&#61;0EE93919-D0B7-F9A0-B95B-89CCD4CDB78D&amp;workstep&#61;0EF358EE-230C-7590-BE1B-73DAB4E89B9C\" rel=\"nofollow noopener noreferrer\">push the model back \u00a0 \u00a0into this analysis </a>for the SME to validate.</p><p>\u00a0</p><p>\u00a0</p><p>\u00a0</p><p>\u00a0</p><p>\u00a0</p><p>\u00a0</p><p>\u00a0</p><p>\u00a0</p><p>\u00a0</p><p>\u00a0</p><p>\u00a0</p><p>\u00a0</p><p>\u00a0</p><p>\u00a0</p><p>\u00a0</p><p>\u00a0</p><p>\u00a0</p><p>\u00a0</p><p>\u00a0</p><figure class=\"table\" style=\"width:100%;\"><table class=\"ck-table-resized\" style=\"border-color:hsl(0, 0%, 100%);border-style:solid;\"><colgroup><col style=\"width:38.31%;\" /><col style=\"width:61.69%;\" /></colgroup><tbody><tr><td style=\"border-color:hsl(0, 0%, 100%);border-style:solid;\"><img src=\"/api/annotations/0EE93919-D48A-F9B0-9868-724F5C89EE35/images/image_v2.png\"></td><td style=\"border-color:hsl(0, 0%, 100%);border-style:solid;\"><h4><i><strong>British Sugar </strong>used Seeq to monitor vibration across pulp driers to quickly and easily identify anomalous vibration measurements.</i></h4><p><a target=\"_blank\" href=\"https://engage.seeq.com/public-customer-stories/reliability/british-sugar-identfies-advanced-analytics-opportunities-within-the-sugar-industry?w&#61;5c106\" rel=\"nofollow noopener noreferrer\">British Sugar seeq.com</a></p></td></tr></tbody></table></figure><p>\u00a0</p><p>\u00a0</p><p>\u00a0</p><p>\u00a0</p><p>\u00a0</p><p>\u00a0</p><p>\u00a0</p><p>\u00a0</p><p>\u00a0</p><p>\u00a0</p><p>\u00a0</p><p>\u00a0</p><p>\u00a0</p><p>\u00a0</p><p>\u00a0</p><p>\u00a0</p>",
        "DocumentBackup\u02c9ELmAWRzYK8sXaSFDYC-9pvU9lbOxlbA42tRMCYcJiMo\u02c92024-07-09T21:06:00Z": "<h2 style=\"text-align:center;\"><strong>Bearing Failure Prediction</strong></h2><h2>Objective</h2><p>Bearings fail exponentially with little notice, making scheduled maintenance difficult. A failure of one bearing can result in the subsequent failure of other system bearings.\u00a0</p><p><a href=\"/links?type&#61;workstep&amp;workbook&#61;3B9FF00B-25E4-42F3-95B4-004D99488A6D&amp;worksheet&#61;0EE93919-D0B7-F9A0-B95B-89CCD4CDB78D&amp;workstep&#61;0EF358EE-230C-7590-BE1B-73DAB4E89B9C\" rel=\"nofollow noopener noreferrer\">Identify Failure Events Earlier</a></p><h3>Analysis Steps</h3><p>Bring in bearing data and <a href=\"/links?type&#61;workstep&amp;workbook&#61;3B9FF00B-25E4-42F3-95B4-004D99488A6D&amp;worksheet&#61;0EE93919-D0B7-F9A0-B95B-89CCD4CDB78D&amp;workstep&#61;0EE93976-D5A6-7710-B642-8ED409DD3D10\" rel=\"nofollow noopener noreferrer\">identify downtime and normal operation</a>.</p><p>Calculate<a href=\"/links?type&#61;workstep&amp;workbook&#61;3B9FF00B-25E4-42F3-95B4-004D99488A6D&amp;worksheet&#61;0EE93919-D0B7-F9A0-B95B-89CCD4CDB78D&amp;workstep&#61;0EE93919-D46D-64F0-B823-29AE3E54887E\" rel=\"nofollow noopener noreferrer\"> statistical thresholds for one bearing</a>, scale to <a href=\"/links?type&#61;workstep&amp;workbook&#61;3B9FF00B-25E4-42F3-95B4-004D99488A6D&amp;worksheet&#61;0EE93919-D0B7-F9A0-B95B-89CCD4CDB78D&amp;workstep&#61;0EE93919-D46A-FDE0-90C5-72AA7E7806AB\" rel=\"nofollow noopener noreferrer\">all other bearings</a>.</p><p><a href=\"/links?type&#61;workstep&amp;workbook&#61;3B9FF00B-25E4-42F3-95B4-004D99488A6D&amp;worksheet&#61;0EE93919-D0B7-F9A0-B95B-89CCD4CDB78D&amp;workstep&#61;0EE93979-C091-6610-B02C-9669B6E959FE\" rel=\"nofollow noopener noreferrer\">Flag deviations above thresholds</a>.</p><h3>Enhance detection with Data Science Input</h3><p>Share analysis with data scientist <a href=\"/links?type&#61;workstep&amp;workbook&#61;3B9FF00B-25E4-42F3-95B4-004D99488A6D&amp;worksheet&#61;0EE93919-D0B7-F9A0-B95B-89CCD4CDB78D&amp;workstep&#61;0EE93981-130F-FFC0-A36E-C394FC52F79C\" rel=\"nofollow noopener noreferrer\">with all relevant context</a> - normal operation, downtime, etc.\u00a0</p><p>The Data Science can connect to the data and pull it into their application of choice using the Seeq Python module and <a href=\"/links?type&#61;workstep&amp;workbook&#61;3B9FF00B-25E4-42F3-95B4-004D99488A6D&amp;worksheet&#61;0EE93919-D0B7-F9A0-B95B-89CCD4CDB78D&amp;workstep&#61;0EE93981-130F-FFC0-A36E-C394FC52F79C\" rel=\"nofollow noopener noreferrer\">Seeq Data Lab</a>.\u00a0</p><p>Once they have created a model, they can<a href=\"/links?type&#61;workstep&amp;workbook&#61;3B9FF00B-25E4-42F3-95B4-004D99488A6D&amp;worksheet&#61;0EE93919-D0B7-F9A0-B95B-89CCD4CDB78D&amp;workstep&#61;0EE9398E-DA2D-EE10-9100-704F4D666B2D\" rel=\"nofollow noopener noreferrer\"> </a><a href=\"/links?type&#61;workstep&amp;workbook&#61;3B9FF00B-25E4-42F3-95B4-004D99488A6D&amp;worksheet&#61;0EE93919-D0B7-F9A0-B95B-89CCD4CDB78D&amp;workstep&#61;0EF358EE-230C-7590-BE1B-73DAB4E89B9C\" rel=\"nofollow noopener noreferrer\">push the model back \u00a0 \u00a0 \u00a0 \u00a0 \u00a0into this analysis </a>for the SME to validate.</p><p>\u00a0</p><p>\u00a0</p><p>\u00a0</p><p>\u00a0</p><p>\u00a0</p><p>\u00a0</p><p>\u00a0</p><p>\u00a0</p><p>\u00a0</p><p>\u00a0</p><p>\u00a0</p><p>\u00a0</p><p>\u00a0</p><p>\u00a0</p><p>\u00a0</p><p>\u00a0</p><p>\u00a0</p><p>\u00a0</p><p>\u00a0</p><figure class=\"table\" style=\"width:100%;\"><table class=\"ck-table-resized\" style=\"border-color:hsl(0, 0%, 100%);border-style:solid;\"><colgroup><col style=\"width:38.31%;\" /><col style=\"width:61.69%;\" /></colgroup><tbody><tr><td style=\"border-color:hsl(0, 0%, 100%);border-style:solid;\"><img src=\"/api/annotations/0EE93919-D48A-F9B0-9868-724F5C89EE35/images/image_v2.png\"></td><td style=\"border-color:hsl(0, 0%, 100%);border-style:solid;\"><h4><i><strong>British Sugar </strong>used Seeq to monitor vibration across pulp driers to quickly and easily identify anomalous vibration measurements.</i></h4><p><a target=\"_blank\" href=\"https://engage.seeq.com/public-customer-stories/reliability/british-sugar-identfies-advanced-analytics-opportunities-within-the-sugar-industry?w&#61;5c106\" rel=\"nofollow noopener noreferrer\">British Sugar seeq.com</a></p></td></tr></tbody></table></figure><p>\u00a0</p><p>\u00a0</p><p>\u00a0</p><p>\u00a0</p><p>\u00a0</p><p>\u00a0</p><p>\u00a0</p><p>\u00a0</p><p>\u00a0</p><p>\u00a0</p><p>\u00a0</p><p>\u00a0</p><p>\u00a0</p><p>\u00a0</p><p>\u00a0</p><p>\u00a0</p>",
        "DocumentBackup\u02c9ELmAWRzYK8sXaSFDYC-9pvU9lbOxlbA42tRMCYcJiMo\u02c92024-09-02T01:49:00Z": "<h2 style=\"text-align:center;\"><strong>Bearing Failure Prediction</strong></h2><p style=\"text-align:center;\">\u00a0</p><p style=\"text-align:center;\">\u00a0</p><h2>Objective</h2><p>Bearings fail exponentially with little notice, making scheduled maintenance difficult. A failure of one bearing can result in the subsequent failure of other system bearings.\u00a0</p><p><a href=\"/links?type&#61;workstep&amp;workbook&#61;3B9FF00B-25E4-42F3-95B4-004D99488A6D&amp;worksheet&#61;0EE93919-D0B7-F9A0-B95B-89CCD4CDB78D&amp;workstep&#61;0EF358EE-230C-7590-BE1B-73DAB4E89B9C\" rel=\"nofollow noopener noreferrer\">Identify Failure Events Earlier</a></p><h3>Analysis Steps</h3><p>Bring in bearing data and <a href=\"/links?type&#61;workstep&amp;workbook&#61;3B9FF00B-25E4-42F3-95B4-004D99488A6D&amp;worksheet&#61;0EE93919-D0B7-F9A0-B95B-89CCD4CDB78D&amp;workstep&#61;0EE93976-D5A6-7710-B642-8ED409DD3D10\" rel=\"nofollow noopener noreferrer\">identify downtime and normal operation</a>.</p><p>Calculate<a href=\"/links?type&#61;workstep&amp;workbook&#61;3B9FF00B-25E4-42F3-95B4-004D99488A6D&amp;worksheet&#61;0EE93919-D0B7-F9A0-B95B-89CCD4CDB78D&amp;workstep&#61;0EE93919-D46D-64F0-B823-29AE3E54887E\" rel=\"nofollow noopener noreferrer\"> statistical thresholds for one bearing</a>, scale to <a href=\"/links?type&#61;workstep&amp;workbook&#61;3B9FF00B-25E4-42F3-95B4-004D99488A6D&amp;worksheet&#61;0EE93919-D0B7-F9A0-B95B-89CCD4CDB78D&amp;workstep&#61;0EE93919-D46A-FDE0-90C5-72AA7E7806AB\" rel=\"nofollow noopener noreferrer\">all other bearings</a>.</p><p><a href=\"/links?type&#61;workstep&amp;workbook&#61;3B9FF00B-25E4-42F3-95B4-004D99488A6D&amp;worksheet&#61;0EE93919-D0B7-F9A0-B95B-89CCD4CDB78D&amp;workstep&#61;0EE93979-C091-6610-B02C-9669B6E959FE\" rel=\"nofollow noopener noreferrer\">Flag deviations above thresholds</a>.</p><h3>Enhance detection with Data Science Input</h3><p>Share analysis with data scientist <a href=\"/links?type&#61;workstep&amp;workbook&#61;3B9FF00B-25E4-42F3-95B4-004D99488A6D&amp;worksheet&#61;0EE93919-D0B7-F9A0-B95B-89CCD4CDB78D&amp;workstep&#61;0EE93981-130F-FFC0-A36E-C394FC52F79C\" rel=\"nofollow noopener noreferrer\">with all relevant context</a> - normal operation, downtime, etc.\u00a0</p><p>The Data Science can connect to the data and pull it into their application of choice using the Seeq Python module and <a href=\"/links?type&#61;workstep&amp;workbook&#61;3B9FF00B-25E4-42F3-95B4-004D99488A6D&amp;worksheet&#61;0EE93919-D0B7-F9A0-B95B-89CCD4CDB78D&amp;workstep&#61;0EE93981-130F-FFC0-A36E-C394FC52F79C\" rel=\"nofollow noopener noreferrer\">Seeq Data Lab</a>.\u00a0</p><p>Once they have created a model, they can<a href=\"/links?type&#61;workstep&amp;workbook&#61;3B9FF00B-25E4-42F3-95B4-004D99488A6D&amp;worksheet&#61;0EE93919-D0B7-F9A0-B95B-89CCD4CDB78D&amp;workstep&#61;0EE9398E-DA2D-EE10-9100-704F4D666B2D\" rel=\"nofollow noopener noreferrer\"> </a><a href=\"/links?type&#61;workstep&amp;workbook&#61;3B9FF00B-25E4-42F3-95B4-004D99488A6D&amp;worksheet&#61;0EE93919-D0B7-F9A0-B95B-89CCD4CDB78D&amp;workstep&#61;0EF358EE-230C-7590-BE1B-73DAB4E89B9C\" rel=\"nofollow noopener noreferrer\">push the model back \u00a0 \u00a0 \u00a0 \u00a0 \u00a0into this analysis </a>for the SME to validate.</p><p>\u00a0</p><p>\u00a0</p><p>\u00a0</p><p>\u00a0</p><p>\u00a0</p><p>\u00a0</p><p>\u00a0</p><p>\u00a0</p><p>\u00a0</p><p>\u00a0</p><p>\u00a0</p><p>\u00a0</p><p>\u00a0</p><p>\u00a0</p><p>\u00a0</p><p>\u00a0</p><p>\u00a0</p><p>\u00a0</p><p>\u00a0</p><figure class=\"table\" style=\"width:100%;\"><table class=\"ck-table-resized\" style=\"border-color:hsl(0, 0%, 100%);border-style:solid;\"><colgroup><col style=\"width:38.31%;\" /><col style=\"width:61.69%;\" /></colgroup><tbody><tr><td style=\"border-color:hsl(0, 0%, 100%);border-style:solid;\"><img src=\"/api/annotations/0EE93919-D48A-F9B0-9868-724F5C89EE35/images/image_v2.png\"></td><td style=\"border-color:hsl(0, 0%, 100%);border-style:solid;\"><h4><i><strong>British Sugar </strong>used Seeq to monitor vibration across pulp driers to quickly and easily identify anomalous vibration measurements.</i></h4><p><a target=\"_blank\" href=\"https://engage.seeq.com/public-customer-stories/reliability/british-sugar-identfies-advanced-analytics-opportunities-within-the-sugar-industry?w&#61;5c106\" rel=\"nofollow noopener noreferrer\">British Sugar seeq.com</a></p></td></tr></tbody></table></figure><p>\u00a0</p><p>\u00a0</p><p>\u00a0</p><p>\u00a0</p><p>\u00a0</p><p>\u00a0</p><p>\u00a0</p><p>\u00a0</p><p>\u00a0</p><p>\u00a0</p><p>\u00a0</p><p>\u00a0</p><p>\u00a0</p><p>\u00a0</p><p>\u00a0</p><p>\u00a0</p>",
        "DocumentBackup\u02c9jerson@vertix.pe\u02c92024-07-02T19:28:00Z": "<h2 style=\"text-align:center;\"><strong>Early Failure Prediction in SAG Mills</strong></h2><p>\u00a0</p><p>\u00a0</p><h2>Objective</h2><p>Bearings fail exponentially with little notice, making scheduled maintenance difficult. A failure of one bearing can result in the subsequent failure of other system bearings.\u00a0</p><p><a href=\"/links?type&#61;workstep&amp;workbook&#61;3B9FF00B-25E4-42F3-95B4-004D99488A6D&amp;worksheet&#61;0EE93919-D0B7-F9A0-B95B-89CCD4CDB78D&amp;workstep&#61;0EF358EE-230C-7590-BE1B-73DAB4E89B9C\" rel=\"nofollow noopener noreferrer\">Identify Failure Events Earlier</a></p><h3>Analysis Steps</h3><p>Bring in bearing data and <a href=\"/links?type&#61;workstep&amp;workbook&#61;3B9FF00B-25E4-42F3-95B4-004D99488A6D&amp;worksheet&#61;0EE93919-D0B7-F9A0-B95B-89CCD4CDB78D&amp;workstep&#61;0EE93976-D5A6-7710-B642-8ED409DD3D10\" rel=\"nofollow noopener noreferrer\">identify downtime and normal operation</a>.</p><p>Calculate<a href=\"/links?type&#61;workstep&amp;workbook&#61;3B9FF00B-25E4-42F3-95B4-004D99488A6D&amp;worksheet&#61;0EE93919-D0B7-F9A0-B95B-89CCD4CDB78D&amp;workstep&#61;0EE93919-D46D-64F0-B823-29AE3E54887E\" rel=\"nofollow noopener noreferrer\"> statistical thresholds for one bearing</a>, scale to <a href=\"/links?type&#61;workstep&amp;workbook&#61;3B9FF00B-25E4-42F3-95B4-004D99488A6D&amp;worksheet&#61;0EE93919-D0B7-F9A0-B95B-89CCD4CDB78D&amp;workstep&#61;0EE93919-D46A-FDE0-90C5-72AA7E7806AB\" rel=\"nofollow noopener noreferrer\">all other bearings</a>.</p><p><a href=\"/links?type&#61;workstep&amp;workbook&#61;3B9FF00B-25E4-42F3-95B4-004D99488A6D&amp;worksheet&#61;0EE93919-D0B7-F9A0-B95B-89CCD4CDB78D&amp;workstep&#61;0EE93979-C091-6610-B02C-9669B6E959FE\" rel=\"nofollow noopener noreferrer\">Flag deviations above thresholds</a>.</p><h3>Enhance detection with Data Science Input</h3><p>Share analysis with data scientist <a href=\"/links?type&#61;workstep&amp;workbook&#61;3B9FF00B-25E4-42F3-95B4-004D99488A6D&amp;worksheet&#61;0EE93919-D0B7-F9A0-B95B-89CCD4CDB78D&amp;workstep&#61;0EE93981-130F-FFC0-A36E-C394FC52F79C\" rel=\"nofollow noopener noreferrer\">with all relevant context</a> - normal operation, downtime, etc.\u00a0</p><p>The Data Science can connect to the data and pull it into their application of choice using the Seeq Python module and <a href=\"/links?type&#61;workstep&amp;workbook&#61;3B9FF00B-25E4-42F3-95B4-004D99488A6D&amp;worksheet&#61;0EE93919-D0B7-F9A0-B95B-89CCD4CDB78D&amp;workstep&#61;0EE93981-130F-FFC0-A36E-C394FC52F79C\" rel=\"nofollow noopener noreferrer\">Seeq Data Lab</a>.\u00a0</p><p>Once they have created a model, they can<a href=\"/links?type&#61;workstep&amp;workbook&#61;3B9FF00B-25E4-42F3-95B4-004D99488A6D&amp;worksheet&#61;0EE93919-D0B7-F9A0-B95B-89CCD4CDB78D&amp;workstep&#61;0EE9398E-DA2D-EE10-9100-704F4D666B2D\" rel=\"nofollow noopener noreferrer\"> </a><a href=\"/links?type&#61;workstep&amp;workbook&#61;3B9FF00B-25E4-42F3-95B4-004D99488A6D&amp;worksheet&#61;0EE93919-D0B7-F9A0-B95B-89CCD4CDB78D&amp;workstep&#61;0EF358EE-230C-7590-BE1B-73DAB4E89B9C\" rel=\"nofollow noopener noreferrer\">push the model back \u00a0 \u00a0 \u00a0 \u00a0 \u00a0into this analysis </a>for the SME to validate.</p><p>\u00a0</p><p>\u00a0</p><p>\u00a0</p><p>\u00a0</p><p>\u00a0</p><p>\u00a0</p><p>\u00a0</p><p>\u00a0</p><p>\u00a0</p><p>\u00a0</p><p>\u00a0</p><p>\u00a0</p><p>\u00a0</p><p>\u00a0</p><p>\u00a0</p><p>\u00a0</p><p>\u00a0</p><figure class=\"table\" style=\"width:100%;\"><table class=\"ck-table-resized\" style=\"border-color:hsl(0, 0%, 100%);border-style:solid;\"><colgroup><col style=\"width:38.31%;\" /><col style=\"width:61.69%;\" /></colgroup><tbody><tr><td style=\"border-color:hsl(0, 0%, 100%);border-style:solid;\"><img src=\"/api/annotations/0EE93919-D48A-F9B0-9868-724F5C89EE35/images/image_v3.png\"></td><td style=\"border-color:hsl(0, 0%, 100%);border-style:solid;\"><h4><i><strong>British Sugar </strong>used Seeq to monitor vibration across pulp driers to quickly and easily identify anomalous vibration measurements.</i></h4><p><a target=\"_blank\" href=\"https://engage.seeq.com/public-customer-stories/reliability/british-sugar-identfies-advanced-analytics-opportunities-within-the-sugar-industry?w&#61;5c106\" rel=\"nofollow noopener noreferrer\">British Sugar seeq.com</a></p></td></tr></tbody></table></figure><h2>\u00a0</h2><p>\u00a0</p><p>\u00a0</p><p>\u00a0</p><p>\u00a0</p><p>\u00a0</p><p>\u00a0</p><p>\u00a0</p><p>\u00a0</p><p>\u00a0</p><p>\u00a0</p>",
        "DocumentBackup\u02c9jerson@vertix.pe\u02c92024-07-02T19:29:00Z": "<h2 style=\"text-align:center;\"><strong>Bea Failure Prediction</strong></h2><p>\u00a0</p><h2>Objective</h2><p>Bearings fail exponentially with little notice, making scheduled maintenance difficult. A failure of one bearing can result in the subsequent failure of other system bearings.\u00a0</p><p><a href=\"/links?type&#61;workstep&amp;workbook&#61;3B9FF00B-25E4-42F3-95B4-004D99488A6D&amp;worksheet&#61;0EE93919-D0B7-F9A0-B95B-89CCD4CDB78D&amp;workstep&#61;0EF358EE-230C-7590-BE1B-73DAB4E89B9C\" rel=\"nofollow noopener noreferrer\">Identify Failure Events Earlier</a></p><h3>Analysis Steps</h3><p>Bring in bearing data and <a href=\"/links?type&#61;workstep&amp;workbook&#61;3B9FF00B-25E4-42F3-95B4-004D99488A6D&amp;worksheet&#61;0EE93919-D0B7-F9A0-B95B-89CCD4CDB78D&amp;workstep&#61;0EE93976-D5A6-7710-B642-8ED409DD3D10\" rel=\"nofollow noopener noreferrer\">identify downtime and normal operation</a>.</p><p>Calculate<a href=\"/links?type&#61;workstep&amp;workbook&#61;3B9FF00B-25E4-42F3-95B4-004D99488A6D&amp;worksheet&#61;0EE93919-D0B7-F9A0-B95B-89CCD4CDB78D&amp;workstep&#61;0EE93919-D46D-64F0-B823-29AE3E54887E\" rel=\"nofollow noopener noreferrer\"> statistical thresholds for one bearing</a>, scale to <a href=\"/links?type&#61;workstep&amp;workbook&#61;3B9FF00B-25E4-42F3-95B4-004D99488A6D&amp;worksheet&#61;0EE93919-D0B7-F9A0-B95B-89CCD4CDB78D&amp;workstep&#61;0EE93919-D46A-FDE0-90C5-72AA7E7806AB\" rel=\"nofollow noopener noreferrer\">all other bearings</a>.</p><p><a href=\"/links?type&#61;workstep&amp;workbook&#61;3B9FF00B-25E4-42F3-95B4-004D99488A6D&amp;worksheet&#61;0EE93919-D0B7-F9A0-B95B-89CCD4CDB78D&amp;workstep&#61;0EE93979-C091-6610-B02C-9669B6E959FE\" rel=\"nofollow noopener noreferrer\">Flag deviations above thresholds</a>.</p><h3>Enhance detection with Data Science Input</h3><p>Share analysis with data scientist <a href=\"/links?type&#61;workstep&amp;workbook&#61;3B9FF00B-25E4-42F3-95B4-004D99488A6D&amp;worksheet&#61;0EE93919-D0B7-F9A0-B95B-89CCD4CDB78D&amp;workstep&#61;0EE93981-130F-FFC0-A36E-C394FC52F79C\" rel=\"nofollow noopener noreferrer\">with all relevant context</a> - normal operation, downtime, etc.\u00a0</p><p>The Data Science can connect to the data and pull it into their application of choice using the Seeq Python module and <a href=\"/links?type&#61;workstep&amp;workbook&#61;3B9FF00B-25E4-42F3-95B4-004D99488A6D&amp;worksheet&#61;0EE93919-D0B7-F9A0-B95B-89CCD4CDB78D&amp;workstep&#61;0EE93981-130F-FFC0-A36E-C394FC52F79C\" rel=\"nofollow noopener noreferrer\">Seeq Data Lab</a>.\u00a0</p><p>Once they have created a model, they can<a href=\"/links?type&#61;workstep&amp;workbook&#61;3B9FF00B-25E4-42F3-95B4-004D99488A6D&amp;worksheet&#61;0EE93919-D0B7-F9A0-B95B-89CCD4CDB78D&amp;workstep&#61;0EE9398E-DA2D-EE10-9100-704F4D666B2D\" rel=\"nofollow noopener noreferrer\"> </a><a href=\"/links?type&#61;workstep&amp;workbook&#61;3B9FF00B-25E4-42F3-95B4-004D99488A6D&amp;worksheet&#61;0EE93919-D0B7-F9A0-B95B-89CCD4CDB78D&amp;workstep&#61;0EF358EE-230C-7590-BE1B-73DAB4E89B9C\" rel=\"nofollow noopener noreferrer\">push the model back \u00a0 \u00a0 \u00a0 \u00a0 \u00a0into this analysis </a>for the SME to validate.</p><p>\u00a0</p><p>\u00a0</p><p>\u00a0</p><p>\u00a0</p><p>\u00a0</p><p>\u00a0</p><p>\u00a0</p><p>\u00a0</p><p>\u00a0</p><p>\u00a0</p><p>\u00a0</p><p>\u00a0</p><p>\u00a0</p><p>\u00a0</p><p>\u00a0</p><p>\u00a0</p><p>\u00a0</p><figure class=\"table\" style=\"width:100%;\"><table class=\"ck-table-resized\" style=\"border-color:hsl(0, 0%, 100%);border-style:solid;\"><colgroup><col style=\"width:38.31%;\" /><col style=\"width:61.69%;\" /></colgroup><tbody><tr><td style=\"border-color:hsl(0, 0%, 100%);border-style:solid;\"><img src=\"/api/annotations/0EE93919-D48A-F9B0-9868-724F5C89EE35/images/image_v3.png\"></td><td style=\"border-color:hsl(0, 0%, 100%);border-style:solid;\"><h4><i><strong>British Sugar </strong>used Seeq to monitor vibration across pulp driers to quickly and easily identify anomalous vibration measurements.</i></h4><p><a target=\"_blank\" href=\"https://engage.seeq.com/public-customer-stories/reliability/british-sugar-identfies-advanced-analytics-opportunities-within-the-sugar-industry?w&#61;5c106\" rel=\"nofollow noopener noreferrer\">British Sugar seeq.com</a></p></td></tr></tbody></table></figure><h2>\u00a0</h2><p>\u00a0</p><p>\u00a0</p><p>\u00a0</p><p>\u00a0</p><p>\u00a0</p><p>\u00a0</p><p>\u00a0</p><p>\u00a0</p><p>\u00a0</p><p>\u00a0</p>",
        "DocumentBackup\u02c9jerson@vertix.pe\u02c92024-07-09T21:06:00Z": "<h2 style=\"text-align:center;\"><strong>Bearing Failure Prediction</strong></h2><figure class=\"table\" style=\"width:100%;\"><table class=\"ck-table-resized\" style=\"border-color:hsl(0, 0%, 100%);border-style:solid;\"><colgroup><col style=\"width:38.31%;\" /><col style=\"width:61.69%;\" /></colgroup><tbody><tr><td style=\"border-color:hsl(0, 0%, 100%);border-style:solid;\"><img src=\"/api/annotations/0EE93919-D48A-F9B0-9868-724F5C89EE35/images/image_v4.png\"></td><td style=\"border-color:hsl(0, 0%, 100%);border-style:solid;\"><h4><i><strong>British Sugar </strong>used Seeq to monitor vibration across pulp driers to quickly and easily identify anomalous vibration measurements.</i></h4><p><a target=\"_blank\" href=\"https://engage.seeq.com/public-customer-stories/reliability/british-sugar-identfies-advanced-analytics-opportunities-within-the-sugar-industry?w&#61;5c106\" rel=\"nofollow noopener noreferrer\">British Sugar seeq.com</a></p></td></tr></tbody></table></figure><h2>Objective</h2><p>Bearings fail exponentially with little notice, making scheduled maintenance difficult. A failure of one bearing can result in the subsequent failure of other system bearings.\u00a0</p><p><a href=\"/links?type&#61;workstep&amp;workbook&#61;3B9FF00B-25E4-42F3-95B4-004D99488A6D&amp;worksheet&#61;0EE93919-D0B7-F9A0-B95B-89CCD4CDB78D&amp;workstep&#61;0EF358EE-230C-7590-BE1B-73DAB4E89B9C\" rel=\"nofollow noopener noreferrer\">Identify Failure Events Earlier</a></p><h3>Analysis Steps</h3><p>Bring in bearing data and <a href=\"/links?type&#61;workstep&amp;workbook&#61;3B9FF00B-25E4-42F3-95B4-004D99488A6D&amp;worksheet&#61;0EE93919-D0B7-F9A0-B95B-89CCD4CDB78D&amp;workstep&#61;0EE93976-D5A6-7710-B642-8ED409DD3D10\" rel=\"nofollow noopener noreferrer\">identify downtime and normal operation</a>.</p><p>Calculate<a href=\"/links?type&#61;workstep&amp;workbook&#61;3B9FF00B-25E4-42F3-95B4-004D99488A6D&amp;worksheet&#61;0EE93919-D0B7-F9A0-B95B-89CCD4CDB78D&amp;workstep&#61;0EE93919-D46D-64F0-B823-29AE3E54887E\" rel=\"nofollow noopener noreferrer\"> statistical thresholds for one bearing</a>, scale to <a href=\"/links?type&#61;workstep&amp;workbook&#61;3B9FF00B-25E4-42F3-95B4-004D99488A6D&amp;worksheet&#61;0EE93919-D0B7-F9A0-B95B-89CCD4CDB78D&amp;workstep&#61;0EE93919-D46A-FDE0-90C5-72AA7E7806AB\" rel=\"nofollow noopener noreferrer\">all other bearings</a>.</p><p><a href=\"/links?type&#61;workstep&amp;workbook&#61;3B9FF00B-25E4-42F3-95B4-004D99488A6D&amp;worksheet&#61;0EE93919-D0B7-F9A0-B95B-89CCD4CDB78D&amp;workstep&#61;0EE93979-C091-6610-B02C-9669B6E959FE\" rel=\"nofollow noopener noreferrer\">Flag deviations above thresholds</a>.</p><h3>Enhance detection with Data Science Input</h3><p>Share analysis with data scientist <a href=\"/links?type&#61;workstep&amp;workbook&#61;3B9FF00B-25E4-42F3-95B4-004D99488A6D&amp;worksheet&#61;0EE93919-D0B7-F9A0-B95B-89CCD4CDB78D&amp;workstep&#61;0EE93981-130F-FFC0-A36E-C394FC52F79C\" rel=\"nofollow noopener noreferrer\">with all relevant context</a> - normal operation, downtime, etc.\u00a0</p><p>The Data Science can connect to the data and pull it into their application of choice using the Seeq Python module and <a href=\"/links?type&#61;workstep&amp;workbook&#61;3B9FF00B-25E4-42F3-95B4-004D99488A6D&amp;worksheet&#61;0EE93919-D0B7-F9A0-B95B-89CCD4CDB78D&amp;workstep&#61;0EE93981-130F-FFC0-A36E-C394FC52F79C\" rel=\"nofollow noopener noreferrer\">Seeq Data Lab</a>.\u00a0</p><p>Once they have created a model, they can<a href=\"/links?type&#61;workstep&amp;workbook&#61;3B9FF00B-25E4-42F3-95B4-004D99488A6D&amp;worksheet&#61;0EE93919-D0B7-F9A0-B95B-89CCD4CDB78D&amp;workstep&#61;0EE9398E-DA2D-EE10-9100-704F4D666B2D\" rel=\"nofollow noopener noreferrer\"> </a><a href=\"/links?type&#61;workstep&amp;workbook&#61;3B9FF00B-25E4-42F3-95B4-004D99488A6D&amp;worksheet&#61;0EE93919-D0B7-F9A0-B95B-89CCD4CDB78D&amp;workstep&#61;0EF358EE-230C-7590-BE1B-73DAB4E89B9C\" rel=\"nofollow noopener noreferrer\">push the model back \u00a0 \u00a0 \u00a0 \u00a0 \u00a0into this analysis </a>for the SME to validate.</p><p>\u00a0</p><p>\u00a0</p><p>\u00a0</p><p>\u00a0</p><p>\u00a0</p><p>\u00a0</p><p>\u00a0</p><p>\u00a0</p><figure class=\"table\" style=\"width:100%;\"><table class=\"ck-table-resized\" style=\"border-color:hsl(0, 0%, 100%);border-style:solid;\"><colgroup><col style=\"width:38.31%;\" /><col style=\"width:61.69%;\" /></colgroup><tbody><tr><td style=\"border-color:hsl(0, 0%, 100%);border-style:solid;\"><img src=\"/api/annotations/0EE93919-D48A-F9B0-9868-724F5C89EE35/images/image_v2.png\"></td><td style=\"border-color:hsl(0, 0%, 100%);border-style:solid;\"><h4><i><strong>British Sugar </strong>used Seeq to monitor vibration across pulp driers to quickly and easily identify anomalous vibration measurements.</i></h4><p><a target=\"_blank\" href=\"https://engage.seeq.com/public-customer-stories/reliability/british-sugar-identfies-advanced-analytics-opportunities-within-the-sugar-industry?w&#61;5c106\" rel=\"nofollow noopener noreferrer\">British Sugar seeq.com</a></p></td></tr></tbody></table></figure><p>\u00a0</p><p>\u00a0</p><p>\u00a0</p><p>\u00a0</p><p>\u00a0</p><p>\u00a0</p><p>\u00a0</p><p>\u00a0</p><p>\u00a0</p><p>\u00a0</p><p>\u00a0</p><p>\u00a0</p><p>\u00a0</p><p>\u00a0</p><p>\u00a0</p><p>\u00a0</p>",
        "DocumentBackup\u02c9jerson@vertix.pe\u02c92024-09-02T01:49:00Z": "<h2 style=\"text-align:center;\"><strong>Bearing Failure Prediction</strong></h2><p style=\"text-align:center;\">\u00a0</p><figure class=\"table\"><table class=\"ck-table-resized\" style=\"border-color:hsl(0, 0%, 100%);border-style:solid;\"><colgroup><col style=\"width:38.31%;\" /><col style=\"width:61.69%;\" /></colgroup><tbody><tr><td style=\"border-color:hsl(0, 0%, 100%);border-style:solid;\"><img src=\"/api/annotations/0EE93919-D48A-F9B0-9868-724F5C89EE35/images/image_v1.png\"></td><td style=\"border-color:hsl(0, 0%, 100%);border-style:solid;\"><h4><i><strong>British Sugar </strong>used Seeq to monitor vibration across pulp driers to quickly and easily identify anomalous vibration measurements.</i></h4></td></tr></tbody></table></figure><h2>Objective</h2><p>Bearings fail exponentially with little notice, making scheduled maintenance difficult. A failure of one bearing can result in the subsequent failure of other system bearings.\u00a0</p><p><a href=\"/links?type&#61;workstep&amp;workbook&#61;3B9FF00B-25E4-42F3-95B4-004D99488A6D&amp;worksheet&#61;0EE93919-D0B7-F9A0-B95B-89CCD4CDB78D&amp;workstep&#61;0EF358EE-230C-7590-BE1B-73DAB4E89B9C\" rel=\"nofollow noopener noreferrer\">Identify Failure Events Earlier</a></p><h3>Analysis Steps</h3><p>Bring in bearing data and <a href=\"/links?type&#61;workstep&amp;workbook&#61;3B9FF00B-25E4-42F3-95B4-004D99488A6D&amp;worksheet&#61;0EE93919-D0B7-F9A0-B95B-89CCD4CDB78D&amp;workstep&#61;0EE93976-D5A6-7710-B642-8ED409DD3D10\" rel=\"nofollow noopener noreferrer\">identify downtime and normal operation</a>.</p><p>Calculate<a href=\"/links?type&#61;workstep&amp;workbook&#61;3B9FF00B-25E4-42F3-95B4-004D99488A6D&amp;worksheet&#61;0EE93919-D0B7-F9A0-B95B-89CCD4CDB78D&amp;workstep&#61;0EE93919-D46D-64F0-B823-29AE3E54887E\" rel=\"nofollow noopener noreferrer\"> statistical thresholds for one bearing</a>, scale to <a href=\"/links?type&#61;workstep&amp;workbook&#61;3B9FF00B-25E4-42F3-95B4-004D99488A6D&amp;worksheet&#61;0EE93919-D0B7-F9A0-B95B-89CCD4CDB78D&amp;workstep&#61;0EE93919-D46A-FDE0-90C5-72AA7E7806AB\" rel=\"nofollow noopener noreferrer\">all other bearings</a>.</p><p><a href=\"/links?type&#61;workstep&amp;workbook&#61;3B9FF00B-25E4-42F3-95B4-004D99488A6D&amp;worksheet&#61;0EE93919-D0B7-F9A0-B95B-89CCD4CDB78D&amp;workstep&#61;0EE93979-C091-6610-B02C-9669B6E959FE\" rel=\"nofollow noopener noreferrer\">Flag deviations above thresholds</a>.</p><h3>Enhance detection with Data Science Input</h3><p>Share analysis with data scientist <a href=\"/links?type&#61;workstep&amp;workbook&#61;3B9FF00B-25E4-42F3-95B4-004D99488A6D&amp;worksheet&#61;0EE93919-D0B7-F9A0-B95B-89CCD4CDB78D&amp;workstep&#61;0EE93981-130F-FFC0-A36E-C394FC52F79C\" rel=\"nofollow noopener noreferrer\">with all relevant context</a> - normal operation, downtime, etc.\u00a0</p><p>The Data Science can connect to the data and pull it into their application of choice using the Seeq Python module and <a href=\"/links?type&#61;workstep&amp;workbook&#61;3B9FF00B-25E4-42F3-95B4-004D99488A6D&amp;worksheet&#61;0EE93919-D0B7-F9A0-B95B-89CCD4CDB78D&amp;workstep&#61;0EE93981-130F-FFC0-A36E-C394FC52F79C\" rel=\"nofollow noopener noreferrer\">Seeq Data Lab</a>.\u00a0</p><p>Once they have created a model, they can<a href=\"/links?type&#61;workstep&amp;workbook&#61;3B9FF00B-25E4-42F3-95B4-004D99488A6D&amp;worksheet&#61;0EE93919-D0B7-F9A0-B95B-89CCD4CDB78D&amp;workstep&#61;0EE9398E-DA2D-EE10-9100-704F4D666B2D\" rel=\"nofollow noopener noreferrer\"> </a><a href=\"/links?type&#61;workstep&amp;workbook&#61;3B9FF00B-25E4-42F3-95B4-004D99488A6D&amp;worksheet&#61;0EE93919-D0B7-F9A0-B95B-89CCD4CDB78D&amp;workstep&#61;0EF358EE-230C-7590-BE1B-73DAB4E89B9C\" rel=\"nofollow noopener noreferrer\">push the model back \u00a0 \u00a0 \u00a0 \u00a0 \u00a0into this analysis </a>for the SME to validate.</p><p>\u00a0</p><p>\u00a0</p><p>\u00a0</p><p>\u00a0</p><p>\u00a0</p><p>\u00a0</p><p>\u00a0</p><p>\u00a0</p><p>\u00a0</p><p>\u00a0</p><p>\u00a0</p><p>\u00a0</p><p>\u00a0</p><p>\u00a0</p><p>\u00a0</p><p>\u00a0</p><p>\u00a0</p><p>\u00a0</p><p>\u00a0</p><figure class=\"table\" style=\"width:100%;\"><table class=\"ck-table-resized\" style=\"border-color:hsl(0, 0%, 100%);border-style:solid;\"><colgroup><col style=\"width:38.31%;\" /><col style=\"width:61.69%;\" /></colgroup><tbody><tr><td style=\"border-color:hsl(0, 0%, 100%);border-style:solid;\"><img src=\"/api/annotations/0EE93919-D48A-F9B0-9868-724F5C89EE35/images/image_v2.png\"></td><td style=\"border-color:hsl(0, 0%, 100%);border-style:solid;\"><h4><i><strong>British Sugar </strong>used Seeq to monitor vibration across pulp driers to quickly and easily identify anomalous vibration measurements.</i></h4><p><a target=\"_blank\" href=\"https://engage.seeq.com/public-customer-stories/reliability/british-sugar-identfies-advanced-analytics-opportunities-within-the-sugar-industry?w&#61;5c106\" rel=\"nofollow noopener noreferrer\">British Sugar seeq.com</a></p></td></tr></tbody></table></figure><p>\u00a0</p><p>\u00a0</p><p>\u00a0</p><p>\u00a0</p><p>\u00a0</p><p>\u00a0</p><p>\u00a0</p><p>\u00a0</p><p>\u00a0</p><p>\u00a0</p><p>\u00a0</p><p>\u00a0</p><p>\u00a0</p><p>\u00a0</p><p>\u00a0</p><p>\u00a0</p>",
        "DocumentBackup\u02c9jerson@vertix.pe\u02c92024-10-16T13:37:00Z": "<h2 style=\"text-align:center;\"><strong>Bearing Failure Prediction</strong></h2><p style=\"text-align:center;\">\u00a0</p><p>\u00a0</p><h2>Objective</h2><p>Bearings fail exponentially with little notice, making scheduled maintenance difficult. A failure of one bearing can result in the subsequent failure of other system bearings.\u00a0</p><p><a href=\"/links?type&#61;workstep&amp;workbook&#61;3B9FF00B-25E4-42F3-95B4-004D99488A6D&amp;worksheet&#61;0EE93919-D0B7-F9A0-B95B-89CCD4CDB78D&amp;workstep&#61;0EF358EE-230C-7590-BE1B-73DAB4E89B9C\" rel=\"nofollow noopener noreferrer\">Identify Failure Events Earlier</a></p><h3>Analysis Steps</h3><p>Bring in bearing data and <a href=\"/links?type&#61;workstep&amp;workbook&#61;3B9FF00B-25E4-42F3-95B4-004D99488A6D&amp;worksheet&#61;0EE93919-D0B7-F9A0-B95B-89CCD4CDB78D&amp;workstep&#61;0EE93976-D5A6-7710-B642-8ED409DD3D10\" rel=\"nofollow noopener noreferrer\">identify downtime and normal operation</a>.</p><p>Calculate<a href=\"/links?type&#61;workstep&amp;workbook&#61;3B9FF00B-25E4-42F3-95B4-004D99488A6D&amp;worksheet&#61;0EE93919-D0B7-F9A0-B95B-89CCD4CDB78D&amp;workstep&#61;0EE93919-D46D-64F0-B823-29AE3E54887E\" rel=\"nofollow noopener noreferrer\"> statistical thresholds for one bearing</a>, scale to <a href=\"/links?type&#61;workstep&amp;workbook&#61;3B9FF00B-25E4-42F3-95B4-004D99488A6D&amp;worksheet&#61;0EE93919-D0B7-F9A0-B95B-89CCD4CDB78D&amp;workstep&#61;0EE93919-D46A-FDE0-90C5-72AA7E7806AB\" rel=\"nofollow noopener noreferrer\">all other bearings</a>.</p><p><a href=\"/links?type&#61;workstep&amp;workbook&#61;3B9FF00B-25E4-42F3-95B4-004D99488A6D&amp;worksheet&#61;0EE93919-D0B7-F9A0-B95B-89CCD4CDB78D&amp;workstep&#61;0EE93979-C091-6610-B02C-9669B6E959FE\" rel=\"nofollow noopener noreferrer\">Flag deviations above thresholds</a>.</p><h3>Enhance detection with Data Science Input</h3><p>Share analysis with data scientist <a href=\"/links?type&#61;workstep&amp;workbook&#61;3B9FF00B-25E4-42F3-95B4-004D99488A6D&amp;worksheet&#61;0EE93919-D0B7-F9A0-B95B-89CCD4CDB78D&amp;workstep&#61;0EE93981-130F-FFC0-A36E-C394FC52F79C\" rel=\"nofollow noopener noreferrer\">with all relevant context</a> - normal operation, downtime, etc.\u00a0</p><p>The Data Science can connect to the data and pull it into their application of choice using the Seeq Python module and <a href=\"/links?type&#61;workstep&amp;workbook&#61;3B9FF00B-25E4-42F3-95B4-004D99488A6D&amp;worksheet&#61;0EE93919-D0B7-F9A0-B95B-89CCD4CDB78D&amp;workstep&#61;0EE93981-130F-FFC0-A36E-C394FC52F79C\" rel=\"nofollow noopener noreferrer\">Seeq Data Lab</a>.\u00a0</p><p>Once they have created a model, they can<a href=\"/links?type&#61;workstep&amp;workbook&#61;3B9FF00B-25E4-42F3-95B4-004D99488A6D&amp;worksheet&#61;0EE93919-D0B7-F9A0-B95B-89CCD4CDB78D&amp;workstep&#61;0EE9398E-DA2D-EE10-9100-704F4D666B2D\" rel=\"nofollow noopener noreferrer\"> </a><a href=\"/links?type&#61;workstep&amp;workbook&#61;3B9FF00B-25E4-42F3-95B4-004D99488A6D&amp;worksheet&#61;0EE93919-D0B7-F9A0-B95B-89CCD4CDB78D&amp;workstep&#61;0EF358EE-230C-7590-BE1B-73DAB4E89B9C\" rel=\"nofollow noopener noreferrer\">push the model back \u00a0 \u00a0 \u00a0 \u00a0 \u00a0into this analysis </a>for the SME to validate.</p><p>\u00a0</p><p>\u00a0</p><p>\u00a0</p><p>\u00a0</p><p>\u00a0</p><p>\u00a0</p><p>\u00a0</p><p>\u00a0</p><p>\u00a0</p><p>\u00a0</p><p>\u00a0</p><p>\u00a0</p><p>\u00a0</p><p>\u00a0</p><p>\u00a0</p><p>\u00a0</p><p>\u00a0</p><p>\u00a0</p><p>\u00a0</p><figure class=\"table\" style=\"width:100%;\"><table class=\"ck-table-resized\" style=\"border-color:hsl(0, 0%, 100%);border-style:solid;\"><colgroup><col style=\"width:38.31%;\" /><col style=\"width:61.69%;\" /></colgroup><tbody><tr><td style=\"border-color:hsl(0, 0%, 100%);border-style:solid;\"><img src=\"/api/annotations/0EE93919-D48A-F9B0-9868-724F5C89EE35/images/image_v2.png\"></td><td style=\"border-color:hsl(0, 0%, 100%);border-style:solid;\"><h4><i><strong>British Sugar </strong>used Seeq to monitor vibration across pulp driers to quickly and easily identify anomalous vibration measurements.</i></h4><p><a target=\"_blank\" href=\"https://engage.seeq.com/public-customer-stories/reliability/british-sugar-identfies-advanced-analytics-opportunities-within-the-sugar-industry?w&#61;5c106\" rel=\"nofollow noopener noreferrer\">British Sugar seeq.com</a></p></td></tr></tbody></table></figure><p>\u00a0</p><p>\u00a0</p><p>\u00a0</p><p>\u00a0</p><p>\u00a0</p><p>\u00a0</p><p>\u00a0</p><p>\u00a0</p><p>\u00a0</p><p>\u00a0</p><p>\u00a0</p><p>\u00a0</p><p>\u00a0</p><p>\u00a0</p><p>\u00a0</p><p>\u00a0</p>",
        "DocumentBackup\u02c9jerson@vertix.pe\u02c92024-10-16T13:46:00Z": "<h2 style=\"text-align:center;\"><strong>Bearing Failure Prediction</strong></h2><h2>Objective</h2><p>Bearings fail exponentially with little notice, making scheduled maintenance difficult. A failure of one bearing can result in the subsequent failure of other system bearings.\u00a0</p><p><a href=\"/links?type&#61;workstep&amp;workbook&#61;3B9FF00B-25E4-42F3-95B4-004D99488A6D&amp;worksheet&#61;0EE93919-D0B7-F9A0-B95B-89CCD4CDB78D&amp;workstep&#61;0EF358EE-230C-7590-BE1B-73DAB4E89B9C\" rel=\"nofollow noopener noreferrer\">Identify Failure Events Earlier</a></p><h3>Analysis Steps</h3><p>Bring in bearing data and <a href=\"/links?type&#61;workstep&amp;workbook&#61;3B9FF00B-25E4-42F3-95B4-004D99488A6D&amp;worksheet&#61;0EE93919-D0B7-F9A0-B95B-89CCD4CDB78D&amp;workstep&#61;0EE93976-D5A6-7710-B642-8ED409DD3D10\" rel=\"nofollow noopener noreferrer\">identify downtime and normal operation</a>.</p><p>Calculate<a href=\"/links?type&#61;workstep&amp;workbook&#61;3B9FF00B-25E4-42F3-95B4-004D99488A6D&amp;worksheet&#61;0EE93919-D0B7-F9A0-B95B-89CCD4CDB78D&amp;workstep&#61;0EE93919-D46D-64F0-B823-29AE3E54887E\" rel=\"nofollow noopener noreferrer\"> statistical thresholds for one bearing</a>, scale to <a href=\"/links?type&#61;workstep&amp;workbook&#61;3B9FF00B-25E4-42F3-95B4-004D99488A6D&amp;worksheet&#61;0EE93919-D0B7-F9A0-B95B-89CCD4CDB78D&amp;workstep&#61;0EE93919-D46A-FDE0-90C5-72AA7E7806AB\" rel=\"nofollow noopener noreferrer\">all other bearings</a>.</p><p><a href=\"/links?type&#61;workstep&amp;workbook&#61;3B9FF00B-25E4-42F3-95B4-004D99488A6D&amp;worksheet&#61;0EE93919-D0B7-F9A0-B95B-89CCD4CDB78D&amp;workstep&#61;0EE93979-C091-6610-B02C-9669B6E959FE\" rel=\"nofollow noopener noreferrer\">Flag deviations above thresholds</a>.</p><h3>Enhance detection with Data Science Input</h3><p>Share analysis with data scientist <a href=\"/links?type&#61;workstep&amp;workbook&#61;3B9FF00B-25E4-42F3-95B4-004D99488A6D&amp;worksheet&#61;0EE93919-D0B7-F9A0-B95B-89CCD4CDB78D&amp;workstep&#61;0EE93981-130F-FFC0-A36E-C394FC52F79C\" rel=\"nofollow noopener noreferrer\">with all relevant context</a> - normal operation, downtime, etc.\u00a0</p><p>The Data Science can connect to the data and pull it into their application of choice using the Seeq Python module and <a href=\"/links?type&#61;workstep&amp;workbook&#61;3B9FF00B-25E4-42F3-95B4-004D99488A6D&amp;worksheet&#61;0EE93919-D0B7-F9A0-B95B-89CCD4CDB78D&amp;workstep&#61;0EE93981-130F-FFC0-A36E-C394FC52F79C\" rel=\"nofollow noopener noreferrer\">Seeq Data Lab</a>.\u00a0</p><p>Once they have created a model, they can<a href=\"/links?type&#61;workstep&amp;workbook&#61;3B9FF00B-25E4-42F3-95B4-004D99488A6D&amp;worksheet&#61;0EE93919-D0B7-F9A0-B95B-89CCD4CDB78D&amp;workstep&#61;0EE9398E-DA2D-EE10-9100-704F4D666B2D\" rel=\"nofollow noopener noreferrer\"> </a><a href=\"/links?type&#61;workstep&amp;workbook&#61;3B9FF00B-25E4-42F3-95B4-004D99488A6D&amp;worksheet&#61;0EE93919-D0B7-F9A0-B95B-89CCD4CDB78D&amp;workstep&#61;0EF358EE-230C-7590-BE1B-73DAB4E89B9C\" rel=\"nofollow noopener noreferrer\">push the model back \u00a0 \u00a0 \u00a0 \u00a0 \u00a0into this analysis </a>for the SME to validate.</p><p>\u00a0</p><p>\u00a0</p><p>\u00a0</p><p>\u00a0</p><p>\u00a0</p><p>\u00a0</p><p>\u00a0</p><p>\u00a0</p><p>\u00a0</p><p>\u00a0</p><p>\u00a0</p><p>\u00a0</p><p>\u00a0</p><p>\u00a0</p><p>\u00a0</p><p>\u00a0</p><p>\u00a0</p><p>\u00a0</p><p>\u00a0</p><figure class=\"table\" style=\"width:100%;\"><table class=\"ck-table-resized\" style=\"border-color:hsl(0, 0%, 100%);border-style:solid;\"><colgroup><col style=\"width:38.31%;\" /><col style=\"width:61.69%;\" /></colgroup><tbody><tr><td style=\"border-color:hsl(0, 0%, 100%);border-style:solid;\"><img src=\"/api/annotations/0EE93919-D48A-F9B0-9868-724F5C89EE35/images/image_v2.png\"></td><td style=\"border-color:hsl(0, 0%, 100%);border-style:solid;\"><h4><i><strong>British Sugar </strong>used Seeq to monitor vibration across pulp driers to quickly and easily identify anomalous vibration measurements.</i></h4><p><a target=\"_blank\" href=\"https://engage.seeq.com/public-customer-stories/reliability/british-sugar-identfies-advanced-analytics-opportunities-within-the-sugar-industry?w&#61;5c106\" rel=\"nofollow noopener noreferrer\">British Sugar seeq.com</a></p></td></tr></tbody></table></figure><p>\u00a0</p><p>\u00a0</p><p>\u00a0</p><p>\u00a0</p><p>\u00a0</p><p>\u00a0</p><p>\u00a0</p><p>\u00a0</p><p>\u00a0</p><p>\u00a0</p><p>\u00a0</p><p>\u00a0</p><p>\u00a0</p><p>\u00a0</p><p>\u00a0</p><p>\u00a0</p>",
        "Enabled": true,
        "Froala Backup": "<h2><strong>Bearing Failure Prediction</strong></h2><h3>Objective</h3><p>Bearings fail exponentially with little notice, making scheduled maintenance difficult. A failure of one bearing can result in the subsequent failure of other system bearings.\u00a0</p><p>Use vibration data during normal operation to predict bearing <a href=\"/links?type&#61;workstep&amp;workbook&#61;3B9FF00B-25E4-42F3-95B4-004D99488A6D&amp;worksheet&#61;0EE93919-D0B7-F9A0-B95B-89CCD4CDB78D&amp;workstep&#61;0EE93919-D46A-FDE0-9B88-3D379E1133D4\" rel=\"nofollow noopener noreferrer\">failure events.</a></p><h3>Starting Point</h3><p>Raw Data - <a href=\"/links?type&#61;workstep&amp;workbook&#61;3B9FF00B-25E4-42F3-95B4-004D99488A6D&amp;worksheet&#61;0EE93919-D0B7-F9A0-B95B-89CCD4CDB78D&amp;workstep&#61;0EE93919-D472-7310-A5DB-CBB1E87EBCB5\" rel=\"nofollow noopener noreferrer\">workstep</a></p><p>Time Range - <a href=\"/links?type&#61;range&amp;start&#61;1076557883531&amp;end&#61;1077377506430\" rel=\"nofollow noopener noreferrer\">Feb 11, 2004 - Feb 21, 2004</a></p><h3>Analysis Steps</h3><h4><strong>1.\u00a0Cleanse data</strong> (<a href=\"/links?type&#61;workstep&amp;workbook&#61;3B9FF00B-25E4-42F3-95B4-004D99488A6D&amp;worksheet&#61;0EE93919-D0B7-F9A0-B95B-89CCD4CDB78D&amp;workstep&#61;0EE93919-D480-FD70-8759-D7BADDE42D43\" rel=\"nofollow noopener noreferrer\">workstep</a>)</h4><ul><li>Identify <a href=\"/links?type&#61;condition&amp;item&#61;7EA16AA5-5AD7-4619-ACFF-07B7752D32F7\" rel=\"nofollow noopener noreferrer\">Bearing Maintenance</a> or downtime periods with <strong>Value Search</strong></li><li>Remove data during down times with <strong>Formula</strong></li></ul><h4><strong>2. Identify normal operation</strong> (<a href=\"/links?type&#61;workstep&amp;workbook&#61;3B9FF00B-25E4-42F3-95B4-004D99488A6D&amp;worksheet&#61;0EE93919-D0B7-F9A0-B95B-89CCD4CDB78D&amp;workstep&#61;0EE93919-D47B-FF50-A005-50D25AD67640\" rel=\"nofollow noopener noreferrer\">workstep</a>)</h4><ul><li>Define normal operation as 32 hours after startup with <strong>Formula</strong><ul><li>Move the time window by 2 hours to avoid initial startup noise</li></ul></li></ul><h4><strong>3. Calculate statistical thresholds</strong> (workstep: <a href=\"/links?type&#61;workstep&amp;workbook&#61;3B9FF00B-25E4-42F3-95B4-004D99488A6D&amp;worksheet&#61;0EE93919-D0B7-F9A0-B95B-89CCD4CDB78D&amp;workstep&#61;0EE93919-D46D-64F0-B823-29AE3E54887E\" rel=\"nofollow noopener noreferrer\">bearing 1 only</a> or <a href=\"/links?type&#61;workstep&amp;workbook&#61;3B9FF00B-25E4-42F3-95B4-004D99488A6D&amp;worksheet&#61;0EE93919-D0B7-F9A0-B95B-89CCD4CDB78D&amp;workstep&#61;0EE93919-D46A-FDE0-90C5-72AA7E7806AB\" rel=\"nofollow noopener noreferrer\">all bearings</a>)</h4><ul><li>Define the max vibration threshold as the average vibration &#43; 3 standard deviations with <strong>Formula</strong></li></ul><h4><strong>4. Flag deviations above thresholds</strong> (workstep: <a href=\"/links?type&#61;workstep&amp;workbook&#61;3B9FF00B-25E4-42F3-95B4-004D99488A6D&amp;worksheet&#61;0EE93919-D0B7-F9A0-B95B-89CCD4CDB78D&amp;workstep&#61;0EE93919-D46D-64F0-8C79-59D105832AD6\" rel=\"nofollow noopener noreferrer\">bearing 1 only</a> or <a href=\"/links?type&#61;workstep&amp;workbook&#61;3B9FF00B-25E4-42F3-95B4-004D99488A6D&amp;worksheet&#61;0EE93919-D0B7-F9A0-B95B-89CCD4CDB78D&amp;workstep&#61;0EE93919-D46A-FDE0-9B88-3D379E1133D4\" rel=\"nofollow noopener noreferrer\">all bearings</a>)</h4><ul><li>Identify periods of time where the vibration exceeds the threshold for 10 minutes or longer using <strong>Value Search</strong></li><li>Combine flags for all bearings into a single condition using <strong>Formula</strong></li></ul><p>\u00a0</p><p>\u00a0</p><p>\u00a0</p><p>Anomalies view (XY plot):</p><p><a href=\"/links?type&#61;range&amp;start&#61;1076784997245&amp;end&#61;1076929267673\" rel=\"nofollow noopener noreferrer\">14 de feb. de 2004 13:56 - 16 de feb. de 2004 6:01</a></p><h3>Additional Views</h3><p><a href=\"/links?type&#61;workstep&amp;workbook&#61;3B9FF00B-25E4-42F3-95B4-004D99488A6D&amp;worksheet&#61;0EE93919-D0B7-F9A0-B95B-89CCD4CDB78D&amp;workstep&#61;0EE93919-D474-EA20-9377-9CF1DD705D44\" rel=\"nofollow noopener noreferrer\">View for Enterprise Demo</a><br>\u00a0</p><p>\u00a0</p><p><a href=\"/links?type&#61;workstep&amp;workbook&#61;3B9FF00B-25E4-42F3-95B4-004D99488A6D&amp;worksheet&#61;0EE93919-D0B7-F9A0-B95B-89CCD4CDB78D&amp;workstep&#61;0EE93919-D479-E840-8CDA-DBCC61D1D302\" rel=\"nofollow noopener noreferrer\">This is an important step of my analysis. I found the vibration event.\u00a0</a></p><p>\u00a0</p><p>\u00a0</p><p><a href=\"/links?type&#61;signal&amp;item&#61;5C6622CF-55AC-4900-8FD9-60614F2FF2CF\" rel=\"nofollow noopener noreferrer\">Promotional - Seeq Integration with Python Machine Learning - Bearing Failure - Engineering Analysis (5 de ene. de 2023 16:32)</a></p><p>\u00a0</p><p>Starting Point for demoing Redshift connector -\u00a0</p><p><a href=\"/links?type&#61;range&amp;start&#61;1471576029365&amp;end&#61;1473233148189\" rel=\"nofollow noopener noreferrer\">Aug 18, 2016 8:07 PM - Sep 7, 2016 12:25 AM</a></p><p>Search for &#39;Run 1&#39; and search for &#39;Work Orders&#39;</p><p><a href=\"/links?type&#61;workstep&amp;workbook&#61;3B9FF00B-25E4-42F3-95B4-004D99488A6D&amp;worksheet&#61;0EE93919-D0B7-F9A0-B95B-89CCD4CDB78D&amp;workstep&#61;0EE93919-D46F-EC00-B47B-6EA9D99C1C43\" rel=\"nofollow noopener noreferrer\">workstep</a></p><p>\u00a0</p><p>\u00a0</p>",
        "ID": "0EE93919-D48A-F9B0-9868-724F5C89EE35",
        "Is CK Enabled": true,
        "Locked": false,
        "Name": "Bearing Failure Prediction",
        "Plain Text Document": "Bearing Failure PredictionBritish Sugar used Seeq to monitor vibration across pulp driers to quickly and easily identify anomalous vibration measurements.ObjectiveBearings fail exponentially with little notice, making scheduled maintenance difficult. A failure of one bearing can result in the subsequent failure of other system bearings.\u00a0Identify Failure Events EarlierAnalysis StepsBring in bearing data and identify downtime and normal operation.Calculate statistical thresholds for one bearing, scale to all other bearings.Flag deviations above thresholds.Enhance detection with Data Science InputShare analysis with data scientist with all relevant context - normal operation, downtime, etc.\u00a0The Data Science can connect to the data and pull it into their application of choice using the Seeq Python module and Seeq Data Lab.\u00a0Once they have created a model, they can push the model back \u00a0 \u00a0into this analysis for the SME to validate.",
        "Type": "Journal",
        "Unsearchable": false,
        "Updated At": "1730985557902101375"
    }
}