{
    "ID": "54536704-29E4-44FE-86CF-ACE98AF9CAE2",
    "Type": "Workstep",
    "Data": {
        "version": 1,
        "state": {
            "stores": {
                "sqTrendSeriesStore": {
                    "items": []
                },
                "sqTrendCapsuleSetStore": {
                    "items": []
                },
                "sqTrendScalarStore": {
                    "items": []
                },
                "sqTrendMetricStore": {
                    "items": []
                },
                "sqTrendTableStore": {
                    "items": []
                },
                "sqDurationStore": {
                    "autoUpdate": {
                        "offset": 17999996
                    },
                    "displayRange": {
                        "start": 1731542467757,
                        "end": 1731628867757
                    },
                    "investigateRange": {
                        "start": 1731024067760,
                        "end": 1731628867760
                    }
                },
                "sqWorksheetStore": {
                    "viewKey": "TREND"
                }
            }
        }
    }
}