{
    "ID": "B0C206E5-68F0-4235-B20F-6D9864B32D13",
    "Type": "Workstep",
    "Data": {
        "version": 1,
        "state": {
            "stores": {
                "sqTrendSeriesStore": {
                    "items": []
                },
                "sqTrendCapsuleSetStore": {
                    "items": []
                },
                "sqTrendScalarStore": {
                    "items": []
                },
                "sqTrendMetricStore": {
                    "items": []
                },
                "sqTrendTableStore": {
                    "items": []
                },
                "sqDurationStore": {
                    "autoUpdate": {
                        "offset": 17999995
                    },
                    "displayRange": {
                        "start": 1731540544414,
                        "end": 1731626944414
                    },
                    "investigateRange": {
                        "start": 1731022144418,
                        "end": 1731626944418
                    }
                },
                "sqWorksheetStore": {
                    "viewKey": "TREND"
                }
            }
        }
    }
}