{
    "Archived": false,
    "Cache Enabled": false,
    "Created At": "1701796410938041102",
    "Enabled": true,
    "ID": "0EE93919-D0B7-F9A0-B95B-89CCD4CDB78D",
    "Locked": false,
    "Unsearchable": false,
    "Updated At": "1730836286405257049",
    "Name": "Bearing Failure Demo",
    "Type": "Worksheet",
    "Annotation ID": "0EE93919-D48A-F9B0-9868-724F5C89EE35",
    "Current Workstep ID": "0EF9BAF5-7A8B-7130-9239-E37DF963E794",
    "URL": "https://demo.seeq.dev/F7ECF6B7-FC1A-4E01-87B6-883E0111B3C6/workbook/3B9FF00B-25E4-42F3-95B4-004D99488A6D/worksheet/0EE93919-D0B7-F9A0-B95B-89CCD4CDB78D"
}