{
    "ID": "0EE93919-D46D-64F0-B823-29AE3E54887E",
    "Type": "Workstep",
    "Data": {
        "version": 24,
        "state": {
            "stores": {
                "sqTrendSeriesStore": {
                    "items": [
                        {
                            "axisAlign": "A",
                            "axisAutoScale": true,
                            "lane": 1,
                            "rightAxis": false,
                            "dashStyle": "Solid",
                            "lineWidth": 1,
                            "autoDisabled": false,
                            "axisVisibility": true,
                            "sampleDisplayOption": "line",
                            "id": "85B76E2A-10CA-4AD1-91A1-9AF5241BC6A5",
                            "name": "Vibration Bearing 1 - Cleansed",
                            "selected": false,
                            "color": "#4055A3"
                        }
                    ],
                    "editingId": null,
                    "previewSeriesDefinition": {}
                },
                "sqDurationStore": {
                    "autoUpdate": {
                        "mode": "OFF",
                        "offset": -502532549869,
                        "manualInterval": {
                            "value": 1,
                            "units": "min"
                        }
                    },
                    "displayRange": {
                        "start": 1076557883531,
                        "end": 1077377506430
                    },
                    "investigateRange": {
                        "start": 1076557883531,
                        "end": 1077377506430
                    }
                },
                "sqTrendCapsuleStore": {
                    "selectedCapsules": [],
                    "stitchTimes": [],
                    "dataStatus": "itemDataPresent",
                    "warningCount": 0,
                    "warningLogs": [],
                    "editingId": null,
                    "previewCapsulesDefinition": {},
                    "items": []
                },
                "sqInvestigateStore": {
                    "item": {},
                    "activeTool": "overview",
                    "displayMode": "NEW",
                    "derivedDataPanelOpen": false
                },
                "sqDeviationPanelStore": {
                    "originalParameters": [],
                    "advancedParametersCollapsed": true,
                    "startDuration": {
                        "value": 0,
                        "units": "min"
                    },
                    "endDuration": {
                        "value": 0,
                        "units": "min"
                    },
                    "startLocation": true,
                    "endLocation": true
                },
                "sqCapsuleSetSeriesStore": {
                    "originalParameters": [],
                    "advancedParametersCollapsed": true,
                    "params": {
                        "interpolation": "DISCRETE",
                        "stat": {
                            "timeUnits": "s"
                        },
                        "maximumDuration": {}
                    }
                },
                "sqImportCsvStore": {
                    "serverFileName": "",
                    "columnKey": "",
                    "columnValue": "",
                    "importType": {
                        "text": "IMPORTS.TYPES.SIGNAL",
                        "value": "seriesDisplayType"
                    },
                    "unitValue": "",
                    "interpolationMethod": {
                        "text": "IMPORTS.INTERPOLATION.LINEAR",
                        "value": "linear"
                    },
                    "importAnotherColumn": false,
                    "importStarted": false,
                    "originalParameters": [],
                    "advancedParametersCollapsed": true
                },
                "sqPredictionPanelStore": {
                    "originalParameters": [],
                    "advancedParametersCollapsed": true,
                    "option": "linear",
                    "polynomialValue": 2,
                    "mustGoThroughZero": false,
                    "lambda": 0,
                    "windowStart": 1076557883531,
                    "windowEnd": 1077377506430,
                    "modelExpanded": false,
                    "regressionMethod": "OLS",
                    "variableSelection": 0.05,
                    "variableSelectionEnabled": false
                },
                "sqAncillariesPanelStore": {
                    "inProgress": false,
                    "inProgressItem": "item1",
                    "name": "",
                    "type": "",
                    "item1": {},
                    "item2": {}
                },
                "sqExportODataPanelStore": {
                    "name": "Seeq Integration with Python Machine Learning",
                    "originalParameters": [],
                    "advancedParametersCollapsed": true,
                    "autoupdateTimeRange": false,
                    "timeRange": {
                        "start": 1076557883531,
                        "end": 1077377506430
                    }
                },
                "sqReferencePanelStore": {
                    "originalParameters": [],
                    "advancedParametersCollapsed": true,
                    "windowStart": 1076557883531,
                    "windowEnd": 1077377506430,
                    "griddingPeriod": {
                        "value": 5,
                        "units": "min"
                    },
                    "referenceStat": "",
                    "multiplier": 1
                },
                "sqAggregationBinStore": {
                    "originalParameters": [],
                    "advancedParametersCollapsed": true,
                    "mode": "by_y_value",
                    "includeEmptyBuckets": true,
                    "yValueSignal": "",
                    "stat": {
                        "key": null,
                        "timeUnits": "s"
                    },
                    "aggregationConfigs": [
                        {
                            "id": 1,
                            "mode": "by_y_value",
                            "capsuleMode": "overlap",
                            "yValueBinMode": "size",
                            "valid": false
                        }
                    ]
                },
                "sqLowPassFilterStore": {
                    "originalParameters": [],
                    "advancedParametersCollapsed": true,
                    "cutoff": {},
                    "period": {},
                    "taps": 33,
                    "autoPeriod": true,
                    "autoTaps": true
                },
                "sqItemPropertiesStore": {
                    "advancedParametersCollapsed": false
                },
                "sqPeriodicConditionStore": {
                    "originalParameters": [],
                    "advancedParametersCollapsed": true,
                    "frequencies": [],
                    "weekStart": "Day.Sunday",
                    "quarterStart": {
                        "month": "Month.January",
                        "day": 1
                    },
                    "shift": {
                        "offset": 8,
                        "duration": 8
                    },
                    "offset": {}
                },
                "sqTrendScalarStore": {
                    "items": [
                        {
                            "axisAlign": "A",
                            "axisAutoScale": true,
                            "lane": 1,
                            "rightAxis": false,
                            "dashStyle": "Dash",
                            "lineWidth": 1,
                            "autoDisabled": false,
                            "axisVisibility": true,
                            "id": "D224BE19-6781-4EDF-B720-87BB7E6F5BEF",
                            "name": "Threshold Bearing 1",
                            "selected": false,
                            "color": "#002060"
                        }
                    ]
                },
                "sqTreemapStore": {
                    "parent": {},
                    "statistics": []
                },
                "sqTrendCapsuleSetStore": {
                    "items": [
                        {
                            "axisAlign": "F",
                            "lane": 5,
                            "autoDisabled": false,
                            "id": "7EA16AA5-5AD7-4619-ACFF-07B7752D32F7",
                            "name": "Bearing Maintenance",
                            "selected": false,
                            "color": "#00A2DD"
                        },
                        {
                            "autoDisabled": false,
                            "id": "02A76446-56C6-46BA-A2DD-C101C3911692",
                            "name": "Bearing Normal Operation",
                            "selected": false,
                            "color": "#E1498E"
                        }
                    ]
                },
                "sqWorksheetStore": {
                    "tabsets": {
                        "sidebar": 2
                    },
                    "viewKey": "TREND",
                    "browsePanelCollapsed": false,
                    "displayWidth": 1088,
                    "displayHeight": 461,
                    "resizeEnabled": true,
                    "conditionToSeriesGrouping": {},
                    "capsuleGroupMode": false
                },
                "sqScatterPlotStore": {
                    "xSeries": null,
                    "ySeries": null,
                    "selector": {
                        "low": 0.5,
                        "high": 0.75
                    },
                    "selectedRegion": {
                        "xMin": null,
                        "xMax": null,
                        "yMin": null,
                        "yMax": null
                    },
                    "viewRegion": {
                        "xMin": null,
                        "xMax": null,
                        "yMin": null,
                        "yMax": null
                    },
                    "fxLines": [],
                    "colorConditionIds": [],
                    "plotMode": "DISPLAY_RANGE",
                    "connect": false
                },
                "sqTrendStore": {
                    "view": "calendar",
                    "enabledColumns": {
                        "CAPSULES": {
                            "startTime": true
                        },
                        "SERIES": {
                            "lane": true
                        }
                    },
                    "propertyColumns": {},
                    "selectedRegion": {
                        "min": 0,
                        "max": 0
                    },
                    "capsuleTimeOffsets": {
                        "lower": 0,
                        "upper": 0
                    },
                    "capsuleAlignment": [],
                    "capsulePreview": false,
                    "showChartConfiguration": false,
                    "dimDataOutsideCapsules": false,
                    "hideUnselectedItems": true,
                    "labelDisplayConfiguration": {
                        "name": "lane",
                        "asset": "off",
                        "assetPathLevels": 1,
                        "unitOfMeasure": "off",
                        "custom": "off",
                        "customLabels": []
                    },
                    "showCapsuleLaneLabels": true,
                    "panelProps": {},
                    "panelSorters": {
                        "CAPSULES": {
                            "sortBy": "startTime",
                            "sortAsc": true
                        },
                        "CAPSULE_SERIES": {
                            "sortBy": "startTime",
                            "sortAsc": true
                        },
                        "SERIES": {
                            "sortBy": "lane",
                            "sortAsc": true
                        },
                        "INVESTIGATE_ITEMS": {
                            "sortBy": "name",
                            "sortAsc": true
                        }
                    },
                    "capsulePanelOffset": 0,
                    "capsulePanelHasNext": false
                },
                "sqTrendTableStore": {
                    "items": []
                },
                "sqPowerSearchStore": {
                    "originalParameters": [],
                    "advancedParametersCollapsed": true,
                    "formula": "",
                    "parameters": [],
                    "navigationStack": []
                },
                "sqTrendMetricStore": {
                    "scorecardHeaders": {
                        "type": "startEnd",
                        "format": "lll"
                    },
                    "scorecardColumns": [
                        {
                            "id": "vBIDBKKdyQpP6IUY0j9twQ",
                            "type": "name",
                            "backgroundColor": "#ffffff"
                        }
                    ],
                    "dataStatus": "itemDataPresent",
                    "warningCount": 0,
                    "warningLogs": [],
                    "items": []
                },
                "sqScorecardStore": {
                    "metrics": []
                },
                "sqThresholdMetricStore": {
                    "originalParameters": [],
                    "advancedParametersCollapsed": true,
                    "processType": "Simple",
                    "aggregationOperator": {
                        "key": null,
                        "timeUnits": "s"
                    },
                    "duration": {},
                    "period": {},
                    "thresholds": {}
                },
                "sqCustomConditionStore": {
                    "originalParameters": [],
                    "advancedParametersCollapsed": true
                },
                "sqCapsuleGroupStore": {
                    "capsules": []
                },
                "sqFftStore": {
                    "originalParameters": [],
                    "advancedParametersCollapsed": true,
                    "rateType": true,
                    "rate": {},
                    "outputUnits": "min",
                    "highPass": {},
                    "lowPass": {},
                    "useHighPass": false,
                    "useLowPass": false
                },
                "sqCompositeSearchStore": {
                    "originalParameters": [],
                    "advancedParametersCollapsed": true,
                    "isUpgradedUnionCondition": false,
                    "inclusiveA": true,
                    "inclusiveB": true
                },
                "sqSearchStore": {
                    "nameFilter": "",
                    "descriptionFilter": "",
                    "typeFilter": [],
                    "datasourceFilter": [],
                    "isAdvancedMode": false,
                    "mode": "overview",
                    "currentAsset": ""
                },
                "sqVisualSearchStore": {
                    "originalParameters": [],
                    "advancedParametersCollapsed": true,
                    "similarity": 98,
                    "normalizeAmplitude": true,
                    "normalizeLocation": true,
                    "selectedRegion": {}
                },
                "sqLimitsSearchStore": {
                    "originalParameters": [],
                    "advancedParametersCollapsed": true,
                    "isSimple": true,
                    "isCleansing": false,
                    "limitsParams": {
                        "entryCondition": {
                            "duration": {
                                "value": 0,
                                "units": "min"
                            }
                        },
                        "exitCondition": {
                            "duration": {
                                "value": 0,
                                "units": "min"
                            }
                        }
                    },
                    "version": "V2"
                },
                "sqCursorStore": {
                    "calendarCursors": [],
                    "capsuleCursors": [],
                    "showValues": true
                },
                "sqReportStore": {
                    "dateVariables": []
                },
                "sqReportContentStore": {
                    "workbookFolderId": "",
                    "workbooksSearch": "",
                    "workbooksFilter": "OWNER",
                    "workbooksSortField": "NAME",
                    "workbooksSortAsc": false,
                    "workbookId": "",
                    "dateVariableId": "",
                    "size": "medium",
                    "shape": "rectangle",
                    "customWidth": 1024,
                    "customHeight": 768,
                    "contentHeight": 100,
                    "contentWidth": 100
                }
            }
        }
    }
}