{
    "Archived": false,
    "Cache Enabled": false,
    "Created At": "1701799684763050758",
    "Enabled": true,
    "ID": "0EE93993-C658-66B0-B011-A52FC7CD0968",
    "Locked": false,
    "Unsearchable": false,
    "Updated At": "1730906840051460451",
    "Name": "Bearing Failure Detailed Demo",
    "Type": "Worksheet",
    "Annotation ID": "0EE9F008-D090-E8E0-B4F7-8CFC97129A74",
    "Current Workstep ID": "0EF9C539-CE8B-6610-83A4-374455F5FBCF",
    "URL": "https://demo.seeq.dev/F7ECF6B7-FC1A-4E01-87B6-883E0111B3C6/workbook/3B9FF00B-25E4-42F3-95B4-004D99488A6D/worksheet/0EE93993-C658-66B0-B011-A52FC7CD0968"
}