{
    "ID": "0EE9398E-DA2D-EE10-9100-704F4D666B2D",
    "Type": "Workstep",
    "Data": {
        "version": 54,
        "state": {
            "stores": {
                "sqAssetGroupStore": {
                    "id": "",
                    "assets": [],
                    "name": "",
                    "description": "",
                    "errors": [],
                    "isLoading": false,
                    "hasUnsavedChanges": false
                },
                "sqInvestigateStore": {
                    "item": {},
                    "activeTool": "overview",
                    "displayMode": "NEW",
                    "derivedDataPanelOpen": false
                },
                "sqPluginStore": {
                    "pluginState": {}
                },
                "sqDurationStore": {
                    "autoUpdate": {
                        "mode": "OFF",
                        "offset": -624562346728,
                        "manualInterval": {
                            "value": 1,
                            "units": "min"
                        }
                    },
                    "displayRange": {
                        "start": 1076591676732,
                        "end": 1077235903493
                    },
                    "investigateRange": {
                        "start": 1076303748778,
                        "end": 1077785759220
                    }
                },
                "sqExploreFolderModalStore": {
                    "pageSize": 5
                },
                "sqExploreWorkbookModalStore": {
                    "pageSize": 5
                },
                "sqWorksheetStore": {
                    "tabsets": {
                        "sidebar": 2
                    },
                    "viewKey": "TREND",
                    "returnViewKey": "TREND",
                    "selectedIdsForView": {},
                    "browsePanelCollapsed": false,
                    "displayWidth": 1088,
                    "displayHeight": 461,
                    "resizeEnabled": true,
                    "conditionToSeriesGrouping": {},
                    "capsuleGroupMode": false,
                    "showAssetSelectionWarnings": true
                },
                "sqSearchStore": {
                    "nameFilter": "",
                    "isExactName": false,
                    "descriptionFilter": "",
                    "typeFilter": [],
                    "datasourceFilter": [],
                    "sortBy": "",
                    "isAdvancedMode": false,
                    "mode": "overview",
                    "currentAsset": "",
                    "selectAllChecked": false,
                    "selectedItemIds": []
                },
                "sqCompositeSearchStore": {
                    "originalParameters": [],
                    "advancedParametersCollapsed": true,
                    "color": "",
                    "isUpgradedUnionCondition": false,
                    "inclusiveA": true,
                    "inclusiveB": true,
                    "matchProperty": "n/a",
                    "useEarliestStart": true,
                    "keepProperties": false
                },
                "sqConditionWithPropertiesStore": {
                    "originalParameters": [],
                    "advancedParametersCollapsed": true,
                    "properties": [
                        {
                            "stringSignal": "",
                            "propertyName": ""
                        },
                        {
                            "stringSignal": "",
                            "propertyName": ""
                        }
                    ]
                },
                "sqValueSearchStore": {
                    "originalParameters": [],
                    "advancedParametersCollapsed": true,
                    "inputSignal": {
                        "predicate": [
                            "name",
                            "a"
                        ]
                    },
                    "isSimple": true,
                    "useValidValues": false,
                    "isCleansing": false,
                    "simpleValue": null,
                    "simpleLowerValue": null,
                    "minDuration": {
                        "value": 0,
                        "units": "min"
                    },
                    "mergeDuration": {
                        "value": 0,
                        "units": "min"
                    },
                    "advancedEntryValue": null,
                    "advancedEntryLowerValue": null,
                    "advancedEntryDuration": {
                        "value": 0,
                        "units": "min"
                    },
                    "advancedExitValue": null,
                    "advancedExitDuration": {
                        "value": 0,
                        "units": "min"
                    },
                    "isMigratedDeviationSearch": false,
                    "version": "V3"
                },
                "sqItemPropertiesStore": {
                    "advancedParametersCollapsed": false,
                    "duplicatingItemId": ""
                },
                "sqManualSignalStore": {
                    "originalParameters": [],
                    "advancedParametersCollapsed": true,
                    "interpolationMethod": "Linear",
                    "maximumInterpolation": {
                        "value": "40",
                        "units": "h"
                    },
                    "samples": [],
                    "sort": {
                        "asc": false,
                        "property": "dateTime"
                    },
                    "color": ""
                },
                "sqManualConditionStore": {
                    "originalParameters": [],
                    "advancedParametersCollapsed": true,
                    "color": ""
                },
                "sqFftStore": {
                    "originalParameters": [],
                    "advancedParametersCollapsed": true,
                    "signalToAggregate": {
                        "predicate": [
                            "name",
                            "signalToAggregate"
                        ]
                    },
                    "rateType": true,
                    "rate": {},
                    "outputUnits": "min",
                    "highPass": {},
                    "lowPass": {},
                    "useHighPass": false,
                    "useLowPass": false
                },
                "sqAggregationBinStore": {
                    "signalToAggregate": {
                        "predicate": [
                            "name",
                            "signalToAggregate"
                        ]
                    },
                    "mode": "by_y_value",
                    "includeEmptyBuckets": true,
                    "yValueSignal": "",
                    "stat": {
                        "key": null,
                        "timeUnits": "s"
                    },
                    "aggregationConfigs": [
                        {
                            "id": 1,
                            "mode": "by_y_value",
                            "capsuleMode": "intersect",
                            "yValueBinMode": "size",
                            "valid": false
                        }
                    ]
                },
                "sqSignalFromConditionStore": {
                    "originalParameters": [],
                    "advancedParametersCollapsed": true,
                    "inputItem": {
                        "predicate": [
                            "name",
                            "series"
                        ]
                    },
                    "condition": {
                        "predicate": [
                            "name",
                            "capsules"
                        ]
                    },
                    "interpolation": "DISCRETE",
                    "stat": {
                        "timeUnits": "s"
                    },
                    "color": ""
                },
                "sqPeriodicConditionStore": {
                    "originalParameters": [],
                    "advancedParametersCollapsed": true,
                    "timezone": "US/Central",
                    "frequencies": [],
                    "weekStart": "Day.Sunday",
                    "quarterStart": {
                        "month": "Month.January",
                        "day": 1
                    },
                    "shift": {
                        "offset": 8,
                        "duration": 8
                    },
                    "offset": {
                        "value": 0,
                        "units": "min"
                    },
                    "customDuration": {
                        "value": 0,
                        "units": "h"
                    },
                    "customPeriod": {
                        "value": 0,
                        "units": "h"
                    },
                    "customPeriodDisable": true
                },
                "sqProfileSearchStore": {
                    "originalParameters": [],
                    "advancedParametersCollapsed": true,
                    "inputSignal": {
                        "predicate": [
                            "name",
                            "a"
                        ]
                    },
                    "similarity": 98,
                    "normalizeAmplitude": true,
                    "normalizeLocation": true,
                    "selectedRegion": {
                        "min": 0,
                        "max": 0
                    }
                },
                "sqPredictionPanelStore": {
                    "originalParameters": [],
                    "advancedParametersCollapsed": true,
                    "option": "linear",
                    "polynomialValue": 2,
                    "mustGoThroughZero": false,
                    "lambda": 0,
                    "windowStart": 1076591676732,
                    "windowEnd": 1077235903493,
                    "modelExpanded": false,
                    "regressionMethod": "OLS",
                    "variableSelection": 0.05,
                    "variableSelectionEnabled": false,
                    "color": ""
                },
                "sqSignalSmoothingStore": {
                    "originalParameters": [],
                    "advancedParametersCollapsed": true,
                    "inputSignal": {
                        "predicate": [
                            "name",
                            "inputSignal"
                        ]
                    },
                    "algorithmSelectedValue": "seeq-agile",
                    "samplingRate": {},
                    "smoothingWindow": {},
                    "cutoff": {},
                    "polynomialFactor": 2,
                    "isSamplingRateAuto": true,
                    "isCutoffAuto": true,
                    "isTau": true,
                    "tau": {
                        "value": 10,
                        "units": "min"
                    },
                    "alpha": 0.9,
                    "isMigratedLowPassFilter": false,
                    "color": ""
                },
                "sqDigitalFilterStore": {
                    "originalParameters": [],
                    "advancedParametersCollapsed": true,
                    "inputSignal": {
                        "predicate": [
                            "name",
                            "inputSignal"
                        ]
                    },
                    "cutoff": {},
                    "cutoff2": {},
                    "samplingRate": {},
                    "windowSize": {},
                    "isAutoSamplingRate": true,
                    "isAutoWindowSize": true,
                    "color": ""
                },
                "sqTrendMetricStore": {
                    "items": []
                },
                "sqTrendTableStore": {
                    "items": []
                },
                "sqReferencePanelStore": {
                    "originalParameters": [],
                    "advancedParametersCollapsed": true,
                    "windowStart": 1076591676732,
                    "windowEnd": 1077235903493,
                    "griddingPeriod": {
                        "value": 5,
                        "units": "min"
                    },
                    "referenceStat": "",
                    "multiplier": 1,
                    "inputGroups": [
                        {
                            "inputSignal": {},
                            "inputCondition": {}
                        }
                    ]
                },
                "sqDisplayToolStore": {
                    "originalParameters": [],
                    "advancedParametersCollapsed": true,
                    "isScaled": true
                },
                "sqTrendScalarStore": {
                    "items": [
                        {
                            "axisAlign": "A",
                            "axisAutoScale": true,
                            "lane": 4,
                            "rightAxis": false,
                            "dashStyle": "Dash",
                            "lineWidth": 1,
                            "autoDisabled": false,
                            "axisVisibility": true,
                            "yAxisType": "linear",
                            "id": "D224BE19-6781-4EDF-B720-87BB7E6F5BEF",
                            "name": "Threshold Bearing 1",
                            "selected": false,
                            "color": "#002060"
                        },
                        {
                            "axisAlign": "B",
                            "axisAutoScale": true,
                            "lane": 5,
                            "rightAxis": false,
                            "dashStyle": "Dash",
                            "lineWidth": 1,
                            "autoDisabled": false,
                            "axisVisibility": true,
                            "yAxisType": "linear",
                            "id": "F3CADA32-36AA-4A29-A252-28F0732085E5",
                            "name": "Threshold Bearing 2",
                            "selected": false,
                            "color": "#002060"
                        },
                        {
                            "axisAlign": "C",
                            "axisAutoScale": true,
                            "lane": 6,
                            "rightAxis": false,
                            "dashStyle": "Dash",
                            "lineWidth": 1,
                            "autoDisabled": false,
                            "axisVisibility": true,
                            "yAxisType": "linear",
                            "id": "41132F6A-F2A2-4673-8032-85DEDDFE93EA",
                            "name": "Threshold Bearing 3",
                            "selected": false,
                            "color": "#002060"
                        },
                        {
                            "axisAlign": "D",
                            "axisAutoScale": true,
                            "lane": 7,
                            "rightAxis": false,
                            "dashStyle": "Dash",
                            "lineWidth": 1,
                            "autoDisabled": false,
                            "axisVisibility": true,
                            "yAxisType": "linear",
                            "id": "F967686C-25D3-4F08-92C1-D1ED4451237F",
                            "name": "Threshold Bearing 4",
                            "selected": false,
                            "color": "#002060"
                        }
                    ]
                },
                "sqTrendSeriesStore": {
                    "items": [
                        {
                            "axisAlign": "A",
                            "axisAutoScale": true,
                            "lane": 4,
                            "rightAxis": false,
                            "dashStyle": "Solid",
                            "lineWidth": 1,
                            "autoDisabled": false,
                            "axisVisibility": true,
                            "yAxisType": "linear",
                            "sampleDisplayOption": "line",
                            "id": "85B76E2A-10CA-4AD1-91A1-9AF5241BC6A5",
                            "name": "Vibration Bearing 1 - Cleansed",
                            "selected": false,
                            "color": "#4055A3",
                            "interpolationMethod": "Linear"
                        },
                        {
                            "axisAlign": "C",
                            "axisAutoScale": true,
                            "lane": 6,
                            "rightAxis": false,
                            "dashStyle": "Solid",
                            "lineWidth": 1,
                            "autoDisabled": false,
                            "axisVisibility": true,
                            "yAxisType": "linear",
                            "sampleDisplayOption": "line",
                            "id": "A6D02923-B8F8-4F19-94AF-4A20E2A9D10B",
                            "name": "Vibration Bearing 3 - Cleansed",
                            "selected": false,
                            "color": "#9D248F",
                            "interpolationMethod": "Linear"
                        },
                        {
                            "axisAlign": "D",
                            "axisAutoScale": true,
                            "lane": 7,
                            "rightAxis": false,
                            "dashStyle": "Solid",
                            "lineWidth": 1,
                            "autoDisabled": false,
                            "axisVisibility": true,
                            "yAxisType": "linear",
                            "sampleDisplayOption": "line",
                            "id": "05B7A93E-062C-465F-8F58-E83FCD3844EB",
                            "name": "Vibration Bearing 4 - Cleansed",
                            "selected": false,
                            "color": "#CE561B",
                            "interpolationMethod": "Linear"
                        },
                        {
                            "axisAlign": "B",
                            "axisAutoScale": true,
                            "lane": 5,
                            "rightAxis": false,
                            "dashStyle": "Solid",
                            "lineWidth": 1,
                            "autoDisabled": false,
                            "axisVisibility": true,
                            "yAxisType": "linear",
                            "sampleDisplayOption": "line",
                            "id": "CE9CDDF6-61F8-4D1C-8972-C99F671227F4",
                            "name": "Vibration Bearing 2 - Cleansed",
                            "selected": false,
                            "color": "#068C45",
                            "interpolationMethod": "Linear"
                        },
                        {
                            "axisAlign": "E",
                            "axisAutoScale": true,
                            "lane": 9,
                            "rightAxis": false,
                            "dashStyle": "Solid",
                            "lineWidth": 1,
                            "autoDisabled": false,
                            "axisVisibility": true,
                            "yAxisType": "linear",
                            "sampleDisplayOption": "line",
                            "id": "F849D807-A0EB-482D-914C-5D18005814EB",
                            "name": "Bearing Status",
                            "selected": false,
                            "color": "#7030A0",
                            "interpolationMethod": "Step"
                        }
                    ],
                    "editingId": null,
                    "previewSeriesDefinition": {}
                },
                "sqImportDatafileStore": {
                    "uploadFilename": "",
                    "filename": "",
                    "keyColumnIndex": 1,
                    "keyColumnName": "",
                    "interpolationMethod": {
                        "text": "IMPORTS.INTERPOLATION.LINEAR",
                        "value": "Linear"
                    },
                    "validationMode": {
                        "text": "IMPORTS.VALIDATION_MODE_TYPES.FAIL",
                        "value": "Fail"
                    },
                    "fileOutputType": {
                        "text": "IMPORTS.FILE_OUTPUT_TYPES.REPLACE",
                        "value": "Replace"
                    },
                    "fieldDelimiter": {
                        "text": ",",
                        "value": "Comma"
                    },
                    "maxInterpolation": {
                        "value": 40,
                        "units": "h"
                    },
                    "namePrefix": "",
                    "nameSuffix": "",
                    "firstDataRow": 2,
                    "nameRow": 1,
                    "description": "",
                    "valueColumnOption": {
                        "text": "IMPORTS.VALUE_COLUMN.ALL",
                        "value": "All"
                    },
                    "valueUom": "",
                    "lenientDaylightSavings": false,
                    "itemType": {
                        "text": "IMPORTS.SIGNAL",
                        "value": "Signal"
                    },
                    "maxDuration": {
                        "value": 40,
                        "units": "h"
                    },
                    "endColumnName": "",
                    "conditionName": "",
                    "dayFirstDefault": {
                        "text": "IMPORTS.FIRST.MONTH",
                        "value": false
                    },
                    "originalParameters": [],
                    "advancedParametersCollapsed": true
                },
                "sqTrendCapsuleStore": {
                    "selectedCapsules": [],
                    "dataStatus": "itemDataPresent",
                    "warningCount": 0,
                    "warningLogs": [],
                    "timingInformation": "",
                    "meterInformation": "",
                    "editingId": null,
                    "previewCapsulesDefinition": {},
                    "capsulesPerPage": 30,
                    "items": [
                        {
                            "id": "5F1C0DCC-5564-4988-B3D8-9CE79724B0BB_1076603950666470078L:-447016230",
                            "startTime": 1076603950666,
                            "endTime": 1076604647169,
                            "isChildOf": "5F1C0DCC-5564-4988-B3D8-9CE79724B0BB",
                            "childType": "itemChildrenTypeCapsule",
                            "isUncertain": true,
                            "itemType": "capsuleDisplayType",
                            "cursorKey": null
                        },
                        {
                            "id": "5F1C0DCC-5564-4988-B3D8-9CE79724B0BB_1076604866196260822L:-1503808854",
                            "startTime": 1076604866196,
                            "endTime": 1076605520580,
                            "isChildOf": "5F1C0DCC-5564-4988-B3D8-9CE79724B0BB",
                            "childType": "itemChildrenTypeCapsule",
                            "isUncertain": true,
                            "itemType": "capsuleDisplayType",
                            "cursorKey": null
                        },
                        {
                            "id": "5F1C0DCC-5564-4988-B3D8-9CE79724B0BB_1076608269325783722L:-2066833661",
                            "startTime": 1076608269325,
                            "endTime": 1076609087311,
                            "isChildOf": "5F1C0DCC-5564-4988-B3D8-9CE79724B0BB",
                            "childType": "itemChildrenTypeCapsule",
                            "isUncertain": true,
                            "itemType": "capsuleDisplayType",
                            "cursorKey": null
                        },
                        {
                            "id": "D6702B42-52A3-403D-9347-A09413DB0C2A_1076922505787470175L:1549279482",
                            "startTime": 1076922505787,
                            "endTime": 1077192653878,
                            "isChildOf": "D6702B42-52A3-403D-9347-A09413DB0C2A",
                            "childType": "itemChildrenTypeCapsule",
                            "isUncertain": true,
                            "itemType": "capsuleDisplayType",
                            "cursorKey": null
                        },
                        {
                            "id": "72D61D17-81E4-4155-9E7B-DFAB5D552F40_1076922759000000000L:2088755531",
                            "startTime": 1076922759000,
                            "endTime": 1077193359000,
                            "isChildOf": "72D61D17-81E4-4155-9E7B-DFAB5D552F40",
                            "childType": "itemChildrenTypeCapsule",
                            "isUncertain": true,
                            "itemType": "capsuleDisplayType",
                            "cursorKey": 1077193359000000000
                        },
                        {
                            "id": "796917ED-D65E-49A9-9EA6-965628FF0F87_1076926116159743560L:1749143868",
                            "startTime": 1076926116159,
                            "endTime": 1076927076171,
                            "isChildOf": "796917ED-D65E-49A9-9EA6-965628FF0F87",
                            "childType": "itemChildrenTypeCapsule",
                            "isUncertain": true,
                            "itemType": "capsuleDisplayType",
                            "cursorKey": null
                        },
                        {
                            "id": "796917ED-D65E-49A9-9EA6-965628FF0F87_1076971908274410465L:1743553947",
                            "startTime": 1076971908274,
                            "endTime": 1076972743172,
                            "isChildOf": "796917ED-D65E-49A9-9EA6-965628FF0F87",
                            "childType": "itemChildrenTypeCapsule",
                            "isUncertain": true,
                            "itemType": "capsuleDisplayType",
                            "cursorKey": null
                        },
                        {
                            "id": "796917ED-D65E-49A9-9EA6-965628FF0F87_1076973375056992659L:1965657918",
                            "startTime": 1076973375056,
                            "endTime": 1076974711867,
                            "isChildOf": "796917ED-D65E-49A9-9EA6-965628FF0F87",
                            "childType": "itemChildrenTypeCapsule",
                            "isUncertain": true,
                            "itemType": "capsuleDisplayType",
                            "cursorKey": null
                        },
                        {
                            "id": "796917ED-D65E-49A9-9EA6-965628FF0F87_1076975909074901343L:-937369064",
                            "startTime": 1076975909074,
                            "endTime": 1076976547322,
                            "isChildOf": "796917ED-D65E-49A9-9EA6-965628FF0F87",
                            "childType": "itemChildrenTypeCapsule",
                            "isUncertain": true,
                            "itemType": "capsuleDisplayType",
                            "cursorKey": null
                        },
                        {
                            "id": "796917ED-D65E-49A9-9EA6-965628FF0F87_1076982109068023340L:1313201727",
                            "startTime": 1076982109068,
                            "endTime": 1076982807426,
                            "isChildOf": "796917ED-D65E-49A9-9EA6-965628FF0F87",
                            "childType": "itemChildrenTypeCapsule",
                            "isUncertain": true,
                            "itemType": "capsuleDisplayType",
                            "cursorKey": null
                        },
                        {
                            "id": "796917ED-D65E-49A9-9EA6-965628FF0F87_1076983899901339413L:1597432403",
                            "startTime": 1076983899901,
                            "endTime": 1076984710542,
                            "isChildOf": "796917ED-D65E-49A9-9EA6-965628FF0F87",
                            "childType": "itemChildrenTypeCapsule",
                            "isUncertain": true,
                            "itemType": "capsuleDisplayType",
                            "cursorKey": null
                        },
                        {
                            "id": "796917ED-D65E-49A9-9EA6-965628FF0F87_1076991862040882277L:237635184",
                            "startTime": 1076991862040,
                            "endTime": 1076995814300,
                            "isChildOf": "796917ED-D65E-49A9-9EA6-965628FF0F87",
                            "childType": "itemChildrenTypeCapsule",
                            "isUncertain": true,
                            "itemType": "capsuleDisplayType",
                            "cursorKey": null
                        },
                        {
                            "id": "796917ED-D65E-49A9-9EA6-965628FF0F87_1076996209960491705L:-872149694",
                            "startTime": 1076996209960,
                            "endTime": 1077011993394,
                            "isChildOf": "796917ED-D65E-49A9-9EA6-965628FF0F87",
                            "childType": "itemChildrenTypeCapsule",
                            "isUncertain": true,
                            "itemType": "capsuleDisplayType",
                            "cursorKey": null
                        },
                        {
                            "id": "796917ED-D65E-49A9-9EA6-965628FF0F87_1077012327680653270L:1261855275",
                            "startTime": 1077012327680,
                            "endTime": 1077021806640,
                            "isChildOf": "796917ED-D65E-49A9-9EA6-965628FF0F87",
                            "childType": "itemChildrenTypeCapsule",
                            "isUncertain": true,
                            "itemType": "capsuleDisplayType",
                            "cursorKey": null
                        },
                        {
                            "id": "796917ED-D65E-49A9-9EA6-965628FF0F87_1077022425393938365L:-1349673634",
                            "startTime": 1077022425393,
                            "endTime": 1077192495184,
                            "isChildOf": "796917ED-D65E-49A9-9EA6-965628FF0F87",
                            "childType": "itemChildrenTypeCapsule",
                            "isUncertain": true,
                            "itemType": "capsuleDisplayType",
                            "cursorKey": null
                        },
                        {
                            "id": "1020E5AA-E7B5-4877-8425-9B3F017C6881_1077024697709050152L:-1269846691",
                            "startTime": 1077024697709,
                            "endTime": 1077026938256,
                            "isChildOf": "1020E5AA-E7B5-4877-8425-9B3F017C6881",
                            "childType": "itemChildrenTypeCapsule",
                            "isUncertain": true,
                            "itemType": "capsuleDisplayType",
                            "cursorKey": null
                        },
                        {
                            "id": "1020E5AA-E7B5-4877-8425-9B3F017C6881_1077027618000784904L:-977256671",
                            "startTime": 1077027618000,
                            "endTime": 1077030736778,
                            "isChildOf": "1020E5AA-E7B5-4877-8425-9B3F017C6881",
                            "childType": "itemChildrenTypeCapsule",
                            "isUncertain": true,
                            "itemType": "capsuleDisplayType",
                            "cursorKey": null
                        },
                        {
                            "id": "1020E5AA-E7B5-4877-8425-9B3F017C6881_1077030948828218153L:173657067",
                            "startTime": 1077030948828,
                            "endTime": 1077035168276,
                            "isChildOf": "1020E5AA-E7B5-4877-8425-9B3F017C6881",
                            "childType": "itemChildrenTypeCapsule",
                            "isUncertain": true,
                            "itemType": "capsuleDisplayType",
                            "cursorKey": null
                        },
                        {
                            "id": "1020E5AA-E7B5-4877-8425-9B3F017C6881_1077036721775623757L:-163205702",
                            "startTime": 1077036721775,
                            "endTime": 1077043354948,
                            "isChildOf": "1020E5AA-E7B5-4877-8425-9B3F017C6881",
                            "childType": "itemChildrenTypeCapsule",
                            "isUncertain": true,
                            "itemType": "capsuleDisplayType",
                            "cursorKey": null
                        },
                        {
                            "id": "1020E5AA-E7B5-4877-8425-9B3F017C6881_1077043361534574903L:-289690658",
                            "startTime": 1077043361534,
                            "endTime": 1077046141109,
                            "isChildOf": "1020E5AA-E7B5-4877-8425-9B3F017C6881",
                            "childType": "itemChildrenTypeCapsule",
                            "isUncertain": true,
                            "itemType": "capsuleDisplayType",
                            "cursorKey": null
                        },
                        {
                            "id": "1020E5AA-E7B5-4877-8425-9B3F017C6881_1077047554925632727L:-338390152",
                            "startTime": 1077047554925,
                            "endTime": 1077048693487,
                            "isChildOf": "1020E5AA-E7B5-4877-8425-9B3F017C6881",
                            "childType": "itemChildrenTypeCapsule",
                            "isUncertain": true,
                            "itemType": "capsuleDisplayType",
                            "cursorKey": null
                        },
                        {
                            "id": "1020E5AA-E7B5-4877-8425-9B3F017C6881_1077048796178644567L:2085456412",
                            "startTime": 1077048796178,
                            "endTime": 1077056888254,
                            "isChildOf": "1020E5AA-E7B5-4877-8425-9B3F017C6881",
                            "childType": "itemChildrenTypeCapsule",
                            "isUncertain": true,
                            "itemType": "capsuleDisplayType",
                            "cursorKey": null
                        },
                        {
                            "id": "1020E5AA-E7B5-4877-8425-9B3F017C6881_1077057946627519529L:-1851616966",
                            "startTime": 1077057946627,
                            "endTime": 1077059238270,
                            "isChildOf": "1020E5AA-E7B5-4877-8425-9B3F017C6881",
                            "childType": "itemChildrenTypeCapsule",
                            "isUncertain": true,
                            "itemType": "capsuleDisplayType",
                            "cursorKey": null
                        },
                        {
                            "id": "1020E5AA-E7B5-4877-8425-9B3F017C6881_1077059946118568089L:1942521101",
                            "startTime": 1077059946118,
                            "endTime": 1077061529435,
                            "isChildOf": "1020E5AA-E7B5-4877-8425-9B3F017C6881",
                            "childType": "itemChildrenTypeCapsule",
                            "isUncertain": true,
                            "itemType": "capsuleDisplayType",
                            "cursorKey": null
                        },
                        {
                            "id": "1020E5AA-E7B5-4877-8425-9B3F017C6881_1077064495630223023L:-2139910119",
                            "startTime": 1077064495630,
                            "endTime": 1077076912507,
                            "isChildOf": "1020E5AA-E7B5-4877-8425-9B3F017C6881",
                            "childType": "itemChildrenTypeCapsule",
                            "isUncertain": true,
                            "itemType": "capsuleDisplayType",
                            "cursorKey": null
                        },
                        {
                            "id": "1020E5AA-E7B5-4877-8425-9B3F017C6881_1077077023007400597L:1387621258",
                            "startTime": 1077077023007,
                            "endTime": 1077082165318,
                            "isChildOf": "1020E5AA-E7B5-4877-8425-9B3F017C6881",
                            "childType": "itemChildrenTypeCapsule",
                            "isUncertain": true,
                            "itemType": "capsuleDisplayType",
                            "cursorKey": null
                        },
                        {
                            "id": "1020E5AA-E7B5-4877-8425-9B3F017C6881_1077082694087539886L:-1137904818",
                            "startTime": 1077082694087,
                            "endTime": 1077085014057,
                            "isChildOf": "1020E5AA-E7B5-4877-8425-9B3F017C6881",
                            "childType": "itemChildrenTypeCapsule",
                            "isUncertain": true,
                            "itemType": "capsuleDisplayType",
                            "cursorKey": null
                        },
                        {
                            "id": "1020E5AA-E7B5-4877-8425-9B3F017C6881_1077085620840122269L:-1728921440",
                            "startTime": 1077085620840,
                            "endTime": 1077088842171,
                            "isChildOf": "1020E5AA-E7B5-4877-8425-9B3F017C6881",
                            "childType": "itemChildrenTypeCapsule",
                            "isUncertain": true,
                            "itemType": "capsuleDisplayType",
                            "cursorKey": null
                        },
                        {
                            "id": "1020E5AA-E7B5-4877-8425-9B3F017C6881_1077090352605400793L:-717209196",
                            "startTime": 1077090352605,
                            "endTime": 1077192461978,
                            "isChildOf": "1020E5AA-E7B5-4877-8425-9B3F017C6881",
                            "childType": "itemChildrenTypeCapsule",
                            "isUncertain": true,
                            "itemType": "capsuleDisplayType",
                            "cursorKey": null
                        },
                        {
                            "id": "5F1C0DCC-5564-4988-B3D8-9CE79724B0BB_1077126534781994456L:-1860884503",
                            "startTime": 1077126534781,
                            "endTime": 1077192432408,
                            "isChildOf": "5F1C0DCC-5564-4988-B3D8-9CE79724B0BB",
                            "childType": "itemChildrenTypeCapsule",
                            "isUncertain": true,
                            "itemType": "capsuleDisplayType",
                            "cursorKey": null
                        }
                    ]
                },
                "sqCapsuleGroupStore": {
                    "capsules": []
                },
                "sqCursorStore": {
                    "calendarCursors": [],
                    "capsuleCursors": [],
                    "showValues": true
                },
                "sqTrendCapsuleSetStore": {
                    "items": [
                        {
                            "lane": 4,
                            "lineWidth": 1,
                            "autoDisabled": false,
                            "id": "D6702B42-52A3-403D-9347-A09413DB0C2A",
                            "name": "Exceed Threshold Bearing 1",
                            "selected": false,
                            "color": "#4055A3"
                        },
                        {
                            "lane": 5,
                            "lineWidth": 1,
                            "autoDisabled": false,
                            "id": "1020E5AA-E7B5-4877-8425-9B3F017C6881",
                            "name": "Exceed Threshold Bearing 2",
                            "selected": false,
                            "color": "#068C45"
                        },
                        {
                            "lane": 6,
                            "lineWidth": 1,
                            "autoDisabled": false,
                            "id": "5F1C0DCC-5564-4988-B3D8-9CE79724B0BB",
                            "name": "Exceed Threshold Bearing 3",
                            "selected": false,
                            "color": "#9D248F"
                        },
                        {
                            "lane": 7,
                            "lineWidth": 1,
                            "autoDisabled": false,
                            "id": "796917ED-D65E-49A9-9EA6-965628FF0F87",
                            "name": "Exceed Threshold Bearing 4",
                            "selected": false,
                            "color": "#CE561B"
                        },
                        {
                            "lane": 1,
                            "lineWidth": 1,
                            "autoDisabled": false,
                            "id": "7EA16AA5-5AD7-4619-ACFF-07B7752D32F7",
                            "name": "Bearing Maintenance",
                            "selected": false,
                            "color": "#00A2DD"
                        },
                        {
                            "lane": 2,
                            "lineWidth": 1,
                            "autoDisabled": false,
                            "id": "02A76446-56C6-46BA-A2DD-C101C3911692",
                            "name": "Bearing Normal Operation",
                            "selected": false,
                            "color": "#E1498E"
                        },
                        {
                            "lane": 8,
                            "lineWidth": 1,
                            "autoDisabled": false,
                            "id": "72D61D17-81E4-4155-9E7B-DFAB5D552F40",
                            "name": "Bearing Abnormal Vibration",
                            "selected": false,
                            "color": "#7030A0"
                        }
                    ]
                },
                "sqTrendStore": {
                    "view": "calendar",
                    "isCompareMode": false,
                    "enabledColumns": {
                        "CAPSULES": {
                            "startTime": true
                        },
                        "SERIES": {
                            "lane": true,
                            "asset": true
                        }
                    },
                    "propertyColumns": {},
                    "selectedRegion": {
                        "min": 0,
                        "max": 0
                    },
                    "capsuleTimeOffsets": {
                        "lower": 0,
                        "upper": 0
                    },
                    "dataSummary": {
                        "type": "AUTO",
                        "value": 0,
                        "discreteUnits": {
                            "value": 0,
                            "units": "min"
                        },
                        "isSlider": true
                    },
                    "canCapsulesExpand": true,
                    "capsuleTimeColorMode": "signal",
                    "compareViewColorMode": "rainbow",
                    "capsulePreview": false,
                    "customizationMode": "off",
                    "dimDataOutsideCapsules": false,
                    "hideUnselectedItems": false,
                    "labelDisplayConfiguration": {
                        "name": "lane",
                        "description": "off",
                        "asset": "off",
                        "assetPathLevels": 1,
                        "line": "off",
                        "unitOfMeasure": "off",
                        "custom": "off",
                        "customLabels": []
                    },
                    "showCapsuleLaneLabels": true,
                    "panelProps": {
                        "BOTTOM": {
                            "leftPanelWidth": 1084,
                            "height": "30.1%"
                        }
                    },
                    "panelSorters": {
                        "CAPSULES": {
                            "sortBy": "startTime",
                            "sortAsc": true
                        },
                        "CAPSULE_SERIES": {
                            "sortBy": "startTime",
                            "sortAsc": true
                        },
                        "SERIES": {
                            "sortBy": "lane",
                            "sortAsc": true
                        },
                        "INVESTIGATE_ITEMS": {
                            "sortBy": "name",
                            "sortAsc": true
                        }
                    },
                    "capsulePanelFilters": {},
                    "capsulePanelOffset": 0,
                    "capsulePanelMaxOffset": 0,
                    "capsulePanelHasNext": false,
                    "showGridlines": false,
                    "capsuleProperties": [],
                    "capsuleAlignment": [],
                    "showChartConfiguration": false
                },
                "sqTreemapStore": {
                    "parent": {},
                    "statistics": []
                },
                "sqExportExcelPanelStore": {
                    "name": "Promotional - Seeq Integration with Python Machine Learning - Bearing Failure_Bearing Failure Demo",
                    "originalParameters": [],
                    "advancedParametersCollapsed": true,
                    "exportStatistics": true,
                    "exportSamples": true,
                    "exportCapsules": true,
                    "timeRange": {
                        "start": 1076591676732,
                        "end": 1077235903493
                    },
                    "exportTimeZone": {
                        "name": "US/Central",
                        "displayName": "US/Central",
                        "offset": "-06:00",
                        "offsetMinutes": -360
                    },
                    "gridOption": "custom",
                    "gridSize": {
                        "value": 5,
                        "units": "min"
                    },
                    "gridOrigin": 1672552800000,
                    "gridOriginEnabled": false,
                    "chainView": false,
                    "capsuleTime": false,
                    "samplesMode": "calendar"
                },
                "sqScatterPlotStore": {
                    "xSignal": {
                        "id": "85B76E2A-10CA-4AD1-91A1-9AF5241BC6A5",
                        "formatOptions": {}
                    },
                    "ySignals": [
                        {
                            "id": "A6D02923-B8F8-4F19-94AF-4A20E2A9D10B",
                            "formatOptions": {}
                        }
                    ],
                    "selector": {
                        "low": 0.5,
                        "high": 0.75
                    },
                    "selectedRegion": {
                        "x": {
                            "min": null,
                            "max": null
                        },
                        "ys": {}
                    },
                    "viewRegion": {
                        "x": {
                            "min": null,
                            "max": null
                        },
                        "ys": {}
                    },
                    "fxLines": [],
                    "colorConditionIds": [],
                    "colorByItemColor": false,
                    "colorRanges": [],
                    "plotMode": "DISPLAY_RANGE",
                    "plotView": "SCATTER_PLOT",
                    "connect": false,
                    "showTooltips": true,
                    "markerSize": 3,
                    "isMarkerSizeCustom": false,
                    "densityPlotData": [],
                    "numXBins": 40,
                    "numYBins": 20,
                    "xBinSize": 0,
                    "yBinSize": 0
                },
                "sqExportODataPanelStore": {
                    "name": "Promotional - Seeq Integration with Python Machine Learning - Bearing Failure_Bearing Failure Demo",
                    "originalParameters": [],
                    "advancedParametersCollapsed": true,
                    "autoupdateTimeRange": false,
                    "timeRange": {
                        "start": 1076591676732,
                        "end": 1077235903493
                    },
                    "exportTimeZone": {
                        "name": "US/Central",
                        "displayName": "US/Central",
                        "offset": "-06:00",
                        "offsetMinutes": -360
                    },
                    "gridOption": "custom",
                    "gridSize": {
                        "value": 5,
                        "units": "min"
                    },
                    "gridOrigin": 1672552800000,
                    "gridOriginEnabled": false,
                    "exportNameSuffix": "",
                    "chainView": false,
                    "capsuleTime": false,
                    "worksheetLink": "",
                    "samplesMode": "calendar"
                },
                "sqTableBuilderStore": {
                    "mode": "condition",
                    "headers": {
                        "condition": {
                            "type": "startEnd",
                            "format": "lll"
                        },
                        "simple": {
                            "type": "startEnd",
                            "format": "lll"
                        }
                    },
                    "columns": {
                        "condition": [
                            {
                                "backgroundColor": "#ffffff",
                                "key": "name",
                                "headerTextAlign": "center",
                                "headerTextStyle": [
                                    "bold"
                                ]
                            }
                        ],
                        "simple": [
                            {
                                "key": "name",
                                "headerTextAlign": "center",
                                "headerTextStyle": [
                                    "bold"
                                ]
                            },
                            {
                                "key": "valueUnitOfMeasure",
                                "headerTextAlign": "center",
                                "headerTextStyle": [
                                    "bold"
                                ]
                            }
                        ]
                    },
                    "otherColumns": {
                        "condition": {},
                        "simple": {}
                    },
                    "isTransposed": {
                        "condition": false,
                        "simple": false
                    },
                    "assetId": {},
                    "isHomogenizeUnits": {
                        "condition": false,
                        "simple": false
                    },
                    "itemFilters": {},
                    "itemSorts": {},
                    "isMigrating": false,
                    "chartView": {
                        "enabled": false,
                        "settings": {
                            "title": "",
                            "legend": true,
                            "dataLabels": true,
                            "categoryLabels": true,
                            "rows": [],
                            "columns": [],
                            "categoryColumns": [
                                "name"
                            ],
                            "showSettings": false,
                            "position": {
                                "x": 100,
                                "y": 100
                            }
                        }
                    },
                    "useSignalColorsInChart": true
                },
                "sqFormulaToolStore": {
                    "originalParameters": [],
                    "advancedParametersCollapsed": true,
                    "formula": "",
                    "parameters": [],
                    "navigationStack": [],
                    "helpShown": true
                },
                "sqThresholdMetricStore": {
                    "originalParameters": [],
                    "advancedParametersCollapsed": true,
                    "measuredItem": {
                        "predicate": [
                            "name",
                            "measuredItem"
                        ]
                    },
                    "boundingCondition": {
                        "predicate": [
                            "name",
                            "boundingCondition"
                        ]
                    },
                    "processType": "Condition",
                    "aggregationOperator": {
                        "key": null,
                        "timeUnits": "s"
                    },
                    "duration": {},
                    "period": {},
                    "thresholds": {}
                },
                "sqScatterConditionStore": {
                    "originalParameters": [],
                    "advancedParametersCollapsed": true,
                    "isBounding": false,
                    "isCleansing": false,
                    "minDuration": {
                        "value": 0,
                        "units": "min"
                    },
                    "mergeDuration": {
                        "value": 0,
                        "units": "min"
                    }
                },
                "sqScorecardStore": {
                    "metrics": []
                }
            }
        }
    }
}