{
  "0150E458-A8BE-47B1-AA2A-807360D5F0A4": {
    "Definition": {
      "Datasource ID": "Seeq Data Lab",
      "Source Value Unit Of Measure": "string",
      "Scoped To": "E2F3C7F8-4F3E-4FC5-BCB5-47E216F86BE1",
      "Enabled": true,
      "Last Key Written": {
        "Value": 1580612400000000000,
        "Unit Of Measure": "ns"
      },
      "Archived": false,
      "Cache ID": "2624D17B-5379-4732-9B27-72FD56D80F37",
      "Datasource Class": "Seeq Data Lab",
      "Cache Enabled": false,
      "Data ID": "[E2F3C7F8-4F3E-4FC5-BCB5-47E216F86BE1] {Signal} ID_Fan_Motor_State",
      "Value Unit Of Measure": "string",
      "Interpolation Method": "Linear",
      "Stored Series Cache Version": 1,
      "Unsearchable": false,
      "Storage Location": "FILE_SIGNAL_STORAGE",
      "Locked": false,
      "Maximum Interpolation": "40h",
      "ID": "0150E458-A8BE-47B1-AA2A-807360D5F0A4",
      "Name": "ID_Fan_Motor_State",
      "Type": "StoredSignal"
    },
    "Periods": [
      {
        "Start": "2019-12-31T22:04:32.378000+00:00",
        "End": "2020-04-01T12:00:00+00:00"
      },
      {
        "Start": "2018-12-31T20:57:52.378000+00:00",
        "End": "2021-04-01T13:06:40+00:00",
        "Added by User": true
      }
    ]
  },
  "7E269717-62DB-42F0-A0B1-F9A5320921EA": {
    "Definition": {
      "Datasource ID": "Seeq Data Lab",
      "Source Value Unit Of Measure": "",
      "Scoped To": "E2F3C7F8-4F3E-4FC5-BCB5-47E216F86BE1",
      "Enabled": true,
      "Last Key Written": {
        "Value": 1580612400000000000,
        "Unit Of Measure": "ns"
      },
      "Archived": false,
      "Cache ID": "9EC65E26-1F13-4F38-98EA-E5E1DE154560",
      "Datasource Class": "Seeq Data Lab",
      "Cache Enabled": false,
      "Data ID": "[E2F3C7F8-4F3E-4FC5-BCB5-47E216F86BE1] {Signal} ID_Fan_Vibration",
      "Value Unit Of Measure": "",
      "Interpolation Method": "Linear",
      "Stored Series Cache Version": 1,
      "Unsearchable": false,
      "Storage Location": "FILE_SIGNAL_STORAGE",
      "Locked": false,
      "Maximum Interpolation": "40h",
      "ID": "7E269717-62DB-42F0-A0B1-F9A5320921EA",
      "Name": "ID_Fan_Vibration",
      "Type": "StoredSignal"
    },
    "Periods": [
      {
        "Start": "2019-12-31T22:04:32.378000+00:00",
        "End": "2020-04-01T12:00:00+00:00"
      },
      {
        "Start": "2018-12-31T20:57:52.378000+00:00",
        "End": "2021-04-01T13:06:40+00:00",
        "Added by User": true
      }
    ]
  }
}