{
    "Definition": {
        "Archived": false,
        "Cache Enabled": false,
        "Created At": "1698859539799478108",
        "Description": "Newcrest Mining performed a similar predictive analysis to assess wear on their crushers, enabling accurate condition-based maintenance leading to a reduction in maintenance costs and additional throughput . Learn more here Problem Statement: Conveyor belts are a key asset for mining companies. They are utilized to transport solids collected from",
        "Discoverable": false,
        "Document": "<h2><strong>Predict Conveyor Belt Tensioning Requirements Across Conveyor Belts</strong></h2><figure class=\"table\"><table class=\"ck-table-resized\" style=\"border-color:hsl(0, 0%, 100%);border-style:solid;\"><colgroup><col style=\"width:23.51%;\" /><col style=\"width:76.49%;\" /></colgroup><tbody><tr><td style=\"border-color:hsl(0, 0%, 100%);border-style:solid;\"><img src=\"/api/annotations/0EE78DBA-D6DC-FFD0-A59F-1EF6EBEF7175/images/image_v1.png\" alt=\"Newcrest Mining - Wikipedia\"></td><td style=\"border-color:hsl(0, 0%, 100%);border-style:solid;\"><h4><i>Newcrest Mining performed a similar predictive analysis to assess wear on their crushers, enabling accurate condition-based maintenance leading to a </i><span style=\"color:hsl(210,75%,60%);\"><i><strong>reduction in maintenance costs and additional throughput</strong></i></span><i>. Learn more </i><a target=\"_blank\" href=\"https://www.nukon.com/success-stories/predicting-crusher-wear-using-analytics\" rel=\"nofollow noopener noreferrer\"><i>here</i></a></h4></td></tr></tbody></table></figure><h4 style=\"margin-left:0in;\"><span style=\"color:#172B4D;\"><strong>Problem Statement:</strong></span></h4><p>Conveyor belts are a key asset for mining companies. They are utilized to transport solids collected from the mines through various pre-processing steps and eventually transfer the materials to a shipping vessel for transfer to the final customer. Creating a predictive <a href=\"/links?type&#61;workstep&amp;workbook&#61;6B38AD76-0EFC-43E0-9CBB-6B9406A13C33&amp;worksheet&#61;0EE78DB9-6315-7350-936E-90F493FB47CD&amp;workstep&#61;0EECC10A-80E8-7150-85FA-AD3034FB1A7A\" rel=\"nofollow noopener noreferrer\">model for conveyor belt tension </a>enables condition-based maintenance scheduling<strong>,</strong> reducing unnecessary spend on time-based maintenance and catching unplanned belt failures preventing line stoppage events.</p><h4><span style=\"color:#172B4D;\"><strong>Solution:</strong></span></h4><h3><a href=\"/links?type&#61;workstep&amp;workbook&#61;6B38AD76-0EFC-43E0-9CBB-6B9406A13C33&amp;worksheet&#61;0EE78DB9-6315-7350-936E-90F493FB47CD&amp;workstep&#61;0EE78DC9-54B9-71C0-9A78-2928E8701390\" rel=\"nofollow noopener noreferrer\">Monitor Conveyor Belt Network</a></h3><p><a href=\"/links?type&#61;workstep&amp;workbook&#61;6B38AD76-0EFC-43E0-9CBB-6B9406A13C33&amp;worksheet&#61;0EE78DB9-6315-7350-936E-90F493FB47CD&amp;workstep&#61;0EE84684-963D-EA50-8308-A9DF93812147\" rel=\"nofollow noopener noreferrer\">start</a></p><p><a href=\"/links?type&#61;workstep&amp;workbook&#61;6B38AD76-0EFC-43E0-9CBB-6B9406A13C33&amp;worksheet&#61;0EE78DB9-6315-7350-936E-90F493FB47CD&amp;workstep&#61;0EE78E25-A45F-6420-A5C0-362F3A6059A5\" rel=\"nofollow noopener noreferrer\">Identify periods of rapidly decreasing tension</a></p><p><a href=\"/links?type&#61;workstep&amp;workbook&#61;6B38AD76-0EFC-43E0-9CBB-6B9406A13C33&amp;worksheet&#61;0EE78DB9-6315-7350-936E-90F493FB47CD&amp;workstep&#61;0EE78E26-EEC8-7380-8D2C-BDF34D53832E\" rel=\"nofollow noopener noreferrer\">Project tension into future based on decline period</a> (step to now &#43; 1/2 display forward)</p><p><a href=\"/links?type&#61;workstep&amp;workbook&#61;6B38AD76-0EFC-43E0-9CBB-6B9406A13C33&amp;worksheet&#61;0EE78DB9-6315-7350-936E-90F493FB47CD&amp;workstep&#61;0EE78E29-800D-FF00-AC36-BCF79FD8F6DE\" rel=\"nofollow noopener noreferrer\">Detect when tensioning is required based on statistical limits</a></p><p>(<a href=\"/links?type&#61;workstep&amp;workbook&#61;6B38AD76-0EFC-43E0-9CBB-6B9406A13C33&amp;worksheet&#61;0EE78DB9-6315-7350-936E-90F493FB47CD&amp;workstep&#61;0EF01AB1-EBA5-ECA0-B581-795C68EF5EED\" rel=\"nofollow noopener noreferrer\">Don&#39;t know how?</a> <strong>A</strong><i><strong>sk the AI Assistant!</strong></i> &#34;Calculate the average tension during the first 5 days of the cycle&#34;)</p><p><a href=\"/links?type&#61;workstep&amp;workbook&#61;6B38AD76-0EFC-43E0-9CBB-6B9406A13C33&amp;worksheet&#61;0EE78DB9-6315-7350-936E-90F493FB47CD&amp;workstep&#61;0EE78E2F-FB35-F970-9997-D04592813B21\" rel=\"nofollow noopener noreferrer\">Scale across all conveyor belts</a><br><i>(<strong>Do it!</strong> </i><a href=\"/links?type&#61;workstep&amp;workbook&#61;6B38AD76-0EFC-43E0-9CBB-6B9406A13C33&amp;worksheet&#61;0EE78DB9-6315-7350-936E-90F493FB47CD&amp;workstep&#61;0EE78E31-6A75-FB40-9968-A58D410EEECF\" rel=\"nofollow noopener noreferrer\"><i>Swap</i></a><i> conveyor from CVB-501 to CVB-502)</i></p><p>Report results in an <a href=\"https://demo.seeq.dev/F6B559E2-A666-4584-9A41-D82C32B1F330/workbook/C49ABE51-EFA6-4C00-96B6-00918AB67035/worksheet/5D227B08-6A2D-4B89-AC0A-90EB9E14869F\" rel=\"nofollow noopener noreferrer\"><span style=\"color:hsl(210,75%,60%);\">Organizer Topic</span></a></p><p>\u00a0</p>",
        "DocumentBackup\u02c9JIyeEMBieMC1sLTcCGS8HrAQ5qx_qNBaiUONxymvT6U\u02c92023-11-16T10:09:00Z": "<h2><strong>Predict Conveyor Belt Tensioning Requirements Across Conveyor Belts</strong></h2><figure class=\"table\"><table style=\"border-color:hsl(0, 0%, 100%);border-style:solid;\"><colgroup><col style=\"width:23.51%;\" /><col style=\"width:76.49%;\" /></colgroup><tbody><tr><td style=\"border-color:hsl(0, 0%, 100%);border-style:solid;\"><img src=\"/api/annotations/0EE78DBA-D6DC-FFD0-A59F-1EF6EBEF7175/images/image_v1.png\" alt=\"Newcrest Mining - Wikipedia\"></td><td style=\"border-color:hsl(0, 0%, 100%);border-style:solid;\"><h4><i>Newcrest Mining performed a similar predictive analysis to assess wear on their crushers, enabling accurate condition-based maintenance leading to a </i><span style=\"color:hsl(210,75%,60%);\"><i><strong>reduction in maintenance costs and additional throughput</strong></i></span><i>. Learn more </i><a target=\"_blank\" href=\"https://www.nukon.com/success-stories/predicting-crusher-wear-using-analytics\" rel=\"nofollow noopener noreferrer\"><i>here</i></a></h4></td></tr></tbody></table></figure><h4 style=\"margin-left:0in;\"><span style=\"color:#172B4D;\"><strong>Problem Statement:</strong></span></h4><p>Conveyor belts are a key asset for mining companies. They are utilized to transport solids collected from the mines through various pre-processing steps and eventually transfer the materials to a shipping vessel for transfer to the final customer. Creating a predictive model for conveyor belt tension enables condition-based maintenance scheduling<strong>,</strong> reducing unnecessary spend on time-based maintenance and catching unplanned belt failures preventing line stoppage events.</p><h4><span style=\"color:#172B4D;\"><strong>Solution:</strong></span></h4><h3><a href=\"/links?type&#61;workstep&amp;workbook&#61;6B38AD76-0EFC-43E0-9CBB-6B9406A13C33&amp;worksheet&#61;0EE78DB9-6315-7350-936E-90F493FB47CD&amp;workstep&#61;0EE78DC9-54B9-71C0-9A78-2928E8701390\" rel=\"nofollow noopener noreferrer\">Monitor Conveyor Belt Network</a></h3><p><a href=\"/links?type&#61;workstep&amp;workbook&#61;6B38AD76-0EFC-43E0-9CBB-6B9406A13C33&amp;worksheet&#61;0EE78DB9-6315-7350-936E-90F493FB47CD&amp;workstep&#61;0EE84684-963D-EA50-8308-A9DF93812147\" rel=\"nofollow noopener noreferrer\">start</a></p><p><a href=\"/links?type&#61;workstep&amp;workbook&#61;6B38AD76-0EFC-43E0-9CBB-6B9406A13C33&amp;worksheet&#61;0EE78DB9-6315-7350-936E-90F493FB47CD&amp;workstep&#61;0EE78E25-A45F-6420-A5C0-362F3A6059A5\" rel=\"nofollow noopener noreferrer\">Identify periods of rapidly decreasing tension</a></p><p><a href=\"/links?type&#61;workstep&amp;workbook&#61;6B38AD76-0EFC-43E0-9CBB-6B9406A13C33&amp;worksheet&#61;0EE78DB9-6315-7350-936E-90F493FB47CD&amp;workstep&#61;0EE78E26-EEC8-7380-8D2C-BDF34D53832E\" rel=\"nofollow noopener noreferrer\">Project tension into future based on decline period</a> (step to now &#43; 1/2 display forward)</p><p><a href=\"/links?type&#61;workstep&amp;workbook&#61;6B38AD76-0EFC-43E0-9CBB-6B9406A13C33&amp;worksheet&#61;0EE78DB9-6315-7350-936E-90F493FB47CD&amp;workstep&#61;0EE78E29-800D-FF00-AC36-BCF79FD8F6DE\" rel=\"nofollow noopener noreferrer\">Detect when tensioning is required based on statistical limits</a></p><p><a href=\"/links?type&#61;workstep&amp;workbook&#61;6B38AD76-0EFC-43E0-9CBB-6B9406A13C33&amp;worksheet&#61;0EE78DB9-6315-7350-936E-90F493FB47CD&amp;workstep&#61;0EE78E2F-FB35-F970-9997-D04592813B21\" rel=\"nofollow noopener noreferrer\">Scale across all conveyor belts</a><br><i>(<strong>Do it!</strong> </i><a href=\"/links?type&#61;workstep&amp;workbook&#61;6B38AD76-0EFC-43E0-9CBB-6B9406A13C33&amp;worksheet&#61;0EE78DB9-6315-7350-936E-90F493FB47CD&amp;workstep&#61;0EE78E31-6A75-FB40-9968-A58D410EEECF\" rel=\"nofollow noopener noreferrer\"><i>Swap</i></a><i> conveyor from CVB-501 to CVB-502)</i></p><p>Report results in an <a href=\"https://demo.seeq.dev/F6B559E2-A666-4584-9A41-D82C32B1F330/workbook/C49ABE51-EFA6-4C00-96B6-00918AB67035/worksheet/5D227B08-6A2D-4B89-AC0A-90EB9E14869F\" rel=\"nofollow noopener noreferrer\"><span style=\"color:hsl(210,75%,60%);\">Organizer Topic</span></a></p><p>\u00a0</p><p>\u00a0</p>",
        "DocumentBackup\u02c9_rafwO37QaLXxwR3ow9Wv5r7UQSmrRF3MKnqTfNGipY\u02c92023-11-16T10:09:00Z": "<h2><strong>Predict Conveyor Belt Tensioning Requirements Across Conveyor Belts</strong></h2><figure class=\"table\"><table style=\"border-color:hsl(0, 0%, 100%);border-style:solid;\"><colgroup><col style=\"width:23.51%;\" /><col style=\"width:76.49%;\" /></colgroup><tbody><tr><td style=\"border-color:hsl(0, 0%, 100%);border-style:solid;\"><img src=\"/api/annotations/0EE78DBA-D6DC-FFD0-A59F-1EF6EBEF7175/images/image_v1.png\" alt=\"Newcrest Mining - Wikipedia\"></td><td style=\"border-color:hsl(0, 0%, 100%);border-style:solid;\"><h4><i>Newcrest Mining performed a similar predictive analysis to assess wear on their crushers, enabling accurate condition-based maintenance leading to a </i><span style=\"color:hsl(210,75%,60%);\"><i><strong>reduction in maintenance costs and additional throughput</strong></i></span><i>. Learn more </i><a target=\"_blank\" href=\"https://www.nukon.com/success-stories/predicting-crusher-wear-using-analytics\" rel=\"nofollow noopener noreferrer\"><i>here</i></a></h4></td></tr></tbody></table></figure><h4 style=\"margin-left:0in;\"><span style=\"color:#172B4D;\"><strong>Problem Statement:</strong></span></h4><p>Conveyor belts are a key asset for mining companies. They are utilized to transport solids collected from the mines through various pre-processing steps and eventually transfer the materials to a shipping vessel for transfer to the final customer. Creating a predictive model for conveyor belt tension enables condition-based maintenance scheduling<strong>,</strong> reducing unnecessary spend on time-based maintenance and catching unplanned belt failures preventing line stoppage events.</p><h4><span style=\"color:#172B4D;\"><strong>Solution:</strong></span></h4><h3><a href=\"/links?type&#61;workstep&amp;workbook&#61;6B38AD76-0EFC-43E0-9CBB-6B9406A13C33&amp;worksheet&#61;0EE78DB9-6315-7350-936E-90F493FB47CD&amp;workstep&#61;0EE78DC9-54B9-71C0-9A78-2928E8701390\" rel=\"nofollow noopener noreferrer\">Monitor Conveyor Belt Network</a></h3><p>start</p><p><a href=\"/links?type&#61;workstep&amp;workbook&#61;6B38AD76-0EFC-43E0-9CBB-6B9406A13C33&amp;worksheet&#61;0EE78DB9-6315-7350-936E-90F493FB47CD&amp;workstep&#61;0EE78E25-A45F-6420-A5C0-362F3A6059A5\" rel=\"nofollow noopener noreferrer\">Identify periods of rapidly decreasing tension</a></p><p><a href=\"/links?type&#61;workstep&amp;workbook&#61;6B38AD76-0EFC-43E0-9CBB-6B9406A13C33&amp;worksheet&#61;0EE78DB9-6315-7350-936E-90F493FB47CD&amp;workstep&#61;0EE78E26-EEC8-7380-8D2C-BDF34D53832E\" rel=\"nofollow noopener noreferrer\">Project tension into future based on decline period</a> (step to now &#43; 1/2 display forward)</p><p><a href=\"/links?type&#61;workstep&amp;workbook&#61;6B38AD76-0EFC-43E0-9CBB-6B9406A13C33&amp;worksheet&#61;0EE78DB9-6315-7350-936E-90F493FB47CD&amp;workstep&#61;0EE78E29-800D-FF00-AC36-BCF79FD8F6DE\" rel=\"nofollow noopener noreferrer\">Detect when tensioning is required based on statistical limits</a></p><p><a href=\"/links?type&#61;workstep&amp;workbook&#61;6B38AD76-0EFC-43E0-9CBB-6B9406A13C33&amp;worksheet&#61;0EE78DB9-6315-7350-936E-90F493FB47CD&amp;workstep&#61;0EE78E2F-FB35-F970-9997-D04592813B21\" rel=\"nofollow noopener noreferrer\">Scale across all conveyor belts</a><br><i>(<strong>Do it!</strong> </i><a href=\"/links?type&#61;workstep&amp;workbook&#61;6B38AD76-0EFC-43E0-9CBB-6B9406A13C33&amp;worksheet&#61;0EE78DB9-6315-7350-936E-90F493FB47CD&amp;workstep&#61;0EE78E31-6A75-FB40-9968-A58D410EEECF\" rel=\"nofollow noopener noreferrer\"><i>Swap</i></a><i> conveyor from CVB-501 to CVB-502)</i></p><p>Report results in an <a href=\"https://demo.seeq.dev/F6B559E2-A666-4584-9A41-D82C32B1F330/workbook/C49ABE51-EFA6-4C00-96B6-00918AB67035/worksheet/5D227B08-6A2D-4B89-AC0A-90EB9E14869F\" rel=\"nofollow noopener noreferrer\"><span style=\"color:hsl(210,75%,60%);\">Organizer Topic</span></a></p><p>\u00a0</p><p>\u00a0</p>",
        "DocumentBackup\u02c9xND3hnImvsepKxxVdMzaUCutPsLg8NczCD4U_UNcPOk\u02c92024-02-15T14:44:00Z": "<h2><strong>Predict Conveyor Belt Tensioning Requirements Across Conveyor Belts</strong></h2><figure class=\"table\"><table class=\"ck-table-resized\" style=\"border-color:hsl(0, 0%, 100%);border-style:solid;\"><colgroup><col style=\"width:23.51%;\" /><col style=\"width:76.49%;\" /></colgroup><tbody><tr><td style=\"border-color:hsl(0, 0%, 100%);border-style:solid;\"><img src=\"/api/annotations/0EE78DBA-D6DC-FFD0-A59F-1EF6EBEF7175/images/image_v1.png\" alt=\"Newcrest Mining - Wikipedia\"></td><td style=\"border-color:hsl(0, 0%, 100%);border-style:solid;\"><h4><i>Newcrest Mining performed a similar predictive analysis to assess wear on their crushers, enabling accurate condition-based maintenance leading to a </i><span style=\"color:hsl(210,75%,60%);\"><i><strong>reduction in maintenance costs and additional throughput</strong></i></span><i>. Learn more </i><a target=\"_blank\" href=\"https://www.nukon.com/success-stories/predicting-crusher-wear-using-analytics\" rel=\"nofollow noopener noreferrer\"><i>here</i></a></h4></td></tr></tbody></table></figure><h4 style=\"margin-left:0in;\"><span style=\"color:#172B4D;\"><strong>Problem Statement:</strong></span></h4><p>Conveyor belts are a key asset for mining companies. They are utilized to transport solids collected from the mines through various pre-processing steps and eventually transfer the materials to a shipping vessel for transfer to the final customer. Creating a predictive <a href=\"/links?type&#61;workstep&amp;workbook&#61;6B38AD76-0EFC-43E0-9CBB-6B9406A13C33&amp;worksheet&#61;0EE78DB9-6315-7350-936E-90F493FB47CD&amp;workstep&#61;0EECC10A-80E8-7150-85FA-AD3034FB1A7A\" rel=\"nofollow noopener noreferrer\">model for conveyor belt tension </a>enables condition-based maintenance scheduling<strong>,</strong> reducing unnecessary spend on time-based maintenance and catching unplanned belt failures preventing line stoppage events.</p><h4><span style=\"color:#172B4D;\"><strong>Solution:</strong></span></h4><h3><a href=\"/links?type&#61;workstep&amp;workbook&#61;6B38AD76-0EFC-43E0-9CBB-6B9406A13C33&amp;worksheet&#61;0EE78DB9-6315-7350-936E-90F493FB47CD&amp;workstep&#61;0EE78DC9-54B9-71C0-9A78-2928E8701390\" rel=\"nofollow noopener noreferrer\">Monitor Conveyor Belt Network</a></h3><p><a href=\"/links?type&#61;workstep&amp;workbook&#61;6B38AD76-0EFC-43E0-9CBB-6B9406A13C33&amp;worksheet&#61;0EE78DB9-6315-7350-936E-90F493FB47CD&amp;workstep&#61;0EE84684-963D-EA50-8308-A9DF93812147\" rel=\"nofollow noopener noreferrer\">start</a></p><p><a href=\"/links?type&#61;workstep&amp;workbook&#61;6B38AD76-0EFC-43E0-9CBB-6B9406A13C33&amp;worksheet&#61;0EE78DB9-6315-7350-936E-90F493FB47CD&amp;workstep&#61;0EE78E25-A45F-6420-A5C0-362F3A6059A5\" rel=\"nofollow noopener noreferrer\">Identify periods of rapidly decreasing tension</a></p><p><a href=\"/links?type&#61;workstep&amp;workbook&#61;6B38AD76-0EFC-43E0-9CBB-6B9406A13C33&amp;worksheet&#61;0EE78DB9-6315-7350-936E-90F493FB47CD&amp;workstep&#61;0EE78E26-EEC8-7380-8D2C-BDF34D53832E\" rel=\"nofollow noopener noreferrer\">Project tension into future based on decline period</a> (step to now &#43; 1/2 display forward)</p><p><a href=\"/links?type&#61;workstep&amp;workbook&#61;6B38AD76-0EFC-43E0-9CBB-6B9406A13C33&amp;worksheet&#61;0EE78DB9-6315-7350-936E-90F493FB47CD&amp;workstep&#61;0EE78E29-800D-FF00-AC36-BCF79FD8F6DE\" rel=\"nofollow noopener noreferrer\">Detect when tensioning is required based on statistical limits</a></p><p><a href=\"/links?type&#61;workstep&amp;workbook&#61;6B38AD76-0EFC-43E0-9CBB-6B9406A13C33&amp;worksheet&#61;0EE78DB9-6315-7350-936E-90F493FB47CD&amp;workstep&#61;0EE78E2F-FB35-F970-9997-D04592813B21\" rel=\"nofollow noopener noreferrer\">Scale across all conveyor belts</a><br><i>(<strong>Do it!</strong> </i><a href=\"/links?type&#61;workstep&amp;workbook&#61;6B38AD76-0EFC-43E0-9CBB-6B9406A13C33&amp;worksheet&#61;0EE78DB9-6315-7350-936E-90F493FB47CD&amp;workstep&#61;0EE78E31-6A75-FB40-9968-A58D410EEECF\" rel=\"nofollow noopener noreferrer\"><i>Swap</i></a><i> conveyor from CVB-501 to CVB-502)</i></p><p>Report results in an <a href=\"https://demo.seeq.dev/F6B559E2-A666-4584-9A41-D82C32B1F330/workbook/C49ABE51-EFA6-4C00-96B6-00918AB67035/worksheet/5D227B08-6A2D-4B89-AC0A-90EB9E14869F\" rel=\"nofollow noopener noreferrer\"><span style=\"color:hsl(210,75%,60%);\">Organizer Topic</span></a></p><p>\u00a0</p><p>\u00a0</p>",
        "DocumentBackup\u02c9xND3hnImvsepKxxVdMzaUCutPsLg8NczCD4U_UNcPOk\u02c92024-04-15T12:12:00Z": "<h2><strong>Predict Conveyor Belt Tensioning Requirements Across Conveyor Belts</strong></h2><figure class=\"table\"><table class=\"ck-table-resized\" style=\"border-color:hsl(0, 0%, 100%);border-style:solid;\"><colgroup><col style=\"width:23.51%;\" /><col style=\"width:76.49%;\" /></colgroup><tbody><tr><td style=\"border-color:hsl(0, 0%, 100%);border-style:solid;\"><img src=\"/api/annotations/0EE78DBA-D6DC-FFD0-A59F-1EF6EBEF7175/images/image_v1.png\" alt=\"Newcrest Mining - Wikipedia\"></td><td style=\"border-color:hsl(0, 0%, 100%);border-style:solid;\"><h4><i>Newcrest Mining performed a similar predictive analysis to assess wear on their crushers, enabling accurate condition-based maintenance leading to a </i><span style=\"color:hsl(210,75%,60%);\"><i><strong>reduction in maintenance costs and additional throughput</strong></i></span><i>. Learn more </i><a target=\"_blank\" href=\"https://www.nukon.com/success-stories/predicting-crusher-wear-using-analytics\" rel=\"nofollow noopener noreferrer\"><i>here</i></a></h4></td></tr></tbody></table></figure><h4 style=\"margin-left:0in;\"><span style=\"color:#172B4D;\"><strong>Problem Statement:</strong></span></h4><p>Conveyor belts are a key asset for mining companies. They are utilized to transport solids collected from the mines through various pre-processing steps and eventually transfer the materials to a shipping vessel for transfer to the final customer. Creating a predictive <a href=\"/links?type&#61;workstep&amp;workbook&#61;6B38AD76-0EFC-43E0-9CBB-6B9406A13C33&amp;worksheet&#61;0EE78DB9-6315-7350-936E-90F493FB47CD&amp;workstep&#61;0EECC10A-80E8-7150-85FA-AD3034FB1A7A\" rel=\"nofollow noopener noreferrer\">model for conveyor belt tension </a>enables condition-based maintenance scheduling<strong>,</strong> reducing unnecessary spend on time-based maintenance and catching unplanned belt failures preventing line stoppage events.</p><h4><span style=\"color:#172B4D;\"><strong>Solution:</strong></span></h4><h3><a href=\"/links?type&#61;workstep&amp;workbook&#61;6B38AD76-0EFC-43E0-9CBB-6B9406A13C33&amp;worksheet&#61;0EE78DB9-6315-7350-936E-90F493FB47CD&amp;workstep&#61;0EE78DC9-54B9-71C0-9A78-2928E8701390\" rel=\"nofollow noopener noreferrer\">Monitor Conveyor Belt Network</a></h3><p><a href=\"/links?type&#61;workstep&amp;workbook&#61;6B38AD76-0EFC-43E0-9CBB-6B9406A13C33&amp;worksheet&#61;0EE78DB9-6315-7350-936E-90F493FB47CD&amp;workstep&#61;0EE84684-963D-EA50-8308-A9DF93812147\" rel=\"nofollow noopener noreferrer\">start</a></p><p><a href=\"/links?type&#61;workstep&amp;workbook&#61;6B38AD76-0EFC-43E0-9CBB-6B9406A13C33&amp;worksheet&#61;0EE78DB9-6315-7350-936E-90F493FB47CD&amp;workstep&#61;0EE78E25-A45F-6420-A5C0-362F3A6059A5\" rel=\"nofollow noopener noreferrer\">Identify periods of rapidly decreasing tension</a></p><p><a href=\"/links?type&#61;workstep&amp;workbook&#61;6B38AD76-0EFC-43E0-9CBB-6B9406A13C33&amp;worksheet&#61;0EE78DB9-6315-7350-936E-90F493FB47CD&amp;workstep&#61;0EE78E26-EEC8-7380-8D2C-BDF34D53832E\" rel=\"nofollow noopener noreferrer\">Project tension into future based on decline period</a> (step to now &#43; 1/2 display forward)</p><p><a href=\"/links?type&#61;workstep&amp;workbook&#61;6B38AD76-0EFC-43E0-9CBB-6B9406A13C33&amp;worksheet&#61;0EE78DB9-6315-7350-936E-90F493FB47CD&amp;workstep&#61;0EE78E29-800D-FF00-AC36-BCF79FD8F6DE\" rel=\"nofollow noopener noreferrer\">Detect when tensioning is required based on statistical limits</a></p><p>\u00a0</p><p><a href=\"/links?type&#61;workstep&amp;workbook&#61;6B38AD76-0EFC-43E0-9CBB-6B9406A13C33&amp;worksheet&#61;0EE78DB9-6315-7350-936E-90F493FB47CD&amp;workstep&#61;0EE78E2F-FB35-F970-9997-D04592813B21\" rel=\"nofollow noopener noreferrer\">Scale across all conveyor belts</a><br><i>(<strong>Do it!</strong> </i><a href=\"/links?type&#61;workstep&amp;workbook&#61;6B38AD76-0EFC-43E0-9CBB-6B9406A13C33&amp;worksheet&#61;0EE78DB9-6315-7350-936E-90F493FB47CD&amp;workstep&#61;0EE78E31-6A75-FB40-9968-A58D410EEECF\" rel=\"nofollow noopener noreferrer\"><i>Swap</i></a><i> conveyor from CVB-501 to CVB-502)</i></p><p>Report results in an <a href=\"https://demo.seeq.dev/F6B559E2-A666-4584-9A41-D82C32B1F330/workbook/C49ABE51-EFA6-4C00-96B6-00918AB67035/worksheet/5D227B08-6A2D-4B89-AC0A-90EB9E14869F\" rel=\"nofollow noopener noreferrer\"><span style=\"color:hsl(210,75%,60%);\">Organizer Topic</span></a></p><p>\u00a0</p><p>\u00a0</p>",
        "DocumentBackup\u02c9xND3hnImvsepKxxVdMzaUCutPsLg8NczCD4U_UNcPOk\u02c92024-04-22T14:27:00Z": "<h2><strong>Predict Conveyor Belt Tensioning Requirements Across Conveyor Belts</strong></h2><figure class=\"table\"><table class=\"ck-table-resized\" style=\"border-color:hsl(0, 0%, 100%);border-style:solid;\"><colgroup><col style=\"width:23.51%;\" /><col style=\"width:76.49%;\" /></colgroup><tbody><tr><td style=\"border-color:hsl(0, 0%, 100%);border-style:solid;\"><img src=\"/api/annotations/0EE78DBA-D6DC-FFD0-A59F-1EF6EBEF7175/images/image_v1.png\" alt=\"Newcrest Mining - Wikipedia\"></td><td style=\"border-color:hsl(0, 0%, 100%);border-style:solid;\"><h4><i>Newcrest Mining performed a similar predictive analysis to assess wear on their crushers, enabling accurate condition-based maintenance leading to a </i><span style=\"color:hsl(210,75%,60%);\"><i><strong>reduction in maintenance costs and additional throughput</strong></i></span><i>. Learn more </i><a target=\"_blank\" href=\"https://www.nukon.com/success-stories/predicting-crusher-wear-using-analytics\" rel=\"nofollow noopener noreferrer\"><i>here</i></a></h4></td></tr></tbody></table></figure><h4 style=\"margin-left:0in;\"><span style=\"color:#172B4D;\"><strong>Problem Statement:</strong></span></h4><p>Conveyor belts are a key asset for mining companies. They are utilized to transport solids collected from the mines through various pre-processing steps and eventually transfer the materials to a shipping vessel for transfer to the final customer. Creating a predictive <a href=\"/links?type&#61;workstep&amp;workbook&#61;6B38AD76-0EFC-43E0-9CBB-6B9406A13C33&amp;worksheet&#61;0EE78DB9-6315-7350-936E-90F493FB47CD&amp;workstep&#61;0EECC10A-80E8-7150-85FA-AD3034FB1A7A\" rel=\"nofollow noopener noreferrer\">model for conveyor belt tension </a>enables condition-based maintenance scheduling<strong>,</strong> reducing unnecessary spend on time-based maintenance and catching unplanned belt failures preventing line stoppage events.</p><h4><span style=\"color:#172B4D;\"><strong>Solution:</strong></span></h4><h3><a href=\"/links?type&#61;workstep&amp;workbook&#61;6B38AD76-0EFC-43E0-9CBB-6B9406A13C33&amp;worksheet&#61;0EE78DB9-6315-7350-936E-90F493FB47CD&amp;workstep&#61;0EE78DC9-54B9-71C0-9A78-2928E8701390\" rel=\"nofollow noopener noreferrer\">Monitor Conveyor Belt Network</a></h3><p><a href=\"/links?type&#61;workstep&amp;workbook&#61;6B38AD76-0EFC-43E0-9CBB-6B9406A13C33&amp;worksheet&#61;0EE78DB9-6315-7350-936E-90F493FB47CD&amp;workstep&#61;0EE84684-963D-EA50-8308-A9DF93812147\" rel=\"nofollow noopener noreferrer\">start</a></p><p><a href=\"/links?type&#61;workstep&amp;workbook&#61;6B38AD76-0EFC-43E0-9CBB-6B9406A13C33&amp;worksheet&#61;0EE78DB9-6315-7350-936E-90F493FB47CD&amp;workstep&#61;0EE78E25-A45F-6420-A5C0-362F3A6059A5\" rel=\"nofollow noopener noreferrer\">Identify periods of rapidly decreasing tension</a></p><p><a href=\"/links?type&#61;workstep&amp;workbook&#61;6B38AD76-0EFC-43E0-9CBB-6B9406A13C33&amp;worksheet&#61;0EE78DB9-6315-7350-936E-90F493FB47CD&amp;workstep&#61;0EE78E26-EEC8-7380-8D2C-BDF34D53832E\" rel=\"nofollow noopener noreferrer\">Project tension into future based on decline period</a> (step to now &#43; 1/2 display forward)</p><p><a href=\"/links?type&#61;workstep&amp;workbook&#61;6B38AD76-0EFC-43E0-9CBB-6B9406A13C33&amp;worksheet&#61;0EE78DB9-6315-7350-936E-90F493FB47CD&amp;workstep&#61;0EE78E29-800D-FF00-AC36-BCF79FD8F6DE\" rel=\"nofollow noopener noreferrer\">Detect when tensioning is required based on statistical limits</a></p><p><a href=\"/links?type&#61;workstep&amp;workbook&#61;6B38AD76-0EFC-43E0-9CBB-6B9406A13C33&amp;worksheet&#61;0EE78DB9-6315-7350-936E-90F493FB47CD&amp;workstep&#61;0EE78E2F-FB35-F970-9997-D04592813B21\" rel=\"nofollow noopener noreferrer\">Scale across all conveyor belts</a><br><i>(<strong>Do it!</strong> </i><a href=\"/links?type&#61;workstep&amp;workbook&#61;6B38AD76-0EFC-43E0-9CBB-6B9406A13C33&amp;worksheet&#61;0EE78DB9-6315-7350-936E-90F493FB47CD&amp;workstep&#61;0EE78E31-6A75-FB40-9968-A58D410EEECF\" rel=\"nofollow noopener noreferrer\"><i>Swap</i></a><i> conveyor from CVB-501 to CVB-502)</i></p><p>Report results in an <a href=\"https://demo.seeq.dev/F6B559E2-A666-4584-9A41-D82C32B1F330/workbook/C49ABE51-EFA6-4C00-96B6-00918AB67035/worksheet/5D227B08-6A2D-4B89-AC0A-90EB9E14869F\" rel=\"nofollow noopener noreferrer\"><span style=\"color:hsl(210,75%,60%);\">Organizer Topic</span></a></p><p>\u00a0</p><p>\u00a0</p><p><a href=\"/links?type&#61;workstep&amp;workbook&#61;6B38AD76-0EFC-43E0-9CBB-6B9406A13C33&amp;worksheet&#61;0EE78DB9-6315-7350-936E-90F493FB47CD&amp;workstep&#61;0EF00B46-45C0-6440-98E5-C47610149D39\" rel=\"nofollow noopener noreferrer\">Before</a></p><p>Created a plan with 1 subtasks</p><p>- Step 1: _CalculatedItemsPlugin.analyze_or_calculate_items_\n</p><p>&#39;variable_names&#39;: [&#39;Tension&#39;], &#39;query&#39;: &#39;Calculate the average tension during the first 5 days of the cycle&#39;\n\n</p><p><a href=\"/links?type&#61;workstep&amp;workbook&#61;6B38AD76-0EFC-43E0-9CBB-6B9406A13C33&amp;worksheet&#61;0EE78DB9-6315-7350-936E-90F493FB47CD&amp;workstep&#61;0EF00B46-45C0-6440-98E5-C47610149D39\" rel=\"nofollow noopener noreferrer\">After</a></p>",
        "DocumentBackup\u02c9xND3hnImvsepKxxVdMzaUCutPsLg8NczCD4U_UNcPOk\u02c92024-04-23T19:50:00Z": "<h2><strong>Predict Conveyor Belt Tensioning Requirements Across Conveyor Belts</strong></h2><figure class=\"table\"><table class=\"ck-table-resized\" style=\"border-color:hsl(0, 0%, 100%);border-style:solid;\"><colgroup><col style=\"width:23.51%;\" /><col style=\"width:76.49%;\" /></colgroup><tbody><tr><td style=\"border-color:hsl(0, 0%, 100%);border-style:solid;\"><img src=\"/api/annotations/0EE78DBA-D6DC-FFD0-A59F-1EF6EBEF7175/images/image_v1.png\" alt=\"Newcrest Mining - Wikipedia\"></td><td style=\"border-color:hsl(0, 0%, 100%);border-style:solid;\"><h4><i>Newcrest Mining performed a similar predictive analysis to assess wear on their crushers, enabling accurate condition-based maintenance leading to a </i><span style=\"color:hsl(210,75%,60%);\"><i><strong>reduction in maintenance costs and additional throughput</strong></i></span><i>. Learn more </i><a target=\"_blank\" href=\"https://www.nukon.com/success-stories/predicting-crusher-wear-using-analytics\" rel=\"nofollow noopener noreferrer\"><i>here</i></a></h4></td></tr></tbody></table></figure><h4 style=\"margin-left:0in;\"><span style=\"color:#172B4D;\"><strong>Problem Statement:</strong></span></h4><p>Conveyor belts are a key asset for mining companies. They are utilized to transport solids collected from the mines through various pre-processing steps and eventually transfer the materials to a shipping vessel for transfer to the final customer. Creating a predictive <a href=\"/links?type&#61;workstep&amp;workbook&#61;6B38AD76-0EFC-43E0-9CBB-6B9406A13C33&amp;worksheet&#61;0EE78DB9-6315-7350-936E-90F493FB47CD&amp;workstep&#61;0EECC10A-80E8-7150-85FA-AD3034FB1A7A\" rel=\"nofollow noopener noreferrer\">model for conveyor belt tension </a>enables condition-based maintenance scheduling<strong>,</strong> reducing unnecessary spend on time-based maintenance and catching unplanned belt failures preventing line stoppage events.</p><h4><span style=\"color:#172B4D;\"><strong>Solution:</strong></span></h4><h3><a href=\"/links?type&#61;workstep&amp;workbook&#61;6B38AD76-0EFC-43E0-9CBB-6B9406A13C33&amp;worksheet&#61;0EE78DB9-6315-7350-936E-90F493FB47CD&amp;workstep&#61;0EE78DC9-54B9-71C0-9A78-2928E8701390\" rel=\"nofollow noopener noreferrer\">Monitor Conveyor Belt Network</a></h3><p><a href=\"/links?type&#61;workstep&amp;workbook&#61;6B38AD76-0EFC-43E0-9CBB-6B9406A13C33&amp;worksheet&#61;0EE78DB9-6315-7350-936E-90F493FB47CD&amp;workstep&#61;0EE84684-963D-EA50-8308-A9DF93812147\" rel=\"nofollow noopener noreferrer\">start</a></p><p><a href=\"/links?type&#61;workstep&amp;workbook&#61;6B38AD76-0EFC-43E0-9CBB-6B9406A13C33&amp;worksheet&#61;0EE78DB9-6315-7350-936E-90F493FB47CD&amp;workstep&#61;0EE78E25-A45F-6420-A5C0-362F3A6059A5\" rel=\"nofollow noopener noreferrer\">Identify periods of rapidly decreasing tension</a></p><p><a href=\"/links?type&#61;workstep&amp;workbook&#61;6B38AD76-0EFC-43E0-9CBB-6B9406A13C33&amp;worksheet&#61;0EE78DB9-6315-7350-936E-90F493FB47CD&amp;workstep&#61;0EE78E26-EEC8-7380-8D2C-BDF34D53832E\" rel=\"nofollow noopener noreferrer\">Project tension into future based on decline period</a> (step to now &#43; 1/2 display forward)</p><p><a href=\"/links?type&#61;workstep&amp;workbook&#61;6B38AD76-0EFC-43E0-9CBB-6B9406A13C33&amp;worksheet&#61;0EE78DB9-6315-7350-936E-90F493FB47CD&amp;workstep&#61;0EE78E29-800D-FF00-AC36-BCF79FD8F6DE\" rel=\"nofollow noopener noreferrer\">Detect when tensioning is required based on statistical limits</a></p><p><a href=\"/links?type&#61;workstep&amp;workbook&#61;6B38AD76-0EFC-43E0-9CBB-6B9406A13C33&amp;worksheet&#61;0EE78DB9-6315-7350-936E-90F493FB47CD&amp;workstep&#61;0EE78E2F-FB35-F970-9997-D04592813B21\" rel=\"nofollow noopener noreferrer\">Scale across all conveyor belts</a><br><i>(<strong>Do it!</strong> </i><a href=\"/links?type&#61;workstep&amp;workbook&#61;6B38AD76-0EFC-43E0-9CBB-6B9406A13C33&amp;worksheet&#61;0EE78DB9-6315-7350-936E-90F493FB47CD&amp;workstep&#61;0EE78E31-6A75-FB40-9968-A58D410EEECF\" rel=\"nofollow noopener noreferrer\"><i>Swap</i></a><i> conveyor from CVB-501 to CVB-502)</i></p><p>Report results in an <a href=\"https://demo.seeq.dev/F6B559E2-A666-4584-9A41-D82C32B1F330/workbook/C49ABE51-EFA6-4C00-96B6-00918AB67035/worksheet/5D227B08-6A2D-4B89-AC0A-90EB9E14869F\" rel=\"nofollow noopener noreferrer\"><span style=\"color:hsl(210,75%,60%);\">Organizer Topic</span></a></p><p>\u00a0</p><p>\u00a0</p>",
        "DocumentBackup\u02c9xND3hnImvsepKxxVdMzaUCutPsLg8NczCD4U_UNcPOk\u02c92024-04-23T19:51:00Z": "<h2><strong>Predict Conveyor Belt Tensioning Requirements Across Conveyor Belts</strong></h2><figure class=\"table\"><table class=\"ck-table-resized\" style=\"border-color:hsl(0, 0%, 100%);border-style:solid;\"><colgroup><col style=\"width:23.51%;\" /><col style=\"width:76.49%;\" /></colgroup><tbody><tr><td style=\"border-color:hsl(0, 0%, 100%);border-style:solid;\"><img src=\"/api/annotations/0EE78DBA-D6DC-FFD0-A59F-1EF6EBEF7175/images/image_v1.png\" alt=\"Newcrest Mining - Wikipedia\"></td><td style=\"border-color:hsl(0, 0%, 100%);border-style:solid;\"><h4><i>Newcrest Mining performed a similar predictive analysis to assess wear on their crushers, enabling accurate condition-based maintenance leading to a </i><span style=\"color:hsl(210,75%,60%);\"><i><strong>reduction in maintenance costs and additional throughput</strong></i></span><i>. Learn more </i><a target=\"_blank\" href=\"https://www.nukon.com/success-stories/predicting-crusher-wear-using-analytics\" rel=\"nofollow noopener noreferrer\"><i>here</i></a></h4></td></tr></tbody></table></figure><h4 style=\"margin-left:0in;\"><span style=\"color:#172B4D;\"><strong>Problem Statement:</strong></span></h4><p>Conveyor belts are a key asset for mining companies. They are utilized to transport solids collected from the mines through various pre-processing steps and eventually transfer the materials to a shipping vessel for transfer to the final customer. Creating a predictive <a href=\"/links?type&#61;workstep&amp;workbook&#61;6B38AD76-0EFC-43E0-9CBB-6B9406A13C33&amp;worksheet&#61;0EE78DB9-6315-7350-936E-90F493FB47CD&amp;workstep&#61;0EECC10A-80E8-7150-85FA-AD3034FB1A7A\" rel=\"nofollow noopener noreferrer\">model for conveyor belt tension </a>enables condition-based maintenance scheduling<strong>,</strong> reducing unnecessary spend on time-based maintenance and catching unplanned belt failures preventing line stoppage events.</p><h4><span style=\"color:#172B4D;\"><strong>Solution:</strong></span></h4><h3><a href=\"/links?type&#61;workstep&amp;workbook&#61;6B38AD76-0EFC-43E0-9CBB-6B9406A13C33&amp;worksheet&#61;0EE78DB9-6315-7350-936E-90F493FB47CD&amp;workstep&#61;0EE78DC9-54B9-71C0-9A78-2928E8701390\" rel=\"nofollow noopener noreferrer\">Monitor Conveyor Belt Network</a></h3><p><a href=\"/links?type&#61;workstep&amp;workbook&#61;6B38AD76-0EFC-43E0-9CBB-6B9406A13C33&amp;worksheet&#61;0EE78DB9-6315-7350-936E-90F493FB47CD&amp;workstep&#61;0EE84684-963D-EA50-8308-A9DF93812147\" rel=\"nofollow noopener noreferrer\">start</a></p><p><a href=\"/links?type&#61;workstep&amp;workbook&#61;6B38AD76-0EFC-43E0-9CBB-6B9406A13C33&amp;worksheet&#61;0EE78DB9-6315-7350-936E-90F493FB47CD&amp;workstep&#61;0EE78E25-A45F-6420-A5C0-362F3A6059A5\" rel=\"nofollow noopener noreferrer\">Identify periods of rapidly decreasing tension</a></p><p><a href=\"/links?type&#61;workstep&amp;workbook&#61;6B38AD76-0EFC-43E0-9CBB-6B9406A13C33&amp;worksheet&#61;0EE78DB9-6315-7350-936E-90F493FB47CD&amp;workstep&#61;0EE78E26-EEC8-7380-8D2C-BDF34D53832E\" rel=\"nofollow noopener noreferrer\">Project tension into future based on decline period</a> (step to now &#43; 1/2 display forward)</p><p><a href=\"/links?type&#61;workstep&amp;workbook&#61;6B38AD76-0EFC-43E0-9CBB-6B9406A13C33&amp;worksheet&#61;0EE78DB9-6315-7350-936E-90F493FB47CD&amp;workstep&#61;0EE78E29-800D-FF00-AC36-BCF79FD8F6DE\" rel=\"nofollow noopener noreferrer\">Detect when tensioning is required based on statistical limits</a></p><p>(<a href=\"/links?type&#61;workstep&amp;workbook&#61;6B38AD76-0EFC-43E0-9CBB-6B9406A13C33&amp;worksheet&#61;0EE78DB9-6315-7350-936E-90F493FB47CD&amp;workstep&#61;0EF01AAD-62CC-60E0-8C80-D245F9409C9B\" rel=\"nofollow noopener noreferrer\">Don&#39;t know how?</a> <strong>A</strong><i><strong>sk the AI Assistant!</strong></i> &#34;Calculate the average tension during the first 5 days of the cycle&#34;)</p><p>\u00a0</p><p><a href=\"/links?type&#61;workstep&amp;workbook&#61;6B38AD76-0EFC-43E0-9CBB-6B9406A13C33&amp;worksheet&#61;0EE78DB9-6315-7350-936E-90F493FB47CD&amp;workstep&#61;0EE78E2F-FB35-F970-9997-D04592813B21\" rel=\"nofollow noopener noreferrer\">Scale across all conveyor belts</a><br><i>(<strong>Do it!</strong> </i><a href=\"/links?type&#61;workstep&amp;workbook&#61;6B38AD76-0EFC-43E0-9CBB-6B9406A13C33&amp;worksheet&#61;0EE78DB9-6315-7350-936E-90F493FB47CD&amp;workstep&#61;0EE78E31-6A75-FB40-9968-A58D410EEECF\" rel=\"nofollow noopener noreferrer\"><i>Swap</i></a><i> conveyor from CVB-501 to CVB-502)</i></p><p>Report results in an <a href=\"https://demo.seeq.dev/F6B559E2-A666-4584-9A41-D82C32B1F330/workbook/C49ABE51-EFA6-4C00-96B6-00918AB67035/worksheet/5D227B08-6A2D-4B89-AC0A-90EB9E14869F\" rel=\"nofollow noopener noreferrer\"><span style=\"color:hsl(210,75%,60%);\">Organizer Topic</span></a></p><p>\u00a0</p><p>\u00a0</p>",
        "DocumentBackup\u02c9xND3hnImvsepKxxVdMzaUCutPsLg8NczCD4U_UNcPOk\u02c92024-04-23T19:52:00Z": "<h2><strong>Predict Conveyor Belt Tensioning Requirements Across Conveyor Belts</strong></h2><figure class=\"table\"><table class=\"ck-table-resized\" style=\"border-color:hsl(0, 0%, 100%);border-style:solid;\"><colgroup><col style=\"width:23.51%;\" /><col style=\"width:76.49%;\" /></colgroup><tbody><tr><td style=\"border-color:hsl(0, 0%, 100%);border-style:solid;\"><img src=\"/api/annotations/0EE78DBA-D6DC-FFD0-A59F-1EF6EBEF7175/images/image_v1.png\" alt=\"Newcrest Mining - Wikipedia\"></td><td style=\"border-color:hsl(0, 0%, 100%);border-style:solid;\"><h4><i>Newcrest Mining performed a similar predictive analysis to assess wear on their crushers, enabling accurate condition-based maintenance leading to a </i><span style=\"color:hsl(210,75%,60%);\"><i><strong>reduction in maintenance costs and additional throughput</strong></i></span><i>. Learn more </i><a target=\"_blank\" href=\"https://www.nukon.com/success-stories/predicting-crusher-wear-using-analytics\" rel=\"nofollow noopener noreferrer\"><i>here</i></a></h4></td></tr></tbody></table></figure><h4 style=\"margin-left:0in;\"><span style=\"color:#172B4D;\"><strong>Problem Statement:</strong></span></h4><p>Conveyor belts are a key asset for mining companies. They are utilized to transport solids collected from the mines through various pre-processing steps and eventually transfer the materials to a shipping vessel for transfer to the final customer. Creating a predictive <a href=\"/links?type&#61;workstep&amp;workbook&#61;6B38AD76-0EFC-43E0-9CBB-6B9406A13C33&amp;worksheet&#61;0EE78DB9-6315-7350-936E-90F493FB47CD&amp;workstep&#61;0EECC10A-80E8-7150-85FA-AD3034FB1A7A\" rel=\"nofollow noopener noreferrer\">model for conveyor belt tension </a>enables condition-based maintenance scheduling<strong>,</strong> reducing unnecessary spend on time-based maintenance and catching unplanned belt failures preventing line stoppage events.</p><h4><span style=\"color:#172B4D;\"><strong>Solution:</strong></span></h4><h3><a href=\"/links?type&#61;workstep&amp;workbook&#61;6B38AD76-0EFC-43E0-9CBB-6B9406A13C33&amp;worksheet&#61;0EE78DB9-6315-7350-936E-90F493FB47CD&amp;workstep&#61;0EE78DC9-54B9-71C0-9A78-2928E8701390\" rel=\"nofollow noopener noreferrer\">Monitor Conveyor Belt Network</a></h3><p><a href=\"/links?type&#61;workstep&amp;workbook&#61;6B38AD76-0EFC-43E0-9CBB-6B9406A13C33&amp;worksheet&#61;0EE78DB9-6315-7350-936E-90F493FB47CD&amp;workstep&#61;0EE84684-963D-EA50-8308-A9DF93812147\" rel=\"nofollow noopener noreferrer\">start</a></p><p><a href=\"/links?type&#61;workstep&amp;workbook&#61;6B38AD76-0EFC-43E0-9CBB-6B9406A13C33&amp;worksheet&#61;0EE78DB9-6315-7350-936E-90F493FB47CD&amp;workstep&#61;0EE78E25-A45F-6420-A5C0-362F3A6059A5\" rel=\"nofollow noopener noreferrer\">Identify periods of rapidly decreasing tension</a></p><p><a href=\"/links?type&#61;workstep&amp;workbook&#61;6B38AD76-0EFC-43E0-9CBB-6B9406A13C33&amp;worksheet&#61;0EE78DB9-6315-7350-936E-90F493FB47CD&amp;workstep&#61;0EE78E26-EEC8-7380-8D2C-BDF34D53832E\" rel=\"nofollow noopener noreferrer\">Project tension into future based on decline period</a> (step to now &#43; 1/2 display forward)</p><p><a href=\"/links?type&#61;workstep&amp;workbook&#61;6B38AD76-0EFC-43E0-9CBB-6B9406A13C33&amp;worksheet&#61;0EE78DB9-6315-7350-936E-90F493FB47CD&amp;workstep&#61;0EE78E29-800D-FF00-AC36-BCF79FD8F6DE\" rel=\"nofollow noopener noreferrer\">Detect when tensioning is required based on statistical limits</a></p><p>(<a href=\"/links?type&#61;workstep&amp;workbook&#61;6B38AD76-0EFC-43E0-9CBB-6B9406A13C33&amp;worksheet&#61;0EE78DB9-6315-7350-936E-90F493FB47CD&amp;workstep&#61;0EF01AAD-62CC-60E0-8C80-D245F9409C9B\" rel=\"nofollow noopener noreferrer\">Don&#39;t know how?</a> <strong>A</strong><i><strong>sk the AI Assistant!</strong></i> &#34;Calculate the average tension during the first 5 days of the cycle&#34;)</p><p>\u00a0</p><p><a href=\"/links?type&#61;workstep&amp;workbook&#61;6B38AD76-0EFC-43E0-9CBB-6B9406A13C33&amp;worksheet&#61;0EE78DB9-6315-7350-936E-90F493FB47CD&amp;workstep&#61;0EE78E2F-FB35-F970-9997-D04592813B21\" rel=\"nofollow noopener noreferrer\">Scale across all conveyor belts</a><br><i>(<strong>Do it!</strong> </i><a href=\"/links?type&#61;workstep&amp;workbook&#61;6B38AD76-0EFC-43E0-9CBB-6B9406A13C33&amp;worksheet&#61;0EE78DB9-6315-7350-936E-90F493FB47CD&amp;workstep&#61;0EE78E31-6A75-FB40-9968-A58D410EEECF\" rel=\"nofollow noopener noreferrer\"><i>Swap</i></a><i> conveyor from CVB-501 to CVB-502)</i></p><p>Report results in an <a href=\"https://demo.seeq.dev/F6B559E2-A666-4584-9A41-D82C32B1F330/workbook/C49ABE51-EFA6-4C00-96B6-00918AB67035/worksheet/5D227B08-6A2D-4B89-AC0A-90EB9E14869F\" rel=\"nofollow noopener noreferrer\"><span style=\"color:hsl(210,75%,60%);\">Organizer Topic</span></a></p><p>\u00a0</p><p>\u00a0</p><p><a href=\"/links?type&#61;workstep&amp;workbook&#61;6B38AD76-0EFC-43E0-9CBB-6B9406A13C33&amp;worksheet&#61;0EE78DB9-6315-7350-936E-90F493FB47CD&amp;workstep&#61;0EF01AAD-62CC-60E0-8C80-D245F9409C9B\" rel=\"nofollow noopener noreferrer\">Before</a></p><p>Created a plan with 1 subtasks</p><p>- Step 1: _CalculatedItemsPlugin.analyze_or_calculate_items_\n</p><p>&#39;variable_names&#39;: [&#39;Tension Model&#39;, &#39;First 5 days of Cycle&#39;], &#39;query&#39;: &#34;Calculate the average of &#39;Tension Model&#39; during &#39;First 5 days of Cycle&#39;&#34;\n\n</p><p><a href=\"/links?type&#61;workstep&amp;workbook&#61;6B38AD76-0EFC-43E0-9CBB-6B9406A13C33&amp;worksheet&#61;0EE78DB9-6315-7350-936E-90F493FB47CD&amp;workstep&#61;0EF01AAE-7F5A-FBC0-BEBE-838CDB578AFF\" rel=\"nofollow noopener noreferrer\">After</a></p><p><a href=\"/links?type&#61;workstep&amp;workbook&#61;6B38AD76-0EFC-43E0-9CBB-6B9406A13C33&amp;worksheet&#61;0EE78DB9-6315-7350-936E-90F493FB47CD&amp;workstep&#61;0EF01AB0-2B0E-EEC0-9DA7-014688114723\" rel=\"nofollow noopener noreferrer\">Before</a></p><p>Created a plan with 1 subtasks</p><p>- Step 1: _CalculatedItemsPlugin.analyze_or_calculate_items_\n</p><p>&#39;variable_names&#39;: [&#39;Tension Model&#39;, &#39;First 5 days of Cycle&#39;], &#39;query&#39;: &#39;Calculate the average tension during the first 5 days of the cycle&#39;\n\n</p><p><a href=\"/links?type&#61;workstep&amp;workbook&#61;6B38AD76-0EFC-43E0-9CBB-6B9406A13C33&amp;worksheet&#61;0EE78DB9-6315-7350-936E-90F493FB47CD&amp;workstep&#61;0EF01AB1-4364-60F0-9433-60A93C89A005\" rel=\"nofollow noopener noreferrer\">After</a></p>",
        "DocumentBackup\u02c9xND3hnImvsepKxxVdMzaUCutPsLg8NczCD4U_UNcPOk\u02c92024-04-23T19:53:00Z": "<h2><strong>Predict Conveyor Belt Tensioning Requirements Across Conveyor Belts</strong></h2><figure class=\"table\"><table class=\"ck-table-resized\" style=\"border-color:hsl(0, 0%, 100%);border-style:solid;\"><colgroup><col style=\"width:23.51%;\" /><col style=\"width:76.49%;\" /></colgroup><tbody><tr><td style=\"border-color:hsl(0, 0%, 100%);border-style:solid;\"><img src=\"/api/annotations/0EE78DBA-D6DC-FFD0-A59F-1EF6EBEF7175/images/image_v1.png\" alt=\"Newcrest Mining - Wikipedia\"></td><td style=\"border-color:hsl(0, 0%, 100%);border-style:solid;\"><h4><i>Newcrest Mining performed a similar predictive analysis to assess wear on their crushers, enabling accurate condition-based maintenance leading to a </i><span style=\"color:hsl(210,75%,60%);\"><i><strong>reduction in maintenance costs and additional throughput</strong></i></span><i>. Learn more </i><a target=\"_blank\" href=\"https://www.nukon.com/success-stories/predicting-crusher-wear-using-analytics\" rel=\"nofollow noopener noreferrer\"><i>here</i></a></h4></td></tr></tbody></table></figure><h4 style=\"margin-left:0in;\"><span style=\"color:#172B4D;\"><strong>Problem Statement:</strong></span></h4><p>Conveyor belts are a key asset for mining companies. They are utilized to transport solids collected from the mines through various pre-processing steps and eventually transfer the materials to a shipping vessel for transfer to the final customer. Creating a predictive <a href=\"/links?type&#61;workstep&amp;workbook&#61;6B38AD76-0EFC-43E0-9CBB-6B9406A13C33&amp;worksheet&#61;0EE78DB9-6315-7350-936E-90F493FB47CD&amp;workstep&#61;0EECC10A-80E8-7150-85FA-AD3034FB1A7A\" rel=\"nofollow noopener noreferrer\">model for conveyor belt tension </a>enables condition-based maintenance scheduling<strong>,</strong> reducing unnecessary spend on time-based maintenance and catching unplanned belt failures preventing line stoppage events.</p><h4><span style=\"color:#172B4D;\"><strong>Solution:</strong></span></h4><h3><a href=\"/links?type&#61;workstep&amp;workbook&#61;6B38AD76-0EFC-43E0-9CBB-6B9406A13C33&amp;worksheet&#61;0EE78DB9-6315-7350-936E-90F493FB47CD&amp;workstep&#61;0EE78DC9-54B9-71C0-9A78-2928E8701390\" rel=\"nofollow noopener noreferrer\">Monitor Conveyor Belt Network</a></h3><p><a href=\"/links?type&#61;workstep&amp;workbook&#61;6B38AD76-0EFC-43E0-9CBB-6B9406A13C33&amp;worksheet&#61;0EE78DB9-6315-7350-936E-90F493FB47CD&amp;workstep&#61;0EE84684-963D-EA50-8308-A9DF93812147\" rel=\"nofollow noopener noreferrer\">start</a></p><p><a href=\"/links?type&#61;workstep&amp;workbook&#61;6B38AD76-0EFC-43E0-9CBB-6B9406A13C33&amp;worksheet&#61;0EE78DB9-6315-7350-936E-90F493FB47CD&amp;workstep&#61;0EE78E25-A45F-6420-A5C0-362F3A6059A5\" rel=\"nofollow noopener noreferrer\">Identify periods of rapidly decreasing tension</a></p><p><a href=\"/links?type&#61;workstep&amp;workbook&#61;6B38AD76-0EFC-43E0-9CBB-6B9406A13C33&amp;worksheet&#61;0EE78DB9-6315-7350-936E-90F493FB47CD&amp;workstep&#61;0EE78E26-EEC8-7380-8D2C-BDF34D53832E\" rel=\"nofollow noopener noreferrer\">Project tension into future based on decline period</a> (step to now &#43; 1/2 display forward)</p><p><a href=\"/links?type&#61;workstep&amp;workbook&#61;6B38AD76-0EFC-43E0-9CBB-6B9406A13C33&amp;worksheet&#61;0EE78DB9-6315-7350-936E-90F493FB47CD&amp;workstep&#61;0EE78E29-800D-FF00-AC36-BCF79FD8F6DE\" rel=\"nofollow noopener noreferrer\">Detect when tensioning is required based on statistical limits</a></p><p>(Don&#39;t know how? <strong>A</strong><i><strong>sk the AI Assistant!</strong></i> &#34;Calculate the average tension during the first 5 days of the cycle&#34;)</p><p>\u00a0</p><p><a href=\"/links?type&#61;workstep&amp;workbook&#61;6B38AD76-0EFC-43E0-9CBB-6B9406A13C33&amp;worksheet&#61;0EE78DB9-6315-7350-936E-90F493FB47CD&amp;workstep&#61;0EE78E2F-FB35-F970-9997-D04592813B21\" rel=\"nofollow noopener noreferrer\">Scale across all conveyor belts</a><br><i>(<strong>Do it!</strong> </i><a href=\"/links?type&#61;workstep&amp;workbook&#61;6B38AD76-0EFC-43E0-9CBB-6B9406A13C33&amp;worksheet&#61;0EE78DB9-6315-7350-936E-90F493FB47CD&amp;workstep&#61;0EE78E31-6A75-FB40-9968-A58D410EEECF\" rel=\"nofollow noopener noreferrer\"><i>Swap</i></a><i> conveyor from CVB-501 to CVB-502)</i></p><p>Report results in an <a href=\"https://demo.seeq.dev/F6B559E2-A666-4584-9A41-D82C32B1F330/workbook/C49ABE51-EFA6-4C00-96B6-00918AB67035/worksheet/5D227B08-6A2D-4B89-AC0A-90EB9E14869F\" rel=\"nofollow noopener noreferrer\"><span style=\"color:hsl(210,75%,60%);\">Organizer Topic</span></a></p><p>\u00a0</p><p>\u00a0</p><p><a href=\"/links?type&#61;workstep&amp;workbook&#61;6B38AD76-0EFC-43E0-9CBB-6B9406A13C33&amp;worksheet&#61;0EE78DB9-6315-7350-936E-90F493FB47CD&amp;workstep&#61;0EF01AAD-62CC-60E0-8C80-D245F9409C9B\" rel=\"nofollow noopener noreferrer\">Before</a></p><p>Created a plan with 1 subtasks</p><p>- Step 1: _CalculatedItemsPlugin.analyze_or_calculate_items_</p><p>&#39;variable_names&#39;: [&#39;Tension Model&#39;, &#39;First 5 days of Cycle&#39;], &#39;query&#39;: &#34;Calculate the average of &#39;Tension Model&#39; during &#39;First 5 days of Cycle&#39;&#34;</p><p><a href=\"/links?type&#61;workstep&amp;workbook&#61;6B38AD76-0EFC-43E0-9CBB-6B9406A13C33&amp;worksheet&#61;0EE78DB9-6315-7350-936E-90F493FB47CD&amp;workstep&#61;0EF01AAE-7F5A-FBC0-BEBE-838CDB578AFF\" rel=\"nofollow noopener noreferrer\">After</a></p><p><a href=\"/links?type&#61;workstep&amp;workbook&#61;6B38AD76-0EFC-43E0-9CBB-6B9406A13C33&amp;worksheet&#61;0EE78DB9-6315-7350-936E-90F493FB47CD&amp;workstep&#61;0EF01AB0-2B0E-EEC0-9DA7-014688114723\" rel=\"nofollow noopener noreferrer\">Before</a></p><p>Created a plan with 1 subtasks</p><p>- Step 1: _CalculatedItemsPlugin.analyze_or_calculate_items_</p><p>&#39;variable_names&#39;: [&#39;Tension Model&#39;, &#39;First 5 days of Cycle&#39;], &#39;query&#39;: &#39;Calculate the average tension during the first 5 days of the cycle&#39;</p><p><a href=\"/links?type&#61;workstep&amp;workbook&#61;6B38AD76-0EFC-43E0-9CBB-6B9406A13C33&amp;worksheet&#61;0EE78DB9-6315-7350-936E-90F493FB47CD&amp;workstep&#61;0EF01AB1-4364-60F0-9433-60A93C89A005\" rel=\"nofollow noopener noreferrer\">After</a></p>",
        "DocumentBackup\u02c9xND3hnImvsepKxxVdMzaUCutPsLg8NczCD4U_UNcPOk\u02c92024-04-23T19:54:00Z": "<h2><strong>Predict Conveyor Belt Tensioning Requirements Across Conveyor Belts</strong></h2><figure class=\"table\"><table class=\"ck-table-resized\" style=\"border-color:hsl(0, 0%, 100%);border-style:solid;\"><colgroup><col style=\"width:23.51%;\" /><col style=\"width:76.49%;\" /></colgroup><tbody><tr><td style=\"border-color:hsl(0, 0%, 100%);border-style:solid;\"><img src=\"/api/annotations/0EE78DBA-D6DC-FFD0-A59F-1EF6EBEF7175/images/image_v1.png\" alt=\"Newcrest Mining - Wikipedia\"></td><td style=\"border-color:hsl(0, 0%, 100%);border-style:solid;\"><h4><i>Newcrest Mining performed a similar predictive analysis to assess wear on their crushers, enabling accurate condition-based maintenance leading to a </i><span style=\"color:hsl(210,75%,60%);\"><i><strong>reduction in maintenance costs and additional throughput</strong></i></span><i>. Learn more </i><a target=\"_blank\" href=\"https://www.nukon.com/success-stories/predicting-crusher-wear-using-analytics\" rel=\"nofollow noopener noreferrer\"><i>here</i></a></h4></td></tr></tbody></table></figure><h4 style=\"margin-left:0in;\"><span style=\"color:#172B4D;\"><strong>Problem Statement:</strong></span></h4><p>Conveyor belts are a key asset for mining companies. They are utilized to transport solids collected from the mines through various pre-processing steps and eventually transfer the materials to a shipping vessel for transfer to the final customer. Creating a predictive <a href=\"/links?type&#61;workstep&amp;workbook&#61;6B38AD76-0EFC-43E0-9CBB-6B9406A13C33&amp;worksheet&#61;0EE78DB9-6315-7350-936E-90F493FB47CD&amp;workstep&#61;0EECC10A-80E8-7150-85FA-AD3034FB1A7A\" rel=\"nofollow noopener noreferrer\">model for conveyor belt tension </a>enables condition-based maintenance scheduling<strong>,</strong> reducing unnecessary spend on time-based maintenance and catching unplanned belt failures preventing line stoppage events.</p><h4><span style=\"color:#172B4D;\"><strong>Solution:</strong></span></h4><h3><a href=\"/links?type&#61;workstep&amp;workbook&#61;6B38AD76-0EFC-43E0-9CBB-6B9406A13C33&amp;worksheet&#61;0EE78DB9-6315-7350-936E-90F493FB47CD&amp;workstep&#61;0EE78DC9-54B9-71C0-9A78-2928E8701390\" rel=\"nofollow noopener noreferrer\">Monitor Conveyor Belt Network</a></h3><p><a href=\"/links?type&#61;workstep&amp;workbook&#61;6B38AD76-0EFC-43E0-9CBB-6B9406A13C33&amp;worksheet&#61;0EE78DB9-6315-7350-936E-90F493FB47CD&amp;workstep&#61;0EE84684-963D-EA50-8308-A9DF93812147\" rel=\"nofollow noopener noreferrer\">start</a></p><p><a href=\"/links?type&#61;workstep&amp;workbook&#61;6B38AD76-0EFC-43E0-9CBB-6B9406A13C33&amp;worksheet&#61;0EE78DB9-6315-7350-936E-90F493FB47CD&amp;workstep&#61;0EE78E25-A45F-6420-A5C0-362F3A6059A5\" rel=\"nofollow noopener noreferrer\">Identify periods of rapidly decreasing tension</a></p><p><a href=\"/links?type&#61;workstep&amp;workbook&#61;6B38AD76-0EFC-43E0-9CBB-6B9406A13C33&amp;worksheet&#61;0EE78DB9-6315-7350-936E-90F493FB47CD&amp;workstep&#61;0EE78E26-EEC8-7380-8D2C-BDF34D53832E\" rel=\"nofollow noopener noreferrer\">Project tension into future based on decline period</a> (step to now &#43; 1/2 display forward)</p><p><a href=\"/links?type&#61;workstep&amp;workbook&#61;6B38AD76-0EFC-43E0-9CBB-6B9406A13C33&amp;worksheet&#61;0EE78DB9-6315-7350-936E-90F493FB47CD&amp;workstep&#61;0EE78E29-800D-FF00-AC36-BCF79FD8F6DE\" rel=\"nofollow noopener noreferrer\">Detect when tensioning is required based on statistical limits</a></p><p>(<a href=\"/links?type&#61;workstep&amp;workbook&#61;6B38AD76-0EFC-43E0-9CBB-6B9406A13C33&amp;worksheet&#61;0EE78DB9-6315-7350-936E-90F493FB47CD&amp;workstep&#61;0EF01AB1-EBA5-ECA0-B581-795C68EF5EED\" rel=\"nofollow noopener noreferrer\">Don&#39;t know how?</a> <strong>A</strong><i><strong>sk the AI Assistant!</strong></i> &#34;Calculate the average tension during the first 5 days of the cycle&#34;)</p><p>\u00a0</p><p><a href=\"/links?type&#61;workstep&amp;workbook&#61;6B38AD76-0EFC-43E0-9CBB-6B9406A13C33&amp;worksheet&#61;0EE78DB9-6315-7350-936E-90F493FB47CD&amp;workstep&#61;0EE78E2F-FB35-F970-9997-D04592813B21\" rel=\"nofollow noopener noreferrer\">Scale across all conveyor belts</a><br><i>(<strong>Do it!</strong> </i><a href=\"/links?type&#61;workstep&amp;workbook&#61;6B38AD76-0EFC-43E0-9CBB-6B9406A13C33&amp;worksheet&#61;0EE78DB9-6315-7350-936E-90F493FB47CD&amp;workstep&#61;0EE78E31-6A75-FB40-9968-A58D410EEECF\" rel=\"nofollow noopener noreferrer\"><i>Swap</i></a><i> conveyor from CVB-501 to CVB-502)</i></p><p>Report results in an <a href=\"https://demo.seeq.dev/F6B559E2-A666-4584-9A41-D82C32B1F330/workbook/C49ABE51-EFA6-4C00-96B6-00918AB67035/worksheet/5D227B08-6A2D-4B89-AC0A-90EB9E14869F\" rel=\"nofollow noopener noreferrer\"><span style=\"color:hsl(210,75%,60%);\">Organizer Topic</span></a></p><p>\u00a0</p><p>\u00a0</p><p><a href=\"/links?type&#61;workstep&amp;workbook&#61;6B38AD76-0EFC-43E0-9CBB-6B9406A13C33&amp;worksheet&#61;0EE78DB9-6315-7350-936E-90F493FB47CD&amp;workstep&#61;0EF01AAD-62CC-60E0-8C80-D245F9409C9B\" rel=\"nofollow noopener noreferrer\">Before</a></p><p>Created a plan with 1 subtasks</p><p>- Step 1: _CalculatedItemsPlugin.analyze_or_calculate_items_</p><p>&#39;variable_names&#39;: [&#39;Tension Model&#39;, &#39;First 5 days of Cycle&#39;], &#39;query&#39;: &#34;Calculate the average of &#39;Tension Model&#39; during &#39;First 5 days of Cycle&#39;&#34;</p><p><a href=\"/links?type&#61;workstep&amp;workbook&#61;6B38AD76-0EFC-43E0-9CBB-6B9406A13C33&amp;worksheet&#61;0EE78DB9-6315-7350-936E-90F493FB47CD&amp;workstep&#61;0EF01AAE-7F5A-FBC0-BEBE-838CDB578AFF\" rel=\"nofollow noopener noreferrer\">After</a></p><p><a href=\"/links?type&#61;workstep&amp;workbook&#61;6B38AD76-0EFC-43E0-9CBB-6B9406A13C33&amp;worksheet&#61;0EE78DB9-6315-7350-936E-90F493FB47CD&amp;workstep&#61;0EF01AB0-2B0E-EEC0-9DA7-014688114723\" rel=\"nofollow noopener noreferrer\">Before</a></p><p>Created a plan with 1 subtasks</p><p>- Step 1: _CalculatedItemsPlugin.analyze_or_calculate_items_</p><p>&#39;variable_names&#39;: [&#39;Tension Model&#39;, &#39;First 5 days of Cycle&#39;], &#39;query&#39;: &#39;Calculate the average tension during the first 5 days of the cycle&#39;</p><p><a href=\"/links?type&#61;workstep&amp;workbook&#61;6B38AD76-0EFC-43E0-9CBB-6B9406A13C33&amp;worksheet&#61;0EE78DB9-6315-7350-936E-90F493FB47CD&amp;workstep&#61;0EF01AB1-4364-60F0-9433-60A93C89A005\" rel=\"nofollow noopener noreferrer\">After</a></p><p><a href=\"/links?type&#61;workstep&amp;workbook&#61;6B38AD76-0EFC-43E0-9CBB-6B9406A13C33&amp;worksheet&#61;0EE78DB9-6315-7350-936E-90F493FB47CD&amp;workstep&#61;0EF01AB1-EBA5-ECA0-B581-795C68EF5EED\" rel=\"nofollow noopener noreferrer\">Before</a></p><p>Created a plan with 1 subtasks</p><p>- Step 1: _CalculatedItemsPlugin.analyze_or_calculate_items_\n</p><p>&#39;variable_names&#39;: [&#39;Tension&#39;, &#39;First 5 days of Cycle&#39;], &#39;query&#39;: &#39;Calculate the average tension during the first 5 days of the cycle&#39;\n\n</p><p><a href=\"/links?type&#61;workstep&amp;workbook&#61;6B38AD76-0EFC-43E0-9CBB-6B9406A13C33&amp;worksheet&#61;0EE78DB9-6315-7350-936E-90F493FB47CD&amp;workstep&#61;0EF01AB3-B1D3-7520-A2DA-87EA8FA665A0\" rel=\"nofollow noopener noreferrer\">After</a></p>",
        "Enabled": true,
        "Froala Backup": "<h2><strong>Predict Conveyor Belt Tensioning Requirements Across Conveyor Belt Assets</strong></h2><p>Link to <a target=\"_blank\" href=\"https://explore.seeq.com/workbook/C49ABE51-EFA6-4C00-96B6-00918AB67035/worksheet/5D227B08-6A2D-4B89-AC0A-90EB9E14869F\" rel=\"nofollow noopener noreferrer\">Organizer Topic</a></p><h4><strong>Summary</strong></h4><p>Conveyor belts are a key asset for mining companies. They are utilized to transport solids collected from the mines through various pre-processing steps and eventually transfer the materials to a shipping vessel for transfer to the final customer. Creating a predictive model for conveyor belt tension enables <strong>condition-based maintenance</strong> scheduling<strong>,</strong> reducing unnecessary spend on time-based maintenance and catching unplanned belt failures preventing line stoppage events.</p><p>..............................................................................</p><h4><strong>Analysis Steps:</strong></h4><p><a href=\"/links?type&#61;workstep&amp;workbook&#61;6B38AD76-0EFC-43E0-9CBB-6B9406A13C33&amp;worksheet&#61;0EE78DB9-6315-7350-936E-90F493FB47CD&amp;workstep&#61;E8769283-554B-4DA9-B42B-1F95635A9791\" rel=\"nofollow noopener noreferrer\">Reset</a><br><a href=\"/links?type&#61;workstep&amp;workbook&#61;6B38AD76-0EFC-43E0-9CBB-6B9406A13C33&amp;worksheet&#61;0EE78DB9-6315-7350-936E-90F493FB47CD&amp;workstep&#61;1584C09C-E2C1-4C45-9AAC-08F6DD7A796C\" rel=\"nofollow noopener noreferrer\">Decreasing Period</a><br><a href=\"/links?type&#61;workstep&amp;workbook&#61;6B38AD76-0EFC-43E0-9CBB-6B9406A13C33&amp;worksheet&#61;0EE78DB9-6315-7350-936E-90F493FB47CD&amp;workstep&#61;0CE77921-733C-4174-B35E-FBCD346025DB\" rel=\"nofollow noopener noreferrer\">CVB-506 Projection</a><br><a href=\"/links?type&#61;workstep&amp;workbook&#61;6B38AD76-0EFC-43E0-9CBB-6B9406A13C33&amp;worksheet&#61;0EE78DB9-6315-7350-936E-90F493FB47CD&amp;workstep&#61;9817F2CC-A7AF-4141-97AA-EFBC0875136A\" rel=\"nofollow noopener noreferrer\">Treemap</a>\u00a0</p><p><strong>Step 1</strong>. <strong>Pull in Tension Signals</strong></p><p>Identify the tension signals for the belts (assets) in the conveyor belt network, load into the display pane, and visually examine trends in signals over time. Note that different belts will have different beginning tensions, different mean time to failure, varying degrees of signal noise, and different failure dates. (<a href=\"/links?type&#61;workstep&amp;workbook&#61;6B38AD76-0EFC-43E0-9CBB-6B9406A13C33&amp;worksheet&#61;0EE78DB9-6315-7350-936E-90F493FB47CD&amp;workstep&#61;0BB14A8D-8342-4E83-A3AD-1807BF1C9B40\" rel=\"nofollow noopener noreferrer\">work step</a>)</p><p><img src=\"/api/annotations/0EE78DBA-D6DC-FFD0-A59F-1EF6EBEF7175/images/1574203818719_v1.png\"></p><p><strong>Step 2</strong>. <strong>Focus on a Single Asset</strong></p><p>Note that even though we have 7 conveyor belts to analyze in our system, we can use Seeq&#39;s Asset Tree functionalities to do our analysis on a single asset, then apply it across the entire network of belts. Select one conveyor belt to build the analytics out on. We will use CVB505. \u00a0(<a href=\"/links?type&#61;workstep&amp;workbook&#61;6B38AD76-0EFC-43E0-9CBB-6B9406A13C33&amp;worksheet&#61;0EE78DB9-6315-7350-936E-90F493FB47CD&amp;workstep&#61;653A517C-E561-4A63-9AA3-3230C1A61671\" rel=\"nofollow noopener noreferrer\">work step</a>)</p><p><img src=\"/api/annotations/0EE78DBA-D6DC-FFD0-A59F-1EF6EBEF7175/images/1574196775376_v1.png\"></p><p><strong>Step 3</strong>.<strong>\u00a0Identify Time Periods of Interest</strong></p><p>We need to identify the different tension cycles, as well as the end of each cycle when the belt begins to lose tension rapidly. We Identify the change in cycles by calculating the derivative, and searching for when the derivative is high. We define the cycles as the time between these changes in cycle. Finally, we identify the time period when the tension is rapidly decreasing as when the derivative is negative. (<a href=\"/links?type&#61;workstep&amp;workbook&#61;6B38AD76-0EFC-43E0-9CBB-6B9406A13C33&amp;worksheet&#61;0EE78DB9-6315-7350-936E-90F493FB47CD&amp;workstep&#61;1584C09C-E2C1-4C45-9AAC-08F6DD7A796C\" rel=\"nofollow noopener noreferrer\">full work step</a>)</p><p><img src=\"/api/annotations/0EE78DBA-D6DC-FFD0-A59F-1EF6EBEF7175/images/1574203735209_v1.png\"></p><p><strong>Step 4</strong>. <strong>Project Tension Trend into the Future</strong></p><p>Create a model of the tension signal at the end of each cycle. Seeq Formula can be used to create a best fit model based on the data within each &#34;Tension Rapidly Decreasing&#34; capsule. First, we make a <a href=\"/links?type&#61;workstep&amp;workbook&#61;6B38AD76-0EFC-43E0-9CBB-6B9406A13C33&amp;worksheet&#61;0EE78DB9-6315-7350-936E-90F493FB47CD&amp;workstep&#61;F614EFD7-8FA9-403D-920D-BC694831C75D\" rel=\"nofollow noopener noreferrer\">time counter</a> signal that accumulates time during each cycle. We create the <a href=\"/links?type&#61;workstep&amp;workbook&#61;6B38AD76-0EFC-43E0-9CBB-6B9406A13C33&amp;worksheet&#61;0EE78DB9-6315-7350-936E-90F493FB47CD&amp;workstep&#61;93E1AF0A-CBAE-4D5A-B006-43AC642D519D\" rel=\"nofollow noopener noreferrer\">regression condition</a> which stores the intercept and coefficients of the regression equation as capsule properties. Then we <a href=\"/links?type&#61;workstep&amp;workbook&#61;6B38AD76-0EFC-43E0-9CBB-6B9406A13C33&amp;worksheet&#61;0EE78DB9-6315-7350-936E-90F493FB47CD&amp;workstep&#61;9B63D783-67AD-4AED-B9B5-BE397E34CB2F\" rel=\"nofollow noopener noreferrer\">extract these capsule properties</a> as signals and combine those properties with our time counter signal to create the <a href=\"/links?type&#61;workstep&amp;workbook&#61;6B38AD76-0EFC-43E0-9CBB-6B9406A13C33&amp;worksheet&#61;0EE78DB9-6315-7350-936E-90F493FB47CD&amp;workstep&#61;2BA59E5F-DE89-4930-93A2-4DD5DFD89DD9\" rel=\"nofollow noopener noreferrer\">polynomial model</a> equation. (<a href=\"/links?type&#61;workstep&amp;workbook&#61;6B38AD76-0EFC-43E0-9CBB-6B9406A13C33&amp;worksheet&#61;0EE78DB9-6315-7350-936E-90F493FB47CD&amp;workstep&#61;4AD7B1B9-7B79-4D11-B08E-456C07489C70\" rel=\"nofollow noopener noreferrer\">full work step</a>)</p><p><img src=\"/api/annotations/0EE78DBA-D6DC-FFD0-A59F-1EF6EBEF7175/images/1574203688060_v1.png\"></p><p>Add the rSquared value to the Capsules Pane (<a href=\"/links?type&#61;workstep&amp;workbook&#61;6B38AD76-0EFC-43E0-9CBB-6B9406A13C33&amp;worksheet&#61;0EE78DB9-6315-7350-936E-90F493FB47CD&amp;workstep&#61;5B96BFCD-EDAD-481D-85FB-0F8B790E326E\" rel=\"nofollow noopener noreferrer\">work step</a>)</p><p>Evaluate the goodness of fit of the model using Scatter Plot view. (<a href=\"/links?type&#61;workstep&amp;workbook&#61;6B38AD76-0EFC-43E0-9CBB-6B9406A13C33&amp;worksheet&#61;0EE78DB9-6315-7350-936E-90F493FB47CD&amp;workstep&#61;9E1C3E3E-F51C-49B4-8BFF-F16B7A502606\" rel=\"nofollow noopener noreferrer\">work step</a>)</p><p><img src=\"/api/annotations/0EE78DBA-D6DC-FFD0-A59F-1EF6EBEF7175/images/1574202841935_v1.png\"></p><p><strong>Step 5</strong>. <strong>Calculate Threshold Limit</strong></p><p>Create the threshold limit that will be used to determine when a belt requires tensioning. In order to scale this across assets which may have different starting tensions and different threshold values, we will define the threshold value as when the tension falls below 50% of the average tension from the first 5 days of the cycle. We identify the <a href=\"/links?type&#61;workstep&amp;workbook&#61;6B38AD76-0EFC-43E0-9CBB-6B9406A13C33&amp;worksheet&#61;0EE78DB9-6315-7350-936E-90F493FB47CD&amp;workstep&#61;5969B3A6-BF5E-48CC-89E8-CE5FA1D3476D\" rel=\"nofollow noopener noreferrer\">first 5 days</a>, calculate the <a href=\"/links?type&#61;workstep&amp;workbook&#61;6B38AD76-0EFC-43E0-9CBB-6B9406A13C33&amp;worksheet&#61;0EE78DB9-6315-7350-936E-90F493FB47CD&amp;workstep&#61;986422D1-86B1-4686-8DDB-96C7BF3816A5\" rel=\"nofollow noopener noreferrer\">average tension</a> during that time period, then create a new signal that is equal to <a href=\"/links?type&#61;workstep&amp;workbook&#61;6B38AD76-0EFC-43E0-9CBB-6B9406A13C33&amp;worksheet&#61;0EE78DB9-6315-7350-936E-90F493FB47CD&amp;workstep&#61;B43A4C14-4E40-42E6-9E9D-7814A9FF5269\" rel=\"nofollow noopener noreferrer\">50% of that starting tension</a>. (<a href=\"/links?type&#61;workstep&amp;workbook&#61;6B38AD76-0EFC-43E0-9CBB-6B9406A13C33&amp;worksheet&#61;0EE78DB9-6315-7350-936E-90F493FB47CD&amp;workstep&#61;995E33A6-C015-411B-97C4-1DAC4812E28D\" rel=\"nofollow noopener noreferrer\">full work step</a>)</p><p><img src=\"/api/annotations/0EE78DBA-D6DC-FFD0-A59F-1EF6EBEF7175/images/1574203554761_v1.png\"></p><p><strong>Step 6</strong>. <strong>Identify Threshold Limit Violations</strong></p><p>Use value search to identify when the predicted tension will fall below the 50% threshold requiring a tensioning. (<a href=\"/links?type&#61;workstep&amp;workbook&#61;6B38AD76-0EFC-43E0-9CBB-6B9406A13C33&amp;worksheet&#61;0EE78DB9-6315-7350-936E-90F493FB47CD&amp;workstep&#61;AB8E6A46-2CD3-4908-9AF0-A2E940DDB221\" rel=\"nofollow noopener noreferrer\">work step</a>)</p><p><img src=\"/api/annotations/0EE78DBA-D6DC-FFD0-A59F-1EF6EBEF7175/images/1574203506082_v1.png\"></p><p><strong>Step 7</strong>. <strong>Scale Across all Assets</strong></p><p>Scale this analysis to the other conveyor belts in the network. Use TreeMap view to identify which belts have been in the Rapidly Decreasing Tension state over the last day. (<a href=\"/links?type&#61;workstep&amp;workbook&#61;6B38AD76-0EFC-43E0-9CBB-6B9406A13C33&amp;worksheet&#61;0EE78DB9-6315-7350-936E-90F493FB47CD&amp;workstep&#61;9817F2CC-A7AF-4141-97AA-EFBC0875136A\" rel=\"nofollow noopener noreferrer\">work step</a> &#43; step to current time)</p><p><img src=\"/api/annotations/0EE78DBA-D6DC-FFD0-A59F-1EF6EBEF7175/images/1574203442468_v1.png\"></p><h4><a href=\"/links?type&#61;workstep&amp;workbook&#61;6B38AD76-0EFC-43E0-9CBB-6B9406A13C33&amp;worksheet&#61;0EE78DB9-6315-7350-936E-90F493FB47CD&amp;workstep&#61;9817F2CC-A7AF-4141-97AA-EFBC0875136A\" rel=\"nofollow noopener noreferrer\">Final View</a></h4><p>\u00a0</p><p>Link to <a href=\"https://demo.seeq.dev/F6B559E2-A666-4584-9A41-D82C32B1F330/workbook/C49ABE51-EFA6-4C00-96B6-00918AB67035/worksheet/5D227B08-6A2D-4B89-AC0A-90EB9E14869F\" rel=\"nofollow noopener noreferrer\">Organizer topic</a></p><p>\u00a0</p><p>\u00a0</p>",
        "ID": "0EE78DBA-D6DC-FFD0-A59F-1EF6EBEF7175",
        "Is CK Enabled": true,
        "Locked": false,
        "Name": "Predict Conveyor Belt Tensioning Requirements Across Conveyor Belts",
        "Plain Text Document": "Predict Conveyor Belt Tensioning Requirements Across Conveyor BeltsNewcrest Mining performed a similar predictive analysis to assess wear on their crushers, enabling accurate condition-based maintenance leading to a reduction in maintenance costs and additional throughput. Learn more hereProblem Statement:Conveyor belts are a key asset for mining companies. They are utilized to transport solids collected from the mines through various pre-processing steps and eventually transfer the materials to a shipping vessel for transfer to the final customer. Creating a predictive model for conveyor belt tension enables condition-based maintenance scheduling, reducing unnecessary spend on time-based maintenance and catching unplanned belt failures preventing line stoppage events.Solution:Monitor Conveyor Belt NetworkstartIdentify periods of rapidly decreasing tensionProject tension into future based on decline period (step to now &#43; 1/2 display forward)Detect when tensioning is required based on statistical limits(Don&#39;t know how? Ask the AI Assistant! &#34;Calculate the average tension during the first 5 days of the cycle&#34;)Scale across all conveyor belts(Do it! Swap conveyor from CVB-501 to CVB-502)Report results in an Organizer Topic\u00a0",
        "Type": "Journal",
        "Unsearchable": false,
        "Updated At": "1713902063302417239"
    }
}