{
    "ID": "0EE78E26-EEC8-7380-8D2C-BDF34D53832E",
    "Type": "Workstep",
    "Data": {
        "version": 54,
        "state": {
            "stores": {
                "sqAssetGroupStore": {
                    "id": "",
                    "assets": [],
                    "name": "",
                    "description": "",
                    "errors": [],
                    "isLoading": false,
                    "hasUnsavedChanges": false
                },
                "sqInvestigateStore": {
                    "item": {},
                    "activeTool": "overview",
                    "displayMode": "NEW",
                    "derivedDataPanelOpen": false
                },
                "sqPluginStore": {
                    "pluginState": {}
                },
                "sqDurationStore": {
                    "autoUpdate": {
                        "mode": "OFF",
                        "offset": 0,
                        "manualInterval": {
                            "value": 1,
                            "units": "min"
                        }
                    },
                    "displayRange": {
                        "start": 1696722350285,
                        "end": 1698862432422
                    },
                    "investigateRange": {
                        "start": 1696216459412,
                        "end": 1698862432422
                    }
                },
                "sqExploreFolderModalStore": {
                    "pageSize": 5
                },
                "sqExploreWorkbookModalStore": {
                    "pageSize": 5
                },
                "sqWorksheetStore": {
                    "tabsets": {
                        "sidebar": 2
                    },
                    "viewKey": "TREND",
                    "returnViewKey": "TREND",
                    "selectedIdsForView": {},
                    "browsePanelCollapsed": false,
                    "displayWidth": 1336,
                    "displayHeight": 575,
                    "resizeEnabled": true,
                    "conditionToSeriesGrouping": {},
                    "capsuleGroupMode": false,
                    "showAssetSelectionWarnings": true
                },
                "sqSearchStore": {
                    "nameFilter": "",
                    "isExactName": false,
                    "descriptionFilter": "",
                    "typeFilter": [],
                    "datasourceFilter": [],
                    "sortBy": "",
                    "isAdvancedMode": false,
                    "mode": "overview",
                    "currentAsset": "",
                    "selectAllChecked": false,
                    "selectedItemIds": []
                },
                "sqCompositeSearchStore": {
                    "originalParameters": [],
                    "advancedParametersCollapsed": true,
                    "color": "",
                    "isUpgradedUnionCondition": false,
                    "inclusiveA": true,
                    "inclusiveB": true,
                    "matchProperty": "n/a",
                    "useEarliestStart": true,
                    "keepProperties": false
                },
                "sqConditionWithPropertiesStore": {
                    "originalParameters": [],
                    "advancedParametersCollapsed": true,
                    "properties": [
                        {
                            "stringSignal": "",
                            "propertyName": ""
                        },
                        {
                            "stringSignal": "",
                            "propertyName": ""
                        }
                    ]
                },
                "sqValueSearchStore": {
                    "originalParameters": [],
                    "advancedParametersCollapsed": true,
                    "inputSignal": {
                        "predicate": [
                            "name",
                            "a"
                        ]
                    },
                    "isSimple": true,
                    "useValidValues": false,
                    "isCleansing": false,
                    "simpleValue": null,
                    "simpleLowerValue": null,
                    "minDuration": {
                        "value": 0,
                        "units": "min"
                    },
                    "mergeDuration": {
                        "value": 0,
                        "units": "min"
                    },
                    "advancedEntryValue": null,
                    "advancedEntryLowerValue": null,
                    "advancedEntryDuration": {
                        "value": 0,
                        "units": "min"
                    },
                    "advancedExitValue": null,
                    "advancedExitDuration": {
                        "value": 0,
                        "units": "min"
                    },
                    "isMigratedDeviationSearch": false,
                    "version": "V3"
                },
                "sqItemPropertiesStore": {
                    "advancedParametersCollapsed": true
                },
                "sqManualSignalStore": {
                    "originalParameters": [],
                    "advancedParametersCollapsed": true,
                    "interpolationMethod": "Linear",
                    "maximumInterpolation": {
                        "value": "40",
                        "units": "h"
                    },
                    "samples": [],
                    "sort": {
                        "asc": false,
                        "property": "dateTime"
                    },
                    "color": ""
                },
                "sqManualConditionStore": {
                    "originalParameters": [],
                    "advancedParametersCollapsed": true,
                    "color": ""
                },
                "sqFftStore": {
                    "originalParameters": [],
                    "advancedParametersCollapsed": true,
                    "signalToAggregate": {
                        "predicate": [
                            "name",
                            "signalToAggregate"
                        ]
                    },
                    "rateType": true,
                    "rate": {},
                    "outputUnits": "min",
                    "highPass": {},
                    "lowPass": {},
                    "useHighPass": false,
                    "useLowPass": false
                },
                "sqAggregationBinStore": {
                    "signalToAggregate": {
                        "predicate": [
                            "name",
                            "signalToAggregate"
                        ]
                    },
                    "mode": "by_y_value",
                    "includeEmptyBuckets": true,
                    "yValueSignal": "",
                    "stat": {
                        "key": null,
                        "timeUnits": "s"
                    },
                    "aggregationConfigs": [
                        {
                            "id": 1,
                            "mode": "by_y_value",
                            "capsuleMode": "overlap",
                            "yValueBinMode": "size",
                            "valid": false
                        }
                    ],
                    "originalParameters": [],
                    "advancedParametersCollapsed": true
                },
                "sqSignalFromConditionStore": {
                    "originalParameters": [],
                    "advancedParametersCollapsed": true,
                    "inputItem": {
                        "predicate": [
                            "name",
                            "series"
                        ]
                    },
                    "condition": {
                        "predicate": [
                            "name",
                            "capsules"
                        ]
                    },
                    "interpolation": "DISCRETE",
                    "stat": {
                        "timeUnits": "s"
                    },
                    "color": ""
                },
                "sqPeriodicConditionStore": {
                    "originalParameters": [],
                    "advancedParametersCollapsed": true,
                    "timezone": "US/Pacific",
                    "frequencies": [],
                    "weekStart": "Day.Sunday",
                    "quarterStart": {
                        "month": "Month.January",
                        "day": 1
                    },
                    "shift": {
                        "offset": 8,
                        "duration": 8
                    },
                    "offset": {}
                },
                "sqProfileSearchStore": {
                    "originalParameters": [],
                    "advancedParametersCollapsed": true,
                    "inputSignal": {
                        "predicate": [
                            "name",
                            "a"
                        ]
                    },
                    "similarity": 98,
                    "normalizeAmplitude": true,
                    "normalizeLocation": true,
                    "selectedRegion": {}
                },
                "sqPredictionPanelStore": {
                    "originalParameters": [],
                    "advancedParametersCollapsed": true,
                    "option": "linear",
                    "polynomialValue": 2,
                    "mustGoThroughZero": false,
                    "lambda": 0,
                    "windowStart": 1572885984421,
                    "windowEnd": 1575026066558,
                    "modelExpanded": false,
                    "regressionMethod": "OLS",
                    "variableSelection": 0.05,
                    "variableSelectionEnabled": false,
                    "color": ""
                },
                "sqSignalSmoothingStore": {
                    "originalParameters": [],
                    "advancedParametersCollapsed": true,
                    "inputSignal": {
                        "predicate": [
                            "name",
                            "inputSignal"
                        ]
                    },
                    "algorithmSelectedValue": "seeq-agile",
                    "samplingRate": {},
                    "smoothingWindow": {},
                    "cutoff": {},
                    "polynomialFactor": 2,
                    "isSamplingRateAuto": true,
                    "isCutoffAuto": true,
                    "isTau": true,
                    "tau": {
                        "value": 10,
                        "units": "min"
                    },
                    "alpha": 0.9,
                    "isMigratedLowPassFilter": false,
                    "color": ""
                },
                "sqDigitalFilterStore": {
                    "originalParameters": [],
                    "advancedParametersCollapsed": true,
                    "inputSignal": {
                        "predicate": [
                            "name",
                            "inputSignal"
                        ]
                    },
                    "cutoff": {},
                    "cutoff2": {},
                    "samplingRate": {},
                    "windowSize": {},
                    "isAutoSamplingRate": true,
                    "isAutoWindowSize": true,
                    "color": ""
                },
                "sqTrendMetricStore": {
                    "items": []
                },
                "sqTrendTableStore": {
                    "items": []
                },
                "sqReferencePanelStore": {
                    "originalParameters": [],
                    "advancedParametersCollapsed": true,
                    "windowStart": 1572885984421,
                    "windowEnd": 1575026066558,
                    "griddingPeriod": {
                        "value": 5,
                        "units": "min"
                    },
                    "referenceStat": "",
                    "multiplier": 1,
                    "inputGroups": [
                        {
                            "inputSignal": {},
                            "inputCondition": {}
                        }
                    ]
                },
                "sqDisplayToolStore": {
                    "originalParameters": [],
                    "advancedParametersCollapsed": true,
                    "isScaled": true
                },
                "sqTrendScalarStore": {
                    "items": []
                },
                "sqTrendSeriesStore": {
                    "items": [
                        {
                            "axisAlign": "B",
                            "axisAutoScale": true,
                            "lane": 6,
                            "rightAxis": false,
                            "dashStyle": "Solid",
                            "lineWidth": 1,
                            "autoDisabled": false,
                            "axisVisibility": true,
                            "yAxisType": "linear",
                            "sampleDisplayOption": "line",
                            "id": "F252D7AA-D524-4549-ADC1-1C9B3189C151",
                            "name": "derivative",
                            "selected": false,
                            "color": "#4055A3"
                        },
                        {
                            "axisAlign": "C",
                            "axisAutoScale": true,
                            "lane": 7,
                            "rightAxis": false,
                            "dashStyle": "Solid",
                            "lineWidth": 1,
                            "autoDisabled": false,
                            "axisVisibility": true,
                            "yAxisType": "linear",
                            "sampleDisplayOption": "line",
                            "id": "D848A246-6A14-41F5-8464-7DA2E9C2FB78",
                            "name": "Time counter",
                            "selected": false,
                            "color": "#E1498E"
                        },
                        {
                            "axisAlign": "D",
                            "axisAutoScale": true,
                            "lane": 8,
                            "rightAxis": false,
                            "dashStyle": "Solid",
                            "lineWidth": 1,
                            "autoDisabled": false,
                            "axisVisibility": true,
                            "yAxisType": "linear",
                            "sampleDisplayOption": "line",
                            "id": "9E48F3B0-10BB-4DA4-A90D-F50495451F4E",
                            "name": "Regression Eqn Intercept",
                            "selected": false,
                            "color": "#4B7ABD"
                        },
                        {
                            "axisAlign": "E",
                            "axisAutoScale": true,
                            "lane": 9,
                            "rightAxis": false,
                            "dashStyle": "Solid",
                            "lineWidth": 1,
                            "autoDisabled": false,
                            "axisVisibility": true,
                            "yAxisType": "linear",
                            "sampleDisplayOption": "line",
                            "id": "84DF7320-DDF2-4CA9-BEFE-E3148C5FC7A4",
                            "name": "Regression Eqn Coeff1",
                            "selected": false,
                            "color": "#AC4625"
                        },
                        {
                            "axisAlign": "F",
                            "axisAutoScale": true,
                            "lane": 10,
                            "rightAxis": false,
                            "dashStyle": "Solid",
                            "lineWidth": 1,
                            "autoDisabled": false,
                            "axisVisibility": true,
                            "yAxisType": "linear",
                            "sampleDisplayOption": "line",
                            "id": "E65CA5BE-D1F5-4768-8215-2F244DF0A68C",
                            "name": "Regression Eqn Coeff2",
                            "selected": false,
                            "color": "#D3AA4C"
                        },
                        {
                            "axisAlign": "A",
                            "axisAutoScale": true,
                            "lane": 5,
                            "rightAxis": false,
                            "dashStyle": "ShortDash",
                            "lineWidth": 3,
                            "autoDisabled": false,
                            "axisVisibility": true,
                            "yAxisType": "linear",
                            "sampleDisplayOption": "line",
                            "id": "8FCF213F-60BF-48F1-AC79-0C214A655137",
                            "name": "Tension Model",
                            "selected": true,
                            "color": "#542B7C",
                            "interpolationMethod": "Linear"
                        },
                        {
                            "axisAlign": "A",
                            "axisAutoScale": true,
                            "lane": 5,
                            "rightAxis": false,
                            "dashStyle": "Solid",
                            "lineWidth": 1,
                            "autoDisabled": false,
                            "axisVisibility": true,
                            "yAxisType": "linear",
                            "sampleDisplayOption": "line",
                            "id": "C9EEFD82-CDFC-4379-9D46-A6FD926C3149",
                            "name": "Tension",
                            "selected": true,
                            "color": "#CE561B",
                            "interpolationMethod": "Linear"
                        }
                    ],
                    "editingId": null,
                    "previewSeriesDefinition": {}
                },
                "sqImportDatafileStore": {
                    "uploadFilename": "",
                    "filename": "",
                    "keyColumnIndex": 1,
                    "keyColumnName": "",
                    "interpolationMethod": {
                        "text": "IMPORTS.INTERPOLATION.LINEAR",
                        "value": "Linear"
                    },
                    "validationMode": {
                        "text": "IMPORTS.VALIDATION_MODE_TYPES.FAIL",
                        "value": "Fail"
                    },
                    "fileOutputType": {
                        "text": "IMPORTS.FILE_OUTPUT_TYPES.REPLACE",
                        "value": "Replace"
                    },
                    "fieldDelimiter": {
                        "text": ",",
                        "value": "Comma"
                    },
                    "maxInterpolation": {
                        "value": 40,
                        "units": "h"
                    },
                    "namePrefix": "",
                    "nameSuffix": "",
                    "firstDataRow": 2,
                    "nameRow": 1,
                    "description": "",
                    "valueColumnOption": {
                        "text": "IMPORTS.VALUE_COLUMN.ALL",
                        "value": "All"
                    },
                    "valueUom": "",
                    "lenientDaylightSavings": false,
                    "itemType": {
                        "text": "IMPORTS.SIGNAL",
                        "value": "Signal"
                    },
                    "maxDuration": {
                        "value": 40,
                        "units": "h"
                    },
                    "endColumnName": "",
                    "conditionName": "",
                    "dayFirstDefault": {
                        "text": "IMPORTS.FIRST.MONTH",
                        "value": false
                    },
                    "originalParameters": [],
                    "advancedParametersCollapsed": true
                },
                "sqTrendCapsuleStore": {
                    "selectedCapsules": [],
                    "dataStatus": "itemDataPresent",
                    "warningCount": 0,
                    "warningLogs": [],
                    "timingInformation": "",
                    "meterInformation": "",
                    "editingId": null,
                    "previewCapsulesDefinition": {},
                    "capsulesPerPage": 30,
                    "items": [
                        {
                            "id": "BA3E60D7-EEC7-4C0D-AD71-69A2D9A5856F_863507b6-3dc3-b9d3-95f7-ea5c6719ff9e_temp",
                            "startTime": 1698416951788,
                            "endTime": null,
                            "isChildOf": "BA3E60D7-EEC7-4C0D-AD71-69A2D9A5856F",
                            "childType": "itemChildrenTypeCapsule",
                            "isUncertain": true,
                            "itemType": "capsuleDisplayType"
                        }
                    ]
                },
                "sqCapsuleGroupStore": {
                    "capsules": []
                },
                "sqCursorStore": {
                    "calendarCursors": [],
                    "capsuleCursors": [],
                    "showValues": true
                },
                "sqTrendCapsuleSetStore": {
                    "items": [
                        {
                            "lane": 1,
                            "lineWidth": 1,
                            "autoDisabled": false,
                            "id": "8C76A714-1DCA-4187-8E4C-966BD2EEBB38",
                            "name": "in between cycles",
                            "selected": false,
                            "color": "#068C45"
                        },
                        {
                            "lane": 2,
                            "lineWidth": 1,
                            "autoDisabled": false,
                            "id": "BA3E60D7-EEC7-4C0D-AD71-69A2D9A5856F",
                            "name": "cycle",
                            "selected": true,
                            "color": "#9D248F"
                        },
                        {
                            "lane": 3,
                            "lineWidth": 1,
                            "autoDisabled": false,
                            "id": "5E7BFBC6-A191-47EF-961E-BB085446B050",
                            "name": "Tension decreasing",
                            "selected": true,
                            "color": "#00A2DD"
                        },
                        {
                            "lane": 4,
                            "lineWidth": 1,
                            "autoDisabled": false,
                            "id": "C9438E6C-1C82-4C51-8F73-D0085170A7B9",
                            "name": "Regression Condition",
                            "selected": false,
                            "color": "#996442"
                        }
                    ]
                },
                "sqTrendStore": {
                    "view": "calendar",
                    "isCompareMode": false,
                    "enabledColumns": {
                        "CAPSULES": {
                            "startTime": true,
                            "properties.Coeff1": true,
                            "properties.Coeff2": true,
                            "properties.Intercept": true
                        },
                        "SERIES": {
                            "asset": true,
                            "lane": true
                        }
                    },
                    "propertyColumns": {
                        "CAPSULES": {
                            "properties.Coeff1": {
                                "key": "properties.Coeff1",
                                "uomKey": "propertiesUOM.Coeff1",
                                "propertyName": "Coeff1"
                            },
                            "properties.Coeff2": {
                                "key": "properties.Coeff2",
                                "uomKey": "propertiesUOM.Coeff2",
                                "propertyName": "Coeff2"
                            },
                            "properties.Intercept": {
                                "key": "properties.Intercept",
                                "uomKey": "propertiesUOM.Intercept",
                                "propertyName": "Intercept"
                            }
                        }
                    },
                    "selectedRegion": {
                        "min": 0,
                        "max": 0
                    },
                    "capsuleTimeOffsets": {
                        "lower": 0,
                        "upper": 0
                    },
                    "dataSummary": {
                        "type": "AUTO",
                        "value": 0,
                        "discreteUnits": {
                            "value": 0,
                            "units": "min"
                        },
                        "isSlider": true
                    },
                    "capsuleTimeColorMode": "signal",
                    "compareViewColorMode": "rainbow",
                    "capsulePreview": false,
                    "customizationMode": "off",
                    "dimDataOutsideCapsules": false,
                    "hideUnselectedItems": true,
                    "labelDisplayConfiguration": {
                        "name": "lane",
                        "description": "off",
                        "asset": "lane",
                        "assetPathLevels": 1,
                        "line": "off",
                        "unitOfMeasure": "axis",
                        "custom": "off",
                        "customLabels": []
                    },
                    "showCapsuleLaneLabels": true,
                    "panelProps": {
                        "BOTTOM": {
                            "leftPanelWidth": 585,
                            "height": "25.3%"
                        }
                    },
                    "panelSorters": {
                        "CAPSULES": {
                            "sortBy": "startTime",
                            "sortAsc": true
                        },
                        "CAPSULE_SERIES": {
                            "sortBy": "startTime",
                            "sortAsc": true
                        },
                        "SERIES": {
                            "sortBy": "lane",
                            "sortAsc": true
                        },
                        "INVESTIGATE_ITEMS": {
                            "sortBy": "name",
                            "sortAsc": true
                        }
                    },
                    "capsulePanelFilters": {},
                    "capsulePanelOffset": 0,
                    "capsulePanelMaxOffset": 0,
                    "capsulePanelHasNext": false,
                    "showGridlines": false,
                    "capsuleProperties": [],
                    "capsuleAlignment": [],
                    "showChartConfiguration": false
                },
                "sqTreemapStore": {
                    "parent": {},
                    "statistics": []
                },
                "sqExportExcelPanelStore": {
                    "name": "Promotional - Conveyor Belt Tension Modeling and Monitoring",
                    "originalParameters": [],
                    "advancedParametersCollapsed": true,
                    "exportStatistics": true,
                    "exportData": true,
                    "timeRange": {
                        "start": 1698776026327,
                        "end": 1698862426327
                    },
                    "exportTimeZone": {
                        "name": "US/Central",
                        "displayName": "US/Central",
                        "offset": "-05:00",
                        "offsetMinutes": -300
                    },
                    "gridOption": "custom",
                    "gridSize": {
                        "value": 1,
                        "units": "min"
                    },
                    "gridOrigin": 1672552800000,
                    "gridOriginEnabled": false
                },
                "sqScatterPlotStore": {
                    "xSignal": null,
                    "ySignals": [],
                    "selector": {
                        "low": 0.5,
                        "high": 0.75
                    },
                    "selectedRegion": {
                        "x": {
                            "min": null,
                            "max": null
                        },
                        "ys": {}
                    },
                    "viewRegion": {
                        "x": {
                            "min": null,
                            "max": null
                        },
                        "ys": {}
                    },
                    "fxLines": [],
                    "colorConditionIds": [],
                    "colorByItemColor": false,
                    "colorRanges": [],
                    "plotMode": "DISPLAY_RANGE",
                    "plotView": "SCATTER_PLOT",
                    "connect": false,
                    "showTooltips": true,
                    "isMarkerSizeCustom": false,
                    "densityPlotData": [],
                    "numXBins": 40,
                    "numYBins": 20,
                    "xBinSize": 0,
                    "yBinSize": 0
                },
                "sqExportODataPanelStore": {
                    "name": "New",
                    "originalParameters": [],
                    "advancedParametersCollapsed": true,
                    "autoupdateTimeRange": false,
                    "timeRange": {
                        "start": 1572885984421,
                        "end": 1575026066558
                    },
                    "exportTimeZone": {
                        "name": "US/Pacific",
                        "displayName": "US/Pacific",
                        "offset": "-07:00",
                        "offsetMinutes": -420
                    },
                    "gridOption": "automatic",
                    "gridSize": {
                        "units": "min"
                    },
                    "gridOrigin": 1609488000000,
                    "gridOriginEnabled": false,
                    "exportNameSuffix": ""
                },
                "sqTableBuilderStore": {
                    "mode": "condition",
                    "headers": {
                        "condition": {
                            "type": "startEnd",
                            "format": "lll"
                        },
                        "simple": {
                            "type": "startEnd",
                            "format": "lll"
                        }
                    },
                    "columns": {
                        "condition": [
                            {
                                "backgroundColor": "#ffffff",
                                "key": "name",
                                "headerTextAlign": "center",
                                "headerTextStyle": [
                                    "bold"
                                ]
                            }
                        ],
                        "simple": [
                            {
                                "key": "name",
                                "headerTextAlign": "center",
                                "headerTextStyle": [
                                    "bold"
                                ]
                            },
                            {
                                "key": "valueUnitOfMeasure",
                                "headerTextAlign": "center",
                                "headerTextStyle": [
                                    "bold"
                                ]
                            }
                        ]
                    },
                    "isTransposed": {
                        "condition": true,
                        "simple": false
                    },
                    "assetId": {},
                    "isHomogenizeUnits": {
                        "condition": false,
                        "simple": false
                    },
                    "itemFilters": {},
                    "itemSorts": {},
                    "isMigrating": false,
                    "chartView": {
                        "enabled": false,
                        "settings": {
                            "title": "",
                            "legend": true,
                            "dataLabels": true,
                            "categoryLabels": true,
                            "rows": [],
                            "columns": [],
                            "categoryColumns": [
                                "name"
                            ],
                            "showSettings": false,
                            "position": {
                                "x": 100,
                                "y": 100
                            }
                        }
                    },
                    "useSignalColorsInChart": true
                },
                "sqFormulaToolStore": {
                    "originalParameters": [],
                    "advancedParametersCollapsed": true,
                    "formula": "",
                    "parameters": [],
                    "navigationStack": [],
                    "helpShown": true
                },
                "sqThresholdMetricStore": {
                    "originalParameters": [],
                    "advancedParametersCollapsed": true,
                    "measuredItem": {
                        "predicate": [
                            "name",
                            "measuredItem"
                        ]
                    },
                    "boundingCondition": {
                        "predicate": [
                            "name",
                            "boundingCondition"
                        ]
                    },
                    "processType": "Simple",
                    "aggregationOperator": {
                        "key": null,
                        "timeUnits": "s"
                    },
                    "duration": {},
                    "period": {},
                    "thresholds": {}
                },
                "sqScatterConditionStore": {
                    "originalParameters": [],
                    "advancedParametersCollapsed": true,
                    "isBounding": false,
                    "isCleansing": false,
                    "minDuration": {
                        "value": 0,
                        "units": "min"
                    },
                    "mergeDuration": {
                        "value": 0,
                        "units": "min"
                    }
                },
                "sqScorecardStore": {
                    "metrics": []
                }
            }
        }
    }
}