{
    "Definition": {
        "Archived": false,
        "Cache Enabled": false,
        "Created At": "1732627443603261849",
        "Description": "&nbsp; A Major Renewables Operator used Seeq to monitor soiling losses across all solar farms and take action when losses exceeded maintenance costs. Objective Solar plants consisting of axis tracking panels are subject to tracker equipment failures or inaccuracies. All solar plants are subject to panel soiling losses. Developing a",
        "Document": "<h1><strong>Solar Axis Tracking/Soiling Loss Calculation</strong></h1><figure class=\"table\" style=\"width:100%;\"><table class=\"ck-table-resized\" style=\"border-color:hsl(0, 0%, 100%);border-style:solid;\"><colgroup><col style=\"width:38.31%;\" /><col style=\"width:61.69%;\" /></colgroup><tbody><tr><td style=\"border-color:hsl(0, 0%, 100%);border-style:solid;\">\u00a0</td><td style=\"border-color:hsl(0, 0%, 100%);border-style:solid;\"><h4><i><strong>A Major Renewables Operator </strong>used Seeq to monitor soiling losses across all solar farms and take action when losses exceeded maintenance costs.</i></h4></td></tr></tbody></table></figure><h4><strong>Objective</strong></h4><p>Solar plants consisting of axis tracking panels are subject to tracker equipment failures or inaccuracies. All solar plants are subject to panel soiling losses. Developing a model of expected power output based on meteorology data allows for the estimation of losses related to tracker faults or soiling. This allows the engineers monitoring the plant to make informed decisions about when panels should be cleaned off, or if the tracker control module/motors need maintenance or optimization.\u00a0</p><h4>\u00a0</h4><h4><strong>Analysis Steps:</strong></h4><p><a href=\"/links?type&#61;workstep&amp;workbook&#61;0EFABF9A-FD45-77B0-80D7-D170364AA6AC&amp;worksheet&#61;0EFABF9B-18CD-FD20-B5BE-956CECAFD6D9&amp;workstep&#61;0EFABFA4-96D7-EAA0-B17A-B9D9B4E57034\" rel=\"nofollow noopener noreferrer\">starting point</a></p><p><i><strong>Do It!</strong> </i>Find when the sun is shining using <a href=\"/links?type&#61;workstep&amp;workbook&#61;0EFABF9A-FD45-77B0-80D7-D170364AA6AC&amp;worksheet&#61;0EFABF9B-18CD-FD20-B5BE-956CECAFD6D9&amp;workstep&#61;0EFABFA6-9069-EEF0-82DF-6AF7730F85FA\" rel=\"nofollow noopener noreferrer\">value search (limit greater than 75)</a></p><p>Create a training condition when the <a href=\"/links?type&#61;workstep&amp;workbook&#61;0EFABF9A-FD45-77B0-80D7-D170364AA6AC&amp;worksheet&#61;0EFABF9B-18CD-FD20-B5BE-956CECAFD6D9&amp;workstep&#61;0EFABFA9-48A4-ECC0-B4AB-3BFBC88F3AC1\" rel=\"nofollow noopener noreferrer\">sun is shining and tracker deviations are low</a></p><p>Develop a <a href=\"/links?type&#61;workstep&amp;workbook&#61;0EFABF9A-FD45-77B0-80D7-D170364AA6AC&amp;worksheet&#61;0EFABF9B-18CD-FD20-B5BE-956CECAFD6D9&amp;workstep&#61;0EFABFAF-A05C-62F0-A81B-6D1F46E20C9B\" rel=\"nofollow noopener noreferrer\">Power Model</a> when panels were clean and trackers were close to setpoint</p><p>Determine the <a href=\"/links?type&#61;workstep&amp;workbook&#61;0EFABF9A-FD45-77B0-80D7-D170364AA6AC&amp;worksheet&#61;0EFABF9B-18CD-FD20-B5BE-956CECAFD6D9&amp;workstep&#61;0EFABFB1-D368-ECF0-AFFF-D9F05FA2A199\" rel=\"nofollow noopener noreferrer\">difference between model and actual power output</a></p><p><a href=\"/links?type&#61;workstep&amp;workbook&#61;0EFABF9A-FD45-77B0-80D7-D170364AA6AC&amp;worksheet&#61;0EFABF9B-18CD-FD20-B5BE-956CECAFD6D9&amp;workstep&#61;0EFABFB9-A8DA-75D0-B5C6-AD8EBA9F554F\" rel=\"nofollow noopener noreferrer\">Totalize lost power due to Soiling/axis tracking issues</a></p><p>Build a <a href=\"/links?type&#61;workstep&amp;workbook&#61;0EFABF9A-FD45-77B0-80D7-D170364AA6AC&amp;worksheet&#61;0EFABF9B-18CD-FD20-B5BE-956CECAFD6D9&amp;workstep&#61;0EFABFBE-AD9A-FD90-90AB-D7E60F27C622\" rel=\"nofollow noopener noreferrer\">table of lost revenue due to soiling and axis tracking issues</a> to determine when maintenance should be performed</p>",
        "DocumentBackup\u02c9DEg3Lh5pLS4-lG84EjGXXXdzxhd1450vkLgiu8he2l8\u02c92024-11-26T13:24:00Z": "",
        "DocumentBackup\u02c9DEg3Lh5pLS4-lG84EjGXXXdzxhd1450vkLgiu8he2l8\u02c92024-11-26T13:28:00Z": "<h1><strong>Solar Axis Tracking/Soiling Loss Calculation</strong></h1><figure class=\"table\" style=\"width:100%;\"><table class=\"ck-table-resized\" style=\"border-color:hsl(0, 0%, 100%);border-style:solid;\"><colgroup><col style=\"width:38.31%;\" /><col style=\"width:61.69%;\" /></colgroup><tbody><tr><td style=\"border-color:hsl(0, 0%, 100%);border-style:solid;\">\u00a0</td><td style=\"border-color:hsl(0, 0%, 100%);border-style:solid;\"><h4><i><strong>A Major Renewables Operator </strong>used Seeq to monitor soiling losses across all solar farms and take action when losses exceeded maintenance costs.</i></h4></td></tr></tbody></table></figure><h4><strong>Objective</strong></h4><p>Solar plants consisting of axis tracking panels are subject to tracker equipment failures or inaccuracies. All solar plants are subject to panel soiling losses. Developing a model of expected power output based on meteorology data allows for the estimation of losses related to tracker faults or soiling. This allows the engineers monitoring the plant to make informed decisions about when panels should be cleaned off, or if the tracker control module/motors need maintenance or optimization.\u00a0</p><h4>\u00a0</h4><h4><strong>Analysis Steps:</strong></h4><p><a href=\"/links?type&#61;workstep&amp;workbook&#61;0EFABF9A-FD45-77B0-80D7-D170364AA6AC&amp;worksheet&#61;0EFABF9B-18CD-FD20-B5BE-956CECAFD6D9&amp;workstep&#61;0EFABFA4-96D7-EAA0-B17A-B9D9B4E57034\" rel=\"nofollow noopener noreferrer\">starting point</a></p><p><i>Do It! </i>Find when the sun is shining using value search (limit greater than 75)</p><p>Create a training condition when the sun is shining and tracker deviations are low</p><p>Develop a Power Model when panels were clean and trackers were close to setpoint</p><p>Determine the difference between model and actual power output</p><p>Totalize lost power due to Soiling/axis tracking issues</p><p>Build a table of lost revenue due to soiling and axis tracking issues to determine when maintenance should be performed</p>",
        "DocumentBackup\u02c9DEg3Lh5pLS4-lG84EjGXXXdzxhd1450vkLgiu8he2l8\u02c92024-11-26T13:29:00Z": "<h1><strong>Solar Axis Tracking/Soiling Loss Calculation</strong></h1><figure class=\"table\" style=\"width:100%;\"><table class=\"ck-table-resized\" style=\"border-color:hsl(0, 0%, 100%);border-style:solid;\"><colgroup><col style=\"width:38.31%;\" /><col style=\"width:61.69%;\" /></colgroup><tbody><tr><td style=\"border-color:hsl(0, 0%, 100%);border-style:solid;\">\u00a0</td><td style=\"border-color:hsl(0, 0%, 100%);border-style:solid;\"><h4><i><strong>A Major Renewables Operator </strong>used Seeq to monitor soiling losses across all solar farms and take action when losses exceeded maintenance costs.</i></h4></td></tr></tbody></table></figure><h4><strong>Objective</strong></h4><p>Solar plants consisting of axis tracking panels are subject to tracker equipment failures or inaccuracies. All solar plants are subject to panel soiling losses. Developing a model of expected power output based on meteorology data allows for the estimation of losses related to tracker faults or soiling. This allows the engineers monitoring the plant to make informed decisions about when panels should be cleaned off, or if the tracker control module/motors need maintenance or optimization.\u00a0</p><h4>\u00a0</h4><h4><strong>Analysis Steps:</strong></h4><p><a href=\"/links?type&#61;workstep&amp;workbook&#61;0EFABF9A-FD45-77B0-80D7-D170364AA6AC&amp;worksheet&#61;0EFABF9B-18CD-FD20-B5BE-956CECAFD6D9&amp;workstep&#61;0EFABFA4-96D7-EAA0-B17A-B9D9B4E57034\" rel=\"nofollow noopener noreferrer\">starting point</a></p><p><i><strong>Do It!</strong> </i>Find when the sun is shining using <a href=\"/links?type&#61;workstep&amp;workbook&#61;0EFABF9A-FD45-77B0-80D7-D170364AA6AC&amp;worksheet&#61;0EFABF9B-18CD-FD20-B5BE-956CECAFD6D9&amp;workstep&#61;0EFABFA6-9069-EEF0-82DF-6AF7730F85FA\" rel=\"nofollow noopener noreferrer\">value search (limit greater than 75)</a></p><p>Create a training condition when the sun is shining and tracker deviations are low</p><p>Develop a Power Model when panels were clean and trackers were close to setpoint</p><p>Determine the difference between model and actual power output</p><p>Totalize lost power due to Soiling/axis tracking issues</p><p>Build a table of lost revenue due to soiling and axis tracking issues to determine when maintenance should be performed</p>",
        "DocumentBackup\u02c9DEg3Lh5pLS4-lG84EjGXXXdzxhd1450vkLgiu8he2l8\u02c92024-11-26T13:30:00Z": "<h1><strong>Solar Axis Tracking/Soiling Loss Calculation</strong></h1><figure class=\"table\" style=\"width:100%;\"><table class=\"ck-table-resized\" style=\"border-color:hsl(0, 0%, 100%);border-style:solid;\"><colgroup><col style=\"width:38.31%;\" /><col style=\"width:61.69%;\" /></colgroup><tbody><tr><td style=\"border-color:hsl(0, 0%, 100%);border-style:solid;\">\u00a0</td><td style=\"border-color:hsl(0, 0%, 100%);border-style:solid;\"><h4><i><strong>A Major Renewables Operator </strong>used Seeq to monitor soiling losses across all solar farms and take action when losses exceeded maintenance costs.</i></h4></td></tr></tbody></table></figure><h4><strong>Objective</strong></h4><p>Solar plants consisting of axis tracking panels are subject to tracker equipment failures or inaccuracies. All solar plants are subject to panel soiling losses. Developing a model of expected power output based on meteorology data allows for the estimation of losses related to tracker faults or soiling. This allows the engineers monitoring the plant to make informed decisions about when panels should be cleaned off, or if the tracker control module/motors need maintenance or optimization.\u00a0</p><h4>\u00a0</h4><h4><strong>Analysis Steps:</strong></h4><p><a href=\"/links?type&#61;workstep&amp;workbook&#61;0EFABF9A-FD45-77B0-80D7-D170364AA6AC&amp;worksheet&#61;0EFABF9B-18CD-FD20-B5BE-956CECAFD6D9&amp;workstep&#61;0EFABFA4-96D7-EAA0-B17A-B9D9B4E57034\" rel=\"nofollow noopener noreferrer\">starting point</a></p><p><i><strong>Do It!</strong> </i>Find when the sun is shining using <a href=\"/links?type&#61;workstep&amp;workbook&#61;0EFABF9A-FD45-77B0-80D7-D170364AA6AC&amp;worksheet&#61;0EFABF9B-18CD-FD20-B5BE-956CECAFD6D9&amp;workstep&#61;0EFABFA6-9069-EEF0-82DF-6AF7730F85FA\" rel=\"nofollow noopener noreferrer\">value search (limit greater than 75)</a></p><p>Create a training condition when the <a href=\"/links?type&#61;workstep&amp;workbook&#61;0EFABF9A-FD45-77B0-80D7-D170364AA6AC&amp;worksheet&#61;0EFABF9B-18CD-FD20-B5BE-956CECAFD6D9&amp;workstep&#61;0EFABFA9-48A4-ECC0-B4AB-3BFBC88F3AC1\" rel=\"nofollow noopener noreferrer\">sun is shining and tracker deviations are low</a></p><p>Develop a Power Model when panels were clean and trackers were close to setpoint</p><p>Determine the difference between model and actual power output</p><p>Totalize lost power due to Soiling/axis tracking issues</p><p>Build a table of lost revenue due to soiling and axis tracking issues to determine when maintenance should be performed</p>",
        "DocumentBackup\u02c9DEg3Lh5pLS4-lG84EjGXXXdzxhd1450vkLgiu8he2l8\u02c92024-11-26T13:33:00Z": "<h1><strong>Solar Axis Tracking/Soiling Loss Calculation</strong></h1><figure class=\"table\" style=\"width:100%;\"><table class=\"ck-table-resized\" style=\"border-color:hsl(0, 0%, 100%);border-style:solid;\"><colgroup><col style=\"width:38.31%;\" /><col style=\"width:61.69%;\" /></colgroup><tbody><tr><td style=\"border-color:hsl(0, 0%, 100%);border-style:solid;\">\u00a0</td><td style=\"border-color:hsl(0, 0%, 100%);border-style:solid;\"><h4><i><strong>A Major Renewables Operator </strong>used Seeq to monitor soiling losses across all solar farms and take action when losses exceeded maintenance costs.</i></h4></td></tr></tbody></table></figure><h4><strong>Objective</strong></h4><p>Solar plants consisting of axis tracking panels are subject to tracker equipment failures or inaccuracies. All solar plants are subject to panel soiling losses. Developing a model of expected power output based on meteorology data allows for the estimation of losses related to tracker faults or soiling. This allows the engineers monitoring the plant to make informed decisions about when panels should be cleaned off, or if the tracker control module/motors need maintenance or optimization.\u00a0</p><h4>\u00a0</h4><h4><strong>Analysis Steps:</strong></h4><p><a href=\"/links?type&#61;workstep&amp;workbook&#61;0EFABF9A-FD45-77B0-80D7-D170364AA6AC&amp;worksheet&#61;0EFABF9B-18CD-FD20-B5BE-956CECAFD6D9&amp;workstep&#61;0EFABFA4-96D7-EAA0-B17A-B9D9B4E57034\" rel=\"nofollow noopener noreferrer\">starting point</a></p><p><i><strong>Do It!</strong> </i>Find when the sun is shining using <a href=\"/links?type&#61;workstep&amp;workbook&#61;0EFABF9A-FD45-77B0-80D7-D170364AA6AC&amp;worksheet&#61;0EFABF9B-18CD-FD20-B5BE-956CECAFD6D9&amp;workstep&#61;0EFABFA6-9069-EEF0-82DF-6AF7730F85FA\" rel=\"nofollow noopener noreferrer\">value search (limit greater than 75)</a></p><p>Create a training condition when the <a href=\"/links?type&#61;workstep&amp;workbook&#61;0EFABF9A-FD45-77B0-80D7-D170364AA6AC&amp;worksheet&#61;0EFABF9B-18CD-FD20-B5BE-956CECAFD6D9&amp;workstep&#61;0EFABFA9-48A4-ECC0-B4AB-3BFBC88F3AC1\" rel=\"nofollow noopener noreferrer\">sun is shining and tracker deviations are low</a></p><p>Develop a <a href=\"/links?type&#61;workstep&amp;workbook&#61;0EFABF9A-FD45-77B0-80D7-D170364AA6AC&amp;worksheet&#61;0EFABF9B-18CD-FD20-B5BE-956CECAFD6D9&amp;workstep&#61;0EFABFAF-A05C-62F0-A81B-6D1F46E20C9B\" rel=\"nofollow noopener noreferrer\">Power Model</a> when panels were clean and trackers were close to setpoint</p><p>Determine the difference between model and actual power output</p><p>Totalize lost power due to Soiling/axis tracking issues</p><p>Build a table of lost revenue due to soiling and axis tracking issues to determine when maintenance should be performed</p>",
        "DocumentBackup\u02c9DEg3Lh5pLS4-lG84EjGXXXdzxhd1450vkLgiu8he2l8\u02c92024-11-26T13:34:00Z": "<h1><strong>Solar Axis Tracking/Soiling Loss Calculation</strong></h1><figure class=\"table\" style=\"width:100%;\"><table class=\"ck-table-resized\" style=\"border-color:hsl(0, 0%, 100%);border-style:solid;\"><colgroup><col style=\"width:38.31%;\" /><col style=\"width:61.69%;\" /></colgroup><tbody><tr><td style=\"border-color:hsl(0, 0%, 100%);border-style:solid;\">\u00a0</td><td style=\"border-color:hsl(0, 0%, 100%);border-style:solid;\"><h4><i><strong>A Major Renewables Operator </strong>used Seeq to monitor soiling losses across all solar farms and take action when losses exceeded maintenance costs.</i></h4></td></tr></tbody></table></figure><h4><strong>Objective</strong></h4><p>Solar plants consisting of axis tracking panels are subject to tracker equipment failures or inaccuracies. All solar plants are subject to panel soiling losses. Developing a model of expected power output based on meteorology data allows for the estimation of losses related to tracker faults or soiling. This allows the engineers monitoring the plant to make informed decisions about when panels should be cleaned off, or if the tracker control module/motors need maintenance or optimization.\u00a0</p><h4>\u00a0</h4><h4><strong>Analysis Steps:</strong></h4><p><a href=\"/links?type&#61;workstep&amp;workbook&#61;0EFABF9A-FD45-77B0-80D7-D170364AA6AC&amp;worksheet&#61;0EFABF9B-18CD-FD20-B5BE-956CECAFD6D9&amp;workstep&#61;0EFABFA4-96D7-EAA0-B17A-B9D9B4E57034\" rel=\"nofollow noopener noreferrer\">starting point</a></p><p><i><strong>Do It!</strong> </i>Find when the sun is shining using <a href=\"/links?type&#61;workstep&amp;workbook&#61;0EFABF9A-FD45-77B0-80D7-D170364AA6AC&amp;worksheet&#61;0EFABF9B-18CD-FD20-B5BE-956CECAFD6D9&amp;workstep&#61;0EFABFA6-9069-EEF0-82DF-6AF7730F85FA\" rel=\"nofollow noopener noreferrer\">value search (limit greater than 75)</a></p><p>Create a training condition when the <a href=\"/links?type&#61;workstep&amp;workbook&#61;0EFABF9A-FD45-77B0-80D7-D170364AA6AC&amp;worksheet&#61;0EFABF9B-18CD-FD20-B5BE-956CECAFD6D9&amp;workstep&#61;0EFABFA9-48A4-ECC0-B4AB-3BFBC88F3AC1\" rel=\"nofollow noopener noreferrer\">sun is shining and tracker deviations are low</a></p><p>Develop a <a href=\"/links?type&#61;workstep&amp;workbook&#61;0EFABF9A-FD45-77B0-80D7-D170364AA6AC&amp;worksheet&#61;0EFABF9B-18CD-FD20-B5BE-956CECAFD6D9&amp;workstep&#61;0EFABFAF-A05C-62F0-A81B-6D1F46E20C9B\" rel=\"nofollow noopener noreferrer\">Power Model</a> when panels were clean and trackers were close to setpoint</p><p>Determine the <a href=\"/links?type&#61;workstep&amp;workbook&#61;0EFABF9A-FD45-77B0-80D7-D170364AA6AC&amp;worksheet&#61;0EFABF9B-18CD-FD20-B5BE-956CECAFD6D9&amp;workstep&#61;0EFABFB1-D368-ECF0-AFFF-D9F05FA2A199\" rel=\"nofollow noopener noreferrer\">difference between model and actual power output</a></p><p>Totalize lost power due to Soiling/axis tracking issues</p><p>Build a table of lost revenue due to soiling and axis tracking issues to determine when maintenance should be performed</p>",
        "DocumentBackup\u02c9DEg3Lh5pLS4-lG84EjGXXXdzxhd1450vkLgiu8he2l8\u02c92024-11-26T13:37:00Z": "<h1><strong>Solar Axis Tracking/Soiling Loss Calculation</strong></h1><figure class=\"table\" style=\"width:100%;\"><table class=\"ck-table-resized\" style=\"border-color:hsl(0, 0%, 100%);border-style:solid;\"><colgroup><col style=\"width:38.31%;\" /><col style=\"width:61.69%;\" /></colgroup><tbody><tr><td style=\"border-color:hsl(0, 0%, 100%);border-style:solid;\">\u00a0</td><td style=\"border-color:hsl(0, 0%, 100%);border-style:solid;\"><h4><i><strong>A Major Renewables Operator </strong>used Seeq to monitor soiling losses across all solar farms and take action when losses exceeded maintenance costs.</i></h4></td></tr></tbody></table></figure><h4><strong>Objective</strong></h4><p>Solar plants consisting of axis tracking panels are subject to tracker equipment failures or inaccuracies. All solar plants are subject to panel soiling losses. Developing a model of expected power output based on meteorology data allows for the estimation of losses related to tracker faults or soiling. This allows the engineers monitoring the plant to make informed decisions about when panels should be cleaned off, or if the tracker control module/motors need maintenance or optimization.\u00a0</p><h4>\u00a0</h4><h4><strong>Analysis Steps:</strong></h4><p><a href=\"/links?type&#61;workstep&amp;workbook&#61;0EFABF9A-FD45-77B0-80D7-D170364AA6AC&amp;worksheet&#61;0EFABF9B-18CD-FD20-B5BE-956CECAFD6D9&amp;workstep&#61;0EFABFA4-96D7-EAA0-B17A-B9D9B4E57034\" rel=\"nofollow noopener noreferrer\">starting point</a></p><p><i><strong>Do It!</strong> </i>Find when the sun is shining using <a href=\"/links?type&#61;workstep&amp;workbook&#61;0EFABF9A-FD45-77B0-80D7-D170364AA6AC&amp;worksheet&#61;0EFABF9B-18CD-FD20-B5BE-956CECAFD6D9&amp;workstep&#61;0EFABFA6-9069-EEF0-82DF-6AF7730F85FA\" rel=\"nofollow noopener noreferrer\">value search (limit greater than 75)</a></p><p>Create a training condition when the <a href=\"/links?type&#61;workstep&amp;workbook&#61;0EFABF9A-FD45-77B0-80D7-D170364AA6AC&amp;worksheet&#61;0EFABF9B-18CD-FD20-B5BE-956CECAFD6D9&amp;workstep&#61;0EFABFA9-48A4-ECC0-B4AB-3BFBC88F3AC1\" rel=\"nofollow noopener noreferrer\">sun is shining and tracker deviations are low</a></p><p>Develop a <a href=\"/links?type&#61;workstep&amp;workbook&#61;0EFABF9A-FD45-77B0-80D7-D170364AA6AC&amp;worksheet&#61;0EFABF9B-18CD-FD20-B5BE-956CECAFD6D9&amp;workstep&#61;0EFABFAF-A05C-62F0-A81B-6D1F46E20C9B\" rel=\"nofollow noopener noreferrer\">Power Model</a> when panels were clean and trackers were close to setpoint</p><p>Determine the <a href=\"/links?type&#61;workstep&amp;workbook&#61;0EFABF9A-FD45-77B0-80D7-D170364AA6AC&amp;worksheet&#61;0EFABF9B-18CD-FD20-B5BE-956CECAFD6D9&amp;workstep&#61;0EFABFB1-D368-ECF0-AFFF-D9F05FA2A199\" rel=\"nofollow noopener noreferrer\">difference between model and actual power output</a></p><p><a href=\"/links?type&#61;workstep&amp;workbook&#61;0EFABF9A-FD45-77B0-80D7-D170364AA6AC&amp;worksheet&#61;0EFABF9B-18CD-FD20-B5BE-956CECAFD6D9&amp;workstep&#61;0EFABFB9-A8DA-75D0-B5C6-AD8EBA9F554F\" rel=\"nofollow noopener noreferrer\">Totalize lost power due to Soiling/axis tracking issues</a></p><p>Build a table of lost revenue due to soiling and axis tracking issues to determine when maintenance should be performed</p>",
        "Enabled": true,
        "ID": "0EFABF9B-2E67-F9B0-8A52-DDA0BC1AE718",
        "Is CK Enabled": true,
        "Locked": false,
        "Name": "Solar Axis Tracking/Soiling Loss Calculation",
        "Plain Text Document": "Solar Axis Tracking/Soiling Loss Calculation\u00a0A Major Renewables Operator used Seeq to monitor soiling losses across all solar farms and take action when losses exceeded maintenance costs.ObjectiveSolar plants consisting of axis tracking panels are subject to tracker equipment failures or inaccuracies. All solar plants are subject to panel soiling losses. Developing a model of expected power output based on meteorology data allows for the estimation of losses related to tracker faults or soiling. This allows the engineers monitoring the plant to make informed decisions about when panels should be cleaned off, or if the tracker control module/motors need maintenance or optimization.\u00a0\u00a0Analysis Steps:starting pointDo It! Find when the sun is shining using value search (limit greater than 75)Create a training condition when the sun is shining and tracker deviations are lowDevelop a Power Model when panels were clean and trackers were close to setpointDetermine the difference between model and actual power outputTotalize lost power due to Soiling/axis tracking issuesBuild a table of lost revenue due to soiling and axis tracking issues to determine when maintenance should be performed",
        "Type": "Journal",
        "Unsearchable": false,
        "Updated At": "1732628404696389863"
    }
}