{
    "Archived": false,
    "Cache Enabled": false,
    "Created At": "1732627438578029442",
    "Enabled": true,
    "ID": "0EFABF9B-18CD-FD20-B5BE-956CECAFD6D9",
    "Locked": false,
    "Unsearchable": false,
    "Updated At": "1732628393707112121",
    "Name": "Solar Axis Tracking Demo",
    "Type": "Worksheet",
    "Annotation ID": "0EFABF9B-2E67-F9B0-8A52-DDA0BC1AE718",
    "Current Workstep ID": "0EFABFBE-AD9A-FD90-90AB-D7E60F27C622",
    "URL": "https://demo.seeq.dev/0EFA6A0B-4C9B-71B0-ADCE-2000B1F79638/workbook/0EFABF9A-FD45-77B0-80D7-D170364AA6AC/worksheet/0EFABF9B-18CD-FD20-B5BE-956CECAFD6D9"
}