{
    "ID": "9B63D783-67AD-4AED-B9B5-BE397E34CB2F",
    "Type": "Workstep",
    "Data": {
        "version": 40,
        "state": {
            "stores": {
                "sqDurationStore": {
                    "autoUpdate": {
                        "mode": "OFF",
                        "offset": 826082137,
                        "manualInterval": {
                            "value": 1,
                            "units": "min"
                        }
                    },
                    "displayRange": {
                        "start": 1572885984421,
                        "end": 1575026066558
                    },
                    "investigateRange": {
                        "start": 1572868011411,
                        "end": 1575513984421
                    }
                },
                "sqPluginStore": {
                    "pluginState": {}
                },
                "sqWorksheetStore": {
                    "tabsets": {
                        "sidebar": 2
                    },
                    "viewKey": "TREND",
                    "returnViewKey": "TREND",
                    "selectedIdsForView": {},
                    "browsePanelCollapsed": false,
                    "displayWidth": 1336,
                    "displayHeight": 575,
                    "resizeEnabled": true,
                    "conditionToSeriesGrouping": {},
                    "capsuleGroupMode": false
                },
                "sqTrendSeriesStore": {
                    "items": [
                        {
                            "axisAlign": "A",
                            "axisAutoScale": true,
                            "lane": 1,
                            "rightAxis": false,
                            "dashStyle": "Solid",
                            "lineWidth": 1,
                            "autoDisabled": false,
                            "axisVisibility": true,
                            "yAxisType": "linear",
                            "sampleDisplayOption": "line",
                            "id": "F252D7AA-D524-4549-ADC1-1C9B3189C151",
                            "name": "derivative",
                            "selected": false,
                            "color": "#4055A3"
                        },
                        {
                            "axisAlign": "B",
                            "axisAutoScale": true,
                            "lane": 2,
                            "rightAxis": false,
                            "dashStyle": "Solid",
                            "lineWidth": 1,
                            "autoDisabled": false,
                            "axisVisibility": true,
                            "yAxisType": "linear",
                            "sampleDisplayOption": "line",
                            "id": "D848A246-6A14-41F5-8464-7DA2E9C2FB78",
                            "name": "Time counter",
                            "selected": false,
                            "color": "#E1498E"
                        },
                        {
                            "axisAlign": "C",
                            "axisAutoScale": true,
                            "lane": 3,
                            "rightAxis": false,
                            "dashStyle": "Solid",
                            "lineWidth": 1,
                            "autoDisabled": false,
                            "axisVisibility": true,
                            "yAxisType": "linear",
                            "sampleDisplayOption": "line",
                            "id": "9E48F3B0-10BB-4DA4-A90D-F50495451F4E",
                            "name": "Regression Eqn Intercept",
                            "selected": false,
                            "color": "#4B7ABD"
                        },
                        {
                            "axisAlign": "D",
                            "axisAutoScale": true,
                            "lane": 4,
                            "rightAxis": false,
                            "dashStyle": "Solid",
                            "lineWidth": 1,
                            "autoDisabled": false,
                            "axisVisibility": true,
                            "yAxisType": "linear",
                            "sampleDisplayOption": "line",
                            "id": "84DF7320-DDF2-4CA9-BEFE-E3148C5FC7A4",
                            "name": "Regression Eqn Coeff1",
                            "selected": false,
                            "color": "#AC4625"
                        },
                        {
                            "axisAlign": "E",
                            "axisAutoScale": true,
                            "lane": 5,
                            "rightAxis": false,
                            "dashStyle": "Solid",
                            "lineWidth": 1,
                            "autoDisabled": false,
                            "axisVisibility": true,
                            "yAxisType": "linear",
                            "sampleDisplayOption": "line",
                            "id": "E65CA5BE-D1F5-4768-8215-2F244DF0A68C",
                            "name": "Regression Eqn Coeff2",
                            "selected": false,
                            "color": "#D3AA4C"
                        },
                        {
                            "axisAlign": "F",
                            "axisAutoScale": true,
                            "lane": 6,
                            "rightAxis": false,
                            "dashStyle": "Solid",
                            "lineWidth": 1,
                            "autoDisabled": false,
                            "axisVisibility": true,
                            "yAxisType": "linear",
                            "sampleDisplayOption": "line",
                            "id": "C9EEFD82-CDFC-4379-9D46-A6FD926C3149",
                            "name": "Tension",
                            "selected": false,
                            "color": "#CE561B"
                        }
                    ],
                    "editingId": null,
                    "previewSeriesDefinition": {}
                },
                "sqTrendCapsuleStore": {
                    "selectedCapsules": [],
                    "stitchDetailsSet": false,
                    "dataStatus": "itemDataPresent",
                    "warningCount": 0,
                    "warningLogs": [],
                    "timingInformation": "",
                    "meterInformation": "",
                    "editingId": null,
                    "previewCapsulesDefinition": {},
                    "items": [
                        {
                            "id": "C9438E6C-1C82-4C51-8F73-D0085170A7B9_1573085973434433923L:1044120700",
                            "startTime": 1573085973434,
                            "endTime": 1573269194124,
                            "isChildOf": "C9438E6C-1C82-4C51-8F73-D0085170A7B9",
                            "childType": "itemChildrenTypeCapsule",
                            "isUncertain": true,
                            "itemType": "capsuleDisplayType"
                        },
                        {
                            "id": "C9438E6C-1C82-4C51-8F73-D0085170A7B9_1574040990578544572L:819221840",
                            "startTime": 1574040990578,
                            "endTime": 1574227235432,
                            "isChildOf": "C9438E6C-1C82-4C51-8F73-D0085170A7B9",
                            "childType": "itemChildrenTypeCapsule",
                            "isUncertain": true,
                            "itemType": "capsuleDisplayType"
                        },
                        {
                            "id": "C9438E6C-1C82-4C51-8F73-D0085170A7B9_1574877167678786516L:1419646280",
                            "startTime": 1574877167678,
                            "endTime": 1575064275564,
                            "isChildOf": "C9438E6C-1C82-4C51-8F73-D0085170A7B9",
                            "childType": "itemChildrenTypeCapsule",
                            "isUncertain": true,
                            "itemType": "capsuleDisplayType"
                        }
                    ]
                },
                "sqTrendStore": {
                    "view": "calendar",
                    "enabledColumns": {
                        "CAPSULES": {
                            "startTime": true,
                            "properties.Coeff1": true,
                            "properties.Coeff2": true,
                            "properties.Intercept": true
                        },
                        "SERIES": {
                            "asset": true,
                            "lane": true
                        }
                    },
                    "propertyColumns": {
                        "CAPSULES": {
                            "properties.Coeff1": {
                                "key": "properties.Coeff1",
                                "uomKey": "propertiesUOM.Coeff1",
                                "propertyName": "Coeff1"
                            },
                            "properties.Coeff2": {
                                "key": "properties.Coeff2",
                                "uomKey": "propertiesUOM.Coeff2",
                                "propertyName": "Coeff2"
                            },
                            "properties.Intercept": {
                                "key": "properties.Intercept",
                                "uomKey": "propertiesUOM.Intercept",
                                "propertyName": "Intercept"
                            }
                        }
                    },
                    "selectedRegion": {
                        "min": 0,
                        "max": 0
                    },
                    "capsuleTimeOffsets": {
                        "lower": 0,
                        "upper": 0
                    },
                    "dataSummary": {
                        "type": "AUTO",
                        "value": 0,
                        "discreteUnits": {
                            "value": 0,
                            "units": "min"
                        },
                        "isSlider": true
                    },
                    "capsuleTimeColorMode": "signal",
                    "capsuleAlignment": [],
                    "capsulePreview": false,
                    "showChartConfiguration": false,
                    "dimDataOutsideCapsules": false,
                    "hideUnselectedItems": false,
                    "labelDisplayConfiguration": {
                        "name": "lane",
                        "asset": "lane",
                        "assetPathLevels": 1,
                        "unitOfMeasure": "axis",
                        "custom": "off",
                        "customLabels": []
                    },
                    "showCapsuleLaneLabels": true,
                    "panelProps": {
                        "BOTTOM": {
                            "leftPanelWidth": 585,
                            "height": "25.3%"
                        }
                    },
                    "panelSorters": {
                        "CAPSULES": {
                            "sortBy": "startTime",
                            "sortAsc": true
                        },
                        "CAPSULE_SERIES": {
                            "sortBy": "startTime",
                            "sortAsc": true
                        },
                        "SERIES": {
                            "sortBy": "lane",
                            "sortAsc": true
                        },
                        "INVESTIGATE_ITEMS": {
                            "sortBy": "name",
                            "sortAsc": true
                        }
                    },
                    "capsulePanelOffset": 0,
                    "capsulePanelHasNext": false,
                    "showGridlines": false
                },
                "sqTrendCapsuleSetStore": {
                    "items": [
                        {
                            "autoDisabled": false,
                            "id": "8C76A714-1DCA-4187-8E4C-966BD2EEBB38",
                            "name": "in between cycles",
                            "selected": false,
                            "color": "#068C45"
                        },
                        {
                            "autoDisabled": false,
                            "id": "BA3E60D7-EEC7-4C0D-AD71-69A2D9A5856F",
                            "name": "cycle",
                            "selected": false,
                            "color": "#9D248F"
                        },
                        {
                            "autoDisabled": false,
                            "id": "5E7BFBC6-A191-47EF-961E-BB085446B050",
                            "name": "Tension decreasing",
                            "selected": false,
                            "color": "#00A2DD"
                        },
                        {
                            "autoDisabled": false,
                            "id": "C9438E6C-1C82-4C51-8F73-D0085170A7B9",
                            "name": "Regression Condition",
                            "selected": false,
                            "color": "#996442"
                        }
                    ]
                },
                "sqTableBuilderStore": {
                    "mode": "condition",
                    "headers": {
                        "condition": {
                            "type": "startEnd",
                            "format": "lll"
                        },
                        "simple": {
                            "type": "startEnd",
                            "format": "lll"
                        }
                    },
                    "columns": {
                        "condition": [
                            {
                                "backgroundColor": "#ffffff",
                                "key": "name",
                                "headerTextAlign": "center",
                                "headerTextStyle": [
                                    "bold"
                                ]
                            }
                        ],
                        "simple": [
                            {
                                "key": "name",
                                "headerTextAlign": "center",
                                "headerTextStyle": [
                                    "bold"
                                ]
                            },
                            {
                                "key": "valueUnitOfMeasure",
                                "headerTextAlign": "center",
                                "headerTextStyle": [
                                    "bold"
                                ]
                            }
                        ]
                    },
                    "isTransposed": {
                        "condition": true,
                        "simple": false
                    },
                    "assetId": {},
                    "itemFilters": {},
                    "itemSorts": {},
                    "isMigrating": false
                },
                "sqSignalSmoothingStore": {
                    "originalParameters": [],
                    "advancedParametersCollapsed": true,
                    "algorithmSelectedValue": "seeq-agile",
                    "samplingRate": {},
                    "smoothingWindow": {},
                    "cutoff": {},
                    "polynomialFactor": 2,
                    "isSamplingRateAuto": true,
                    "isCutoffAuto": true,
                    "isTau": true,
                    "tau": {
                        "value": 10,
                        "units": "min"
                    },
                    "alpha": 0.9,
                    "isMigratedLowPassFilter": false
                },
                "sqPeriodicConditionStore": {
                    "originalParameters": [],
                    "advancedParametersCollapsed": true,
                    "timezone": "US/Pacific",
                    "frequencies": [],
                    "weekStart": "Day.Sunday",
                    "quarterStart": {
                        "month": "Month.January",
                        "day": 1
                    },
                    "shift": {
                        "offset": 8,
                        "duration": 8
                    },
                    "offset": {}
                },
                "sqManualSignalStore": {
                    "originalParameters": [],
                    "advancedParametersCollapsed": true,
                    "interpolationMethod": "Linear",
                    "maximumInterpolation": {
                        "value": "40",
                        "units": "h"
                    },
                    "samples": [],
                    "sort": {
                        "asc": false,
                        "property": "dateTime"
                    }
                },
                "sqDigitalFilterStore": {
                    "originalParameters": [],
                    "advancedParametersCollapsed": true,
                    "cutoff": {},
                    "cutoff2": {},
                    "samplingRate": {},
                    "windowSize": {},
                    "isAutoSamplingRate": true,
                    "isAutoWindowSize": true
                },
                "sqScatterPlotStore": {
                    "xSeries": null,
                    "ySeries": null,
                    "selector": {
                        "low": 0.5,
                        "high": 0.75
                    },
                    "selectedRegion": {
                        "xMin": null,
                        "xMax": null,
                        "yMin": null,
                        "yMax": null,
                        "id": null,
                        "dateTime": null
                    },
                    "viewRegion": {
                        "xMin": null,
                        "xMax": null,
                        "yMin": null,
                        "yMax": null,
                        "id": null,
                        "dateTime": null
                    },
                    "fxLines": [],
                    "colorConditionIds": [],
                    "colorRanges": [],
                    "plotMode": "DISPLAY_RANGE",
                    "plotView": "SCATTER_PLOT",
                    "connect": false,
                    "showTooltips": true,
                    "isMarkerSizeCustom": false,
                    "densityPlotData": [],
                    "numXBins": 40,
                    "numYBins": 20,
                    "xBinSize": 0,
                    "yBinSize": 0
                },
                "sqCustomConditionStore": {
                    "originalParameters": [],
                    "advancedParametersCollapsed": true
                },
                "sqInvestigateStore": {
                    "item": {},
                    "activeTool": "overview",
                    "displayMode": "NEW",
                    "derivedDataPanelOpen": false
                },
                "sqCapsuleGroupStore": {
                    "capsules": []
                },
                "sqCompositeSearchStore": {
                    "originalParameters": [],
                    "advancedParametersCollapsed": true,
                    "isUpgradedUnionCondition": false,
                    "inclusiveA": true,
                    "inclusiveB": true
                },
                "sqExploreFolderModalStore": {
                    "pageSize": 5
                },
                "sqExploreWorkbookModalStore": {
                    "pageSize": 5
                },
                "sqAssetGroupStore": {
                    "id": "",
                    "assets": [],
                    "name": "",
                    "description": "",
                    "errors": [],
                    "isLoading": false,
                    "hasUnsavedChanges": false
                },
                "sqImportDatafileStore": {
                    "uploadFilename": "",
                    "filename": "",
                    "keyColumnIndex": 1,
                    "keyColumnName": "",
                    "interpolationMethod": {
                        "text": "IMPORTS.INTERPOLATION.LINEAR",
                        "value": "Linear"
                    },
                    "validationMode": {
                        "text": "IMPORTS.VALIDATION_MODE_TYPES.FAIL",
                        "value": "Fail"
                    },
                    "fileOutputType": {
                        "text": "IMPORTS.FILE_OUTPUT_TYPES.REPLACE",
                        "value": "Replace"
                    },
                    "fieldDelimiter": {
                        "text": ",",
                        "value": "Comma"
                    },
                    "maxInterpolation": {
                        "value": 40,
                        "units": "h"
                    },
                    "namePrefix": "",
                    "nameSuffix": "",
                    "firstDataRow": 2,
                    "nameRow": 1,
                    "description": "",
                    "valueColumnOption": {
                        "text": "IMPORTS.VALUE_COLUMN.ALL",
                        "value": "All"
                    },
                    "valueUom": "",
                    "lenientDaylightSavings": false,
                    "itemType": {
                        "text": "IMPORTS.SIGNAL",
                        "value": "Signal"
                    },
                    "maxDuration": {
                        "value": 40,
                        "units": "h"
                    },
                    "endColumnName": "",
                    "conditionName": "",
                    "dayFirstDefault": {
                        "text": "IMPORTS.FIRST.MONTH",
                        "value": false
                    },
                    "originalParameters": [],
                    "advancedParametersCollapsed": true
                },
                "sqCapsuleSetSeriesStore": {
                    "originalParameters": [],
                    "advancedParametersCollapsed": true,
                    "params": {
                        "interpolation": "DISCRETE",
                        "stat": {
                            "timeUnits": "s"
                        },
                        "maximumDuration": {}
                    }
                },
                "sqPredictionPanelStore": {
                    "originalParameters": [],
                    "advancedParametersCollapsed": true,
                    "option": "linear",
                    "polynomialValue": 2,
                    "mustGoThroughZero": false,
                    "lambda": 0,
                    "windowStart": 1572885984421,
                    "windowEnd": 1575026066558,
                    "modelExpanded": false,
                    "regressionMethod": "OLS",
                    "variableSelection": 0.05,
                    "variableSelectionEnabled": false
                },
                "sqAncillariesPanelStore": {
                    "inProgress": false,
                    "inProgressItem": "item1",
                    "name": "",
                    "type": "",
                    "item1": {},
                    "item2": {}
                },
                "sqExportODataPanelStore": {
                    "name": "New",
                    "originalParameters": [],
                    "advancedParametersCollapsed": true,
                    "autoupdateTimeRange": false,
                    "timeRange": {
                        "start": 1572885984421,
                        "end": 1575026066558
                    },
                    "exportTimeZone": {
                        "name": "US/Pacific",
                        "displayName": "US/Pacific",
                        "offset": "-07:00",
                        "offsetMinutes": -420
                    },
                    "gridOption": "automatic",
                    "gridSize": {
                        "units": "min"
                    },
                    "gridOrigin": 1609488000000,
                    "gridOriginEnabled": false
                },
                "sqReferencePanelStore": {
                    "originalParameters": [],
                    "advancedParametersCollapsed": true,
                    "windowStart": 1572885984421,
                    "windowEnd": 1575026066558,
                    "griddingPeriod": {
                        "value": 5,
                        "units": "min"
                    },
                    "referenceStat": "",
                    "multiplier": 1,
                    "inputGroups": [
                        {
                            "inputSignal": {},
                            "inputCondition": {}
                        }
                    ]
                },
                "sqAggregationBinStore": {
                    "originalParameters": [],
                    "advancedParametersCollapsed": true,
                    "mode": "by_y_value",
                    "includeEmptyBuckets": true,
                    "yValueSignal": "",
                    "stat": {
                        "key": null,
                        "timeUnits": "s"
                    },
                    "aggregationConfigs": [
                        {
                            "id": 1,
                            "mode": "by_y_value",
                            "capsuleMode": "overlap",
                            "yValueBinMode": "size",
                            "valid": false
                        }
                    ]
                },
                "sqItemPropertiesStore": {
                    "advancedParametersCollapsed": true
                },
                "sqTrendScalarStore": {
                    "items": []
                },
                "sqTreemapStore": {
                    "parent": {},
                    "statistics": []
                },
                "sqTrendTableStore": {
                    "items": []
                },
                "sqTrendMetricStore": {
                    "items": []
                },
                "sqPowerSearchStore": {
                    "originalParameters": [],
                    "advancedParametersCollapsed": true,
                    "formula": "",
                    "parameters": [],
                    "navigationStack": []
                },
                "sqScorecardStore": {
                    "metrics": []
                },
                "sqThresholdMetricStore": {
                    "originalParameters": [],
                    "advancedParametersCollapsed": true,
                    "processType": "Simple",
                    "aggregationOperator": {
                        "key": null,
                        "timeUnits": "s"
                    },
                    "duration": {},
                    "period": {},
                    "thresholds": {}
                },
                "sqScatterConditionStore": {
                    "originalParameters": [],
                    "advancedParametersCollapsed": true,
                    "isBounding": false,
                    "isCleansing": false,
                    "minDuration": {
                        "value": 0,
                        "units": "min"
                    },
                    "mergeDuration": {
                        "value": 0,
                        "units": "min"
                    }
                },
                "sqFftStore": {
                    "originalParameters": [],
                    "advancedParametersCollapsed": true,
                    "rateType": true,
                    "rate": {},
                    "outputUnits": "min",
                    "highPass": {},
                    "lowPass": {},
                    "useHighPass": false,
                    "useLowPass": false
                },
                "sqSearchStore": {
                    "nameFilter": "",
                    "descriptionFilter": "",
                    "typeFilter": [],
                    "datasourceFilter": [],
                    "sortBy": "",
                    "isAdvancedMode": false,
                    "mode": "overview",
                    "currentAsset": ""
                },
                "sqVisualSearchStore": {
                    "originalParameters": [],
                    "advancedParametersCollapsed": true,
                    "similarity": 98,
                    "normalizeAmplitude": true,
                    "normalizeLocation": true,
                    "selectedRegion": {}
                },
                "sqValueSearchStore": {
                    "originalParameters": [],
                    "advancedParametersCollapsed": true,
                    "isSimple": true,
                    "useValidValues": false,
                    "isCleansing": false,
                    "simpleValue": null,
                    "simpleLowerValue": null,
                    "minDuration": {
                        "value": 0,
                        "units": "min"
                    },
                    "mergeDuration": {
                        "value": 0,
                        "units": "min"
                    },
                    "advancedEntryValue": null,
                    "advancedEntryLowerValue": null,
                    "advancedEntryDuration": {
                        "value": 0,
                        "units": "min"
                    },
                    "advancedExitValue": null,
                    "advancedExitDuration": {
                        "value": 0,
                        "units": "min"
                    },
                    "isMigratedDeviationSearch": false,
                    "version": "V3"
                },
                "sqCursorStore": {
                    "calendarCursors": [],
                    "capsuleCursors": [],
                    "showValues": true
                },
                "sqReportContentStore": {}
            }
        }
    }
}