{
    "ID": "E8769283-554B-4DA9-B42B-1F95635A9791",
    "Type": "Workstep",
    "Data": {
        "version": 24,
        "state": {
            "stores": {
                "sqTrendSeriesStore": {
                    "items": [],
                    "editingId": null,
                    "previewSeriesDefinition": {}
                },
                "sqDurationStore": {
                    "autoUpdate": {
                        "mode": "OFF",
                        "offset": 17938315,
                        "manualInterval": {
                            "value": 1,
                            "units": "min"
                        }
                    },
                    "displayRange": {
                        "start": 1571588940000,
                        "end": 1574216940000
                    },
                    "investigateRange": {
                        "start": 1571570966990,
                        "end": 1574216940000
                    }
                },
                "sqTrendCapsuleStore": {
                    "selectedCapsules": [],
                    "stitchBreaks": [],
                    "stitchTimes": [],
                    "dataStatus": "itemDataPresent",
                    "warningCount": 0,
                    "warningLogs": [],
                    "editingId": null,
                    "previewCapsulesDefinition": {},
                    "items": []
                },
                "sqInvestigateStore": {
                    "item": {},
                    "activeTool": "power-search",
                    "displayMode": "NEW",
                    "derivedDataPanelOpen": true
                },
                "sqDeviationPanelStore": {
                    "originalParameters": [],
                    "advancedParametersCollapsed": true,
                    "startDuration": {
                        "value": 0,
                        "units": "min"
                    },
                    "endDuration": {
                        "value": 0,
                        "units": "min"
                    },
                    "startLocation": true,
                    "endLocation": true
                },
                "sqCapsuleSetSeriesStore": {
                    "originalParameters": [],
                    "advancedParametersCollapsed": true,
                    "params": {
                        "interpolation": "DISCRETE",
                        "stat": {
                            "timeUnits": "s"
                        },
                        "maximumDuration": {}
                    }
                },
                "sqImportCsvStore": {
                    "serverFileName": "",
                    "columnKey": "",
                    "columnValue": "",
                    "importType": {
                        "text": "IMPORTS.TYPES.SIGNAL",
                        "value": "seriesDisplayType"
                    },
                    "unitValue": "",
                    "interpolationMethod": {
                        "text": "IMPORTS.INTERPOLATION.LINEAR",
                        "value": "linear"
                    },
                    "importAnotherColumn": false,
                    "importStarted": false,
                    "originalParameters": [],
                    "advancedParametersCollapsed": true
                },
                "sqPredictionPanelStore": {
                    "originalParameters": [],
                    "advancedParametersCollapsed": true,
                    "option": "linear",
                    "polynomialValue": 2,
                    "mustGoThroughZero": false,
                    "lambda": 0,
                    "windowStart": 1571588940000,
                    "windowEnd": 1574216940000,
                    "modelExpanded": false,
                    "regressionMethod": "OLS",
                    "variableSelection": 0.05,
                    "variableSelectionEnabled": false
                },
                "sqAncillariesPanelStore": {
                    "inProgress": false,
                    "inProgressItem": "item1",
                    "name": "",
                    "type": "",
                    "item1": {},
                    "item2": {}
                },
                "sqExportODataPanelStore": {
                    "name": "New",
                    "originalParameters": [],
                    "advancedParametersCollapsed": true,
                    "autoupdateTimeRange": false,
                    "timeRange": {
                        "start": 1571588940000,
                        "end": 1574216940000
                    }
                },
                "sqReferencePanelStore": {
                    "originalParameters": [],
                    "advancedParametersCollapsed": true,
                    "windowStart": 1571588940000,
                    "windowEnd": 1574216940000,
                    "griddingPeriod": {
                        "value": 5,
                        "units": "min"
                    },
                    "referenceStat": "",
                    "multiplier": 1
                },
                "sqAggregationBinStore": {
                    "originalParameters": [],
                    "advancedParametersCollapsed": true,
                    "mode": "by_y_value",
                    "includeEmptyBuckets": true,
                    "yValueSignal": "",
                    "stat": {
                        "key": null,
                        "timeUnits": "s"
                    },
                    "aggregationConfigs": [
                        {
                            "id": 1,
                            "mode": "by_y_value",
                            "capsuleMode": "overlap",
                            "yValueBinMode": "size",
                            "valid": false
                        }
                    ]
                },
                "sqLowPassFilterStore": {
                    "originalParameters": [],
                    "advancedParametersCollapsed": true,
                    "cutoff": {},
                    "period": {},
                    "taps": 33,
                    "autoPeriod": true,
                    "autoTaps": true
                },
                "sqItemPropertiesStore": {
                    "advancedParametersCollapsed": true
                },
                "sqPeriodicConditionStore": {
                    "originalParameters": [],
                    "advancedParametersCollapsed": true,
                    "frequencies": [],
                    "weekStart": "Day.Sunday",
                    "quarterStart": {
                        "month": "Month.January",
                        "day": 1
                    },
                    "shift": {
                        "offset": 8,
                        "duration": 8
                    },
                    "offset": {}
                },
                "sqTrendScalarStore": {
                    "items": []
                },
                "sqTreemapStore": {
                    "parent": {},
                    "statistics": []
                },
                "sqTrendCapsuleSetStore": {
                    "items": []
                },
                "sqWorksheetStore": {
                    "tabsets": {
                        "sidebar": 2
                    },
                    "viewKey": "TREND",
                    "browsePanelCollapsed": false,
                    "displayWidth": 850,
                    "displayHeight": 575,
                    "resizeEnabled": true,
                    "conditionToSeriesGrouping": {},
                    "capsuleGroupMode": false
                },
                "sqScatterPlotStore": {
                    "xSeries": null,
                    "ySeries": null,
                    "selector": {
                        "low": 0.5,
                        "high": 0.75
                    },
                    "selectedRegion": {
                        "xMin": null,
                        "xMax": null,
                        "yMin": null,
                        "yMax": null
                    },
                    "viewRegion": {
                        "xMin": null,
                        "xMax": null,
                        "yMin": null,
                        "yMax": null
                    },
                    "fxLines": [],
                    "colorConditionIds": [],
                    "plotMode": "DISPLAY_RANGE",
                    "connect": false
                },
                "sqTrendStore": {
                    "view": "calendar",
                    "enabledColumns": {
                        "CAPSULES": {
                            "startTime": true
                        },
                        "SERIES": {
                            "asset": true,
                            "lane": true
                        }
                    },
                    "propertyColumns": {},
                    "selectedRegion": {
                        "min": 0,
                        "max": 0
                    },
                    "capsuleTimeOffsets": {
                        "lower": 0,
                        "upper": 0
                    },
                    "capsuleAlignment": [],
                    "capsulePreview": false,
                    "showChartConfiguration": false,
                    "dimDataOutsideCapsules": false,
                    "hideUnselectedItems": false,
                    "labelDisplayConfiguration": {
                        "name": "lane",
                        "asset": "lane",
                        "assetPathLevels": 1,
                        "unitOfMeasure": "axis",
                        "custom": "off",
                        "customLabels": []
                    },
                    "showCapsuleLaneLabels": true,
                    "panelProps": {
                        "BOTTOM": {
                            "leftPanelWidth": 1216,
                            "height": "25.8%"
                        }
                    },
                    "panelSorters": {
                        "CAPSULES": {
                            "sortBy": "startTime",
                            "sortAsc": true
                        },
                        "CAPSULE_SERIES": {
                            "sortBy": "startTime",
                            "sortAsc": true
                        },
                        "SERIES": {
                            "sortBy": "lane",
                            "sortAsc": true
                        },
                        "INVESTIGATE_ITEMS": {
                            "sortBy": "name",
                            "sortAsc": true
                        }
                    },
                    "capsulePanelOffset": 0,
                    "capsulePanelHasNext": false
                },
                "sqTrendTableStore": {
                    "items": []
                },
                "sqPowerSearchStore": {
                    "name": "Formula 335",
                    "scopedTo": "6B38AD76-0EFC-43E0-9CBB-6B9406A13C33",
                    "originalParameters": [],
                    "advancedParametersCollapsed": true,
                    "formula": "",
                    "parameters": [
                        {
                            "identifier": "t",
                            "item": {
                                "id": "6BDF7E13-DA60-4876-8E76-C794DC010ADC",
                                "name": "Tension",
                                "assets": [
                                    {
                                        "id": "07DA8ACA-1062-4E5C-9F82-0F87759C48FE",
                                        "name": "CVB505",
                                        "formattedName": "Conveyor Monitoring 2 \u00bb Conveyors \u00bb CVB505"
                                    }
                                ],
                                "type": "StoredSignal"
                            }
                        }
                    ],
                    "navigationStack": []
                },
                "sqTrendMetricStore": {
                    "scorecardHeaders": {
                        "type": "startEnd",
                        "format": "lll"
                    },
                    "scorecardColumns": [
                        {
                            "id": "iSURwFQ70KBntC5hnu9AEA",
                            "type": "name",
                            "backgroundColor": "#ffffff"
                        }
                    ],
                    "dataStatus": "itemDataPresent",
                    "warningCount": 0,
                    "warningLogs": [],
                    "items": []
                },
                "sqScorecardStore": {
                    "metrics": []
                },
                "sqThresholdMetricStore": {
                    "originalParameters": [],
                    "advancedParametersCollapsed": true,
                    "processType": "Simple",
                    "aggregationOperator": {
                        "key": null,
                        "timeUnits": "s"
                    },
                    "duration": {},
                    "period": {},
                    "thresholds": {}
                },
                "sqCustomConditionStore": {
                    "originalParameters": [],
                    "advancedParametersCollapsed": true
                },
                "sqCapsuleGroupStore": {
                    "capsules": []
                },
                "sqFftStore": {
                    "originalParameters": [],
                    "advancedParametersCollapsed": true,
                    "rateType": true,
                    "rate": {},
                    "outputUnits": "min",
                    "highPass": {},
                    "lowPass": {},
                    "useHighPass": false,
                    "useLowPass": false
                },
                "sqCompositeSearchStore": {
                    "originalParameters": [],
                    "advancedParametersCollapsed": true,
                    "isUpgradedUnionCondition": false,
                    "inclusiveA": true,
                    "inclusiveB": true
                },
                "sqSearchStore": {
                    "nameFilter": "",
                    "descriptionFilter": "",
                    "typeFilter": [],
                    "datasourceFilter": [],
                    "isAdvancedMode": false,
                    "mode": "tree",
                    "currentAsset": "D747459D-4823-4663-A155-3B72F5D093E9"
                },
                "sqVisualSearchStore": {
                    "originalParameters": [],
                    "advancedParametersCollapsed": true,
                    "similarity": 98,
                    "normalizeAmplitude": true,
                    "normalizeLocation": true,
                    "selectedRegion": {}
                },
                "sqLimitsSearchStore": {
                    "originalParameters": [],
                    "advancedParametersCollapsed": true,
                    "isSimple": true,
                    "isCleansing": false,
                    "limitsParams": {
                        "entryCondition": {
                            "duration": {
                                "value": 0,
                                "units": "min"
                            }
                        },
                        "exitCondition": {
                            "duration": {
                                "value": 0,
                                "units": "min"
                            }
                        }
                    },
                    "version": "V2"
                },
                "sqCursorStore": {
                    "calendarCursors": [],
                    "capsuleCursors": [],
                    "showValues": true
                },
                "sqReportStore": {
                    "dateVariables": []
                },
                "sqReportContentStore": {
                    "workbookFolderId": "",
                    "workbooksSearch": "",
                    "workbooksFilter": "OWNER",
                    "workbooksSortField": "NAME",
                    "workbooksSortAsc": false,
                    "workbookId": "",
                    "dateVariableId": "",
                    "size": "medium",
                    "shape": "rectangle",
                    "customWidth": 1024,
                    "customHeight": 768,
                    "contentHeight": 100,
                    "contentWidth": 100
                }
            }
        }
    }
}