{
    "0EFA6A0B-4C9B-71B0-ADCE-2000B1F79638": {
        "Access Control": [
            {
                "ID": "0efa6a0b-4c9b-71b0-832f-2cb144107853",
                "Identity": {
                    "Datasource Class": "OAuth 2.0",
                    "Datasource ID": "9ecc7e74-4c32-436d-9af0-70d8aa99386b",
                    "Datasource Name": "Seeq Azure SSO",
                    "Email": "Joseph.Reckamp@seeq.com",
                    "First Name": "Joe",
                    "ID": "C9FD5B90-17F3-4CA7-8C37-CD9B7D9B85D2",
                    "Is Admin": true,
                    "Last Name": "Reckamp",
                    "Name": "Joe Reckamp",
                    "Type": "User",
                    "Username": "DEg3Lh5pLS4-lG84EjGXXXdzxhd1450vkLgiu8he2l8"
                },
                "Origin": null,
                "Permissions": {
                    "Manage": true,
                    "Read": true,
                    "Write": true
                },
                "Redacted": false,
                "Role": "OWNER"
            },
            {
                "ID": "0efa6a0b-4cc7-60d0-a44e-06a6b1da5301",
                "Identity": {
                    "Datasource Class": "OAuth 2.0",
                    "Datasource ID": "9ecc7e74-4c32-436d-9af0-70d8aa99386b",
                    "Datasource Name": "Seeq Azure SSO",
                    "Email": "Joseph.Reckamp@seeq.com",
                    "First Name": "Joe",
                    "ID": "C9FD5B90-17F3-4CA7-8C37-CD9B7D9B85D2",
                    "Is Admin": true,
                    "Last Name": "Reckamp",
                    "Name": "Joe Reckamp",
                    "Type": "User",
                    "Username": "DEg3Lh5pLS4-lG84EjGXXXdzxhd1450vkLgiu8he2l8"
                },
                "Origin": "905A3390-CCA6-489B-89A3-492EC9F7FF26",
                "Permissions": {
                    "Manage": true,
                    "Read": true,
                    "Write": true
                },
                "Redacted": false,
                "Role": null
            }
        ],
        "Ancestors": [
            "__Users__",
            "905A3390-CCA6-489B-89A3-492EC9F7FF26"
        ],
        "Archived": false,
        "Cache Enabled": false,
        "Created At": "1732039462987374025",
        "Enabled": true,
        "ID": "0EFA6A0B-4C9B-71B0-ADCE-2000B1F79638",
        "Locked": false,
        "Name": "DO NOT USE (Please!)",
        "Owner": {
            "Datasource Class": "OAuth 2.0",
            "Datasource ID": "9ecc7e74-4c32-436d-9af0-70d8aa99386b",
            "Datasource Name": "Seeq Azure SSO",
            "Email": "Joseph.Reckamp@seeq.com",
            "First Name": "Joe",
            "ID": "C9FD5B90-17F3-4CA7-8C37-CD9B7D9B85D2",
            "Is Admin": true,
            "Last Name": "Reckamp",
            "Name": "Joe Reckamp",
            "Type": "User",
            "Username": "DEg3Lh5pLS4-lG84EjGXXXdzxhd1450vkLgiu8he2l8"
        },
        "Type": "Folder",
        "Unsearchable": false,
        "Updated At": "1732135031904791904"
    },
    "0EFAC21D-5613-62F0-A5A4-8B4EE1693076": {
        "Archived": false,
        "Cache Enabled": true,
        "Cache ID": "0EFAC21D-5626-FB70-8CB7-D23E873633A6",
        "Data ID": "0EFAC21D-5613-62F0-A5A4-8B4EE1693076",
        "Datasource Class": "Seeq Calculations",
        "Datasource ID": "Seeq Calculations",
        "Enabled": true,
        "Formula": "$pr.move(700d).within(past())",
        "Formula Parameters": {
            "pr": "8CCE14C0-FD5F-46D9-A943-10D7625D3BFC"
        },
        "Formula Version": 31,
        "ID": "0EFAC21D-5613-62F0-A5A4-8B4EE1693076",
        "Interpolation Method": "Linear",
        "Locked": false,
        "Maximum Interpolation": {
            "Unit Of Measure": "s",
            "Value": 86377
        },
        "Name": "Production Rate Well 2",
        "Scoped To": "0EFAC201-AC23-71C0-8521-3673C11ABD88",
        "Type": "CalculatedSignal",
        "UIConfig": {
            "advancedParametersCollapsed": true,
            "configVersion": 11,
            "localFormula": "",
            "tabTransitioning": false,
            "type": "formula"
        },
        "Unsearchable": false,
        "Value Unit Of Measure": "bbl/d"
    },
    "0EFAC21E-9469-7530-B824-FB855342C0BF": {
        "Archived": false,
        "Cache Enabled": true,
        "Cache ID": "0EFAC21E-9470-EA60-9956-0C51BB51BF9E",
        "Data ID": "0EFAC21E-9469-7530-B824-FB855342C0BF",
        "Datasource Class": "Seeq Calculations",
        "Datasource ID": "Seeq Calculations",
        "Enabled": true,
        "Formula": "$pr.move(1500d).within(past())",
        "Formula Parameters": {
            "pr": "8CCE14C0-FD5F-46D9-A943-10D7625D3BFC"
        },
        "Formula Version": 31,
        "ID": "0EFAC21E-9469-7530-B824-FB855342C0BF",
        "Interpolation Method": "Linear",
        "Locked": false,
        "Maximum Interpolation": {
            "Unit Of Measure": "s",
            "Value": 86377
        },
        "Name": "Production Rate Well 3",
        "Scoped To": "0EFAC201-AC23-71C0-8521-3673C11ABD88",
        "Type": "CalculatedSignal",
        "UIConfig": {
            "advancedParametersCollapsed": true,
            "configVersion": 11,
            "localFormula": "",
            "tabTransitioning": false,
            "type": "formula"
        },
        "Unsearchable": false,
        "Value Unit Of Measure": "bbl/d"
    },
    "0EFAC220-14AF-7590-8502-0ED686DAE059": {
        "Archived": false,
        "Cache Enabled": true,
        "Cache ID": "0EFAC220-14B1-ECA0-8074-E1F3C8397C66",
        "Capsule Property Units": {},
        "Data ID": "0EFAC220-14AF-7590-8502-0ED686DAE059",
        "Datasource Class": "Seeq Calculations",
        "Datasource ID": "Seeq Calculations",
        "Enabled": true,
        "Formula": [
            "condition(155724001000ms,",
            "  capsule(1383904140000ms, 1539628140000ms))"
        ],
        "Formula Parameters": {},
        "Formula Version": 31,
        "ID": "0EFAC220-14AF-7590-8502-0ED686DAE059",
        "Locked": false,
        "Maximum Duration": {
            "Unit Of Measure": "ms",
            "Value": 155724001000
        },
        "Name": "Training Window Well 1",
        "Scoped To": "0EFAC201-AC23-71C0-8521-3673C11ABD88",
        "Type": "CalculatedCondition",
        "UIConfig": {
            "color": "#CE561B",
            "configVersion": 11,
            "isExecuting": false,
            "type": "manual-condition"
        },
        "Unsearchable": false
    },
    "0EFAC223-765A-EAD0-A559-2419CCF8C772": {
        "Archived": false,
        "Cache Enabled": true,
        "Cache ID": "0EFAC223-765D-71E0-833D-1987B8BBCCC5",
        "Capsule Property Units": {},
        "Data ID": "0EFAC223-765A-EAD0-A559-2419CCF8C772",
        "Datasource Class": "Seeq Calculations",
        "Datasource ID": "Seeq Calculations",
        "Enabled": true,
        "Formula": [
            "condition(278899201000ms,",
            "  capsule(889671840000ms, 1121068080000ms),",
            "  capsule(1133464320000ms, 1365686940000ms),",
            "  capsule(1375954740000ms, 1609511100000ms),",
            "  capsule(1614608700000ms, 1893507900000ms))"
        ],
        "Formula Parameters": {},
        "Formula Version": 31,
        "ID": "0EFAC223-765A-EAD0-A559-2419CCF8C772",
        "Locked": false,
        "Maximum Duration": {
            "Unit Of Measure": "ms",
            "Value": 278899201000
        },
        "Name": "Well Cycles Well 1",
        "Scoped To": "0EFAC201-AC23-71C0-8521-3673C11ABD88",
        "Type": "CalculatedCondition",
        "UIConfig": {
            "color": "#00A2DD",
            "configVersion": 11,
            "isExecuting": false,
            "type": "manual-condition"
        },
        "Unsearchable": false
    },
    "0EFAC226-0818-6060-AC97-53C99127B8AA": {
        "Archived": false,
        "Cache Enabled": true,
        "Cache ID": "0EFAC226-081C-EE80-B329-0121D973669F",
        "Capsule Property Units": {},
        "Data ID": "0EFAC226-0818-6060-AC97-53C99127B8AA",
        "Datasource Class": "Seeq Calculations",
        "Datasource ID": "Seeq Calculations",
        "Enabled": true,
        "Formula": [
            "condition(155727601000ms,",
            "  capsule(1444380540000ms, 1600108140000ms))"
        ],
        "Formula Parameters": {},
        "Formula Version": 31,
        "ID": "0EFAC226-0818-6060-AC97-53C99127B8AA",
        "Locked": false,
        "Maximum Duration": {
            "Unit Of Measure": "ms",
            "Value": 155727601000
        },
        "Name": "Training Window Well 2",
        "Scoped To": "0EFAC201-AC23-71C0-8521-3673C11ABD88",
        "Type": "CalculatedCondition",
        "UIConfig": {
            "color": "#E1498E",
            "configVersion": 11,
            "isExecuting": false,
            "type": "manual-condition"
        },
        "Unsearchable": false
    },
    "0EFAC229-4B35-7160-A4DB-1E2D7EAB641A": {
        "Archived": false,
        "Cache Enabled": true,
        "Cache ID": "0EFAC229-4B37-E870-BDDD-74089E06921A",
        "Capsule Property Units": {},
        "Data ID": "0EFAC229-4B35-7160-A4DB-1E2D7EAB641A",
        "Datasource Class": "Seeq Calculations",
        "Datasource ID": "Seeq Calculations",
        "Enabled": true,
        "Formula": [
            "condition(278899201000ms,",
            "  capsule(950151840000ms, 1181548080000ms),",
            "  capsule(1193940720000ms, 1426166940000ms),",
            "  capsule(1436434740000ms, 1669991100000ms),",
            "  capsule(1675088700000ms, 1953987900000ms))"
        ],
        "Formula Parameters": {},
        "Formula Version": 31,
        "ID": "0EFAC229-4B35-7160-A4DB-1E2D7EAB641A",
        "Locked": false,
        "Maximum Duration": {
            "Unit Of Measure": "ms",
            "Value": 278899201000
        },
        "Name": "Well Cycles Well 2",
        "Scoped To": "0EFAC201-AC23-71C0-8521-3673C11ABD88",
        "Type": "CalculatedCondition",
        "UIConfig": {
            "color": "#996442",
            "configVersion": 11,
            "isExecuting": false,
            "type": "manual-condition"
        },
        "Unsearchable": false
    },
    "0EFAC22B-83A5-71B0-8C15-810EA2726ECF": {
        "Archived": false,
        "Cache Enabled": true,
        "Cache ID": "0EFAC22B-83A7-E8C0-964E-C28AA23BB228",
        "Capsule Property Units": {},
        "Data ID": "0EFAC22B-83A5-71B0-8C15-810EA2726ECF",
        "Datasource Class": "Seeq Calculations",
        "Datasource ID": "Seeq Calculations",
        "Enabled": true,
        "Formula": [
            "condition(155727601000ms,",
            "  capsule(1513504140000ms, 1669231740000ms))"
        ],
        "Formula Parameters": {},
        "Formula Version": 31,
        "ID": "0EFAC22B-83A5-71B0-8C15-810EA2726ECF",
        "Locked": false,
        "Maximum Duration": {
            "Unit Of Measure": "ms",
            "Value": 155727601000
        },
        "Name": "Training Window Well 3",
        "Scoped To": "0EFAC201-AC23-71C0-8521-3673C11ABD88",
        "Type": "CalculatedCondition",
        "UIConfig": {
            "color": "#4B7ABD",
            "configVersion": 11,
            "isExecuting": false,
            "type": "manual-condition"
        },
        "Unsearchable": false
    },
    "0EFAC22E-5F52-EAD0-8DB8-0AACF1047BFD": {
        "Archived": false,
        "Cache Enabled": true,
        "Cache ID": "0EFAC22E-5F55-71E0-A7FE-1A1649A2CFAE",
        "Capsule Property Units": {},
        "Data ID": "0EFAC22E-5F52-EAD0-8DB8-0AACF1047BFD",
        "Datasource Class": "Seeq Calculations",
        "Datasource ID": "Seeq Calculations",
        "Enabled": true,
        "Formula": [
            "condition(233556361000ms,",
            "  capsule(760071840000ms, 991468080000ms),",
            "  capsule(1019268240000ms, 1250668080000ms),",
            "  capsule(1263064320000ms, 1495286940000ms),",
            "  capsule(1505554740000ms, 1739111100000ms))"
        ],
        "Formula Parameters": {},
        "Formula Version": 31,
        "ID": "0EFAC22E-5F52-EAD0-8DB8-0AACF1047BFD",
        "Locked": false,
        "Maximum Duration": {
            "Unit Of Measure": "ms",
            "Value": 233556361000
        },
        "Name": "Well Cycles Well 3",
        "Scoped To": "0EFAC201-AC23-71C0-8521-3673C11ABD88",
        "Type": "CalculatedCondition",
        "UIConfig": {
            "color": "#AC4625",
            "configVersion": 11,
            "isExecuting": false,
            "type": "manual-condition"
        },
        "Unsearchable": false
    },
    "0EFAC230-DE1C-FF30-B5C6-0D4FC20D89F1": {
        "Archived": false,
        "Asset": "Various Wells",
        "Asset Group Member": true,
        "Cache Enabled": false,
        "Created By": "C9FD5B90-17F3-4CA7-8C37-CD9B7D9B85D2",
        "Data ID": "0EFAC230-DE1C-FF30-B5C6-0D4FC20D89F1",
        "Datasource Class": "Seeq Metadata",
        "Datasource ID": "Seeq Metadata",
        "Enabled": true,
        "ID": "0EFAC230-DE1C-FF30-B5C6-0D4FC20D89F1",
        "Locked": false,
        "Name": "Various Wells",
        "Old Asset Format": false,
        "Parent ID": "<root>",
        "Path": "",
        "Scoped To": "0EFAC201-AC23-71C0-8521-3673C11ABD88",
        "Tree Type": "Seeq Workbench",
        "Type": "Asset",
        "Unsearchable": false
    },
    "0EFAC230-EAF7-FF70-8650-9161F97B88CC": {
        "Archived": false,
        "Asset": "Well 1",
        "Asset Group Member": true,
        "Cache Enabled": false,
        "Data ID": "0EFAC230-EAF7-FF70-8650-9161F97B88CC",
        "Datasource Class": "Seeq Metadata",
        "Datasource ID": "Seeq Metadata",
        "Enabled": true,
        "ID": "0EFAC230-EAF7-FF70-8650-9161F97B88CC",
        "Locked": false,
        "Name": "Well 1",
        "Old Asset Format": false,
        "Parent ID": "0EFAC230-DE1C-FF30-B5C6-0D4FC20D89F1",
        "Path": "Various Wells",
        "Scoped To": "0EFAC201-AC23-71C0-8521-3673C11ABD88",
        "Tree Type": "Seeq Workbench",
        "Type": "Asset",
        "Unsearchable": false,
        "manuallyAdded": "C9FD5B90-17F3-4CA7-8C37-CD9B7D9B85D2"
    },
    "0EFAC230-EB0B-77F0-86DB-53C334DB9DA1": {
        "Archived": false,
        "Asset": "Well 1",
        "Asset Group Member": true,
        "Cache Enabled": true,
        "Cache ID": "0EFAC230-EB10-6610-A68A-B5A4BE617A00",
        "Data ID": "0EFAC230-EB0B-77F0-86DB-53C334DB9DA1",
        "Datasource Class": "Seeq Calculations",
        "Datasource ID": "Seeq Calculations",
        "Enabled": true,
        "Formula": "$signal",
        "Formula Parameters": {
            "signal": "8CCE14C0-FD5F-46D9-A943-10D7625D3BFC"
        },
        "Formula Version": 31,
        "ID": "0EFAC230-EB0B-77F0-86DB-53C334DB9DA1",
        "Interpolation Method": "Linear",
        "Locked": false,
        "Maximum Interpolation": {
            "Unit Of Measure": "s",
            "Value": 86377
        },
        "Name": "Production Rate",
        "Parent ID": "0EFAC230-EAF7-FF70-8650-9161F97B88CC",
        "Path": "Various Wells",
        "Scoped To": "0EFAC201-AC23-71C0-8521-3673C11ABD88",
        "Tree Type": "Seeq Workbench",
        "Type": "CalculatedSignal",
        "Unsearchable": false,
        "Value Unit Of Measure": "bbl/d",
        "manuallyAdded": "C9FD5B90-17F3-4CA7-8C37-CD9B7D9B85D2"
    },
    "0EFAC230-EB37-7710-8120-5590F12FD019": {
        "Archived": false,
        "Asset": "Well 1",
        "Asset Group Member": true,
        "Cache Enabled": true,
        "Cache ID": "0EFAC230-EB3C-7530-95A2-A433673E7295",
        "Capsule Property Units": {},
        "Data ID": "0EFAC230-EB37-7710-8120-5590F12FD019",
        "Datasource Class": "Seeq Calculations",
        "Datasource ID": "Seeq Calculations",
        "Enabled": true,
        "Formula": "$signal",
        "Formula Parameters": {
            "signal": "0EFAC220-14AF-7590-8502-0ED686DAE059"
        },
        "Formula Version": 31,
        "ID": "0EFAC230-EB37-7710-8120-5590F12FD019",
        "Locked": false,
        "Maximum Duration": {
            "Unit Of Measure": "ms",
            "Value": 155724001000
        },
        "Name": "Training Window",
        "Parent ID": "0EFAC230-EAF7-FF70-8650-9161F97B88CC",
        "Path": "Various Wells",
        "Scoped To": "0EFAC201-AC23-71C0-8521-3673C11ABD88",
        "Tree Type": "Seeq Workbench",
        "Type": "CalculatedCondition",
        "Unsearchable": false,
        "manuallyAdded": "C9FD5B90-17F3-4CA7-8C37-CD9B7D9B85D2"
    },
    "0EFAC230-EB57-62E0-83D9-5470AAF3E8EC": {
        "Archived": false,
        "Asset": "Well 1",
        "Asset Group Member": true,
        "Cache Enabled": true,
        "Cache ID": "0EFAC230-EB5C-7100-A7D3-70BC83BBB9D1",
        "Capsule Property Units": {},
        "Data ID": "0EFAC230-EB57-62E0-83D9-5470AAF3E8EC",
        "Datasource Class": "Seeq Calculations",
        "Datasource ID": "Seeq Calculations",
        "Enabled": true,
        "Formula": "$signal",
        "Formula Parameters": {
            "signal": "0EFAC223-765A-EAD0-A559-2419CCF8C772"
        },
        "Formula Version": 31,
        "ID": "0EFAC230-EB57-62E0-83D9-5470AAF3E8EC",
        "Locked": false,
        "Maximum Duration": {
            "Unit Of Measure": "ms",
            "Value": 278899201000
        },
        "Name": "Well Cycles",
        "Parent ID": "0EFAC230-EAF7-FF70-8650-9161F97B88CC",
        "Path": "Various Wells",
        "Scoped To": "0EFAC201-AC23-71C0-8521-3673C11ABD88",
        "Tree Type": "Seeq Workbench",
        "Type": "CalculatedCondition",
        "Unsearchable": false,
        "manuallyAdded": "C9FD5B90-17F3-4CA7-8C37-CD9B7D9B85D2"
    },
    "0EFAC230-EB60-FF20-961D-7B64DB596840": {
        "Archived": false,
        "Asset": "Well 2",
        "Asset Group Member": true,
        "Cache Enabled": false,
        "Data ID": "0EFAC230-EB60-FF20-961D-7B64DB596840",
        "Datasource Class": "Seeq Metadata",
        "Datasource ID": "Seeq Metadata",
        "Enabled": true,
        "ID": "0EFAC230-EB60-FF20-961D-7B64DB596840",
        "Locked": false,
        "Name": "Well 2",
        "Old Asset Format": false,
        "Parent ID": "0EFAC230-DE1C-FF30-B5C6-0D4FC20D89F1",
        "Path": "Various Wells",
        "Scoped To": "0EFAC201-AC23-71C0-8521-3673C11ABD88",
        "Tree Type": "Seeq Workbench",
        "Type": "Asset",
        "Unsearchable": false,
        "manuallyAdded": "C9FD5B90-17F3-4CA7-8C37-CD9B7D9B85D2"
    },
    "0EFAC230-EB80-EAF0-B9CE-F86D607F7F63": {
        "Archived": false,
        "Asset": "Well 2",
        "Asset Group Member": true,
        "Cache Enabled": true,
        "Cache ID": "0EFAC230-EB85-F910-8181-753EFC893F2E",
        "Data ID": "0EFAC230-EB80-EAF0-B9CE-F86D607F7F63",
        "Datasource Class": "Seeq Calculations",
        "Datasource ID": "Seeq Calculations",
        "Enabled": true,
        "Formula": "$signal",
        "Formula Parameters": {
            "signal": "0EFAC21D-5613-62F0-A5A4-8B4EE1693076"
        },
        "Formula Version": 31,
        "ID": "0EFAC230-EB80-EAF0-B9CE-F86D607F7F63",
        "Interpolation Method": "Linear",
        "Locked": false,
        "Maximum Interpolation": {
            "Unit Of Measure": "s",
            "Value": 86377
        },
        "Name": "Production Rate",
        "Parent ID": "0EFAC230-EB60-FF20-961D-7B64DB596840",
        "Path": "Various Wells",
        "Scoped To": "0EFAC201-AC23-71C0-8521-3673C11ABD88",
        "Tree Type": "Seeq Workbench",
        "Type": "CalculatedSignal",
        "Unsearchable": false,
        "Value Unit Of Measure": "bbl/d",
        "manuallyAdded": "C9FD5B90-17F3-4CA7-8C37-CD9B7D9B85D2"
    },
    "0EFAC230-EB9B-E8A0-828D-FEE7C4235186": {
        "Archived": false,
        "Asset": "Well 2",
        "Asset Group Member": true,
        "Cache Enabled": true,
        "Cache ID": "0EFAC230-EBA0-66C0-8E0F-8D3A447344EA",
        "Capsule Property Units": {},
        "Data ID": "0EFAC230-EB9B-E8A0-828D-FEE7C4235186",
        "Datasource Class": "Seeq Calculations",
        "Datasource ID": "Seeq Calculations",
        "Enabled": true,
        "Formula": "$signal",
        "Formula Parameters": {
            "signal": "0EFAC226-0818-6060-AC97-53C99127B8AA"
        },
        "Formula Version": 31,
        "ID": "0EFAC230-EB9B-E8A0-828D-FEE7C4235186",
        "Locked": false,
        "Maximum Duration": {
            "Unit Of Measure": "ms",
            "Value": 155727601000
        },
        "Name": "Training Window",
        "Parent ID": "0EFAC230-EB60-FF20-961D-7B64DB596840",
        "Path": "Various Wells",
        "Scoped To": "0EFAC201-AC23-71C0-8521-3673C11ABD88",
        "Tree Type": "Seeq Workbench",
        "Type": "CalculatedCondition",
        "Unsearchable": false,
        "manuallyAdded": "C9FD5B90-17F3-4CA7-8C37-CD9B7D9B85D2"
    },
    "0EFAC230-EBB6-6650-ABCD-D7C1CABB274F": {
        "Archived": false,
        "Asset": "Well 2",
        "Asset Group Member": true,
        "Cache Enabled": true,
        "Cache ID": "0EFAC230-EBB8-FD60-B57A-4265139FFF20",
        "Capsule Property Units": {},
        "Data ID": "0EFAC230-EBB6-6650-ABCD-D7C1CABB274F",
        "Datasource Class": "Seeq Calculations",
        "Datasource ID": "Seeq Calculations",
        "Enabled": true,
        "Formula": "$signal",
        "Formula Parameters": {
            "signal": "0EFAC229-4B35-7160-A4DB-1E2D7EAB641A"
        },
        "Formula Version": 31,
        "ID": "0EFAC230-EBB6-6650-ABCD-D7C1CABB274F",
        "Locked": false,
        "Maximum Duration": {
            "Unit Of Measure": "ms",
            "Value": 278899201000
        },
        "Name": "Well Cycles",
        "Parent ID": "0EFAC230-EB60-FF20-961D-7B64DB596840",
        "Path": "Various Wells",
        "Scoped To": "0EFAC201-AC23-71C0-8521-3673C11ABD88",
        "Tree Type": "Seeq Workbench",
        "Type": "CalculatedCondition",
        "Unsearchable": false,
        "manuallyAdded": "C9FD5B90-17F3-4CA7-8C37-CD9B7D9B85D2"
    },
    "0EFAC230-EBBD-FB80-9899-08E73CDDF28E": {
        "Archived": false,
        "Asset": "Well 3",
        "Asset Group Member": true,
        "Cache Enabled": false,
        "Data ID": "0EFAC230-EBBD-FB80-9899-08E73CDDF28E",
        "Datasource Class": "Seeq Metadata",
        "Datasource ID": "Seeq Metadata",
        "Enabled": true,
        "ID": "0EFAC230-EBBD-FB80-9899-08E73CDDF28E",
        "Locked": false,
        "Name": "Well 3",
        "Old Asset Format": false,
        "Parent ID": "0EFAC230-DE1C-FF30-B5C6-0D4FC20D89F1",
        "Path": "Various Wells",
        "Scoped To": "0EFAC201-AC23-71C0-8521-3673C11ABD88",
        "Tree Type": "Seeq Workbench",
        "Type": "Asset",
        "Unsearchable": false,
        "manuallyAdded": "C9FD5B90-17F3-4CA7-8C37-CD9B7D9B85D2"
    },
    "0EFAC230-EBDB-6040-B5D2-CF9895B108A1": {
        "Archived": false,
        "Asset": "Well 3",
        "Asset Group Member": true,
        "Cache Enabled": true,
        "Cache ID": "0EFAC230-EBDF-EE60-BFC7-CC1DDC511E86",
        "Data ID": "0EFAC230-EBDB-6040-B5D2-CF9895B108A1",
        "Datasource Class": "Seeq Calculations",
        "Datasource ID": "Seeq Calculations",
        "Enabled": true,
        "Formula": "$signal",
        "Formula Parameters": {
            "signal": "0EFAC21E-9469-7530-B824-FB855342C0BF"
        },
        "Formula Version": 31,
        "ID": "0EFAC230-EBDB-6040-B5D2-CF9895B108A1",
        "Interpolation Method": "Linear",
        "Locked": false,
        "Maximum Interpolation": {
            "Unit Of Measure": "s",
            "Value": 86377
        },
        "Name": "Production Rate",
        "Parent ID": "0EFAC230-EBBD-FB80-9899-08E73CDDF28E",
        "Path": "Various Wells",
        "Scoped To": "0EFAC201-AC23-71C0-8521-3673C11ABD88",
        "Tree Type": "Seeq Workbench",
        "Type": "CalculatedSignal",
        "Unsearchable": false,
        "Value Unit Of Measure": "bbl/d",
        "manuallyAdded": "C9FD5B90-17F3-4CA7-8C37-CD9B7D9B85D2"
    },
    "0EFAC230-EBF5-FDF0-9919-AED5C673FD3A": {
        "Archived": false,
        "Asset": "Well 3",
        "Asset Group Member": true,
        "Cache Enabled": true,
        "Cache ID": "0EFAC230-EBFA-EC10-B4E4-482624CC1D69",
        "Capsule Property Units": {},
        "Data ID": "0EFAC230-EBF5-FDF0-9919-AED5C673FD3A",
        "Datasource Class": "Seeq Calculations",
        "Datasource ID": "Seeq Calculations",
        "Enabled": true,
        "Formula": "$signal",
        "Formula Parameters": {
            "signal": "0EFAC22B-83A5-71B0-8C15-810EA2726ECF"
        },
        "Formula Version": 31,
        "ID": "0EFAC230-EBF5-FDF0-9919-AED5C673FD3A",
        "Locked": false,
        "Maximum Duration": {
            "Unit Of Measure": "ms",
            "Value": 155727601000
        },
        "Name": "Training Window",
        "Parent ID": "0EFAC230-EBBD-FB80-9899-08E73CDDF28E",
        "Path": "Various Wells",
        "Scoped To": "0EFAC201-AC23-71C0-8521-3673C11ABD88",
        "Tree Type": "Seeq Workbench",
        "Type": "CalculatedCondition",
        "Unsearchable": false,
        "manuallyAdded": "C9FD5B90-17F3-4CA7-8C37-CD9B7D9B85D2"
    },
    "0EFAC230-EC13-62B0-9550-122B913EE91D": {
        "Archived": false,
        "Asset": "Well 3",
        "Asset Group Member": true,
        "Cache Enabled": true,
        "Cache ID": "0EFAC230-EC15-F9C0-99B2-D067D5340165",
        "Capsule Property Units": {},
        "Data ID": "0EFAC230-EC13-62B0-9550-122B913EE91D",
        "Datasource Class": "Seeq Calculations",
        "Datasource ID": "Seeq Calculations",
        "Enabled": true,
        "Formula": "$signal",
        "Formula Parameters": {
            "signal": "0EFAC22E-5F52-EAD0-8DB8-0AACF1047BFD"
        },
        "Formula Version": 31,
        "ID": "0EFAC230-EC13-62B0-9550-122B913EE91D",
        "Locked": false,
        "Maximum Duration": {
            "Unit Of Measure": "ms",
            "Value": 233556361000
        },
        "Name": "Well Cycles",
        "Parent ID": "0EFAC230-EBBD-FB80-9899-08E73CDDF28E",
        "Path": "Various Wells",
        "Scoped To": "0EFAC201-AC23-71C0-8521-3673C11ABD88",
        "Tree Type": "Seeq Workbench",
        "Type": "CalculatedCondition",
        "Unsearchable": false,
        "manuallyAdded": "C9FD5B90-17F3-4CA7-8C37-CD9B7D9B85D2"
    },
    "0EFAC232-11EB-EC70-BE7B-A009537BB536": {
        "Archived": false,
        "Cache Enabled": true,
        "Cache ID": "0EFAC232-11F0-EA90-899C-49F9094B89BD",
        "Data ID": "0EFAC232-11EB-EC70-BE7B-A009537BB536",
        "Datasource Class": "Seeq Calculations",
        "Datasource ID": "Seeq Calculations",
        "Enabled": true,
        "Formula": "$inputSignal.agileFilter(3day,99day)",
        "Formula Parameters": {
            "inputSignal": "0EFAC230-EB0B-77F0-86DB-53C334DB9DA1"
        },
        "Formula Version": 31,
        "ID": "0EFAC232-11EB-EC70-BE7B-A009537BB536",
        "Interpolation Method": "Linear",
        "Locked": false,
        "Maximum Interpolation": {
            "Unit Of Measure": "s",
            "Value": 259200.0
        },
        "Name": "Production Rate Cleansed",
        "Scoped To": "0EFAC201-AC23-71C0-8521-3673C11ABD88",
        "Type": "CalculatedSignal",
        "UIConfig": {
            "advancedParametersCollapsed": true,
            "algorithmSelectedValue": "seeq-agile",
            "alpha": 0.9,
            "color": "#068C45",
            "configVersion": 11,
            "cutoff": {},
            "isCutoffAuto": true,
            "isMigratedLowPassFilter": false,
            "isSamplingRateAuto": true,
            "isTau": true,
            "polynomialFactor": 2,
            "samplingRate": {
                "units": "day",
                "valid": true,
                "value": 3
            },
            "smoothingWindow": {
                "units": "day",
                "valid": true,
                "value": 99
            },
            "tau": {
                "units": "min",
                "value": 10
            },
            "type": "signal-smoothing"
        },
        "Unsearchable": false,
        "Value Unit Of Measure": "bbl/d"
    },
    "0EFAC234-5923-FFA0-84F4-4E78BB40AF05": {
        "Archived": false,
        "Cache Enabled": true,
        "Cache ID": "0EFAC234-5928-FDC0-9559-FC22602F3C84",
        "Data ID": "0EFAC234-5923-FFA0-84F4-4E78BB40AF05",
        "Datasource Class": "Seeq Calculations",
        "Datasource ID": "Seeq Calculations",
        "Enabled": true,
        "Formula": "$rate.integral($cycle)",
        "Formula Parameters": {
            "cycle": "0EFAC230-EB57-62E0-83D9-5470AAF3E8EC",
            "rate": "0EFAC232-11EB-EC70-BE7B-A009537BB536"
        },
        "Formula Version": 31,
        "ID": "0EFAC234-5923-FFA0-84F4-4E78BB40AF05",
        "Interpolation Method": "Linear",
        "Locked": false,
        "Maximum Interpolation": {
            "Unit Of Measure": "s",
            "Value": 259200.0
        },
        "Name": "Cumulative Production",
        "Scoped To": "0EFAC201-AC23-71C0-8521-3673C11ABD88",
        "Type": "CalculatedSignal",
        "UIConfig": {
            "advancedParametersCollapsed": true,
            "configVersion": 11,
            "localFormula": "",
            "tabTransitioning": false,
            "type": "formula"
        },
        "Unsearchable": false,
        "Value Unit Of Measure": "bbl"
    },
    "0EFAC236-3861-E860-8474-A6AD8E614C95": {
        "Archived": false,
        "Cache Enabled": true,
        "Cache ID": "0EFAC236-3868-FD90-A512-706CC718300F",
        "Data ID": "0EFAC236-3861-E860-8474-A6AD8E614C95",
        "Datasource Class": "Seeq Calculations",
        "Datasource ID": "Seeq Calculations",
        "Enabled": true,
        "Formula": "$target.regressionModelOLS(group(capsule(\"2013-11-08T09:49:00.000Z\", \"2018-10-15T18:29:00.000Z\")), false, $a).predict($a)",
        "Formula Parameters": {
            "a": "0EFAC234-5923-FFA0-84F4-4E78BB40AF05",
            "target": "0EFAC232-11EB-EC70-BE7B-A009537BB536"
        },
        "Formula Version": 31,
        "ID": "0EFAC236-3861-E860-8474-A6AD8E614C95",
        "Interpolation Method": "Linear",
        "Locked": false,
        "Maximum Interpolation": {
            "Unit Of Measure": "s",
            "Value": 259200.0
        },
        "Name": "Production Rate vs Cumulative Production Linear",
        "Scoped To": "0EFAC201-AC23-71C0-8521-3673C11ABD88",
        "Type": "CalculatedSignal",
        "UIConfig": {
            "advancedParametersCollapsed": true,
            "color": "#6263AD",
            "configVersion": 11,
            "isRefreshRateEnabled": false,
            "lambda": 0,
            "modelExpanded": false,
            "mustGoThroughZero": false,
            "option": "linear",
            "polynomialValue": 2,
            "regressionMethod": "OLS",
            "type": "prediction",
            "variableSelection": 0.05,
            "variableSelectionEnabled": false,
            "windowEnd": 1539628140000,
            "windowStart": 1383904140000
        },
        "Unsearchable": false,
        "Value Unit Of Measure": "bbl/d"
    },
    "0EFAC237-A9F0-7750-AF46-47206C110516": {
        "Archived": false,
        "Cache Enabled": true,
        "Cache ID": "0EFAC237-A9F7-EC80-8150-DE5D0E5ACCE7",
        "Capsule ID Property": "start",
        "Capsule Property Units": {},
        "Data ID": "0EFAC237-A9F0-7750-AF46-47206C110516",
        "Datasource Class": "Seeq Calculations",
        "Datasource ID": "Seeq Calculations",
        "Enabled": true,
        "Formula": [
            "($xSignal > 5900000 ",
            "and $xSignal < 8000000)",
            "and ($ySignal > 0 ",
            "and $ySignal < 2500.6)"
        ],
        "Formula Parameters": {
            "xSignal": "0EFAC234-5923-FFA0-84F4-4E78BB40AF05",
            "ySignal": "0EFAC232-11EB-EC70-BE7B-A009537BB536"
        },
        "Formula Version": 31,
        "ID": "0EFAC237-A9F0-7750-AF46-47206C110516",
        "Locked": false,
        "Name": "Decline Curve Change",
        "Scoped To": "0EFAC201-AC23-71C0-8521-3673C11ABD88",
        "Type": "CalculatedCondition",
        "UIConfig": {
            "advancedParametersCollapsed": true,
            "configVersion": 11,
            "isBounding": false,
            "isCleansing": false,
            "mergeDuration": {
                "units": "min",
                "value": 0
            },
            "minDuration": {
                "units": "min",
                "value": 0
            },
            "type": "scatter-condition"
        },
        "Unsearchable": false
    },
    "0EFAC23D-CABB-EC90-931C-575E95C1F3CD": {
        "Archived": false,
        "Cache Enabled": true,
        "Cache ID": "0EFAC23D-CAC0-EAB0-BFD5-336CD807AC1D",
        "Data ID": "0EFAC23D-CABB-EC90-931C-575E95C1F3CD",
        "Datasource Class": "Seeq Calculations",
        "Datasource ID": "Seeq Calculations",
        "Enabled": true,
        "Formula": "timeSince($cycle, 1d)",
        "Formula Parameters": {
            "cycle": "0EFAC230-EB57-62E0-83D9-5470AAF3E8EC"
        },
        "Formula Version": 31,
        "ID": "0EFAC23D-CABB-EC90-931C-575E95C1F3CD",
        "Interpolation Method": "Linear",
        "Locked": false,
        "Maximum Interpolation": {
            "Unit Of Measure": "d",
            "Value": 1
        },
        "Name": "Well Life",
        "Scoped To": "0EFAC201-AC23-71C0-8521-3673C11ABD88",
        "Type": "CalculatedSignal",
        "UIConfig": {
            "advancedParametersCollapsed": true,
            "configVersion": 11,
            "localFormula": "",
            "tabTransitioning": false,
            "type": "formula"
        },
        "Unsearchable": false,
        "Value Unit Of Measure": "d"
    },
    "0EFAC241-9366-64D0-AF8C-362E04AAA537": {
        "Archived": false,
        "Cache Enabled": true,
        "Cache ID": "0EFAC241-936D-EA00-B847-D1214D6EE619",
        "Data ID": "0EFAC241-9366-64D0-AF8C-362E04AAA537",
        "Datasource Class": "Seeq Calculations",
        "Datasource ID": "Seeq Calculations",
        "Enabled": true,
        "Formula": "$target.regressionModelOLS($condition.toGroup(capsule(\"2013-11-08T09:49:00.000Z\", \"2023-10-15T18:29:00.000Z\"), CapsuleBoundary.Intersect), false, $a, ln($a).validValues()).predict($a, ln($a).validValues())",
        "Formula Parameters": {
            "a": "0EFAC23D-CABB-EC90-931C-575E95C1F3CD",
            "condition": "0EFAC230-EB37-7710-8120-5590F12FD019",
            "target": "0EFAC232-11EB-EC70-BE7B-A009537BB536"
        },
        "Formula Version": 31,
        "ID": "0EFAC241-9366-64D0-AF8C-362E04AAA537",
        "Interpolation Method": "Linear",
        "Locked": false,
        "Maximum Interpolation": {
            "Unit Of Measure": "d",
            "Value": 1
        },
        "Name": "Well Prediction Exponential/Logarithmic",
        "Scoped To": "0EFAC201-AC23-71C0-8521-3673C11ABD88",
        "Type": "CalculatedSignal",
        "UIConfig": {
            "advancedParametersCollapsed": false,
            "color": "#0070C0",
            "configVersion": 11,
            "isRefreshRateEnabled": false,
            "lambda": 0,
            "modelExpanded": false,
            "mustGoThroughZero": false,
            "option": "log",
            "polynomialValue": 2,
            "regressionMethod": "OLS",
            "type": "prediction",
            "variableSelection": 0.05,
            "variableSelectionEnabled": false,
            "windowEnd": 1697394540000,
            "windowStart": 1383904140000
        },
        "Unsearchable": false,
        "Value Unit Of Measure": "bbl/d"
    },
    "0EFAC243-D13E-F990-B486-783347DBECA5": {
        "Archived": false,
        "Cache Enabled": true,
        "Cache ID": "0EFAC243-D145-EEC0-B689-531D2A9AA6C8",
        "Data ID": "0EFAC243-D13E-F990-B486-783347DBECA5",
        "Datasource Class": "Seeq Calculations",
        "Datasource ID": "Seeq Calculations",
        "Enabled": true,
        "Formula": "$target.regressionModelOLS($condition.toGroup(capsule(\"2013-11-08T09:49:00.000Z\", \"2023-10-15T18:29:00.000Z\"), CapsuleBoundary.Intersect), false, $a, $a^2).predict($a, $a^2)",
        "Formula Parameters": {
            "a": "0EFAC23D-CABB-EC90-931C-575E95C1F3CD",
            "condition": "0EFAC230-EB37-7710-8120-5590F12FD019",
            "target": "0EFAC232-11EB-EC70-BE7B-A009537BB536"
        },
        "Formula Version": 31,
        "ID": "0EFAC243-D13E-F990-B486-783347DBECA5",
        "Interpolation Method": "Linear",
        "Locked": false,
        "Maximum Interpolation": {
            "Unit Of Measure": "d",
            "Value": 1
        },
        "Name": "Well Prediction Hyperbolic/Polynomial",
        "Scoped To": "0EFAC201-AC23-71C0-8521-3673C11ABD88",
        "Type": "CalculatedSignal",
        "UIConfig": {
            "advancedParametersCollapsed": true,
            "color": "#0070C0",
            "configVersion": 11,
            "isRefreshRateEnabled": false,
            "lambda": 0,
            "modelExpanded": false,
            "mustGoThroughZero": false,
            "option": "polynomial",
            "polynomialValue": 2,
            "regressionMethod": "OLS",
            "scopedTo": "0EFAC201-AC23-71C0-8521-3673C11ABD88",
            "type": "prediction",
            "useValidValues": true,
            "variableSelection": 0.05,
            "variableSelectionEnabled": false,
            "windowEnd": 1697394540000,
            "windowStart": 1383904140000
        },
        "Unsearchable": false,
        "Value Unit Of Measure": "bbl/d"
    },
    "0EFAC247-3921-FB90-A3C6-0058C44E5020": {
        "Archived": false,
        "Cache Enabled": true,
        "Cache ID": "0EFAC247-392D-EEE0-A9AA-D80A417F8474",
        "Data ID": "0EFAC247-3921-FB90-A3C6-0058C44E5020",
        "Datasource Class": "Seeq Calculations",
        "Datasource ID": "Seeq Calculations",
        "Enabled": true,
        "Formula": [
            "$exp_pred.validValues().within($cycle)",
            ".splice($hyp_pred.validValues().within($cycle), ",
            "             $dec_curve_change)"
        ],
        "Formula Parameters": {
            "cycle": "0EFAC230-EB57-62E0-83D9-5470AAF3E8EC",
            "dec_curve_change": "0EFAC237-A9F0-7750-AF46-47206C110516",
            "exp_pred": "0EFAC241-9366-64D0-AF8C-362E04AAA537",
            "hyp_pred": "0EFAC243-D13E-F990-B486-783347DBECA5"
        },
        "Formula Version": 31,
        "ID": "0EFAC247-3921-FB90-A3C6-0058C44E5020",
        "Interpolation Method": "Linear",
        "Locked": false,
        "Maximum Interpolation": {
            "Unit Of Measure": "d",
            "Value": 1
        },
        "Name": "Final Well Prediction",
        "Scoped To": "0EFAC201-AC23-71C0-8521-3673C11ABD88",
        "Type": "CalculatedSignal",
        "UIConfig": {
            "advancedParametersCollapsed": true,
            "configVersion": 11,
            "localFormula": "",
            "tabTransitioning": false,
            "type": "formula"
        },
        "Unsearchable": false,
        "Value Unit Of Measure": "bbl/d"
    },
    "0EFAC250-E708-FFC0-878B-DCFF6342A3B6": {
        "Archived": false,
        "Cache Enabled": true,
        "Cache ID": "0EFAC250-E70D-FDE0-A81E-73BB99E13C1F",
        "Data ID": "0EFAC250-E708-FFC0-878B-DCFF6342A3B6",
        "Datasource Class": "Seeq Calculations",
        "Datasource ID": "Seeq Calculations",
        "Enabled": true,
        "Formula": "($exp_pred-$hyp_pred)",
        "Formula Parameters": {
            "exp_pred": "0EFAC241-9366-64D0-AF8C-362E04AAA537",
            "hyp_pred": "0EFAC243-D13E-F990-B486-783347DBECA5"
        },
        "Formula Version": 31,
        "ID": "0EFAC250-E708-FFC0-878B-DCFF6342A3B6",
        "Interpolation Method": "Linear",
        "Locked": false,
        "Maximum Interpolation": {
            "Unit Of Measure": "d",
            "Value": 1
        },
        "Name": "Prediction Variation",
        "Scoped To": "0EFAC201-AC23-71C0-8521-3673C11ABD88",
        "Type": "CalculatedSignal",
        "UIConfig": {
            "advancedParametersCollapsed": true,
            "configVersion": 11,
            "localFormula": "",
            "tabTransitioning": false,
            "type": "formula"
        },
        "Unsearchable": false,
        "Value Unit Of Measure": "bbl/d"
    },
    "0EFAC256-12A3-EC20-A00D-671EDAAA4047": {
        "Archived": false,
        "Cache Enabled": true,
        "Cache ID": "0EFAC256-12A8-EA40-BF20-6EFC9CFE4A57",
        "Capsule Property Units": {
            "Well Production Phase": "string"
        },
        "Data ID": "0EFAC256-12A3-EC20-A00D-671EDAAA4047",
        "Datasource Class": "Seeq Calculations",
        "Datasource ID": "Seeq Calculations",
        "Enabled": true,
        "Formula": [
            "$normal = ($pred_var>-500 and $pred_var<200).setProperty('Well Production Phase', 'Normal')",
            "$transient = ($pred_var>200).setProperty('Well Production Phase', 'Transient')",
            "$end_of_life = ($pred_var<-500).setProperty('Well Production Phase', 'End of Life')",
            "",
            "$normal.combineWith($transient, $end_of_life)"
        ],
        "Formula Parameters": {
            "pred_var": "0EFAC250-E708-FFC0-878B-DCFF6342A3B6"
        },
        "Formula Version": 31,
        "ID": "0EFAC256-12A3-EC20-A00D-671EDAAA4047",
        "Locked": false,
        "Name": "Well Life Characterization",
        "Scoped To": "0EFAC201-AC23-71C0-8521-3673C11ABD88",
        "Type": "CalculatedCondition",
        "UIConfig": {
            "advancedParametersCollapsed": true,
            "configVersion": 11,
            "localFormula": "",
            "scopedTo": "0EFAC201-AC23-71C0-8521-3673C11ABD88",
            "tabTransitioning": false,
            "type": "formula"
        },
        "Unsearchable": false
    },
    "0EFAC257-CED0-6410-943D-E80DB888D39F": {
        "Archived": false,
        "Cache Enabled": true,
        "Cache ID": "0EFAC257-CED5-6230-B1CB-D31476E7AD5F",
        "Capsule Property Units": {
            "Well Production Phase": "string"
        },
        "Data ID": "0EFAC257-CED0-6410-943D-E80DB888D39F",
        "Datasource Class": "Seeq Calculations",
        "Datasource ID": "Seeq Calculations",
        "Enabled": true,
        "Formula": "$wlc.keep('Well Production Phase', isMatch('Transient'))",
        "Formula Parameters": {
            "wlc": "0EFAC256-12A3-EC20-A00D-671EDAAA4047"
        },
        "Formula Version": 31,
        "ID": "0EFAC257-CED0-6410-943D-E80DB888D39F",
        "Locked": false,
        "Name": "Transient Well Production Phase",
        "Scoped To": "0EFAC201-AC23-71C0-8521-3673C11ABD88",
        "Type": "CalculatedCondition",
        "UIConfig": {
            "advancedParametersCollapsed": true,
            "configVersion": 11,
            "localFormula": "",
            "tabTransitioning": false,
            "type": "formula"
        },
        "Unsearchable": false
    },
    "0EFAC258-D46F-75A0-B194-334B313C7B61": {
        "Archived": false,
        "Cache Enabled": true,
        "Cache ID": "0EFAC258-D474-73C0-A5D7-13DE2F7256B2",
        "Capsule Property Units": {
            "Well Production Phase": "string"
        },
        "Data ID": "0EFAC258-D46F-75A0-B194-334B313C7B61",
        "Datasource Class": "Seeq Calculations",
        "Datasource ID": "Seeq Calculations",
        "Enabled": true,
        "Formula": "$wlc.keep('Well Production Phase', isMatch('Normal'))",
        "Formula Parameters": {
            "wlc": "0EFAC256-12A3-EC20-A00D-671EDAAA4047"
        },
        "Formula Version": 31,
        "ID": "0EFAC258-D46F-75A0-B194-334B313C7B61",
        "Locked": false,
        "Name": "Normal Well Production Phase",
        "Scoped To": "0EFAC201-AC23-71C0-8521-3673C11ABD88",
        "Type": "CalculatedCondition",
        "UIConfig": {
            "advancedParametersCollapsed": true,
            "configVersion": 11,
            "localFormula": "",
            "scopedTo": "0EFAC201-AC23-71C0-8521-3673C11ABD88",
            "tabTransitioning": false,
            "type": "formula"
        },
        "Unsearchable": false
    },
    "0EFAC259-8CAC-EE10-8BF9-1BEA4491270B": {
        "Archived": false,
        "Cache Enabled": true,
        "Cache ID": "0EFAC259-8CB1-EC30-8A8D-742B5616ACE8",
        "Capsule Property Units": {
            "Well Production Phase": "string"
        },
        "Data ID": "0EFAC259-8CAC-EE10-8BF9-1BEA4491270B",
        "Datasource Class": "Seeq Calculations",
        "Datasource ID": "Seeq Calculations",
        "Enabled": true,
        "Formula": "$wlc.keep('Well Production Phase', isMatch('End of Life'))",
        "Formula Parameters": {
            "wlc": "0EFAC256-12A3-EC20-A00D-671EDAAA4047"
        },
        "Formula Version": 31,
        "ID": "0EFAC259-8CAC-EE10-8BF9-1BEA4491270B",
        "Locked": false,
        "Name": "End of Life Well Production Phase",
        "Scoped To": "0EFAC201-AC23-71C0-8521-3673C11ABD88",
        "Type": "CalculatedCondition",
        "UIConfig": {
            "advancedParametersCollapsed": true,
            "configVersion": 11,
            "localFormula": "",
            "scopedTo": "0EFAC201-AC23-71C0-8521-3673C11ABD88",
            "tabTransitioning": false,
            "type": "formula"
        },
        "Unsearchable": false
    },
    "0EFAC25E-F86A-71C0-95D8-94EB236B0E9F": {
        "Archived": false,
        "Cache Enabled": true,
        "Cache ID": "0EFAC25E-F86E-FFE0-9AA2-603E7462302F",
        "Capsule ID Property": "start",
        "Capsule Property Units": {},
        "Data ID": "0EFAC25E-F86A-71C0-95D8-94EB236B0E9F",
        "Datasource Class": "Seeq Calculations",
        "Datasource ID": "Seeq Calculations",
        "Enabled": true,
        "Formula": "$well_pred <= 0 or $well_pred.derivative() >= 0",
        "Formula Parameters": {
            "well_pred": "0EFAC247-3921-FB90-A3C6-0058C44E5020"
        },
        "Formula Version": 31,
        "ID": "0EFAC25E-F86A-71C0-95D8-94EB236B0E9F",
        "Locked": false,
        "Name": "Well Depleted",
        "Scoped To": "0EFAC201-AC23-71C0-8521-3673C11ABD88",
        "Type": "CalculatedCondition",
        "UIConfig": {
            "advancedParametersCollapsed": true,
            "configVersion": 11,
            "localFormula": "",
            "tabTransitioning": false,
            "type": "formula"
        },
        "Unsearchable": false
    },
    "0EFAC262-0512-FBE0-9D14-4EEFE5098412": {
        "Archived": false,
        "Cache Enabled": true,
        "Cache ID": "0EFAC262-0517-EA00-903E-04BF191823EC",
        "Capsule Property Units": {},
        "Data ID": "0EFAC262-0512-FBE0-9D14-4EEFE5098412",
        "Datasource Class": "Seeq Calculations",
        "Datasource ID": "Seeq Calculations",
        "Enabled": true,
        "Formula": "$wc-past()",
        "Formula Parameters": {
            "wc": "0EFAC230-EB57-62E0-83D9-5470AAF3E8EC"
        },
        "Formula Version": 31,
        "ID": "0EFAC262-0512-FBE0-9D14-4EEFE5098412",
        "Locked": false,
        "Maximum Duration": {
            "Unit Of Measure": "ms",
            "Value": 278899201000
        },
        "Name": "Remaining Current Cycle",
        "Scoped To": "0EFAC201-AC23-71C0-8521-3673C11ABD88",
        "Type": "CalculatedCondition",
        "UIConfig": {
            "advancedParametersCollapsed": true,
            "configVersion": 11,
            "localFormula": "",
            "scopedTo": "0EFAC201-AC23-71C0-8521-3673C11ABD88",
            "tabTransitioning": false,
            "type": "formula"
        },
        "Unsearchable": false
    },
    "0EFAC263-F207-6080-990F-C7B1B5CB5F67": {
        "Archived": false,
        "Cache Enabled": true,
        "Cache ID": "0EFAC263-F20E-75B0-A34D-F812006DFF82",
        "Capsule ID Property": "start",
        "Capsule Property Units": {},
        "Data ID": "0EFAC263-F207-6080-990F-C7B1B5CB5F67",
        "Datasource Class": "Seeq Calculations",
        "Datasource ID": "Seeq Calculations",
        "Enabled": true,
        "Formula": "$a.join($b.beforeStart(0ns), 6000day, false)",
        "Formula Parameters": {
            "a": "0EFAC262-0512-FBE0-9D14-4EEFE5098412",
            "b": "0EFAC25E-F86A-71C0-95D8-94EB236B0E9F"
        },
        "Formula Version": 31,
        "ID": "0EFAC263-F207-6080-990F-C7B1B5CB5F67",
        "Locked": false,
        "Maximum Duration": {
            "Unit Of Measure": "d",
            "Value": 6000
        },
        "Name": "Remaining Depletion Period",
        "Scoped To": "0EFAC201-AC23-71C0-8521-3673C11ABD88",
        "Type": "CalculatedCondition",
        "UIConfig": {
            "advancedParametersCollapsed": true,
            "configVersion": 11,
            "type": "composite-search"
        },
        "Unsearchable": false
    },
    "0EFAC265-13B2-64E0-8B83-27681C6C78E8": {
        "Archived": false,
        "Cache Enabled": true,
        "Cache ID": "0EFAC265-13B7-7300-B411-FCEFA2DD0EBC",
        "Capsule Property Units": {
            "Well Production Phase": "string"
        },
        "Data ID": "0EFAC265-13B2-64E0-8B83-27681C6C78E8",
        "Datasource Class": "Seeq Calculations",
        "Datasource ID": "Seeq Calculations",
        "Enabled": true,
        "Formula": "$deplete.mergeProperties($well_char).move(-1wk, 0) // Move to have overlap with last values of production rate",
        "Formula Parameters": {
            "deplete": "0EFAC263-F207-6080-990F-C7B1B5CB5F67",
            "well_char": "0EFAC256-12A3-EC20-A00D-671EDAAA4047"
        },
        "Formula Version": 31,
        "ID": "0EFAC265-13B2-64E0-8B83-27681C6C78E8",
        "Locked": false,
        "Maximum Duration": {
            "Unit Of Measure": "d",
            "Value": 6007.0
        },
        "Name": "Remaining Depletion Period (w/ Properties)",
        "Scoped To": "0EFAC201-AC23-71C0-8521-3673C11ABD88",
        "Type": "CalculatedCondition",
        "UIConfig": {
            "advancedParametersCollapsed": true,
            "configVersion": 11,
            "localFormula": "",
            "tabTransitioning": false,
            "type": "formula"
        },
        "Unsearchable": false
    },
    "0EFAC266-7C8C-73C0-863E-401DC1ECB2E0": {
        "Archived": false,
        "Cache Enabled": false,
        "Data ID": "0EFAC266-7C8C-73C0-863E-401DC1ECB2E0",
        "Datasource Class": "Seeq Calculations",
        "Datasource ID": "Seeq Calculations",
        "Enabled": true,
        "Formula": "<ThresholdMetric>",
        "Formula Parameters": {
            "Aggregation Condition": "0efac266-7cfe-ffb0-9398-ec7307848426",
            "Aggregation Function": "totalDuration(\"day\")",
            "Bounding Condition": "0EFAC265-13B2-64E0-8B83-27681C6C78E8",
            "Measured Item": "0EFAC265-13B2-64E0-8B83-27681C6C78E8",
            "Metric Neutral Color": "#ffffff",
            "Process Type": "Condition"
        },
        "ID": "0EFAC266-7C8C-73C0-863E-401DC1ECB2E0",
        "Locked": false,
        "MetricReconfigurationMigration": true,
        "Name": "Time Until Depletion",
        "Scoped To": "0EFAC201-AC23-71C0-8521-3673C11ABD88",
        "Type": "ThresholdMetric",
        "UIConfig": {
            "advancedParametersCollapsed": true,
            "type": "threshold-metric"
        },
        "Unsearchable": false
    },
    "0EFAC270-F636-F950-9D9E-3BAB551A3796": {
        "Archived": false,
        "Cache Enabled": true,
        "Cache ID": "0EFAC270-F63B-7770-8D9B-6EE62BED8264",
        "Data ID": "0EFAC270-F636-F950-9D9E-3BAB551A3796",
        "Datasource Class": "Seeq Calculations",
        "Datasource ID": "Seeq Calculations",
        "Enabled": true,
        "Formula": "ln($rate).validValues()",
        "Formula Parameters": {
            "rate": "0EFAC232-11EB-EC70-BE7B-A009537BB536"
        },
        "Formula Version": 31,
        "ID": "0EFAC270-F636-F950-9D9E-3BAB551A3796",
        "Interpolation Method": "Linear",
        "Locked": false,
        "Maximum Interpolation": {
            "Unit Of Measure": "s",
            "Value": 259200.0
        },
        "Name": "ln(Production Rate)",
        "Scoped To": "0EFAC201-AC23-71C0-8521-3673C11ABD88",
        "Type": "CalculatedSignal",
        "UIConfig": {
            "advancedParametersCollapsed": true,
            "configVersion": 11,
            "localFormula": "",
            "tabTransitioning": false,
            "type": "formula"
        },
        "Unsearchable": false,
        "Value Unit Of Measure": ""
    },
    "0EFAC273-5066-FBD0-87FA-825D3AA70446": {
        "Archived": false,
        "Cache Enabled": true,
        "Cache ID": "0EFAC273-506E-7100-ADF9-FD0A69B4E62A",
        "Data ID": "0EFAC273-5066-FBD0-87FA-825D3AA70446",
        "Datasource Class": "Seeq Calculations",
        "Datasource ID": "Seeq Calculations",
        "Enabled": true,
        "Formula": "$target.regressionModelOLS($condition.toGroup(capsule(\"2013-11-08T09:49:00.000Z\", \"2018-10-15T18:29:00.000Z\"), CapsuleBoundary.Intersect), false, $a).predict($a)",
        "Formula Parameters": {
            "a": "0EFAC234-5923-FFA0-84F4-4E78BB40AF05",
            "condition": "0EFAC237-A9F0-7750-AF46-47206C110516",
            "target": "0EFAC270-F636-F950-9D9E-3BAB551A3796"
        },
        "Formula Version": 31,
        "ID": "0EFAC273-5066-FBD0-87FA-825D3AA70446",
        "Interpolation Method": "Linear",
        "Locked": false,
        "Maximum Interpolation": {
            "Unit Of Measure": "s",
            "Value": 259200.0
        },
        "Name": "ln(Production Rate) vs Cumulative Production Linear",
        "Scoped To": "0EFAC201-AC23-71C0-8521-3673C11ABD88",
        "Type": "CalculatedSignal",
        "UIConfig": {
            "advancedParametersCollapsed": false,
            "color": "#2DBBA7",
            "configVersion": 11,
            "isRefreshRateEnabled": false,
            "lambda": 0,
            "modelExpanded": false,
            "mustGoThroughZero": false,
            "option": "linear",
            "polynomialValue": 2,
            "regressionMethod": "OLS",
            "type": "prediction",
            "variableSelection": 0.05,
            "variableSelectionEnabled": false,
            "windowEnd": 1539628140000,
            "windowStart": 1383904140000
        },
        "Unsearchable": false,
        "Value Unit Of Measure": ""
    },
    "8CCE14C0-FD5F-46D9-A943-10D7625D3BFC": {
        "Archived": false,
        "Cache Enabled": false,
        "Cache ID": "36C40028-08C6-4E6A-A324-A08D1D598174",
        "Data ID": "[Tag] Production Rate.sim.ts.csv",
        "Datasource Class": "Time Series CSV Files",
        "Datasource ID": "trainingData",
        "Enabled": true,
        "ID": "8CCE14C0-FD5F-46D9-A943-10D7625D3BFC",
        "Interpolation Method": "Linear",
        "Key Unit Of Measure": "ns",
        "Locked": false,
        "Maximum Interpolation": "86377s",
        "Name": "Production Rate",
        "Source Maximum Interpolation": "86377s",
        "Source Value Unit Of Measure": "bbl/day",
        "Stored Series Cache Version": 1,
        "Sync Token": "2023-02-16T00:00:00.365541947Z",
        "Type": "StoredSignal",
        "Unsearchable": false,
        "Value Unit Of Measure": "bbl/d"
    },
    "905A3390-CCA6-489B-89A3-492EC9F7FF26": {
        "Access Control": [
            {
                "ID": "726694d8-3949-4a40-aa59-e01b172690cd",
                "Identity": {
                    "Datasource Class": "OAuth 2.0",
                    "Datasource ID": "9ecc7e74-4c32-436d-9af0-70d8aa99386b",
                    "Datasource Name": "Seeq Azure SSO",
                    "Email": "Joseph.Reckamp@seeq.com",
                    "First Name": "Joe",
                    "ID": "C9FD5B90-17F3-4CA7-8C37-CD9B7D9B85D2",
                    "Is Admin": true,
                    "Last Name": "Reckamp",
                    "Name": "Joe Reckamp",
                    "Type": "User",
                    "Username": "DEg3Lh5pLS4-lG84EjGXXXdzxhd1450vkLgiu8he2l8"
                },
                "Origin": null,
                "Permissions": {
                    "Manage": true,
                    "Read": true,
                    "Write": true
                },
                "Redacted": false,
                "Role": "OWNER"
            }
        ],
        "Ancestors": [
            "__Users__"
        ],
        "Archived": false,
        "Cache Enabled": false,
        "Created At": "1605736826077625600",
        "Enabled": true,
        "ID": "905A3390-CCA6-489B-89A3-492EC9F7FF26",
        "Locked": false,
        "Name": "Joseph Reckamp",
        "Owner": {
            "Datasource Class": "OAuth 2.0",
            "Datasource ID": "9ecc7e74-4c32-436d-9af0-70d8aa99386b",
            "Datasource Name": "Seeq Azure SSO",
            "Email": "Joseph.Reckamp@seeq.com",
            "First Name": "Joe",
            "ID": "C9FD5B90-17F3-4CA7-8C37-CD9B7D9B85D2",
            "Is Admin": true,
            "Last Name": "Reckamp",
            "Name": "Joe Reckamp",
            "Type": "User",
            "Username": "DEg3Lh5pLS4-lG84EjGXXXdzxhd1450vkLgiu8he2l8"
        },
        "Permission Inheritance Disabled": true,
        "Type": "Folder",
        "Unmodifiable": true,
        "Unsearchable": true,
        "Updated At": "1605736826077625600"
    }
}