{
    "Definition": {
        "Archived": false,
        "Cache Enabled": false,
        "Created At": "1732646750091108956",
        "Description": "A customer transferred this analysis to Seeq, saving hundreds of FTE hours each month while still helping to determine at scale when to decommission a well or implement an artificial lift Problem Statement: Well decline curves are used to project well production. Decades worth of data is required to accurately",
        "Document": "<h2 style=\"text-align:center;\"><strong>Well Depletion Forecast</strong></h2><figure class=\"table\"><table class=\"ck-table-resized\"><colgroup><col style=\"width:21.28%;\" /><col style=\"width:78.72%;\" /></colgroup><tbody><tr><td><figure class=\"image\"><img src=\"/api/annotations/0EFAC26A-7FD1-7310-9B79-D12877260F85/images/image_v1.png\"></figure></td><td>A customer transferred this analysis to Seeq, <span style=\"color:hsl(210,75%,60%);\"><i><strong>saving hundreds of FTE hours each month</strong></i></span> while still helping to determine at scale when to decommission a well or implement an artificial lift</td></tr></tbody></table></figure><h3><strong>Problem Statement:</strong></h3><p>Well decline curves are used to project well production. Decades worth of data is required to accurately make this curve, leading to decline curve analyses being infrequently performed. By performing this analysis continuously, engineers can characterize their wells and monitor to suggest actions to increase production.\u00a0</p><p>More info available at <a target=\"_blank\" href=\"https://www.ihsenergy.ca/support/documentation_ca/Harmony/content/html_files/reference_material/analysis_method_theory/decline_theory.htm\" rel=\"nofollow noopener noreferrer\">Decline Analysis Theory</a> and <a target=\"_blank\" href=\"http://www.rockriverminerals.com/knowledge-center/oil-and-gas-decline-curves\" rel=\"nofollow noopener noreferrer\">Decline Curve Overview</a></p><h4><a href=\"/links?type&#61;workstep&amp;workbook&#61;0EFAC201-AC23-71C0-8521-3673C11ABD88&amp;worksheet&#61;0EFAC26A-7F99-60A0-A91A-C23346AE8733&amp;workstep&#61;0EFAC26A-7FC4-FFC0-B6E5-069078BC37E9\" rel=\"nofollow noopener noreferrer\"><strong>Well Life Projection</strong></a><br>\u00a0</h4><h3><strong>Solution:</strong></h3><p><a href=\"/links?type&#61;workstep&amp;workbook&#61;0EFAC201-AC23-71C0-8521-3673C11ABD88&amp;worksheet&#61;0EFAC26A-7F99-60A0-A91A-C23346AE8733&amp;workstep&#61;0EFAC26A-7FBD-EA90-B079-04BC0B7670A0\" rel=\"nofollow noopener noreferrer\">Cleanse the production rate</a> to capture overall trends\u00a0<br><i>(<strong>Do it!</strong> Smooth the Production Rate using Signal Smoothing, Agile Filter of 3d)</i></p><ul><li>Data is available in Asset Group under Various Wells &gt;&gt; Well 1</li><li><a href=\"/links?type&#61;workstep&amp;workbook&#61;0EFAC201-AC23-71C0-8521-3673C11ABD88&amp;worksheet&#61;0EFAC26A-7F99-60A0-A91A-C23346AE8733&amp;workstep&#61;0EFAC26A-7FBD-EA90-B079-04BC0B7670A0\" rel=\"nofollow noopener noreferrer\">Cleanse signal with Agile Filter</a></li></ul><p><a href=\"/links?type&#61;workstep&amp;workbook&#61;0EFAC201-AC23-71C0-8521-3673C11ABD88&amp;worksheet&#61;0EFAC26A-7F99-60A0-A91A-C23346AE8733&amp;workstep&#61;0EFAC26A-7FC0-71A0-9C9E-039AA4BB6597\" rel=\"nofollow noopener noreferrer\">Perform a decline curve analysis</a> to determine the behavior of this well<br><i>(<strong>Do it!</strong> Highlight the lower portion of the plot where Cumulative Production &gt; 6000k bbl and create a condition for when to use a different prediction)</i></p><ul><li>Calculate <a href=\"/links?type&#61;signal&amp;item&#61;0EFAC234-5923-FFA0-84F4-4E78BB40AF05\" rel=\"nofollow noopener noreferrer\">Cumulative Production</a> by trending well cycles and integration production rate in Formula</li><li><a href=\"/links?type&#61;workstep&amp;workbook&#61;0EFAC201-AC23-71C0-8521-3673C11ABD88&amp;worksheet&#61;0EFAC26A-7F99-60A0-A91A-C23346AE8733&amp;workstep&#61;0EFAC26E-7941-60F0-A4D8-223C308F02EF\" rel=\"nofollow noopener noreferrer\">Compare in an XY Plot</a><ul><li>Note: If the plot is linear, it represents an exponential/logarithmic decline curve</li></ul></li><li>Overlay a <a href=\"/links?type&#61;workstep&amp;workbook&#61;0EFAC201-AC23-71C0-8521-3673C11ABD88&amp;worksheet&#61;0EFAC26A-7F99-60A0-A91A-C23346AE8733&amp;workstep&#61;0EFAC26F-57BA-62F0-A548-BAF3CAF8B8E4\" rel=\"nofollow noopener noreferrer\">linear regression</a><ul><li>Note: There is a slight deviation at lower prediction rates. We can highlight this period as the <a href=\"/links?type&#61;workstep&amp;workbook&#61;0EFAC201-AC23-71C0-8521-3673C11ABD88&amp;worksheet&#61;0EFAC26A-7F99-60A0-A91A-C23346AE8733&amp;workstep&#61;0EFAC26A-7FC0-71A0-9C9E-039AA4BB6597\" rel=\"nofollow noopener noreferrer\">Decline Curve Change</a> and create a condition based on it using Scatter Plot Selection</li></ul></li><li><a href=\"/links?type&#61;workstep&amp;workbook&#61;0EFAC201-AC23-71C0-8521-3673C11ABD88&amp;worksheet&#61;0EFAC26A-7F99-60A0-A91A-C23346AE8733&amp;workstep&#61;0EFAC273-9541-FB10-819D-669D383C2400\" rel=\"nofollow noopener noreferrer\">Compare the logarithm of production rate and cumulative production</a><ul><li>If the relationship is linear during the exponential decline curve deviation, the decline curve behaves harmonically at lower production rates</li><li>If not, assume hyperbolic/polynomial decline curve</li></ul></li></ul><p><a href=\"/links?type&#61;workstep&amp;workbook&#61;0EFAC201-AC23-71C0-8521-3673C11ABD88&amp;worksheet&#61;0EFAC26A-7F99-60A0-A91A-C23346AE8733&amp;workstep&#61;0EFAC26A-7FC2-E8B0-8E80-3E3198334606\" rel=\"nofollow noopener noreferrer\">Develop a predictive model</a> to characterize well production</p><ul><li><a href=\"/links?type&#61;workstep&amp;workbook&#61;0EFAC201-AC23-71C0-8521-3673C11ABD88&amp;worksheet&#61;0EFAC26A-7F99-60A0-A91A-C23346AE8733&amp;workstep&#61;0EFAC276-BBA0-75B0-BC9E-FA8024DA6B81\" rel=\"nofollow noopener noreferrer\">Create a time counter</a> in Formula based on days during the well cycle</li><li><a href=\"/links?type&#61;workstep&amp;workbook&#61;0EFAC201-AC23-71C0-8521-3673C11ABD88&amp;worksheet&#61;0EFAC26A-7F99-60A0-A91A-C23346AE8733&amp;workstep&#61;0EFAC275-0AC3-75E0-B215-240774A73654\" rel=\"nofollow noopener noreferrer\">Use the Prediction tool to predict the cleansed production rate based on the time counter</a>. The training window was included in an asset group to allow for asset swapping in future steps</li><li><a href=\"/links?type&#61;workstep&amp;workbook&#61;0EFAC201-AC23-71C0-8521-3673C11ABD88&amp;worksheet&#61;0EFAC26A-7F99-60A0-A91A-C23346AE8733&amp;workstep&#61;0EFAC26A-7FC2-E8B0-8E80-3E3198334606\" rel=\"nofollow noopener noreferrer\">Combine exponential and hyperbolic predictions into one</a> based on the exponential decline curve deviations</li></ul><p><a href=\"/links?type&#61;workstep&amp;workbook&#61;0EFAC201-AC23-71C0-8521-3673C11ABD88&amp;worksheet&#61;0EFAC26A-7F99-60A0-A91A-C23346AE8733&amp;workstep&#61;0EFAC26A-7FC2-E8B0-8CFC-1AD243CE843B\" rel=\"nofollow noopener noreferrer\">Characterize well production phases</a> based on these predictions</p><p><a href=\"/links?type&#61;workstep&amp;workbook&#61;0EFAC201-AC23-71C0-8521-3673C11ABD88&amp;worksheet&#61;0EFAC26A-7F99-60A0-A91A-C23346AE8733&amp;workstep&#61;0EFAC26A-7FC4-FFC0-B6E5-069078BC37E9\" rel=\"nofollow noopener noreferrer\">Project production rate</a> to determine when the well will be depleted<br><i>(<strong>Do it!</strong> Create a notification for when the well is to be depleted)</i></p><p><a href=\"/links?type&#61;workstep&amp;workbook&#61;0EFAC201-AC23-71C0-8521-3673C11ABD88&amp;worksheet&#61;0EFAC26A-7F99-60A0-A91A-C23346AE8733&amp;workstep&#61;0EFAC26A-7FC9-FDE0-8F95-15004964E990\" rel=\"nofollow noopener noreferrer\">Monitor projection against current operations</a></p>",
        "DocumentBackup\u02c9DEg3Lh5pLS4-lG84EjGXXXdzxhd1450vkLgiu8he2l8\u02c92024-11-26T18:45:00Z": "<h2 style=\"text-align:center;\"><strong>Well Depletion Forecast</strong></h2>\n<figure class=\"table\">\n <table class=\"ck-table-resized\"><colgroup><col style=\"width:21.28%;\" /><col style=\"width:78.72%;\" /></colgroup><tbody><tr><td>\n     <figure class=\"image\">\n      <img src=\"/api/annotations/0EFAC26A-7FD1-7310-9B79-D12877260F85/images/image_v1.png\">\n     </figure></td><td>A customer transferred this analysis to Seeq, <span style=\"color:hsl(210,75%,60%);\"><i><strong>saving hundreds of FTE hours each month</strong></i></span> while still helping to determine at scale when to decommission a well or implement an artificial lift</td></tr></tbody></table>\n</figure>\n<h3><strong>Problem Statement:</strong></h3>\n<p>Well decline curves are used to project well production. Decades worth of data is required to accurately make this curve, leading to decline curve analyses being infrequently performed. By performing this analysis continuously, engineers can characterize their wells and monitor to suggest actions to increase production.\u00a0</p>\n<h4><a href=\"/links?type&#61;workstep&amp;workbook&#61;0EFAC201-AC23-71C0-8521-3673C11ABD88&amp;worksheet&#61;0EFAC26A-7F99-60A0-A91A-C23346AE8733&amp;workstep&#61;0EFAC26A-7FC4-FFC0-B6E5-069078BC37E9\" rel=\"nofollow noopener noreferrer\"><strong>Well Life Projection</strong></a><br>\n \u00a0</h4>\n<h3><strong>Solution:</strong></h3>\n<p><a href=\"/links?type&#61;workstep&amp;workbook&#61;0EFAC201-AC23-71C0-8521-3673C11ABD88&amp;worksheet&#61;0EFAC26A-7F99-60A0-A91A-C23346AE8733&amp;workstep&#61;0EFAC26A-7FBD-EA90-B079-04BC0B7670A0\" rel=\"nofollow noopener noreferrer\">Cleanse the production rate</a> to capture overall trends\u00a0<br><i>(<strong>Do it!</strong> Smooth the Production Rate using Signal Smoothing, Agile Filter of 3d)</i></p>\n<p><a href=\"/links?type&#61;workstep&amp;workbook&#61;0EFAC201-AC23-71C0-8521-3673C11ABD88&amp;worksheet&#61;0EFAC26A-7F99-60A0-A91A-C23346AE8733&amp;workstep&#61;0EFAC26A-7FC0-71A0-9C9E-039AA4BB6597\" rel=\"nofollow noopener noreferrer\">Perform a decline curve analysis</a> to determine the behavior of this well<br><i>(<strong>Do it!</strong> Highlight the lower portion of the plot where Cumulative Production &gt; 6000k bbl and create a condition for when to use a different prediction)</i></p>\n<p><a href=\"/links?type&#61;workstep&amp;workbook&#61;0EFAC201-AC23-71C0-8521-3673C11ABD88&amp;worksheet&#61;0EFAC26A-7F99-60A0-A91A-C23346AE8733&amp;workstep&#61;0EFAC26A-7FC2-E8B0-8E80-3E3198334606\" rel=\"nofollow noopener noreferrer\">Develop a predictive model</a> to characterize well production</p>\n<p><a href=\"/links?type&#61;workstep&amp;workbook&#61;0EFAC201-AC23-71C0-8521-3673C11ABD88&amp;worksheet&#61;0EFAC26A-7F99-60A0-A91A-C23346AE8733&amp;workstep&#61;0EFAC26A-7FC2-E8B0-8CFC-1AD243CE843B\" rel=\"nofollow noopener noreferrer\">Characterize well production phases</a> based on these predictions</p>\n<p><a href=\"/links?type&#61;workstep&amp;workbook&#61;0EFAC201-AC23-71C0-8521-3673C11ABD88&amp;worksheet&#61;0EFAC26A-7F99-60A0-A91A-C23346AE8733&amp;workstep&#61;0EFAC26A-7FC4-FFC0-B6E5-069078BC37E9\" rel=\"nofollow noopener noreferrer\">Project production rate</a> to determine when the well will be depleted<br><i>(<strong>Do it!</strong> Create a notification for when the well is to be depleted)</i></p>\n<p><a href=\"/links?type&#61;workstep&amp;workbook&#61;0EFAC201-AC23-71C0-8521-3673C11ABD88&amp;worksheet&#61;0EFAC26A-7F99-60A0-A91A-C23346AE8733&amp;workstep&#61;0EFAC26A-7FC9-FDE0-8F95-15004964E990\" rel=\"nofollow noopener noreferrer\">Monitor projection against current operations</a></p>",
        "DocumentBackup\u02c9DEg3Lh5pLS4-lG84EjGXXXdzxhd1450vkLgiu8he2l8\u02c92024-11-26T18:46:00Z": "<h2 style=\"text-align:center;\"><strong>Well Depletion Forecast</strong></h2><figure class=\"table\"><table class=\"ck-table-resized\"><colgroup><col style=\"width:21.28%;\" /><col style=\"width:78.72%;\" /></colgroup><tbody><tr><td><figure class=\"image\"><img src=\"/api/annotations/0EFAC26A-7FD1-7310-9B79-D12877260F85/images/image_v1.png\"></figure></td><td>A customer transferred this analysis to Seeq, <span style=\"color:hsl(210,75%,60%);\"><i><strong>saving hundreds of FTE hours each month</strong></i></span> while still helping to determine at scale when to decommission a well or implement an artificial lift</td></tr></tbody></table></figure><h3><strong>Problem Statement:</strong></h3><p>Well decline curves are used to project well production. Decades worth of data is required to accurately make this curve, leading to decline curve analyses being infrequently performed. By performing this analysis continuously, engineers can characterize their wells and monitor to suggest actions to increase production.\u00a0</p><p>More info available at <a target=\"_blank\" href=\"https://www.ihsenergy.ca/support/documentation_ca/Harmony/content/html_files/reference_material/analysis_method_theory/decline_theory.htm\" rel=\"nofollow noopener noreferrer\">Decline Analysis Theory</a> and <a target=\"_blank\" href=\"http://www.rockriverminerals.com/knowledge-center/oil-and-gas-decline-curves\" rel=\"nofollow noopener noreferrer\">Decline Curve Overview</a></p><h4><a href=\"/links?type&#61;workstep&amp;workbook&#61;0EFAC201-AC23-71C0-8521-3673C11ABD88&amp;worksheet&#61;0EFAC26A-7F99-60A0-A91A-C23346AE8733&amp;workstep&#61;0EFAC26A-7FC4-FFC0-B6E5-069078BC37E9\" rel=\"nofollow noopener noreferrer\"><strong>Well Life Projection</strong></a><br>\u00a0</h4><h3><strong>Solution:</strong></h3><p><a href=\"/links?type&#61;workstep&amp;workbook&#61;0EFAC201-AC23-71C0-8521-3673C11ABD88&amp;worksheet&#61;0EFAC26A-7F99-60A0-A91A-C23346AE8733&amp;workstep&#61;0EFAC26A-7FBD-EA90-B079-04BC0B7670A0\" rel=\"nofollow noopener noreferrer\">Cleanse the production rate</a> to capture overall trends\u00a0<br><i>(<strong>Do it!</strong> Smooth the Production Rate using Signal Smoothing, Agile Filter of 3d)</i></p><p><a href=\"/links?type&#61;workstep&amp;workbook&#61;0EFAC201-AC23-71C0-8521-3673C11ABD88&amp;worksheet&#61;0EFAC26A-7F99-60A0-A91A-C23346AE8733&amp;workstep&#61;0EFAC26A-7FC0-71A0-9C9E-039AA4BB6597\" rel=\"nofollow noopener noreferrer\">Perform a decline curve analysis</a> to determine the behavior of this well<br><i>(<strong>Do it!</strong> Highlight the lower portion of the plot where Cumulative Production &gt; 6000k bbl and create a condition for when to use a different prediction)</i></p><p><a href=\"/links?type&#61;workstep&amp;workbook&#61;0EFAC201-AC23-71C0-8521-3673C11ABD88&amp;worksheet&#61;0EFAC26A-7F99-60A0-A91A-C23346AE8733&amp;workstep&#61;0EFAC26A-7FC2-E8B0-8E80-3E3198334606\" rel=\"nofollow noopener noreferrer\">Develop a predictive model</a> to characterize well production</p><p><a href=\"/links?type&#61;workstep&amp;workbook&#61;0EFAC201-AC23-71C0-8521-3673C11ABD88&amp;worksheet&#61;0EFAC26A-7F99-60A0-A91A-C23346AE8733&amp;workstep&#61;0EFAC26A-7FC2-E8B0-8CFC-1AD243CE843B\" rel=\"nofollow noopener noreferrer\">Characterize well production phases</a> based on these predictions</p><p><a href=\"/links?type&#61;workstep&amp;workbook&#61;0EFAC201-AC23-71C0-8521-3673C11ABD88&amp;worksheet&#61;0EFAC26A-7F99-60A0-A91A-C23346AE8733&amp;workstep&#61;0EFAC26A-7FC4-FFC0-B6E5-069078BC37E9\" rel=\"nofollow noopener noreferrer\">Project production rate</a> to determine when the well will be depleted<br><i>(<strong>Do it!</strong> Create a notification for when the well is to be depleted)</i></p><p><a href=\"/links?type&#61;workstep&amp;workbook&#61;0EFAC201-AC23-71C0-8521-3673C11ABD88&amp;worksheet&#61;0EFAC26A-7F99-60A0-A91A-C23346AE8733&amp;workstep&#61;0EFAC26A-7FC9-FDE0-8F95-15004964E990\" rel=\"nofollow noopener noreferrer\">Monitor projection against current operations</a></p>",
        "DocumentBackup\u02c9DEg3Lh5pLS4-lG84EjGXXXdzxhd1450vkLgiu8he2l8\u02c92024-11-26T18:47:00Z": "<h2 style=\"text-align:center;\"><strong>Well Depletion Forecast</strong></h2><figure class=\"table\"><table class=\"ck-table-resized\"><colgroup><col style=\"width:21.28%;\" /><col style=\"width:78.72%;\" /></colgroup><tbody><tr><td><figure class=\"image\"><img src=\"/api/annotations/0EFAC26A-7FD1-7310-9B79-D12877260F85/images/image_v1.png\"></figure></td><td>A customer transferred this analysis to Seeq, <span style=\"color:hsl(210,75%,60%);\"><i><strong>saving hundreds of FTE hours each month</strong></i></span> while still helping to determine at scale when to decommission a well or implement an artificial lift</td></tr></tbody></table></figure><h3><strong>Problem Statement:</strong></h3><p>Well decline curves are used to project well production. Decades worth of data is required to accurately make this curve, leading to decline curve analyses being infrequently performed. By performing this analysis continuously, engineers can characterize their wells and monitor to suggest actions to increase production.\u00a0</p><p>More info available at <a target=\"_blank\" href=\"https://www.ihsenergy.ca/support/documentation_ca/Harmony/content/html_files/reference_material/analysis_method_theory/decline_theory.htm\" rel=\"nofollow noopener noreferrer\">Decline Analysis Theory</a> and <a target=\"_blank\" href=\"http://www.rockriverminerals.com/knowledge-center/oil-and-gas-decline-curves\" rel=\"nofollow noopener noreferrer\">Decline Curve Overview</a></p><h4><a href=\"/links?type&#61;workstep&amp;workbook&#61;0EFAC201-AC23-71C0-8521-3673C11ABD88&amp;worksheet&#61;0EFAC26A-7F99-60A0-A91A-C23346AE8733&amp;workstep&#61;0EFAC26A-7FC4-FFC0-B6E5-069078BC37E9\" rel=\"nofollow noopener noreferrer\"><strong>Well Life Projection</strong></a><br>\u00a0</h4><h3><strong>Solution:</strong></h3><p><a href=\"/links?type&#61;workstep&amp;workbook&#61;0EFAC201-AC23-71C0-8521-3673C11ABD88&amp;worksheet&#61;0EFAC26A-7F99-60A0-A91A-C23346AE8733&amp;workstep&#61;0EFAC26A-7FBD-EA90-B079-04BC0B7670A0\" rel=\"nofollow noopener noreferrer\">Cleanse the production rate</a> to capture overall trends\u00a0<br><i>(<strong>Do it!</strong> Smooth the Production Rate using Signal Smoothing, Agile Filter of 3d)</i></p><ul><li>Data is available in Asset Group under Various Wells &gt;&gt; Well 1</li><li><a href=\"/links?type&#61;workstep&amp;workbook&#61;0EFAC201-AC23-71C0-8521-3673C11ABD88&amp;worksheet&#61;0EFAC26A-7F99-60A0-A91A-C23346AE8733&amp;workstep&#61;0EFAC26A-7FBD-EA90-B079-04BC0B7670A0\" rel=\"nofollow noopener noreferrer\">Cleanse signal with Agile Filter</a></li></ul><p><a href=\"/links?type&#61;workstep&amp;workbook&#61;0EFAC201-AC23-71C0-8521-3673C11ABD88&amp;worksheet&#61;0EFAC26A-7F99-60A0-A91A-C23346AE8733&amp;workstep&#61;0EFAC26A-7FC0-71A0-9C9E-039AA4BB6597\" rel=\"nofollow noopener noreferrer\">Perform a decline curve analysis</a> to determine the behavior of this well<br><i>(<strong>Do it!</strong> Highlight the lower portion of the plot where Cumulative Production &gt; 6000k bbl and create a condition for when to use a different prediction)</i></p><ul><li>Calculate <a href=\"/links?type&#61;signal&amp;item&#61;0EFAC234-5923-FFA0-84F4-4E78BB40AF05\" rel=\"nofollow noopener noreferrer\">Cumulative Production</a> by trending well cycles and integration production rate in Formula</li><li>Compare in an XY Plot<ul><li>Note: If the plot is linear, it represents an exponential/logarithmic decline curve</li></ul></li><li>Overlay a linear regression<ul><li>Note: There is a slight deviation at lower prediction rates. We can highlight this period as the Decline Curve Change and create a condition based on it using Scatter Plot Selection</li></ul></li><li>Compare the logarithm of production rate and cumulative production<ul><li>If the relationship is linear during the exponential decline curve deviation, the decline curve behaves harmonically at lower production rates</li><li>If not, assume hyperbolic/polynomial decline curve</li></ul></li></ul><p><a href=\"/links?type&#61;workstep&amp;workbook&#61;0EFAC201-AC23-71C0-8521-3673C11ABD88&amp;worksheet&#61;0EFAC26A-7F99-60A0-A91A-C23346AE8733&amp;workstep&#61;0EFAC26A-7FC2-E8B0-8E80-3E3198334606\" rel=\"nofollow noopener noreferrer\">Develop a predictive model</a> to characterize well production</p><p><a href=\"/links?type&#61;workstep&amp;workbook&#61;0EFAC201-AC23-71C0-8521-3673C11ABD88&amp;worksheet&#61;0EFAC26A-7F99-60A0-A91A-C23346AE8733&amp;workstep&#61;0EFAC26A-7FC2-E8B0-8CFC-1AD243CE843B\" rel=\"nofollow noopener noreferrer\">Characterize well production phases</a> based on these predictions</p><p><a href=\"/links?type&#61;workstep&amp;workbook&#61;0EFAC201-AC23-71C0-8521-3673C11ABD88&amp;worksheet&#61;0EFAC26A-7F99-60A0-A91A-C23346AE8733&amp;workstep&#61;0EFAC26A-7FC4-FFC0-B6E5-069078BC37E9\" rel=\"nofollow noopener noreferrer\">Project production rate</a> to determine when the well will be depleted<br><i>(<strong>Do it!</strong> Create a notification for when the well is to be depleted)</i></p><p><a href=\"/links?type&#61;workstep&amp;workbook&#61;0EFAC201-AC23-71C0-8521-3673C11ABD88&amp;worksheet&#61;0EFAC26A-7F99-60A0-A91A-C23346AE8733&amp;workstep&#61;0EFAC26A-7FC9-FDE0-8F95-15004964E990\" rel=\"nofollow noopener noreferrer\">Monitor projection against current operations</a></p>",
        "DocumentBackup\u02c9DEg3Lh5pLS4-lG84EjGXXXdzxhd1450vkLgiu8he2l8\u02c92024-11-26T18:48:00Z": "<h2 style=\"text-align:center;\"><strong>Well Depletion Forecast</strong></h2><figure class=\"table\"><table class=\"ck-table-resized\"><colgroup><col style=\"width:21.28%;\" /><col style=\"width:78.72%;\" /></colgroup><tbody><tr><td><figure class=\"image\"><img src=\"/api/annotations/0EFAC26A-7FD1-7310-9B79-D12877260F85/images/image_v1.png\"></figure></td><td>A customer transferred this analysis to Seeq, <span style=\"color:hsl(210,75%,60%);\"><i><strong>saving hundreds of FTE hours each month</strong></i></span> while still helping to determine at scale when to decommission a well or implement an artificial lift</td></tr></tbody></table></figure><h3><strong>Problem Statement:</strong></h3><p>Well decline curves are used to project well production. Decades worth of data is required to accurately make this curve, leading to decline curve analyses being infrequently performed. By performing this analysis continuously, engineers can characterize their wells and monitor to suggest actions to increase production.\u00a0</p><p>More info available at <a target=\"_blank\" href=\"https://www.ihsenergy.ca/support/documentation_ca/Harmony/content/html_files/reference_material/analysis_method_theory/decline_theory.htm\" rel=\"nofollow noopener noreferrer\">Decline Analysis Theory</a> and <a target=\"_blank\" href=\"http://www.rockriverminerals.com/knowledge-center/oil-and-gas-decline-curves\" rel=\"nofollow noopener noreferrer\">Decline Curve Overview</a></p><h4><a href=\"/links?type&#61;workstep&amp;workbook&#61;0EFAC201-AC23-71C0-8521-3673C11ABD88&amp;worksheet&#61;0EFAC26A-7F99-60A0-A91A-C23346AE8733&amp;workstep&#61;0EFAC26A-7FC4-FFC0-B6E5-069078BC37E9\" rel=\"nofollow noopener noreferrer\"><strong>Well Life Projection</strong></a><br>\u00a0</h4><h3><strong>Solution:</strong></h3><p><a href=\"/links?type&#61;workstep&amp;workbook&#61;0EFAC201-AC23-71C0-8521-3673C11ABD88&amp;worksheet&#61;0EFAC26A-7F99-60A0-A91A-C23346AE8733&amp;workstep&#61;0EFAC26A-7FBD-EA90-B079-04BC0B7670A0\" rel=\"nofollow noopener noreferrer\">Cleanse the production rate</a> to capture overall trends\u00a0<br><i>(<strong>Do it!</strong> Smooth the Production Rate using Signal Smoothing, Agile Filter of 3d)</i></p><ul><li>Data is available in Asset Group under Various Wells &gt;&gt; Well 1</li><li><a href=\"/links?type&#61;workstep&amp;workbook&#61;0EFAC201-AC23-71C0-8521-3673C11ABD88&amp;worksheet&#61;0EFAC26A-7F99-60A0-A91A-C23346AE8733&amp;workstep&#61;0EFAC26A-7FBD-EA90-B079-04BC0B7670A0\" rel=\"nofollow noopener noreferrer\">Cleanse signal with Agile Filter</a></li></ul><p><a href=\"/links?type&#61;workstep&amp;workbook&#61;0EFAC201-AC23-71C0-8521-3673C11ABD88&amp;worksheet&#61;0EFAC26A-7F99-60A0-A91A-C23346AE8733&amp;workstep&#61;0EFAC26A-7FC0-71A0-9C9E-039AA4BB6597\" rel=\"nofollow noopener noreferrer\">Perform a decline curve analysis</a> to determine the behavior of this well<br><i>(<strong>Do it!</strong> Highlight the lower portion of the plot where Cumulative Production &gt; 6000k bbl and create a condition for when to use a different prediction)</i></p><ul><li>Calculate <a href=\"/links?type&#61;signal&amp;item&#61;0EFAC234-5923-FFA0-84F4-4E78BB40AF05\" rel=\"nofollow noopener noreferrer\">Cumulative Production</a> by trending well cycles and integration production rate in Formula</li><li><a href=\"/links?type&#61;workstep&amp;workbook&#61;0EFAC201-AC23-71C0-8521-3673C11ABD88&amp;worksheet&#61;0EFAC26A-7F99-60A0-A91A-C23346AE8733&amp;workstep&#61;0EFAC26E-7941-60F0-A4D8-223C308F02EF\" rel=\"nofollow noopener noreferrer\">Compare in an XY Plot</a><ul><li>Note: If the plot is linear, it represents an exponential/logarithmic decline curve</li></ul></li><li>Overlay a <a href=\"/links?type&#61;workstep&amp;workbook&#61;0EFAC201-AC23-71C0-8521-3673C11ABD88&amp;worksheet&#61;0EFAC26A-7F99-60A0-A91A-C23346AE8733&amp;workstep&#61;0EFAC26F-57BA-62F0-A548-BAF3CAF8B8E4\" rel=\"nofollow noopener noreferrer\">linear regression</a><ul><li>Note: There is a slight deviation at lower prediction rates. We can highlight this period as the Decline Curve Change and create a condition based on it using Scatter Plot Selection</li></ul></li><li>Compare the logarithm of production rate and cumulative production<ul><li>If the relationship is linear during the exponential decline curve deviation, the decline curve behaves harmonically at lower production rates</li><li>If not, assume hyperbolic/polynomial decline curve</li></ul></li></ul><p><a href=\"/links?type&#61;workstep&amp;workbook&#61;0EFAC201-AC23-71C0-8521-3673C11ABD88&amp;worksheet&#61;0EFAC26A-7F99-60A0-A91A-C23346AE8733&amp;workstep&#61;0EFAC26A-7FC2-E8B0-8E80-3E3198334606\" rel=\"nofollow noopener noreferrer\">Develop a predictive model</a> to characterize well production</p><p><a href=\"/links?type&#61;workstep&amp;workbook&#61;0EFAC201-AC23-71C0-8521-3673C11ABD88&amp;worksheet&#61;0EFAC26A-7F99-60A0-A91A-C23346AE8733&amp;workstep&#61;0EFAC26A-7FC2-E8B0-8CFC-1AD243CE843B\" rel=\"nofollow noopener noreferrer\">Characterize well production phases</a> based on these predictions</p><p><a href=\"/links?type&#61;workstep&amp;workbook&#61;0EFAC201-AC23-71C0-8521-3673C11ABD88&amp;worksheet&#61;0EFAC26A-7F99-60A0-A91A-C23346AE8733&amp;workstep&#61;0EFAC26A-7FC4-FFC0-B6E5-069078BC37E9\" rel=\"nofollow noopener noreferrer\">Project production rate</a> to determine when the well will be depleted<br><i>(<strong>Do it!</strong> Create a notification for when the well is to be depleted)</i></p><p><a href=\"/links?type&#61;workstep&amp;workbook&#61;0EFAC201-AC23-71C0-8521-3673C11ABD88&amp;worksheet&#61;0EFAC26A-7F99-60A0-A91A-C23346AE8733&amp;workstep&#61;0EFAC26A-7FC9-FDE0-8F95-15004964E990\" rel=\"nofollow noopener noreferrer\">Monitor projection against current operations</a></p>",
        "DocumentBackup\u02c9DEg3Lh5pLS4-lG84EjGXXXdzxhd1450vkLgiu8he2l8\u02c92024-11-26T18:50:00Z": "<h2 style=\"text-align:center;\"><strong>Well Depletion Forecast</strong></h2><figure class=\"table\"><table class=\"ck-table-resized\"><colgroup><col style=\"width:21.28%;\" /><col style=\"width:78.72%;\" /></colgroup><tbody><tr><td><figure class=\"image\"><img src=\"/api/annotations/0EFAC26A-7FD1-7310-9B79-D12877260F85/images/image_v1.png\"></figure></td><td>A customer transferred this analysis to Seeq, <span style=\"color:hsl(210,75%,60%);\"><i><strong>saving hundreds of FTE hours each month</strong></i></span> while still helping to determine at scale when to decommission a well or implement an artificial lift</td></tr></tbody></table></figure><h3><strong>Problem Statement:</strong></h3><p>Well decline curves are used to project well production. Decades worth of data is required to accurately make this curve, leading to decline curve analyses being infrequently performed. By performing this analysis continuously, engineers can characterize their wells and monitor to suggest actions to increase production.\u00a0</p><p>More info available at <a target=\"_blank\" href=\"https://www.ihsenergy.ca/support/documentation_ca/Harmony/content/html_files/reference_material/analysis_method_theory/decline_theory.htm\" rel=\"nofollow noopener noreferrer\">Decline Analysis Theory</a> and <a target=\"_blank\" href=\"http://www.rockriverminerals.com/knowledge-center/oil-and-gas-decline-curves\" rel=\"nofollow noopener noreferrer\">Decline Curve Overview</a></p><h4><a href=\"/links?type&#61;workstep&amp;workbook&#61;0EFAC201-AC23-71C0-8521-3673C11ABD88&amp;worksheet&#61;0EFAC26A-7F99-60A0-A91A-C23346AE8733&amp;workstep&#61;0EFAC26A-7FC4-FFC0-B6E5-069078BC37E9\" rel=\"nofollow noopener noreferrer\"><strong>Well Life Projection</strong></a><br>\u00a0</h4><h3><strong>Solution:</strong></h3><p><a href=\"/links?type&#61;workstep&amp;workbook&#61;0EFAC201-AC23-71C0-8521-3673C11ABD88&amp;worksheet&#61;0EFAC26A-7F99-60A0-A91A-C23346AE8733&amp;workstep&#61;0EFAC26A-7FBD-EA90-B079-04BC0B7670A0\" rel=\"nofollow noopener noreferrer\">Cleanse the production rate</a> to capture overall trends\u00a0<br><i>(<strong>Do it!</strong> Smooth the Production Rate using Signal Smoothing, Agile Filter of 3d)</i></p><ul><li>Data is available in Asset Group under Various Wells &gt;&gt; Well 1</li><li><a href=\"/links?type&#61;workstep&amp;workbook&#61;0EFAC201-AC23-71C0-8521-3673C11ABD88&amp;worksheet&#61;0EFAC26A-7F99-60A0-A91A-C23346AE8733&amp;workstep&#61;0EFAC26A-7FBD-EA90-B079-04BC0B7670A0\" rel=\"nofollow noopener noreferrer\">Cleanse signal with Agile Filter</a></li></ul><p><a href=\"/links?type&#61;workstep&amp;workbook&#61;0EFAC201-AC23-71C0-8521-3673C11ABD88&amp;worksheet&#61;0EFAC26A-7F99-60A0-A91A-C23346AE8733&amp;workstep&#61;0EFAC26A-7FC0-71A0-9C9E-039AA4BB6597\" rel=\"nofollow noopener noreferrer\">Perform a decline curve analysis</a> to determine the behavior of this well<br><i>(<strong>Do it!</strong> Highlight the lower portion of the plot where Cumulative Production &gt; 6000k bbl and create a condition for when to use a different prediction)</i></p><ul><li>Calculate <a href=\"/links?type&#61;signal&amp;item&#61;0EFAC234-5923-FFA0-84F4-4E78BB40AF05\" rel=\"nofollow noopener noreferrer\">Cumulative Production</a> by trending well cycles and integration production rate in Formula</li><li><a href=\"/links?type&#61;workstep&amp;workbook&#61;0EFAC201-AC23-71C0-8521-3673C11ABD88&amp;worksheet&#61;0EFAC26A-7F99-60A0-A91A-C23346AE8733&amp;workstep&#61;0EFAC26E-7941-60F0-A4D8-223C308F02EF\" rel=\"nofollow noopener noreferrer\">Compare in an XY Plot</a><ul><li>Note: If the plot is linear, it represents an exponential/logarithmic decline curve</li></ul></li><li>Overlay a <a href=\"/links?type&#61;workstep&amp;workbook&#61;0EFAC201-AC23-71C0-8521-3673C11ABD88&amp;worksheet&#61;0EFAC26A-7F99-60A0-A91A-C23346AE8733&amp;workstep&#61;0EFAC26F-57BA-62F0-A548-BAF3CAF8B8E4\" rel=\"nofollow noopener noreferrer\">linear regression</a><ul><li>Note: There is a slight deviation at lower prediction rates. We can highlight this period as the <a href=\"/links?type&#61;workstep&amp;workbook&#61;0EFAC201-AC23-71C0-8521-3673C11ABD88&amp;worksheet&#61;0EFAC26A-7F99-60A0-A91A-C23346AE8733&amp;workstep&#61;0EFAC26A-7FC0-71A0-9C9E-039AA4BB6597\" rel=\"nofollow noopener noreferrer\">Decline Curve Change</a> and create a condition based on it using Scatter Plot Selection</li></ul></li><li><a href=\"/links?type&#61;workstep&amp;workbook&#61;0EFAC201-AC23-71C0-8521-3673C11ABD88&amp;worksheet&#61;0EFAC26A-7F99-60A0-A91A-C23346AE8733&amp;workstep&#61;0EFAC273-9541-FB10-819D-669D383C2400\" rel=\"nofollow noopener noreferrer\">Compare the logarithm of production rate and cumulative production</a><ul><li>If the relationship is linear during the exponential decline curve deviation, the decline curve behaves harmonically at lower production rates</li><li>If not, assume hyperbolic/polynomial decline curve</li></ul></li></ul><p><a href=\"/links?type&#61;workstep&amp;workbook&#61;0EFAC201-AC23-71C0-8521-3673C11ABD88&amp;worksheet&#61;0EFAC26A-7F99-60A0-A91A-C23346AE8733&amp;workstep&#61;0EFAC26A-7FC2-E8B0-8E80-3E3198334606\" rel=\"nofollow noopener noreferrer\">Develop a predictive model</a> to characterize well production</p><p><a href=\"/links?type&#61;workstep&amp;workbook&#61;0EFAC201-AC23-71C0-8521-3673C11ABD88&amp;worksheet&#61;0EFAC26A-7F99-60A0-A91A-C23346AE8733&amp;workstep&#61;0EFAC26A-7FC2-E8B0-8CFC-1AD243CE843B\" rel=\"nofollow noopener noreferrer\">Characterize well production phases</a> based on these predictions</p><p><a href=\"/links?type&#61;workstep&amp;workbook&#61;0EFAC201-AC23-71C0-8521-3673C11ABD88&amp;worksheet&#61;0EFAC26A-7F99-60A0-A91A-C23346AE8733&amp;workstep&#61;0EFAC26A-7FC4-FFC0-B6E5-069078BC37E9\" rel=\"nofollow noopener noreferrer\">Project production rate</a> to determine when the well will be depleted<br><i>(<strong>Do it!</strong> Create a notification for when the well is to be depleted)</i></p><p><a href=\"/links?type&#61;workstep&amp;workbook&#61;0EFAC201-AC23-71C0-8521-3673C11ABD88&amp;worksheet&#61;0EFAC26A-7F99-60A0-A91A-C23346AE8733&amp;workstep&#61;0EFAC26A-7FC9-FDE0-8F95-15004964E990\" rel=\"nofollow noopener noreferrer\">Monitor projection against current operations</a></p>",
        "DocumentBackup\u02c9system\u02c92024-11-26T18:45:00Z": "<h2 style=\"text-align:center;\"><strong>Well Depletion Forecast</strong></h2><figure class=\"table\"><table class=\"ck-table-resized\"><colgroup><col style=\"width:21.28%;\" /><col style=\"width:78.72%;\" /></colgroup><tbody><tr><td><figure class=\"image\"><img src=\"/api/annotations/0EFAC26A-7FD1-7310-9B79-D12877260F85/images/image_v1.png\"></figure></td><td>A customer transferred this analysis to Seeq, <span style=\"color:hsl(210,75%,60%);\"><i><strong>saving hundreds of FTE hours each month</strong></i></span> while still helping to determine at scale when to decommission a well or implement an artificial lift</td></tr></tbody></table></figure><h3><strong>Problem Statement:</strong></h3><p>Well decline curves are used to project well production. Decades worth of data is required to accurately make this curve, leading to decline curve analyses being infrequently performed. By performing this analysis continuously, engineers can characterize their wells and monitor to suggest actions to increase production.\u00a0</p><h4><a href=\"/links?type&#61;workstep&amp;workbook&#61;0EFAC201-AC23-71C0-8521-3673C11ABD88&amp;worksheet&#61;0EFAC201-B09C-6210-ADDA-9BA43A1951F2&amp;workstep&#61;0EFAC25F-C0E7-ECB0-8258-A34CDAB56D0A\" rel=\"nofollow noopener noreferrer\"><strong>Well Life Projection</strong></a><br>\u00a0</h4><h3><strong>Solution:</strong></h3><p><a href=\"/links?type&#61;workstep&amp;workbook&#61;0EFAC201-AC23-71C0-8521-3673C11ABD88&amp;worksheet&#61;0EFAC201-B09C-6210-ADDA-9BA43A1951F2&amp;workstep&#61;0EFAC232-8457-EC50-ABD5-98F3D63F3353\" rel=\"nofollow noopener noreferrer\">Cleanse the production rate</a> to capture overall trends\u00a0<br><i>(<strong>Do it!</strong> Smooth the Production Rate using Signal Smoothing, Agile Filter of 3d)</i></p><p><a href=\"/links?type&#61;workstep&amp;workbook&#61;0EFAC201-AC23-71C0-8521-3673C11ABD88&amp;worksheet&#61;0EFAC201-B09C-6210-ADDA-9BA43A1951F2&amp;workstep&#61;0EFAC237-EA4B-7110-8479-963678BD81DA\" rel=\"nofollow noopener noreferrer\">Perform a decline curve analysis</a> to determine the behavior of this well<br><i>(<strong>Do it!</strong> Highlight the lower portion of the plot where Cumulative Production &gt; 6000k bbl and create a condition for when to use a different prediction)</i></p><p><a href=\"/links?type&#61;workstep&amp;workbook&#61;0EFAC201-AC23-71C0-8521-3673C11ABD88&amp;worksheet&#61;0EFAC201-B09C-6210-ADDA-9BA43A1951F2&amp;workstep&#61;0EFAC24E-D361-7780-A084-A21DFB786CB5\" rel=\"nofollow noopener noreferrer\">Develop a predictive model</a> to characterize well production</p><p><a href=\"/links?type&#61;workstep&amp;workbook&#61;0EFAC201-AC23-71C0-8521-3673C11ABD88&amp;worksheet&#61;0EFAC201-B09C-6210-ADDA-9BA43A1951F2&amp;workstep&#61;0EFAC25A-8F01-FB10-B568-AA8EBE327FC1\" rel=\"nofollow noopener noreferrer\">Characterize well production phases</a> based on these predictions</p><p><a href=\"/links?type&#61;workstep&amp;workbook&#61;0EFAC201-AC23-71C0-8521-3673C11ABD88&amp;worksheet&#61;0EFAC201-B09C-6210-ADDA-9BA43A1951F2&amp;workstep&#61;0EFAC25F-C0E7-ECB0-8258-A34CDAB56D0A\" rel=\"nofollow noopener noreferrer\">Project production rate</a> to determine when the well will be depleted<br><i>(<strong>Do it!</strong> Create a notification for when the well is to be depleted)</i></p><p><a href=\"/links?type&#61;workstep&amp;workbook&#61;0EFAC201-AC23-71C0-8521-3673C11ABD88&amp;worksheet&#61;0EFAC201-B09C-6210-ADDA-9BA43A1951F2&amp;workstep&#61;0EFAC269-674D-EAB0-9722-90F734E39BD5\" rel=\"nofollow noopener noreferrer\">Monitor projection against current operations</a></p>",
        "Enabled": true,
        "ID": "0EFAC26A-7FD1-7310-9B79-D12877260F85",
        "Is CK Enabled": true,
        "Locked": false,
        "Name": "Well Depletion Forecast",
        "Plain Text Document": "Well Depletion ForecastA customer transferred this analysis to Seeq, saving hundreds of FTE hours each month while still helping to determine at scale when to decommission a well or implement an artificial liftProblem Statement:Well decline curves are used to project well production. Decades worth of data is required to accurately make this curve, leading to decline curve analyses being infrequently performed. By performing this analysis continuously, engineers can characterize their wells and monitor to suggest actions to increase production.\u00a0More info available at Decline Analysis Theory and Decline Curve OverviewWell Life Projection\u00a0Solution:Cleanse the production rate to capture overall trends\u00a0(Do it! Smooth the Production Rate using Signal Smoothing, Agile Filter of 3d)Data is available in Asset Group under Various Wells &gt;&gt; Well 1Cleanse signal with Agile FilterPerform a decline curve analysis to determine the behavior of this well(Do it! Highlight the lower portion of the plot where Cumulative Production &gt; 6000k bbl and create a condition for when to use a different prediction)Calculate Cumulative Production by trending well cycles and integration production rate in FormulaCompare in an XY PlotNote: If the plot is linear, it represents an exponential/logarithmic decline curveOverlay a linear regressionNote: There is a slight deviation at lower prediction rates. We can highlight this period as the Decline Curve Change and create a condition based on it using Scatter Plot SelectionCompare the logarithm of production rate and cumulative productionIf the relationship is linear during the exponential decline curve deviation, the decline curve behaves harmonically at lower production ratesIf not, assume hyperbolic/polynomial decline curveDevelop a predictive model to characterize well productionCreate a time counter in Formula based on days during the well cycleUse the Prediction tool to predict the cleansed production rate based on the time counter. The training window was included in an asset group to allow for asset swapping in future stepsCombine exponential and hyperbolic predictions into one based on the exponential decline curve deviationsCharacterize well production phases based on these predictionsProject production rate to determine when the well will be depleted(Do it! Create a notification for when the well is to be depleted)Monitor projection against current operations",
        "Type": "Journal",
        "Unsearchable": false,
        "Updated At": "1732647085176132758"
    }
}