{
    "Archived": false,
    "Cache Enabled": false,
    "Created At": "1732643936433647841",
    "Enabled": true,
    "ID": "0EFAC201-B09C-6210-ADDA-9BA43A1951F2",
    "Locked": false,
    "Unsearchable": false,
    "Updated At": "1732647109321447892",
    "Name": "Well Depletion Forecast Demo",
    "Type": "Worksheet",
    "Annotation ID": "0EFAC201-CBA5-E840-B737-C7A77F76A7D0",
    "Current Workstep ID": "0EFAC277-E39E-6480-B8A2-37787A1033E1",
    "URL": "https://demo.seeq.dev/0EFA6A0B-4C9B-71B0-ADCE-2000B1F79638/workbook/0EFAC201-AC23-71C0-8521-3673C11ABD88/worksheet/0EFAC201-B09C-6210-ADDA-9BA43A1951F2"
}