{
    "Archived": false,
    "Cache Enabled": false,
    "Created At": "1732646749866021376",
    "Enabled": true,
    "ID": "0EFAC26A-7F99-60A0-A91A-C23346AE8733",
    "Locked": false,
    "Unsearchable": false,
    "Updated At": "1732647105444474714",
    "Name": "Well Depletion Forecast Extended Demo",
    "Type": "Worksheet",
    "Annotation ID": "0EFAC26A-7FD1-7310-9B79-D12877260F85",
    "Current Workstep ID": "0EFAC277-BEA4-FF30-A34D-507FB9A19642",
    "URL": "https://demo.seeq.dev/0EFA6A0B-4C9B-71B0-ADCE-2000B1F79638/workbook/0EFAC201-AC23-71C0-8521-3673C11ABD88/worksheet/0EFAC26A-7F99-60A0-A91A-C23346AE8733"
}