{
    "Access Control": [
        {
            "ID": "0efac201-ac31-ec20-8a05-260ade3239e8",
            "Identity": {
                "Datasource Class": "OAuth 2.0",
                "Datasource ID": "9ecc7e74-4c32-436d-9af0-70d8aa99386b",
                "Datasource Name": "Seeq Azure SSO",
                "Email": "Joseph.Reckamp@seeq.com",
                "First Name": "Joe",
                "ID": "C9FD5B90-17F3-4CA7-8C37-CD9B7D9B85D2",
                "Is Admin": true,
                "Last Name": "Reckamp",
                "Name": "Joe Reckamp",
                "Type": "User",
                "Username": "DEg3Lh5pLS4-lG84EjGXXXdzxhd1450vkLgiu8he2l8"
            },
            "Origin": "0EFA6A0B-4C9B-71B0-ADCE-2000B1F79638",
            "Permissions": {
                "Manage": true,
                "Read": true,
                "Write": true
            },
            "Redacted": false,
            "Role": null
        },
        {
            "ID": "0efac201-ac23-71c0-81a1-1fe80a8a5bba",
            "Identity": {
                "Datasource Class": "OAuth 2.0",
                "Datasource ID": "9ecc7e74-4c32-436d-9af0-70d8aa99386b",
                "Datasource Name": "Seeq Azure SSO",
                "Email": "Joseph.Reckamp@seeq.com",
                "First Name": "Joe",
                "ID": "C9FD5B90-17F3-4CA7-8C37-CD9B7D9B85D2",
                "Is Admin": true,
                "Last Name": "Reckamp",
                "Name": "Joe Reckamp",
                "Type": "User",
                "Username": "DEg3Lh5pLS4-lG84EjGXXXdzxhd1450vkLgiu8he2l8"
            },
            "Origin": null,
            "Permissions": {
                "Manage": true,
                "Read": true,
                "Write": true
            },
            "Redacted": false,
            "Role": "OWNER"
        }
    ],
    "Ancestors": [
        "__Users__",
        "905A3390-CCA6-489B-89A3-492EC9F7FF26",
        "0EFA6A0B-4C9B-71B0-ADCE-2000B1F79638"
    ],
    "Archived": false,
    "Cache Enabled": false,
    "Created At": "1732643935964639195",
    "Enabled": true,
    "ID": "0EFAC201-AC23-71C0-8521-3673C11ABD88",
    "Locked": false,
    "Name": "Use Case Selector: Well Depletion Forecast",
    "Original Server URL": "http://seeq-server",
    "Owner": {
        "Datasource Class": "OAuth 2.0",
        "Datasource ID": "9ecc7e74-4c32-436d-9af0-70d8aa99386b",
        "Datasource Name": "Seeq Azure SSO",
        "Email": "Joseph.Reckamp@seeq.com",
        "First Name": "Joe",
        "ID": "C9FD5B90-17F3-4CA7-8C37-CD9B7D9B85D2",
        "Is Admin": true,
        "Last Name": "Reckamp",
        "Name": "Joe Reckamp",
        "Type": "User",
        "Username": "DEg3Lh5pLS4-lG84EjGXXXdzxhd1450vkLgiu8he2l8"
    },
    "Path": "Users >> Joseph Reckamp >> DO NOT USE (Please!)",
    "Search Folder ID": "0EFA6A0B-4C9B-71B0-ADCE-2000B1F79638",
    "Type": "Workbook",
    "URL": "https://demo.seeq.dev/0EFA6A0B-4C9B-71B0-ADCE-2000B1F79638/workbook/0EFAC201-AC23-71C0-8521-3673C11ABD88/worksheet/0EFAC201-B09C-6210-ADDA-9BA43A1951F2",
    "Unsearchable": false,
    "Updated At": "1732647109321447892",
    "Workbook Type": "Analysis",
    "Worksheets": [
        "0EFAC201-B09C-6210-ADDA-9BA43A1951F2",
        "0EFAC26A-7F99-60A0-A91A-C23346AE8733"
    ],
    "workbookState": {
        "state": {
            "stores": {
                "sqAnnotationStore": {
                    "height": 0,
                    "id": "0EFAC201-CBA5-E840-B737-C7A77F76A7D0",
                    "isAnnotatesExpanded": false,
                    "isCkEnabled": true,
                    "isCommentsExpanded": false,
                    "isExpanded": false,
                    "width": 0
                }
            }
        },
        "version": 1
    }
}