{
    "0EE24DEB-DB4D-EAB0-9A1C-AD752BDA6B48": {
        "Archived": false,
        "Asset": "Vapor Cut Demo_Lab Data",
        "Cache Enabled": false,
        "Cache ID": "0EE24DEB-DB54-FFE0-A4CF-68688DDB975D",
        "Data ID": "0ee24deb-db06-fde0-b006-a44541542485-GC Temperature 0.5%-SIGNAL",
        "Datasource Class": "Imported CSV Files",
        "Datasource ID": "Imported CSV Files",
        "Description": "column = GC Temperature 0.5%; last file imported = Vapor Cut Demo_Lab Data.csv",
        "Enabled": true,
        "ID": "0EE24DEB-DB4D-EAB0-9A1C-AD752BDA6B48",
        "Interpolation Method": "None",
        "Last Key Written": {
            "Unit Of Measure": "ns",
            "Value": 1690396922000000000
        },
        "Locked": false,
        "Maximum Interpolation": "0h",
        "Name": "GC Temperature 0.5%",
        "Parent ID": "0EE24DEB-DB06-FDE0-B006-A44541542485",
        "Path": null,
        "Source Maximum Interpolation": "40h",
        "Source Value Unit Of Measure": "\u00b0C",
        "Storage Location": "FILE_SIGNAL_STORAGE",
        "Stored Series Cache Version": 1,
        "Type": "StoredSignal",
        "Unsearchable": false,
        "Value Unit Of Measure": "\u00b0C"
    },
    "0EE24DEB-DB57-66F0-9C17-119140DD7326": {
        "Archived": false,
        "Asset": "Vapor Cut Demo_Lab Data",
        "Cache Enabled": false,
        "Cache ID": "0EE24DEB-DB59-EE00-BBB2-A84F28C60F11",
        "Data ID": "0ee24deb-db06-fde0-b006-a44541542485-GC Temperature 5%-SIGNAL",
        "Datasource Class": "Imported CSV Files",
        "Datasource ID": "Imported CSV Files",
        "Description": "column = GC Temperature 5%; last file imported = Vapor Cut Demo_Lab Data.csv",
        "Enabled": true,
        "ID": "0EE24DEB-DB57-66F0-9C17-119140DD7326",
        "Interpolation Method": "None",
        "Last Key Written": {
            "Unit Of Measure": "ns",
            "Value": 1690396922000000000
        },
        "Locked": false,
        "Maximum Interpolation": "0h",
        "Name": "GC Temperature 5%",
        "Parent ID": "0EE24DEB-DB06-FDE0-B006-A44541542485",
        "Path": null,
        "Source Maximum Interpolation": "40h",
        "Source Value Unit Of Measure": "\u00b0C",
        "Storage Location": "FILE_SIGNAL_STORAGE",
        "Stored Series Cache Version": 1,
        "Type": "StoredSignal",
        "Unsearchable": false,
        "Value Unit Of Measure": "\u00b0C"
    },
    "0EE24DEB-DB5C-7510-9656-C04B08D2DEC7": {
        "Archived": false,
        "Asset": "Vapor Cut Demo_Lab Data",
        "Cache Enabled": false,
        "Cache ID": "0EE24DEB-DB5E-EC20-8D58-0D2CEB7CB170",
        "Data ID": "0ee24deb-db06-fde0-b006-a44541542485-GC Temperature 10%-SIGNAL",
        "Datasource Class": "Imported CSV Files",
        "Datasource ID": "Imported CSV Files",
        "Description": "column = GC Temperature 10%; last file imported = Vapor Cut Demo_Lab Data.csv",
        "Enabled": true,
        "ID": "0EE24DEB-DB5C-7510-9656-C04B08D2DEC7",
        "Interpolation Method": "None",
        "Last Key Written": {
            "Unit Of Measure": "ns",
            "Value": 1690396922000000000
        },
        "Locked": false,
        "Maximum Interpolation": "0h",
        "Name": "GC Temperature 10%",
        "Parent ID": "0EE24DEB-DB06-FDE0-B006-A44541542485",
        "Path": null,
        "Source Maximum Interpolation": "40h",
        "Source Value Unit Of Measure": "\u00b0C",
        "Storage Location": "FILE_SIGNAL_STORAGE",
        "Stored Series Cache Version": 1,
        "Type": "StoredSignal",
        "Unsearchable": false,
        "Value Unit Of Measure": "\u00b0C"
    },
    "0EE24DEB-DB61-7330-988C-5882DF55DA0A": {
        "Archived": false,
        "Asset": "Vapor Cut Demo_Lab Data",
        "Cache Enabled": false,
        "Cache ID": "0EE24DEB-DB66-7150-8510-FC57A236A153",
        "Data ID": "0ee24deb-db06-fde0-b006-a44541542485-GC Temperature 20%-SIGNAL",
        "Datasource Class": "Imported CSV Files",
        "Datasource ID": "Imported CSV Files",
        "Description": "column = GC Temperature 20%; last file imported = Vapor Cut Demo_Lab Data.csv",
        "Enabled": true,
        "ID": "0EE24DEB-DB61-7330-988C-5882DF55DA0A",
        "Interpolation Method": "None",
        "Last Key Written": {
            "Unit Of Measure": "ns",
            "Value": 1690396922000000000
        },
        "Locked": false,
        "Maximum Interpolation": "0h",
        "Name": "GC Temperature 20%",
        "Parent ID": "0EE24DEB-DB06-FDE0-B006-A44541542485",
        "Path": null,
        "Source Maximum Interpolation": "40h",
        "Source Value Unit Of Measure": "\u00b0C",
        "Storage Location": "FILE_SIGNAL_STORAGE",
        "Stored Series Cache Version": 1,
        "Type": "StoredSignal",
        "Unsearchable": false,
        "Value Unit Of Measure": "\u00b0C"
    },
    "0EE24DEB-DB66-7150-825B-11BC86513BC8": {
        "Archived": false,
        "Asset": "Vapor Cut Demo_Lab Data",
        "Cache Enabled": false,
        "Cache ID": "0EE24DEB-DB6D-6680-92ED-8B82335B00D0",
        "Data ID": "0ee24deb-db06-fde0-b006-a44541542485-GC Temperature 30%-SIGNAL",
        "Datasource Class": "Imported CSV Files",
        "Datasource ID": "Imported CSV Files",
        "Description": "column = GC Temperature 30%; last file imported = Vapor Cut Demo_Lab Data.csv",
        "Enabled": true,
        "ID": "0EE24DEB-DB66-7150-825B-11BC86513BC8",
        "Interpolation Method": "None",
        "Last Key Written": {
            "Unit Of Measure": "ns",
            "Value": 1690396922000000000
        },
        "Locked": false,
        "Maximum Interpolation": "0h",
        "Name": "GC Temperature 30%",
        "Parent ID": "0EE24DEB-DB06-FDE0-B006-A44541542485",
        "Path": null,
        "Source Maximum Interpolation": "40h",
        "Source Value Unit Of Measure": "\u00b0C",
        "Storage Location": "FILE_SIGNAL_STORAGE",
        "Stored Series Cache Version": 1,
        "Type": "StoredSignal",
        "Unsearchable": false,
        "Value Unit Of Measure": "\u00b0C"
    },
    "0EE24DEB-DB6D-6680-A7A5-E7C68B93B9BD": {
        "Archived": false,
        "Asset": "Vapor Cut Demo_Lab Data",
        "Cache Enabled": false,
        "Cache ID": "0EE24DEB-DB74-FBB0-BBC8-6CCA55D5282D",
        "Data ID": "0ee24deb-db06-fde0-b006-a44541542485-GC Temperature 40%-SIGNAL",
        "Datasource Class": "Imported CSV Files",
        "Datasource ID": "Imported CSV Files",
        "Description": "column = GC Temperature 40%; last file imported = Vapor Cut Demo_Lab Data.csv",
        "Enabled": true,
        "ID": "0EE24DEB-DB6D-6680-A7A5-E7C68B93B9BD",
        "Interpolation Method": "None",
        "Last Key Written": {
            "Unit Of Measure": "ns",
            "Value": 1690396922000000000
        },
        "Locked": false,
        "Maximum Interpolation": "0h",
        "Name": "GC Temperature 40%",
        "Parent ID": "0EE24DEB-DB06-FDE0-B006-A44541542485",
        "Path": null,
        "Source Maximum Interpolation": "40h",
        "Source Value Unit Of Measure": "\u00b0C",
        "Storage Location": "FILE_SIGNAL_STORAGE",
        "Stored Series Cache Version": 1,
        "Type": "StoredSignal",
        "Unsearchable": false,
        "Value Unit Of Measure": "\u00b0C"
    },
    "0EE24DEB-DB77-62C0-8472-49D7C207C24D": {
        "Archived": false,
        "Asset": "Vapor Cut Demo_Lab Data",
        "Cache Enabled": false,
        "Cache ID": "0EE24DEB-DB7C-60E0-94FC-A765AAA309B7",
        "Data ID": "0ee24deb-db06-fde0-b006-a44541542485-GC Temperature 50%-SIGNAL",
        "Datasource Class": "Imported CSV Files",
        "Datasource ID": "Imported CSV Files",
        "Description": "column = GC Temperature 50%; last file imported = Vapor Cut Demo_Lab Data.csv",
        "Enabled": true,
        "ID": "0EE24DEB-DB77-62C0-8472-49D7C207C24D",
        "Interpolation Method": "None",
        "Last Key Written": {
            "Unit Of Measure": "ns",
            "Value": 1690396922000000000
        },
        "Locked": false,
        "Maximum Interpolation": "0h",
        "Name": "GC Temperature 50%",
        "Parent ID": "0EE24DEB-DB06-FDE0-B006-A44541542485",
        "Path": null,
        "Source Maximum Interpolation": "40h",
        "Source Value Unit Of Measure": "\u00b0C",
        "Storage Location": "FILE_SIGNAL_STORAGE",
        "Stored Series Cache Version": 1,
        "Type": "StoredSignal",
        "Unsearchable": false,
        "Value Unit Of Measure": "\u00b0C"
    },
    "0EE24DEB-DB7E-77F0-866E-740E226E68ED": {
        "Archived": false,
        "Asset": "Vapor Cut Demo_Lab Data",
        "Cache Enabled": false,
        "Cache ID": "0EE24DEB-DB83-6610-81B9-8FB2A1892A27",
        "Data ID": "0ee24deb-db06-fde0-b006-a44541542485-GC Temperature 60%-SIGNAL",
        "Datasource Class": "Imported CSV Files",
        "Datasource ID": "Imported CSV Files",
        "Description": "column = GC Temperature 60%; last file imported = Vapor Cut Demo_Lab Data.csv",
        "Enabled": true,
        "ID": "0EE24DEB-DB7E-77F0-866E-740E226E68ED",
        "Interpolation Method": "None",
        "Last Key Written": {
            "Unit Of Measure": "ns",
            "Value": 1690396922000000000
        },
        "Locked": false,
        "Maximum Interpolation": "0h",
        "Name": "GC Temperature 60%",
        "Parent ID": "0EE24DEB-DB06-FDE0-B006-A44541542485",
        "Path": null,
        "Source Maximum Interpolation": "40h",
        "Source Value Unit Of Measure": "\u00b0C",
        "Storage Location": "FILE_SIGNAL_STORAGE",
        "Stored Series Cache Version": 1,
        "Type": "StoredSignal",
        "Unsearchable": false,
        "Value Unit Of Measure": "\u00b0C"
    },
    "0EE24DEB-DB83-6610-B02A-9F3A4543B139": {
        "Archived": false,
        "Asset": "Vapor Cut Demo_Lab Data",
        "Cache Enabled": false,
        "Cache ID": "0EE24DEB-DB85-FD20-A50A-FC1390269DF3",
        "Data ID": "0ee24deb-db06-fde0-b006-a44541542485-GC Temperature 70%-SIGNAL",
        "Datasource Class": "Imported CSV Files",
        "Datasource ID": "Imported CSV Files",
        "Description": "column = GC Temperature 70%; last file imported = Vapor Cut Demo_Lab Data.csv",
        "Enabled": true,
        "ID": "0EE24DEB-DB83-6610-B02A-9F3A4543B139",
        "Interpolation Method": "None",
        "Last Key Written": {
            "Unit Of Measure": "ns",
            "Value": 1690396922000000000
        },
        "Locked": false,
        "Maximum Interpolation": "0h",
        "Name": "GC Temperature 70%",
        "Parent ID": "0EE24DEB-DB06-FDE0-B006-A44541542485",
        "Path": null,
        "Source Maximum Interpolation": "40h",
        "Source Value Unit Of Measure": "\u00b0C",
        "Storage Location": "FILE_SIGNAL_STORAGE",
        "Stored Series Cache Version": 1,
        "Type": "StoredSignal",
        "Unsearchable": false,
        "Value Unit Of Measure": "\u00b0C"
    },
    "0EE24DEB-DB88-6430-BDE4-2F8A6442BFA9": {
        "Archived": false,
        "Asset": "Vapor Cut Demo_Lab Data",
        "Cache Enabled": false,
        "Cache ID": "0EE24DEB-DB8A-FB40-8577-5A22BB342E98",
        "Data ID": "0ee24deb-db06-fde0-b006-a44541542485-GC Temperature 80%-SIGNAL",
        "Datasource Class": "Imported CSV Files",
        "Datasource ID": "Imported CSV Files",
        "Description": "column = GC Temperature 80%; last file imported = Vapor Cut Demo_Lab Data.csv",
        "Enabled": true,
        "ID": "0EE24DEB-DB88-6430-BDE4-2F8A6442BFA9",
        "Interpolation Method": "None",
        "Last Key Written": {
            "Unit Of Measure": "ns",
            "Value": 1690396922000000000
        },
        "Locked": false,
        "Maximum Interpolation": "0h",
        "Name": "GC Temperature 80%",
        "Parent ID": "0EE24DEB-DB06-FDE0-B006-A44541542485",
        "Path": null,
        "Source Maximum Interpolation": "40h",
        "Source Value Unit Of Measure": "\u00b0C",
        "Storage Location": "FILE_SIGNAL_STORAGE",
        "Stored Series Cache Version": 1,
        "Type": "StoredSignal",
        "Unsearchable": false,
        "Value Unit Of Measure": "\u00b0C"
    },
    "0EE24DEB-DB8D-6250-9F8B-4F8E34E61B79": {
        "Archived": false,
        "Asset": "Vapor Cut Demo_Lab Data",
        "Cache Enabled": false,
        "Cache ID": "0EE24DEB-DB8F-F960-B2D0-88D92B45759A",
        "Data ID": "0ee24deb-db06-fde0-b006-a44541542485-GC Temperature 90%-SIGNAL",
        "Datasource Class": "Imported CSV Files",
        "Datasource ID": "Imported CSV Files",
        "Description": "column = GC Temperature 90%; last file imported = Vapor Cut Demo_Lab Data.csv",
        "Enabled": true,
        "ID": "0EE24DEB-DB8D-6250-9F8B-4F8E34E61B79",
        "Interpolation Method": "None",
        "Last Key Written": {
            "Unit Of Measure": "ns",
            "Value": 1690396922000000000
        },
        "Locked": false,
        "Maximum Interpolation": "0h",
        "Name": "GC Temperature 90%",
        "Parent ID": "0EE24DEB-DB06-FDE0-B006-A44541542485",
        "Path": null,
        "Source Maximum Interpolation": "40h",
        "Source Value Unit Of Measure": "\u00b0C",
        "Storage Location": "FILE_SIGNAL_STORAGE",
        "Stored Series Cache Version": 1,
        "Type": "StoredSignal",
        "Unsearchable": false,
        "Value Unit Of Measure": "\u00b0C"
    },
    "0EE24DEB-DB92-6070-97FE-C006F50DE890": {
        "Archived": false,
        "Asset": "Vapor Cut Demo_Lab Data",
        "Cache Enabled": false,
        "Cache ID": "0EE24DEB-DB94-7780-BEA9-FCCB99BDB8FC",
        "Data ID": "0ee24deb-db06-fde0-b006-a44541542485-GC Temperature 95%-SIGNAL",
        "Datasource Class": "Imported CSV Files",
        "Datasource ID": "Imported CSV Files",
        "Description": "column = GC Temperature 95%; last file imported = Vapor Cut Demo_Lab Data.csv",
        "Enabled": true,
        "ID": "0EE24DEB-DB92-6070-97FE-C006F50DE890",
        "Interpolation Method": "None",
        "Last Key Written": {
            "Unit Of Measure": "ns",
            "Value": 1690396922000000000
        },
        "Locked": false,
        "Maximum Interpolation": "0h",
        "Name": "GC Temperature 95%",
        "Parent ID": "0EE24DEB-DB06-FDE0-B006-A44541542485",
        "Path": null,
        "Source Maximum Interpolation": "40h",
        "Source Value Unit Of Measure": "\u00b0C",
        "Storage Location": "FILE_SIGNAL_STORAGE",
        "Stored Series Cache Version": 1,
        "Type": "StoredSignal",
        "Unsearchable": false,
        "Value Unit Of Measure": "\u00b0C"
    },
    "0EE24DEB-DB96-EE90-A43A-2CD7E0A60559": {
        "Archived": false,
        "Asset": "Vapor Cut Demo_Lab Data",
        "Cache Enabled": false,
        "Cache ID": "0EE24DEB-DB9B-ECB0-ABCB-978007733B52",
        "Data ID": "0ee24deb-db06-fde0-b006-a44541542485-GC Temperature 99%-SIGNAL",
        "Datasource Class": "Imported CSV Files",
        "Datasource ID": "Imported CSV Files",
        "Description": "column = GC Temperature 99%; last file imported = Vapor Cut Demo_Lab Data.csv",
        "Enabled": true,
        "ID": "0EE24DEB-DB96-EE90-A43A-2CD7E0A60559",
        "Interpolation Method": "None",
        "Last Key Written": {
            "Unit Of Measure": "ns",
            "Value": 1690396922000000000
        },
        "Locked": false,
        "Maximum Interpolation": "0h",
        "Name": "GC Temperature 99%",
        "Parent ID": "0EE24DEB-DB06-FDE0-B006-A44541542485",
        "Path": null,
        "Source Maximum Interpolation": "40h",
        "Source Value Unit Of Measure": "\u00b0C",
        "Storage Location": "FILE_SIGNAL_STORAGE",
        "Stored Series Cache Version": 1,
        "Type": "StoredSignal",
        "Unsearchable": false,
        "Value Unit Of Measure": "\u00b0C"
    },
    "0EFA6A0B-4C9B-71B0-ADCE-2000B1F79638": {
        "Access Control": [
            {
                "ID": "0efa6a0b-4c9b-71b0-832f-2cb144107853",
                "Identity": {
                    "Datasource Class": "OAuth 2.0",
                    "Datasource ID": "9ecc7e74-4c32-436d-9af0-70d8aa99386b",
                    "Datasource Name": "Seeq Azure SSO",
                    "Email": "Joseph.Reckamp@seeq.com",
                    "First Name": "Joe",
                    "ID": "C9FD5B90-17F3-4CA7-8C37-CD9B7D9B85D2",
                    "Is Admin": true,
                    "Last Name": "Reckamp",
                    "Name": "Joe Reckamp",
                    "Type": "User",
                    "Username": "DEg3Lh5pLS4-lG84EjGXXXdzxhd1450vkLgiu8he2l8"
                },
                "Origin": null,
                "Permissions": {
                    "Manage": true,
                    "Read": true,
                    "Write": true
                },
                "Redacted": false,
                "Role": "OWNER"
            },
            {
                "ID": "0efa6a0b-4cc7-60d0-a44e-06a6b1da5301",
                "Identity": {
                    "Datasource Class": "OAuth 2.0",
                    "Datasource ID": "9ecc7e74-4c32-436d-9af0-70d8aa99386b",
                    "Datasource Name": "Seeq Azure SSO",
                    "Email": "Joseph.Reckamp@seeq.com",
                    "First Name": "Joe",
                    "ID": "C9FD5B90-17F3-4CA7-8C37-CD9B7D9B85D2",
                    "Is Admin": true,
                    "Last Name": "Reckamp",
                    "Name": "Joe Reckamp",
                    "Type": "User",
                    "Username": "DEg3Lh5pLS4-lG84EjGXXXdzxhd1450vkLgiu8he2l8"
                },
                "Origin": "905A3390-CCA6-489B-89A3-492EC9F7FF26",
                "Permissions": {
                    "Manage": true,
                    "Read": true,
                    "Write": true
                },
                "Redacted": false,
                "Role": null
            }
        ],
        "Ancestors": [
            "__Users__",
            "905A3390-CCA6-489B-89A3-492EC9F7FF26"
        ],
        "Archived": false,
        "Cache Enabled": false,
        "Created At": "1732039462987374025",
        "Enabled": true,
        "ID": "0EFA6A0B-4C9B-71B0-ADCE-2000B1F79638",
        "Locked": false,
        "Name": "DO NOT USE (Please!)",
        "Owner": {
            "Datasource Class": "OAuth 2.0",
            "Datasource ID": "9ecc7e74-4c32-436d-9af0-70d8aa99386b",
            "Datasource Name": "Seeq Azure SSO",
            "Email": "Joseph.Reckamp@seeq.com",
            "First Name": "Joe",
            "ID": "C9FD5B90-17F3-4CA7-8C37-CD9B7D9B85D2",
            "Is Admin": true,
            "Last Name": "Reckamp",
            "Name": "Joe Reckamp",
            "Type": "User",
            "Username": "DEg3Lh5pLS4-lG84EjGXXXdzxhd1450vkLgiu8he2l8"
        },
        "Type": "Folder",
        "Unsearchable": false,
        "Updated At": "1732135031904791904"
    },
    "0EFAB2B6-913E-6670-A6B2-5C8ADC492274": {
        "Archived": false,
        "Cache Enabled": false,
        "Cache ID": "0EFAB2B6-95BE-FBF0-A466-4CB4AA53E66F",
        "Capsule Property Units": {
            "API Gravity": "",
            "CCR (wt%)": "",
            "Houston Crude Tank Feed (kbd)": "",
            "Pittsburgh Heavy Tank Feed (kbd)": "",
            "San Leandro Light Tank Feed (kbd)": "",
            "Seattle Crude Tank Feed (kbd)": "",
            "Sulfur (wt%)": ""
        },
        "Data ID": "[00000000-0000-0000-0000-000000000000] {Condition} SAP Crude Tank Inventory",
        "Datasource Class": "Seeq Data Lab",
        "Datasource ID": "Seeq Data Lab",
        "Enabled": true,
        "ID": "0EFAB2B6-913E-6670-A6B2-5C8ADC492274",
        "Last Key Written": {
            "Unit Of Measure": "ns",
            "Value": 1687478400000000000
        },
        "Locked": false,
        "Maximum Duration": "2d",
        "Name": "SAP Crude Tank Inventory",
        "Storage Location": "POSTGRES",
        "Stored Series Cache Version": 1,
        "Sync Token": "2024-11-25T12:47:20.631145",
        "Type": "StoredCondition",
        "Unsearchable": false
    },
    "0EFAB2BA-F8BE-E8A0-91A2-AF1D1976C3E8": {
        "Archived": false,
        "Cache Enabled": false,
        "Cache ID": "0EFAB2BA-F969-7700-8E3F-C0CE1C3E0CB6",
        "Data ID": "[00000000-0000-0000-0000-000000000000] {Signal} Pipeline Flow Rate",
        "Datasource Class": "Seeq Data Lab",
        "Datasource ID": "Seeq Data Lab",
        "Enabled": true,
        "ID": "0EFAB2BA-F8BE-E8A0-91A2-AF1D1976C3E8",
        "Interpolation Method": "Linear",
        "Last Key Written": {
            "Unit Of Measure": "ns",
            "Value": 1686715200000000000
        },
        "Locked": false,
        "Maximum Interpolation": "40h",
        "Name": "Pipeline Flow Rate",
        "Source Value Unit Of Measure": "",
        "Storage Location": "FILE_SIGNAL_STORAGE",
        "Stored Series Cache Version": 1,
        "Type": "StoredSignal",
        "Unsearchable": false,
        "Value Unit Of Measure": ""
    },
    "0EFAB2BD-017A-EA50-BD5F-FE6872BCAD0E": {
        "Archived": false,
        "Cache Enabled": true,
        "Cache ID": "0EFAB2BD-01F4-FB70-A0DD-B8BBCF3C2FE8",
        "Data ID": "0EFAB2BD-017A-EA50-BD5F-FE6872BCAD0E",
        "Datasource Class": "Seeq Calculations",
        "Datasource ID": "Seeq Calculations",
        "Enabled": true,
        "Formula": [
            "$temp = $cit+200",
            "$plant_offline = ($temp< 600).merge(10min).removeShorterThan(1wk)",
            "",
            "$temp.splice($temp.move(60d), $plant_offline)"
        ],
        "Formula Parameters": {
            "cit": "46871013-C83E-4D1A-8441-BCF48BDB832A"
        },
        "Formula Version": 31,
        "ID": "0EFAB2BD-017A-EA50-BD5F-FE6872BCAD0E",
        "Interpolation Method": "Linear",
        "Locked": false,
        "Maximum Interpolation": {
            "Unit Of Measure": "s",
            "Value": 7560.0
        },
        "Name": "Distillation Column Products Operating Temperature",
        "Scoped To": "0EFAB28C-CE07-FB80-9AF3-D46648A552F8",
        "Type": "CalculatedSignal",
        "UIConfig": {
            "advancedParametersCollapsed": true,
            "configVersion": 11,
            "localFormula": "",
            "tabTransitioning": false,
            "type": "formula"
        },
        "Unsearchable": false,
        "Value Unit Of Measure": "\u00b0F"
    },
    "0EFAB3B3-A854-FF50-9D10-3B1B1D0F7BAD": {
        "Archived": false,
        "Cache Enabled": true,
        "Cache ID": "0EFAB3B3-A859-FD70-A0D0-3C5436272067",
        "Data ID": "0EFAB3B3-A854-FF50-9D10-3B1B1D0F7BAD",
        "Datasource Class": "Seeq Calculations",
        "Datasource ID": "Seeq Calculations",
        "Enabled": true,
        "Formula": [
            "$sap_tank.toSignal('Pittsburgh Heavy Tank Feed (kbd)')",
            ".setUnits('kbd')"
        ],
        "Formula Parameters": {
            "sap_tank": "0EFAB2B6-913E-6670-A6B2-5C8ADC492274"
        },
        "Formula Version": 31,
        "ID": "0EFAB3B3-A854-FF50-9D10-3B1B1D0F7BAD",
        "Interpolation Method": "Step",
        "Locked": false,
        "Maximum Interpolation": {
            "Unit Of Measure": "d",
            "Value": 2
        },
        "Name": "Pittsburgh Heavy Crude Rate",
        "Scoped To": "0EFAB28C-CE07-FB80-9AF3-D46648A552F8",
        "Type": "CalculatedSignal",
        "UIConfig": {
            "advancedParametersCollapsed": true,
            "configVersion": 11,
            "localFormula": "",
            "tabTransitioning": false,
            "type": "formula"
        },
        "Unsearchable": false,
        "Value Unit Of Measure": "kbd"
    },
    "0EFAB3B4-580E-64F0-82DB-0B8958BCEA99": {
        "Archived": false,
        "Cache Enabled": true,
        "Cache ID": "0EFAB3B4-5813-7310-B70F-53007D9CE6F8",
        "Data ID": "0EFAB3B4-580E-64F0-82DB-0B8958BCEA99",
        "Datasource Class": "Seeq Calculations",
        "Datasource ID": "Seeq Calculations",
        "Enabled": true,
        "Formula": [
            "$sap_tank.toSignal('San Leandro Light Tank Feed (kbd)')",
            ".setUnits('kbd')"
        ],
        "Formula Parameters": {
            "sap_tank": "0EFAB2B6-913E-6670-A6B2-5C8ADC492274"
        },
        "Formula Version": 31,
        "ID": "0EFAB3B4-580E-64F0-82DB-0B8958BCEA99",
        "Interpolation Method": "Step",
        "Locked": false,
        "Maximum Interpolation": {
            "Unit Of Measure": "d",
            "Value": 2
        },
        "Name": "San Leandro Light Crude Rate",
        "Scoped To": "0EFAB28C-CE07-FB80-9AF3-D46648A552F8",
        "Type": "CalculatedSignal",
        "UIConfig": {
            "advancedParametersCollapsed": true,
            "configVersion": 11,
            "localFormula": "",
            "scopedTo": "0EFAB28C-CE07-FB80-9AF3-D46648A552F8",
            "tabTransitioning": false,
            "type": "formula"
        },
        "Unsearchable": false,
        "Value Unit Of Measure": "kbd"
    },
    "0EFAB3B4-FF87-FD80-BF61-1101A09521D9": {
        "Archived": false,
        "Cache Enabled": true,
        "Cache ID": "0EFAB3B4-FF8C-FBA0-A323-7F680DCA0ADE",
        "Data ID": "0EFAB3B4-FF87-FD80-BF61-1101A09521D9",
        "Datasource Class": "Seeq Calculations",
        "Datasource ID": "Seeq Calculations",
        "Enabled": true,
        "Formula": [
            "$sap_tank.toSignal('Seattle Crude Tank Feed (kbd)')",
            ".setUnits('kbd')"
        ],
        "Formula Parameters": {
            "sap_tank": "0EFAB2B6-913E-6670-A6B2-5C8ADC492274"
        },
        "Formula Version": 31,
        "ID": "0EFAB3B4-FF87-FD80-BF61-1101A09521D9",
        "Interpolation Method": "Step",
        "Locked": false,
        "Maximum Interpolation": {
            "Unit Of Measure": "d",
            "Value": 2
        },
        "Name": "Seattle Crude Rate",
        "Scoped To": "0EFAB28C-CE07-FB80-9AF3-D46648A552F8",
        "Type": "CalculatedSignal",
        "UIConfig": {
            "advancedParametersCollapsed": true,
            "configVersion": 11,
            "localFormula": "",
            "scopedTo": "0EFAB28C-CE07-FB80-9AF3-D46648A552F8",
            "tabTransitioning": false,
            "type": "formula"
        },
        "Unsearchable": false,
        "Value Unit Of Measure": "kbd"
    },
    "0EFAB3B6-2493-6600-8F58-EFC88C61805F": {
        "Archived": false,
        "Cache Enabled": true,
        "Cache ID": "0EFAB3B6-2498-6420-92D5-C49BBC2AF0B2",
        "Data ID": "0EFAB3B6-2493-6600-8F58-EFC88C61805F",
        "Datasource Class": "Seeq Calculations",
        "Datasource ID": "Seeq Calculations",
        "Enabled": true,
        "Formula": [
            "$sap_tank.toSignal('Houston Crude Tank Feed (kbd)')",
            ".setUnits('kbd')"
        ],
        "Formula Parameters": {
            "sap_tank": "0EFAB2B6-913E-6670-A6B2-5C8ADC492274"
        },
        "Formula Version": 31,
        "ID": "0EFAB3B6-2493-6600-8F58-EFC88C61805F",
        "Interpolation Method": "Step",
        "Locked": false,
        "Maximum Interpolation": {
            "Unit Of Measure": "d",
            "Value": 2
        },
        "Name": "Houston Crude Rate",
        "Scoped To": "0EFAB28C-CE07-FB80-9AF3-D46648A552F8",
        "Type": "CalculatedSignal",
        "UIConfig": {
            "advancedParametersCollapsed": true,
            "configVersion": 11,
            "localFormula": "",
            "scopedTo": "0EFAB28C-CE07-FB80-9AF3-D46648A552F8",
            "tabTransitioning": false,
            "type": "formula"
        },
        "Unsearchable": false,
        "Value Unit Of Measure": "kbd"
    },
    "0EFAB3B7-975D-6400-B413-5C71AE50220E": {
        "Archived": false,
        "Cache Enabled": true,
        "Cache ID": "0EFAB3B7-9764-F930-8C75-689356CF9019",
        "Capsule ID Property": "start",
        "Capsule Property Units": {},
        "Data ID": "0EFAB3B7-975D-6400-B413-5C71AE50220E",
        "Datasource Class": "Seeq Calculations",
        "Datasource ID": "Seeq Calculations",
        "Enabled": true,
        "Formula": [
            "$pittsburgh==10 and ",
            "$san_leandro==20 and",
            "$seattle==15 and",
            "$houston==5"
        ],
        "Formula Parameters": {
            "houston": "0EFAB3B6-2493-6600-8F58-EFC88C61805F",
            "pittsburgh": "0EFAB3B3-A854-FF50-9D10-3B1B1D0F7BAD",
            "san_leandro": "0EFAB3B4-580E-64F0-82DB-0B8958BCEA99",
            "seattle": "0EFAB3B4-FF87-FD80-BF61-1101A09521D9"
        },
        "Formula Version": 31,
        "ID": "0EFAB3B7-975D-6400-B413-5C71AE50220E",
        "Locked": false,
        "Name": "Standard Blend",
        "Scoped To": "0EFAB28C-CE07-FB80-9AF3-D46648A552F8",
        "Type": "CalculatedCondition",
        "UIConfig": {
            "advancedParametersCollapsed": true,
            "configVersion": 11,
            "localFormula": "",
            "tabTransitioning": false,
            "type": "formula"
        },
        "Unsearchable": false
    },
    "0EFAB3B9-4C7B-71B0-B6B0-F590619846C3": {
        "Archived": false,
        "Cache Enabled": true,
        "Cache ID": "0EFAB3B9-4C82-66E0-8DEF-2C327E05C406",
        "Data ID": "0EFAB3B9-4C7B-71B0-B6B0-F590619846C3",
        "Datasource Class": "Seeq Calculations",
        "Datasource ID": "Seeq Calculations",
        "Enabled": true,
        "Formula": "$pittsburgh+$san_leandro+$seattle+$houston+$pipeline",
        "Formula Parameters": {
            "houston": "0EFAB3B6-2493-6600-8F58-EFC88C61805F",
            "pipeline": "0EFAB2BA-F8BE-E8A0-91A2-AF1D1976C3E8",
            "pittsburgh": "0EFAB3B3-A854-FF50-9D10-3B1B1D0F7BAD",
            "san_leandro": "0EFAB3B4-580E-64F0-82DB-0B8958BCEA99",
            "seattle": "0EFAB3B4-FF87-FD80-BF61-1101A09521D9"
        },
        "Formula Version": 31,
        "ID": "0EFAB3B9-4C7B-71B0-B6B0-F590619846C3",
        "Interpolation Method": "Linear",
        "Locked": false,
        "Maximum Interpolation": {
            "Unit Of Measure": "h",
            "Value": 40
        },
        "Name": "Total Crude Feed",
        "Scoped To": "0EFAB28C-CE07-FB80-9AF3-D46648A552F8",
        "Type": "CalculatedSignal",
        "UIConfig": {
            "advancedParametersCollapsed": true,
            "configVersion": 11,
            "localFormula": "",
            "tabTransitioning": false,
            "type": "formula"
        },
        "Unsearchable": false,
        "Value Unit Of Measure": "kbd"
    },
    "0EFAB3DA-BDAC-6250-AE02-C1F8F7A20062": {
        "Archived": false,
        "Cache Enabled": true,
        "Cache ID": "0EFAB3DA-BDBD-73C0-8ED4-EE39061748C7",
        "Data ID": "0EFAB3DA-BDAC-6250-AE02-C1F8F7A20062",
        "Datasource Class": "Seeq Calculations",
        "Datasource ID": "Seeq Calculations",
        "Enabled": true,
        "Formula": [
            "$first = $zerofive.move(0.5s)",
            "$second = $five.move(5s)",
            "$third = $ten.move(10s)",
            "$fourth = $twenty.move(20s)",
            "$fifth = $thirty.move(30s)",
            "$sixth = $forty.move(40s) ",
            "$seventh = $fifty.move(50s)",
            "$eighth = $sixty.move(60s)",
            "$nineth = $seventy.move(70s)",
            "$tenth = $eighty.move(80s)",
            "$eleventh = $ninety.move(90s)",
            "$twelveth = $ninetyfive.move(95s)",
            "$thirteenth = $ninetynine.move(99s)",
            "combinewith($zerofive,$second,$ten,$fourth,$fifth,$sixth,$seventh,$eighth,$nineth,$tenth,$eleventh,$twelveth,$thirteenth)",
            ".toLinear(100s)"
        ],
        "Formula Parameters": {
            "eighty": "0EE24DEB-DB88-6430-BDE4-2F8A6442BFA9",
            "fifty": "0EE24DEB-DB77-62C0-8472-49D7C207C24D",
            "five": "0EE24DEB-DB57-66F0-9C17-119140DD7326",
            "forty": "0EE24DEB-DB6D-6680-A7A5-E7C68B93B9BD",
            "ninety": "0EE24DEB-DB8D-6250-9F8B-4F8E34E61B79",
            "ninetyfive": "0EE24DEB-DB92-6070-97FE-C006F50DE890",
            "ninetynine": "0EE24DEB-DB96-EE90-A43A-2CD7E0A60559",
            "seventy": "0EE24DEB-DB83-6610-B02A-9F3A4543B139",
            "sixty": "0EE24DEB-DB7E-77F0-866E-740E226E68ED",
            "ten": "0EE24DEB-DB5C-7510-9656-C04B08D2DEC7",
            "thirty": "0EE24DEB-DB66-7150-825B-11BC86513BC8",
            "twenty": "0EE24DEB-DB61-7330-988C-5882DF55DA0A",
            "zerofive": "0EE24DEB-DB4D-EAB0-9A1C-AD752BDA6B48"
        },
        "Formula Version": 31,
        "ID": "0EFAB3DA-BDAC-6250-AE02-C1F8F7A20062",
        "Interpolation Method": "Linear",
        "Locked": false,
        "Maximum Interpolation": {
            "Unit Of Measure": "s",
            "Value": 100
        },
        "Name": "Sample Temperature Profile",
        "Scoped To": "0EFAB28C-CE07-FB80-9AF3-D46648A552F8",
        "Type": "CalculatedSignal",
        "UIConfig": {
            "advancedParametersCollapsed": true,
            "configVersion": 11,
            "localFormula": "",
            "tabTransitioning": false,
            "type": "formula"
        },
        "Unsearchable": false,
        "Value Unit Of Measure": "\u00b0C"
    },
    "0EFAB3DC-5CBB-6070-B144-DED13C128D76": {
        "Archived": false,
        "Cache Enabled": true,
        "Cache ID": "0EFAB3DC-5CBF-EE90-BCE4-072574BA548C",
        "Data ID": "0EFAB3DC-5CBB-6070-B144-DED13C128D76",
        "Datasource Class": "Seeq Calculations",
        "Datasource ID": "Seeq Calculations",
        "Enabled": true,
        "Formula": "$temp_profile.move(-2d).within($standard)",
        "Formula Parameters": {
            "standard": "0EFAB3B7-975D-6400-B413-5C71AE50220E",
            "temp_profile": "0EFAB3DA-BDAC-6250-AE02-C1F8F7A20062"
        },
        "Formula Version": 31,
        "ID": "0EFAB3DC-5CBB-6070-B144-DED13C128D76",
        "Interpolation Method": "Linear",
        "Locked": false,
        "Maximum Interpolation": {
            "Unit Of Measure": "s",
            "Value": 100
        },
        "Name": "Distillation Curve During Standard Blend",
        "Scoped To": "0EFAB28C-CE07-FB80-9AF3-D46648A552F8",
        "Type": "CalculatedSignal",
        "UIConfig": {
            "advancedParametersCollapsed": true,
            "configVersion": 11,
            "localFormula": "",
            "tabTransitioning": false,
            "type": "formula"
        },
        "Unsearchable": false,
        "Value Unit Of Measure": "\u00b0C"
    },
    "0EFAB3DD-37A3-7110-A468-B8CD1A03D02B": {
        "Archived": false,
        "Cache Enabled": true,
        "Cache ID": "0EFAB3DD-37A7-FF30-AE78-7F59FD10242B",
        "Capsule ID Property": "start",
        "Capsule Property Units": {},
        "Data ID": "0EFAB3DD-37A3-7110-A468-B8CD1A03D02B",
        "Datasource Class": "Seeq Calculations",
        "Datasource ID": "Seeq Calculations",
        "Enabled": true,
        "Formula": "$temp_profile_standard.isValid().removeLongerThan(10min)",
        "Formula Parameters": {
            "temp_profile_standard": "0EFAB3DC-5CBB-6070-B144-DED13C128D76"
        },
        "Formula Version": 31,
        "ID": "0EFAB3DD-37A3-7110-A468-B8CD1A03D02B",
        "Locked": false,
        "Maximum Duration": {
            "Unit Of Measure": "min",
            "Value": 10
        },
        "Name": "Distillation Curve Periods During Standard Blend",
        "Scoped To": "0EFAB28C-CE07-FB80-9AF3-D46648A552F8",
        "Type": "CalculatedCondition",
        "UIConfig": {
            "advancedParametersCollapsed": true,
            "configVersion": 11,
            "localFormula": "",
            "tabTransitioning": false,
            "type": "formula"
        },
        "Unsearchable": false
    },
    "0EFAB3E2-2AB5-62F0-94BD-6D26F265C258": {
        "Archived": false,
        "Cache Enabled": true,
        "Cache ID": "1EFAB3F1-9FD1-6AA0-9A32-D5B03A0D1F0A",
        "Capsule Property Units": {},
        "Data ID": "0EFAB3E2-2AB5-62F0-94BD-6D26F265C258",
        "Datasource Class": "Seeq Calculations",
        "Datasource ID": "Seeq Calculations",
        "Enabled": true,
        "Formula": [
            "condition(121000ms,",
            "  capsule(1659074400000ms, 1659074520000ms),",
            "  capsule(1659679200000ms, 1659679320000ms),",
            "  capsule(1660284000000ms, 1660284120000ms),",
            "  capsule(1660888800000ms, 1660888920000ms),",
            "  capsule(1671170400000ms, 1671170520000ms),",
            "  capsule(1685080800000ms, 1685080920000ms))"
        ],
        "Formula Parameters": {},
        "Formula Version": 31,
        "ID": "0EFAB3E2-2AB5-62F0-94BD-6D26F265C258",
        "Locked": false,
        "Maximum Duration": {
            "Unit Of Measure": "ms",
            "Value": 121000
        },
        "Name": "Ideal Distillation Curves Standard Blend",
        "Scoped To": "0EFAB28C-CE07-FB80-9AF3-D46648A552F8",
        "Type": "CalculatedCondition",
        "UIConfig": {
            "color": "#00A2DD",
            "configVersion": 11,
            "isExecuting": false,
            "scopedTo": "0EFAB28C-CE07-FB80-9AF3-D46648A552F8",
            "type": "manual-condition"
        },
        "Unsearchable": false
    },
    "0EFAB3E3-BCFF-6060-AE09-E503CED95050": {
        "Archived": false,
        "Cache Enabled": true,
        "Cache ID": "1EFAB3F1-9FD3-6B60-8661-29A113AD708C",
        "Data ID": "0EFAB3E3-BCFF-6060-AE09-E503CED95050",
        "Datasource Class": "Seeq Calculations",
        "Datasource ID": "Seeq Calculations",
        "Enabled": true,
        "Formula": [
            "$trainingRange = $inputCondition.toGroup(capsule(\"2022-07-01T15:41:00.000Z\", \"2023-07-06T15:41:00.000Z\"), CapsuleBoundary.EnclosedBy)",
            "referenceTable(1s)",
            "  .addRows($inputSignal, $trainingRange)",
            "  .repeatOver($repeatOverCondition.fragment(), ReferenceTableStat.StdDev, 3)"
        ],
        "Formula Parameters": {
            "inputCondition": "0EFAB3E2-2AB5-62F0-94BD-6D26F265C258",
            "inputSignal": "0EFAB3DC-5CBB-6070-B144-DED13C128D76",
            "repeatOverCondition": "0EFAB3DD-37A3-7110-A468-B8CD1A03D02B"
        },
        "Formula Version": 31,
        "ID": "0EFAB3E3-BCFF-6060-AE09-E503CED95050",
        "Interpolation Method": "Linear",
        "Locked": false,
        "Maximum Interpolation": {
            "Unit Of Measure": "s",
            "Value": 1
        },
        "Name": "Upper Limit Distillation Curve Standard Blend",
        "Scoped To": "0EFAB28C-CE07-FB80-9AF3-D46648A552F8",
        "Type": "CalculatedSignal",
        "UIConfig": {
            "configVersion": 11,
            "griddingPeriod": {
                "units": "s",
                "value": 1
            },
            "multiplier": "3",
            "referenceStat": "StdDev",
            "type": "reference",
            "windowEnd": 1688658060000,
            "windowStart": 1656690060000
        },
        "Unsearchable": false,
        "Value Unit Of Measure": "\u00b0C"
    },
    "0EFAB3E4-4308-FFD0-BAD6-637476D417FF": {
        "Archived": false,
        "Cache Enabled": true,
        "Cache ID": "1EFAB3F1-9FD4-65A0-B1FC-758661028BA9",
        "Data ID": "0EFAB3E4-4308-FFD0-BAD6-637476D417FF",
        "Datasource Class": "Seeq Calculations",
        "Datasource ID": "Seeq Calculations",
        "Enabled": true,
        "Formula": [
            "$trainingRange = $inputCondition.toGroup(capsule(\"2022-07-01T15:41:00.000Z\", \"2023-07-06T15:41:00.000Z\"), CapsuleBoundary.EnclosedBy)",
            "referenceTable(1s)",
            "  .addRows($inputSignal, $trainingRange)",
            "  .repeatOver($repeatOverCondition.fragment(), ReferenceTableStat.StdDev, -3)"
        ],
        "Formula Parameters": {
            "inputCondition": "0EFAB3E2-2AB5-62F0-94BD-6D26F265C258",
            "inputSignal": "0EFAB3DC-5CBB-6070-B144-DED13C128D76",
            "repeatOverCondition": "0EFAB3DD-37A3-7110-A468-B8CD1A03D02B"
        },
        "Formula Version": 31,
        "ID": "0EFAB3E4-4308-FFD0-BAD6-637476D417FF",
        "Interpolation Method": "Linear",
        "Locked": false,
        "Maximum Interpolation": {
            "Unit Of Measure": "s",
            "Value": 1
        },
        "Name": "Lower Limit Distillation Curve Standard Blend",
        "Scoped To": "0EFAB28C-CE07-FB80-9AF3-D46648A552F8",
        "Type": "CalculatedSignal",
        "UIConfig": {
            "configVersion": 11,
            "griddingPeriod": {
                "units": "s",
                "value": 1
            },
            "multiplier": "-3",
            "referenceStat": "StdDev",
            "scopedTo": "0EFAB28C-CE07-FB80-9AF3-D46648A552F8",
            "type": "reference",
            "windowEnd": 1688658060000,
            "windowStart": 1656690060000
        },
        "Unsearchable": false,
        "Value Unit Of Measure": "\u00b0C"
    },
    "0EFAB3E5-CEA5-FD80-A54C-00CBFF33298E": {
        "Archived": false,
        "Cache Enabled": true,
        "Cache ID": "1EFAB3F1-9FD4-6980-9CE8-20E528C52C8A",
        "Capsule ID Property": "start",
        "Capsule Property Units": {},
        "Data ID": "0EFAB3E5-CEA5-FD80-A54C-00CBFF33298E",
        "Datasource Class": "Seeq Calculations",
        "Datasource ID": "Seeq Calculations",
        "Enabled": true,
        "Formula": "$a < $c or $a > $b",
        "Formula Parameters": {
            "a": "0EFAB3DC-5CBB-6070-B144-DED13C128D76",
            "b": "0EFAB3E3-BCFF-6060-AE09-E503CED95050",
            "c": "0EFAB3E4-4308-FFD0-BAD6-637476D417FF"
        },
        "Formula Version": 31,
        "ID": "0EFAB3E5-CEA5-FD80-A54C-00CBFF33298E",
        "Locked": false,
        "Name": "Distillation Curve Deviations Standard Blend",
        "Scoped To": "0EFAB28C-CE07-FB80-9AF3-D46648A552F8",
        "Type": "CalculatedCondition",
        "UIConfig": {
            "advancedEntryDuration": {
                "units": "min",
                "value": 0
            },
            "advancedEntryLowerValue": null,
            "advancedEntryValue": null,
            "advancedExitDuration": {
                "units": "min",
                "value": 0
            },
            "advancedExitValue": null,
            "advancedParametersCollapsed": true,
            "configVersion": 11,
            "isCleansing": false,
            "isMigratedDeviationSearch": false,
            "isSimple": true,
            "mergeDuration": {
                "units": "min",
                "value": 0
            },
            "minDuration": {
                "units": "min",
                "value": 0
            },
            "simpleLowerValue": "0EFAB3E4-4308-FFD0-BAD6-637476D417FF",
            "simpleLowerValueInclusivity": "<",
            "simpleOperator": "<>",
            "simpleUpperValueInclusivity": ">",
            "simpleValue": "0EFAB3E3-BCFF-6060-AE09-E503CED95050",
            "type": "value-search",
            "useValidValues": false,
            "version": "V3"
        },
        "Unsearchable": false
    },
    "0EFAB3E6-E6B9-7100-A8D1-E2F281D7DF48": {
        "Archived": false,
        "Cache Enabled": true,
        "Cache ID": "1EFAB3F1-9FD5-62B0-BBDF-45BC3E12AAD5",
        "Data ID": "0EFAB3E6-E6B9-7100-A8D1-E2F281D7DF48",
        "Datasource Class": "Seeq Calculations",
        "Datasource ID": "Seeq Calculations",
        "Enabled": true,
        "Formula": [
            "$trainingRange = $inputCondition.toGroup(capsule(\"2022-07-01T15:41:00.000Z\", \"2023-07-06T15:41:00.000Z\"), CapsuleBoundary.EnclosedBy)",
            "referenceTable(1s)",
            "  .addRows($inputSignal, $trainingRange)",
            "  .repeatOver($repeatOverCondition.fragment(), ReferenceTableStat.Average)"
        ],
        "Formula Parameters": {
            "inputCondition": "0EFAB3E2-2AB5-62F0-94BD-6D26F265C258",
            "inputSignal": "0EFAB3DC-5CBB-6070-B144-DED13C128D76",
            "repeatOverCondition": "0EFAB3DD-37A3-7110-A468-B8CD1A03D02B"
        },
        "Formula Version": 31,
        "ID": "0EFAB3E6-E6B9-7100-A8D1-E2F281D7DF48",
        "Interpolation Method": "Linear",
        "Locked": false,
        "Maximum Interpolation": {
            "Unit Of Measure": "s",
            "Value": 1
        },
        "Name": "Avg Distillation Curve Standard Blend",
        "Scoped To": "0EFAB28C-CE07-FB80-9AF3-D46648A552F8",
        "Type": "CalculatedSignal",
        "UIConfig": {
            "configVersion": 11,
            "griddingPeriod": {
                "units": "s",
                "value": 1
            },
            "multiplier": "3",
            "referenceStat": "Average",
            "scopedTo": "0EFAB28C-CE07-FB80-9AF3-D46648A552F8",
            "type": "reference",
            "windowEnd": 1688658060000,
            "windowStart": 1656690060000
        },
        "Unsearchable": false,
        "Value Unit Of Measure": "\u00b0C"
    },
    "0EFAB3E9-164F-7750-81BA-52CBF161E845": {
        "Archived": false,
        "Cache Enabled": false,
        "Data ID": "0EFAB3E9-164F-7750-81BA-52CBF161E845",
        "Datasource Class": "Seeq Calculations",
        "Datasource ID": "Seeq Calculations",
        "Enabled": true,
        "Formula": "<ThresholdMetric>",
        "Formula Parameters": {
            "Aggregation Condition": null,
            "Measured Item": "0EFAB3DC-5CBB-6070-B144-DED13C128D76",
            "Metric Neutral Color": "#ffffff",
            "Process Type": "Simple",
            "Thresholds": [
                {
                    "Item ID": "0EFAB3E3-BCFF-6060-AE09-E503CED95050",
                    "Priority": {
                        "Color": "#ff0000",
                        "Level": 3,
                        "Name": "HiHiHi"
                    }
                },
                {
                    "Item ID": "0EFAB3E4-4308-FFD0-BAD6-637476D417FF",
                    "Priority": {
                        "Color": "#ff0000",
                        "Level": -3,
                        "Name": "LoLoLo"
                    }
                }
            ]
        },
        "ID": "0EFAB3E9-164F-7750-81BA-52CBF161E845",
        "Locked": false,
        "MetricReconfigurationMigration": true,
        "Name": "Distillation Curve During Standard Blend Monitor",
        "Scoped To": "0EFAB28C-CE07-FB80-9AF3-D46648A552F8",
        "Type": "ThresholdMetric",
        "UIConfig": {
            "advancedParametersCollapsed": true,
            "type": "threshold-metric"
        },
        "Unsearchable": false
    },
    "0EFAB682-610F-EA10-94CE-56487D1EB257": {
        "Archived": false,
        "Cache Enabled": true,
        "Cache ID": "0EFAB682-6114-E830-ADA5-943F28A7B490",
        "Capsule ID Property": "start",
        "Capsule Property Units": {},
        "Data ID": "0EFAB682-610F-EA10-94CE-56487D1EB257",
        "Datasource Class": "Seeq Calculations",
        "Datasource ID": "Seeq Calculations",
        "Enabled": true,
        "Formula": "$a <= $b",
        "Formula Parameters": {
            "a": "0EFAB3DC-5CBB-6070-B144-DED13C128D76",
            "b": "0EFAB2BD-017A-EA50-BD5F-FE6872BCAD0E"
        },
        "Formula Version": 31,
        "ID": "0EFAB682-610F-EA10-94CE-56487D1EB257",
        "Locked": false,
        "Name": "Distillation Curve Standard Blend Vapor",
        "Scoped To": "0EFAB28C-CE07-FB80-9AF3-D46648A552F8",
        "Type": "CalculatedCondition",
        "UIConfig": {
            "advancedEntryDuration": {
                "units": "min",
                "value": 0
            },
            "advancedEntryLowerValue": null,
            "advancedEntryValue": null,
            "advancedExitDuration": {
                "units": "min",
                "value": 0
            },
            "advancedExitValue": null,
            "advancedParametersCollapsed": true,
            "configVersion": 11,
            "isCleansing": false,
            "isMigratedDeviationSearch": false,
            "isSimple": true,
            "mergeDuration": {
                "units": "min",
                "value": 0
            },
            "minDuration": {
                "units": "min",
                "value": 0
            },
            "simpleLowerValue": null,
            "simpleOperator": "<=",
            "simpleValue": "0EFAB2BD-017A-EA50-BD5F-FE6872BCAD0E",
            "type": "value-search",
            "useValidValues": false,
            "version": "V3"
        },
        "Unsearchable": false
    },
    "0EFAB683-9569-F9E0-9614-121B99203037": {
        "Archived": false,
        "Cache Enabled": true,
        "Cache ID": "0EFAB683-956E-E800-B4B6-2438DC47F054",
        "Data ID": "0EFAB683-9569-F9E0-9614-121B99203037",
        "Datasource Class": "Seeq Calculations",
        "Datasource ID": "Seeq Calculations",
        "Enabled": true,
        "Formula": [
            "$gc_profile_vapor_max_dur = $gc_profile_vapor.removeLongerThan(10min)",
            "",
            "$gc_profile_vapor_max_dur.aggregate(totalDuration(\"s\"), $gc_profile_vapor_max_dur, endKey(), 0s)",
            ".setUnits('%')",
            "+0.5   //compensates for the additional 0.5% delayed of the first sample"
        ],
        "Formula Parameters": {
            "gc_profile_vapor": "0EFAB682-610F-EA10-94CE-56487D1EB257"
        },
        "Formula Version": 31,
        "ID": "0EFAB683-9569-F9E0-9614-121B99203037",
        "Interpolation Method": "None",
        "Locked": false,
        "Maximum Interpolation": {
            "Unit Of Measure": "s",
            "Value": 0
        },
        "Name": "Vapor Cut % Standard Blend",
        "Scoped To": "0EFAB28C-CE07-FB80-9AF3-D46648A552F8",
        "Type": "CalculatedSignal",
        "UIConfig": {
            "advancedParametersCollapsed": true,
            "configVersion": 11,
            "localFormula": "",
            "tabTransitioning": false,
            "type": "formula"
        },
        "Unsearchable": false,
        "Value Unit Of Measure": "%"
    },
    "0EFAB686-703B-7760-B040-F31C6FC1D10F": {
        "Archived": false,
        "Cache Enabled": true,
        "Cache ID": "0EFAB686-7042-EC90-ADA5-B9ECFD4DE319",
        "Data ID": "0EFAB686-703B-7760-B040-F31C6FC1D10F",
        "Datasource Class": "Seeq Calculations",
        "Datasource ID": "Seeq Calculations",
        "Enabled": true,
        "Formula": [
            "// Use available lab data to base vapor cut on it rather than just taking an average over each blend",
            "",
            "//Split the blend into section based on when GCMS is available",
            "$gc_prof_section_standard = $gc_period.afterStart(0ns).combineWith($standard.beforeEnd(0ns)).growEnd(1mo).touches($standard)",
            "//Carry corresponding vapor cut percentage over the section",
            "$vapor_cut_section = $vapor_cut.aggregate(average(),$gc_prof_section_standard, durationKey())",
            "// Determine amount of vapor based on total and percentage",
            "($crude_total*$vapor_cut_section).convertUnits('cf/hr')"
        ],
        "Formula Parameters": {
            "crude_total": "0EFAB3B9-4C7B-71B0-B6B0-F590619846C3",
            "gc_period": "0EFAB3DD-37A3-7110-A468-B8CD1A03D02B",
            "standard": "0EFAB3B7-975D-6400-B413-5C71AE50220E",
            "vapor_cut": "0EFAB683-9569-F9E0-9614-121B99203037"
        },
        "Formula Version": 31,
        "ID": "0EFAB686-703B-7760-B040-F31C6FC1D10F",
        "Interpolation Method": "Linear",
        "Locked": false,
        "Maximum Interpolation": {
            "Unit Of Measure": "h",
            "Value": 40
        },
        "Name": "Total Crude Vapor",
        "Scoped To": "0EFAB28C-CE07-FB80-9AF3-D46648A552F8",
        "Type": "CalculatedSignal",
        "UIConfig": {
            "advancedParametersCollapsed": true,
            "configVersion": 11,
            "localFormula": "",
            "tabTransitioning": false,
            "type": "formula"
        },
        "Unsearchable": false,
        "Value Unit Of Measure": "ft\u00b3/h"
    },
    "0EFAB696-6245-EE70-AE17-97DFDBABB594": {
        "Archived": false,
        "Cache Enabled": false,
        "Data ID": "0EFAB696-6245-EE70-AE17-97DFDBABB594",
        "Datasource Class": "Seeq Calculations",
        "Datasource ID": "Seeq Calculations",
        "Enabled": true,
        "Formula": "<ThresholdMetric>",
        "Formula Parameters": {
            "Aggregation Condition": "0efab696-62bb-7170-b9e2-309c8df4f13c",
            "Aggregation Function": "percentDuration()",
            "Bounding Condition": "0EFAB3DD-37A3-7110-A468-B8CD1A03D02B",
            "Measured Item": "0EFAB3E5-CEA5-FD80-A54C-00CBFF33298E",
            "Metric Neutral Color": "#ffffff",
            "Process Type": "Condition",
            "Thresholds": [
                {
                    "Priority": {
                        "Color": "#ffdd52",
                        "Level": 2,
                        "Name": "HiHi"
                    },
                    "Value": {
                        "Unit Of Measure": "",
                        "Value": 50
                    }
                }
            ]
        },
        "ID": "0EFAB696-6245-EE70-AE17-97DFDBABB594",
        "Locked": false,
        "MetricReconfigurationMigration": true,
        "Name": "Distillation Curve % Deviation Standard Blend",
        "Scoped To": "0EFAB28C-CE07-FB80-9AF3-D46648A552F8",
        "Type": "ThresholdMetric",
        "UIConfig": {
            "advancedParametersCollapsed": true,
            "type": "threshold-metric"
        },
        "Unsearchable": false
    },
    "0EFAB69E-1C08-60E0-9508-1CD97FDC7347": {
        "Archived": false,
        "Cache Enabled": true,
        "Cache ID": "0EFAB69E-1C0C-FF00-BECB-7271566A1FE4",
        "Capsule ID Property": "start",
        "Capsule Property Units": {},
        "Data ID": "0EFAB69E-1C08-60E0-9508-1CD97FDC7347",
        "Datasource Class": "Seeq Calculations",
        "Datasource ID": "Seeq Calculations",
        "Enabled": true,
        "Formula": "$temp_profile.isValid().removeLongerThan(10min)",
        "Formula Parameters": {
            "temp_profile": "0EFAB3DA-BDAC-6250-AE02-C1F8F7A20062"
        },
        "Formula Version": 31,
        "ID": "0EFAB69E-1C08-60E0-9508-1CD97FDC7347",
        "Locked": false,
        "Maximum Duration": {
            "Unit Of Measure": "min",
            "Value": 10
        },
        "Name": "Temperature Sample Periods",
        "Scoped To": "0EFAB28C-CE07-FB80-9AF3-D46648A552F8",
        "Type": "CalculatedCondition",
        "UIConfig": {
            "advancedParametersCollapsed": true,
            "configVersion": 11,
            "localFormula": "",
            "tabTransitioning": false,
            "type": "formula"
        },
        "Unsearchable": false
    },
    "46871013-C83E-4D1A-8441-BCF48BDB832A": {
        "Archived": false,
        "Asset": "Crude Furnace",
        "Cache Enabled": false,
        "Cache ID": "2E60FA32-49B1-411B-9495-30AFA8E77D5C",
        "Data ID": "[00000000-0000-0000-0000-000000000000] {Signal} Sample Assets >> Crude Furnace >> Coil Inlet Temperature",
        "Datasource Class": "Seeq Data Lab",
        "Datasource ID": "Seeq Data Lab",
        "Enabled": true,
        "Formula": "$signal",
        "Formula Parameters": {
            "signal": "7B87F723-B704-4040-886F-7DED1E7C8591"
        },
        "Formula Version": 31,
        "ID": "46871013-C83E-4D1A-8441-BCF48BDB832A",
        "Interpolation Method": "Linear",
        "Key Unit Of Measure": "ns",
        "Locked": false,
        "Maximum Interpolation": {
            "Unit Of Measure": "s",
            "Value": 7560.0
        },
        "Name": "Coil Inlet Temperature",
        "Parent ID": "D0ED1A0E-84B4-45BC-BF77-624AAF1AC673",
        "Path": "Sample Assets",
        "Sync Token": "2023-09-14T16:59:36.953891",
        "Template": "Sample Assets",
        "Type": "CalculatedSignal",
        "Unsearchable": false,
        "Value Unit Of Measure": "\u00b0F"
    },
    "62CBDF05-40F7-4249-BFF0-79A9D4B1C42D": {
        "Archived": false,
        "Asset": "Sample Assets",
        "Cache Enabled": false,
        "Data ID": "[00000000-0000-0000-0000-000000000000] {Asset} Sample Assets",
        "Datasource Class": "Seeq Data Lab",
        "Datasource ID": "Seeq Data Lab",
        "Enabled": true,
        "ID": "62CBDF05-40F7-4249-BFF0-79A9D4B1C42D",
        "Locked": false,
        "Name": "Sample Assets",
        "Old Asset Format": false,
        "Path": "",
        "Sync Token": "2024-10-24T15:33:30.493005",
        "Template": "Batch Asset",
        "Type": "Asset",
        "Unsearchable": false
    },
    "7B87F723-B704-4040-886F-7DED1E7C8591": {
        "Archived": false,
        "Cache Enabled": false,
        "Cache ID": "6E7413B7-3EED-4A54-B61D-53D11FFE4860",
        "Data ID": "[Tag] Coil Inlet Temperature.sim.ts.csv",
        "Datasource Class": "Time Series CSV Files",
        "Datasource ID": "trainingData",
        "Enabled": true,
        "ID": "7B87F723-B704-4040-886F-7DED1E7C8591",
        "Interpolation Method": "Linear",
        "Key Unit Of Measure": "ns",
        "Locked": false,
        "Maximum Interpolation": "7560.0s",
        "Name": "Coil Inlet Temperature",
        "Source Maximum Interpolation": "7560000000000ns",
        "Source Value Unit Of Measure": "F",
        "Stored Series Cache Version": 1,
        "Sync Token": "2023-02-16T00:00:00.365541947Z",
        "Type": "StoredSignal",
        "Unsearchable": false,
        "Value Unit Of Measure": "\u00b0F"
    },
    "905A3390-CCA6-489B-89A3-492EC9F7FF26": {
        "Access Control": [
            {
                "ID": "726694d8-3949-4a40-aa59-e01b172690cd",
                "Identity": {
                    "Datasource Class": "OAuth 2.0",
                    "Datasource ID": "9ecc7e74-4c32-436d-9af0-70d8aa99386b",
                    "Datasource Name": "Seeq Azure SSO",
                    "Email": "Joseph.Reckamp@seeq.com",
                    "First Name": "Joe",
                    "ID": "C9FD5B90-17F3-4CA7-8C37-CD9B7D9B85D2",
                    "Is Admin": true,
                    "Last Name": "Reckamp",
                    "Name": "Joe Reckamp",
                    "Type": "User",
                    "Username": "DEg3Lh5pLS4-lG84EjGXXXdzxhd1450vkLgiu8he2l8"
                },
                "Origin": null,
                "Permissions": {
                    "Manage": true,
                    "Read": true,
                    "Write": true
                },
                "Redacted": false,
                "Role": "OWNER"
            }
        ],
        "Ancestors": [
            "__Users__"
        ],
        "Archived": false,
        "Cache Enabled": false,
        "Created At": "1605736826077625600",
        "Enabled": true,
        "ID": "905A3390-CCA6-489B-89A3-492EC9F7FF26",
        "Locked": false,
        "Name": "Joseph Reckamp",
        "Owner": {
            "Datasource Class": "OAuth 2.0",
            "Datasource ID": "9ecc7e74-4c32-436d-9af0-70d8aa99386b",
            "Datasource Name": "Seeq Azure SSO",
            "Email": "Joseph.Reckamp@seeq.com",
            "First Name": "Joe",
            "ID": "C9FD5B90-17F3-4CA7-8C37-CD9B7D9B85D2",
            "Is Admin": true,
            "Last Name": "Reckamp",
            "Name": "Joe Reckamp",
            "Type": "User",
            "Username": "DEg3Lh5pLS4-lG84EjGXXXdzxhd1450vkLgiu8he2l8"
        },
        "Permission Inheritance Disabled": true,
        "Type": "Folder",
        "Unmodifiable": true,
        "Unsearchable": true,
        "Updated At": "1605736826077625600"
    },
    "D0ED1A0E-84B4-45BC-BF77-624AAF1AC673": {
        "Archived": false,
        "Asset": "Crude Furnace",
        "Cache Enabled": false,
        "Data ID": "[00000000-0000-0000-0000-000000000000] {Asset} Sample Assets >> Crude Furnace",
        "Datasource Class": "Seeq Data Lab",
        "Datasource ID": "Seeq Data Lab",
        "Enabled": true,
        "ID": "D0ED1A0E-84B4-45BC-BF77-624AAF1AC673",
        "Locked": false,
        "Name": "Crude Furnace",
        "Old Asset Format": false,
        "Parent ID": "62CBDF05-40F7-4249-BFF0-79A9D4B1C42D",
        "Path": "Sample Assets",
        "Sync Token": "2023-09-14T16:59:36.953891",
        "Template": "Sample Assets",
        "Type": "Asset",
        "Unsearchable": false
    }
}