{
    "Definition": {
        "Archived": false,
        "Cache Enabled": false,
        "Created At": "1732565226550982133",
        "Description": "An oil and gas supermajor used Seeq to analyze distillation throughout their refinery, swiftly highlighting issues and opportunities to adjust cutpoints , resulting in effective collaboration across units. Problem Statement: In refineries, multiple units work independently to modify operations to achieve desired products based on current demand, often leading to",
        "Document": "<h2><strong>Vapor Cut Estimations</strong></h2><figure class=\"table\"><table class=\"ck-table-resized\" style=\"border-color:hsl(0, 0%, 100%);border-style:solid;\"><colgroup><col style=\"width:23.51%;\" /><col style=\"width:76.49%;\" /></colgroup><tbody><tr><td style=\"border-color:hsl(0, 0%, 100%);border-style:solid;\"><figure class=\"image\"><img src=\"/api/annotations/0EFAB68D-79B1-EC70-8ACF-31B79DD93F9F/images/image_v1.png\"></figure></td><td style=\"border-color:hsl(0, 0%, 100%);border-style:solid;\"><h4><i>An oil and gas supermajor used Seeq to analyze distillation throughout their refinery, </i><span style=\"color:hsl(210,75%,60%);\"><i><strong>swiftly highlighting issues and opportunities to adjust cutpoints</strong></i></span><i>, resulting in effective collaboration across units.</i></h4></td></tr></tbody></table></figure><h4 style=\"margin-left:0in;\"><span style=\"color:#172B4D;\"><strong>Problem Statement:</strong></span></h4><p><span style=\"color:#172B4D;\">In refineries, multiple units work independently to modify operations to achieve desired products based on current demand, often leading to ineffective communication of issues. With Seeq various sources of data can be brought in and analyzed, giving different units one forum through which they can observe relative upstream and downstream processes and make informed decisions.\u00a0</span><br><span style=\"color:#172B4D;\">In this use case, analyzing lab data under different process conditions based on the </span><a target=\"_blank\" href=\"https://www.astm.org/d0086-23.html\" rel=\"nofollow noopener noreferrer\"><span style=\"color:#172B4D;\">ASTM D86 standard</span></a><span style=\"color:#172B4D;\"> allowed engineers to have a better understanding of the distillation being performed in the Crude Distillation Unit (CDU). The results were then communicated to downstream units, giving them the ability to infer how much throughput they will receive and its qualities.</span></p><h4><span style=\"color:#172B4D;\"><strong>Solution:</strong></span></h4><h3><a href=\"/links?type&#61;workstep&amp;workbook&#61;0EFAB28C-CE07-FB80-9AF3-D46648A552F8&amp;worksheet&#61;0EFAB68D-797C-7110-B741-12F24EF60209&amp;workstep&#61;0EFAB68D-79AF-7560-8048-B1151B02E7C0\" rel=\"nofollow noopener noreferrer\">Vapor Cut Profile and KPIs</a></h3><p>\u00a0</p><p><a href=\"/links?type&#61;workstep&amp;workbook&#61;0EFAB28C-CE07-FB80-9AF3-D46648A552F8&amp;worksheet&#61;0EFAB68D-797C-7110-B741-12F24EF60209&amp;workstep&#61;0EFAB68D-79A8-6030-9544-8EE223F8649D\" rel=\"nofollow noopener noreferrer\">Connect to data from different sources</a> such as inventory data from SAP, lab data from CSV files/LIMS, and process data from historians</p><ul><li>Distillation Colum Process Data: From historians such as OSIsoft, Honeywell PHD, etc.</li><li>Tank Inventory/Work Order Data: From SQL based systems like Maximo, SAP, etc.</li><li>Lab Data: From CSV files or LIMS/SQL/historians if available</li></ul><p><a href=\"/links?type&#61;workstep&amp;workbook&#61;0EFAB28C-CE07-FB80-9AF3-D46648A552F8&amp;worksheet&#61;0EFAB68D-797C-7110-B741-12F24EF60209&amp;workstep&#61;0EFAB68D-79AA-7740-B045-5C85302009D2\" rel=\"nofollow noopener noreferrer\">Assign blends based on crude parameters</a></p><ul><li><a href=\"/links?type&#61;workstep&amp;workbook&#61;0EFAB28C-CE07-FB80-9AF3-D46648A552F8&amp;worksheet&#61;0EFAB68D-797C-7110-B741-12F24EF60209&amp;workstep&#61;0EFAB692-6495-62B0-BB76-9C7B1E2B0E0F\" rel=\"nofollow noopener noreferrer\">Convert tank feed (delta of daily inventories) capsule properties into signals</a> using <i>.toSignal()</i></li><li><a href=\"/links?type&#61;workstep&amp;workbook&#61;0EFAB28C-CE07-FB80-9AF3-D46648A552F8&amp;worksheet&#61;0EFAB68D-797C-7110-B741-12F24EF60209&amp;workstep&#61;0EFAB692-0BE8-FF90-8F69-CB2A3D06BB47\" rel=\"nofollow noopener noreferrer\">Calculate total crude feed</a> based on tank feeds and pipeline flow rate</li><li><a href=\"/links?type&#61;workstep&amp;workbook&#61;0EFAB28C-CE07-FB80-9AF3-D46648A552F8&amp;worksheet&#61;0EFAB68D-797C-7110-B741-12F24EF60209&amp;workstep&#61;0EFAB68D-79AA-7740-B045-5C85302009D2\" rel=\"nofollow noopener noreferrer\">Capture times when we are using our &#34;Standard Blend&#34; in Formula</a> (can also be done with multiple Value Searches and Composite Condition)</li></ul><p><a href=\"/links?type&#61;workstep&amp;workbook&#61;0EFAB28C-CE07-FB80-9AF3-D46648A552F8&amp;worksheet&#61;0EFAB68D-797C-7110-B741-12F24EF60209&amp;workstep&#61;0EFAB68D-79AA-7740-AEF2-66C8ADB07199\" rel=\"nofollow noopener noreferrer\">Profile lab data to compare recent results to historical</a><br><i>(<strong>Do it!</strong> Create a Value Search highlighting when the distillation curve is less than the lower limit determined by historical curves)</i><br>\u00a0<i>(<strong>Imagine!</strong> performing similar analyses for all units to compare feed and product distillation curves)</i></p><ul><li><a href=\"/links?type&#61;workstep&amp;workbook&#61;0EFAB28C-CE07-FB80-9AF3-D46648A552F8&amp;worksheet&#61;0EFAB68D-797C-7110-B741-12F24EF60209&amp;workstep&#61;0EFAB6A1-9DA1-7360-AD0D-09F936D30CF7\" rel=\"nofollow noopener noreferrer\">Delay lab tags by their corresponding boil percentage in seconds and combine into one temperature profile</a></li><li><a href=\"/links?type&#61;workstep&amp;workbook&#61;0EFAB28C-CE07-FB80-9AF3-D46648A552F8&amp;worksheet&#61;0EFAB68D-797C-7110-B741-12F24EF60209&amp;workstep&#61;0EFAB69F-7BD0-7350-BECD-68EC4C37FB17\" rel=\"nofollow noopener noreferrer\">Highlight each lab profile using <i>.isValid()</i></a></li><li><a href=\"/links?type&#61;workstep&amp;workbook&#61;0EFAB28C-CE07-FB80-9AF3-D46648A552F8&amp;worksheet&#61;0EFAB68D-797C-7110-B741-12F24EF60209&amp;workstep&#61;0EFAB69F-0AB2-FB00-9002-9F63C57941B3\" rel=\"nofollow noopener noreferrer\">Compare profiles in Capsule View</a></li><li>Develop a Reference Profile and Value Search to highlight anomalous measurements during Standard Blends<ul><li><a href=\"/links?type&#61;workstep&amp;workbook&#61;0EFAB28C-CE07-FB80-9AF3-D46648A552F8&amp;worksheet&#61;0EFAB68D-797C-7110-B741-12F24EF60209&amp;workstep&#61;0EFAB69B-C35C-7150-BE83-A09DC0CB7689\" rel=\"nofollow noopener noreferrer\">Delay lab profiles by -2 days to align with process data and filter to only show profiles during standard blends</a></li><li><a href=\"/links?type&#61;workstep&amp;workbook&#61;0EFAB28C-CE07-FB80-9AF3-D46648A552F8&amp;worksheet&#61;0EFAB68D-797C-7110-B741-12F24EF60209&amp;workstep&#61;0EFAB699-A5DD-6090-9EAD-D30026B38C6E\" rel=\"nofollow noopener noreferrer\">Use Manual Condition to highlight &#34;good&#34; profile distributions</a></li><li><a href=\"/links?type&#61;workstep&amp;workbook&#61;0EFAB28C-CE07-FB80-9AF3-D46648A552F8&amp;worksheet&#61;0EFAB68D-797C-7110-B741-12F24EF60209&amp;workstep&#61;0EFAB697-FF62-FBD0-960F-6726334FDDBA\" rel=\"nofollow noopener noreferrer\">Generate Reference Profiles</a> based on the good profiles and apply to all profiles of Standard Blend</li><li><a href=\"/links?type&#61;workstep&amp;workbook&#61;0EFAB28C-CE07-FB80-9AF3-D46648A552F8&amp;worksheet&#61;0EFAB68D-797C-7110-B741-12F24EF60209&amp;workstep&#61;0EFAB693-B9D3-F910-9158-43F57A5E0012\" rel=\"nofollow noopener noreferrer\">Highlight deviations</a> from these good profiles and show limits in scorecard</li></ul></li><li><a href=\"/links?type&#61;workstep&amp;workbook&#61;0EFAB28C-CE07-FB80-9AF3-D46648A552F8&amp;worksheet&#61;0EFAB68D-797C-7110-B741-12F24EF60209&amp;workstep&#61;0EFAB697-4C33-6280-A900-C14D5B39AA98\" rel=\"nofollow noopener noreferrer\">Display in table</a> for easier viewing with % deviation KPI</li></ul><p><a href=\"/links?type&#61;workstep&amp;workbook&#61;0EFAB28C-CE07-FB80-9AF3-D46648A552F8&amp;worksheet&#61;0EFAB68D-797C-7110-B741-12F24EF60209&amp;workstep&#61;0EFAB68D-79AC-EE50-B3B3-9D31234A260B\" rel=\"nofollow noopener noreferrer\">Determine the percentage and amount of crude that will become vapor and sent to downstream units</a></p><ul><li><a href=\"/links?type&#61;workstep&amp;workbook&#61;0EFAB28C-CE07-FB80-9AF3-D46648A552F8&amp;worksheet&#61;0EFAB68D-797C-7110-B741-12F24EF60209&amp;workstep&#61;0EFAB6AA-3BD7-6400-9D40-2DC2E9E84B01\" rel=\"nofollow noopener noreferrer\">Use Value Search to determine when the lab profile is less than the side cut temperature of the distillation column</a></li><li><a href=\"/links?type&#61;workstep&amp;workbook&#61;0EFAB28C-CE07-FB80-9AF3-D46648A552F8&amp;worksheet&#61;0EFAB68D-797C-7110-B741-12F24EF60209&amp;workstep&#61;0EFAB6A9-5FE7-E8A0-823E-F21D30EB6EF3\" rel=\"nofollow noopener noreferrer\">Calculate how long the Value Search lasts, representing the percentage that will be vaporized at this temperature</a> <i>(<strong>Note: </strong>we don&#39;t have a (0,0) point so we need to add 0.5 for accuracy)</i></li><li><a href=\"/links?type&#61;workstep&amp;workbook&#61;0EFAB28C-CE07-FB80-9AF3-D46648A552F8&amp;worksheet&#61;0EFAB68D-797C-7110-B741-12F24EF60209&amp;workstep&#61;0EFAB6A5-4CBF-7330-A907-EA6254BD3202\" rel=\"nofollow noopener noreferrer\">Determine the amount of vapor</a> based on the vapor cut percentage and total crude feed</li><li><a href=\"/links?type&#61;workstep&amp;workbook&#61;0EFAB28C-CE07-FB80-9AF3-D46648A552F8&amp;worksheet&#61;0EFAB68D-797C-7110-B741-12F24EF60209&amp;workstep&#61;0EFAB68D-79AC-EE50-B3B3-9D31234A260B\" rel=\"nofollow noopener noreferrer\">Display in Table</a> for easier viewing</li></ul>",
        "DocumentBackup\u02c9DEg3Lh5pLS4-lG84EjGXXXdzxhd1450vkLgiu8he2l8\u02c92024-11-25T20:08:00Z": "<h2><strong>Vapor Cut Estimations</strong></h2><figure class=\"table\"><table class=\"ck-table-resized\" style=\"border-color:hsl(0, 0%, 100%);border-style:solid;\"><colgroup><col style=\"width:23.51%;\" /><col style=\"width:76.49%;\" /></colgroup><tbody><tr><td style=\"border-color:hsl(0, 0%, 100%);border-style:solid;\"><figure class=\"image\"><img src=\"/api/annotations/0EFAB68D-79B1-EC70-8ACF-31B79DD93F9F/images/image_v1.png\"></figure></td><td style=\"border-color:hsl(0, 0%, 100%);border-style:solid;\"><h4><i>An oil and gas supermajor used Seeq to analyze distillation throughout their refinery, </i><span style=\"color:hsl(210,75%,60%);\"><i><strong>swiftly highlighting issues and opportunities to adjust cutpoints</strong></i></span><i>, resulting in effective collaboration across units.</i></h4></td></tr></tbody></table></figure><h4 style=\"margin-left:0in;\"><span style=\"color:#172B4D;\"><strong>Problem Statement:</strong></span></h4><p><span style=\"color:#172B4D;\">In refineries, multiple units work independently to modify operations to achieve desired products based on current demand, often leading to ineffective communication of issues. With Seeq various sources of data can be brought in and analyzed, giving different units one forum through which they can observe relative upstream and downstream processes and make informed decisions.\u00a0</span><br><span style=\"color:#172B4D;\">In this use case, analyzing lab data under different process conditions based on the </span><a target=\"_blank\" href=\"https://www.astm.org/d0086-23.html\" rel=\"nofollow noopener noreferrer\"><span style=\"color:#172B4D;\">ASTM D86 standard</span></a><span style=\"color:#172B4D;\"> allowed engineers to have a better understanding of the distillation being performed in the Crude Distillation Unit (CDU). The results were then communicated to downstream units, giving them the ability to infer how much throughput they will receive and its qualities.</span></p><h4><span style=\"color:#172B4D;\"><strong>Solution:</strong></span></h4><h3><a href=\"/links?type&#61;workstep&amp;workbook&#61;0EFAB28C-CE07-FB80-9AF3-D46648A552F8&amp;worksheet&#61;0EFAB68D-797C-7110-B741-12F24EF60209&amp;workstep&#61;0EFAB68D-79AF-7560-8048-B1151B02E7C0\" rel=\"nofollow noopener noreferrer\">Vapor Cut Profile and KPIs</a></h3><p>\u00a0</p><p><a href=\"/links?type&#61;workstep&amp;workbook&#61;0EFAB28C-CE07-FB80-9AF3-D46648A552F8&amp;worksheet&#61;0EFAB68D-797C-7110-B741-12F24EF60209&amp;workstep&#61;0EFAB68D-79A8-6030-9544-8EE223F8649D\" rel=\"nofollow noopener noreferrer\">Connect to data from different sources</a> such as inventory data from SAP, lab data from CSV files/LIMS, and process data from historians</p><ul><li>Distillation Colum Process Data: From historians such as OSIsoft, Honeywell PHD, etc.</li><li>Tank Inventory/Work Order Data: From SQL based systems like Maximo, SAP, etc.</li><li>Lab Data: From CSV files or LIMS/SQL/historians if available</li></ul><p><a href=\"/links?type&#61;workstep&amp;workbook&#61;0EFAB28C-CE07-FB80-9AF3-D46648A552F8&amp;worksheet&#61;0EFAB68D-797C-7110-B741-12F24EF60209&amp;workstep&#61;0EFAB68D-79AA-7740-B045-5C85302009D2\" rel=\"nofollow noopener noreferrer\">Assign blends based on crude parameters</a></p><p><a href=\"/links?type&#61;workstep&amp;workbook&#61;0EFAB28C-CE07-FB80-9AF3-D46648A552F8&amp;worksheet&#61;0EFAB68D-797C-7110-B741-12F24EF60209&amp;workstep&#61;0EFAB68D-79AA-7740-AEF2-66C8ADB07199\" rel=\"nofollow noopener noreferrer\">Profile lab data to compare recent results to historical</a><br><i>(<strong>Do it!</strong> Create a Value Search highlighting when the distillation curve is less than the lower limit determined by historical curves)</i><br>\u00a0<i>(<strong>Imagine!</strong> performing similar analyses for all units to compare feed and product distillation curves)</i></p><p><a href=\"/links?type&#61;workstep&amp;workbook&#61;0EFAB28C-CE07-FB80-9AF3-D46648A552F8&amp;worksheet&#61;0EFAB68D-797C-7110-B741-12F24EF60209&amp;workstep&#61;0EFAB68D-79AC-EE50-B3B3-9D31234A260B\" rel=\"nofollow noopener noreferrer\">Determine the percentage and amount of crude that will become vapor and sent to downstream units</a></p>",
        "DocumentBackup\u02c9DEg3Lh5pLS4-lG84EjGXXXdzxhd1450vkLgiu8he2l8\u02c92024-11-25T20:09:00Z": "<h2><strong>Vapor Cut Estimations</strong></h2><figure class=\"table\"><table class=\"ck-table-resized\" style=\"border-color:hsl(0, 0%, 100%);border-style:solid;\"><colgroup><col style=\"width:23.51%;\" /><col style=\"width:76.49%;\" /></colgroup><tbody><tr><td style=\"border-color:hsl(0, 0%, 100%);border-style:solid;\"><figure class=\"image\"><img src=\"/api/annotations/0EFAB68D-79B1-EC70-8ACF-31B79DD93F9F/images/image_v1.png\"></figure></td><td style=\"border-color:hsl(0, 0%, 100%);border-style:solid;\"><h4><i>An oil and gas supermajor used Seeq to analyze distillation throughout their refinery, </i><span style=\"color:hsl(210,75%,60%);\"><i><strong>swiftly highlighting issues and opportunities to adjust cutpoints</strong></i></span><i>, resulting in effective collaboration across units.</i></h4></td></tr></tbody></table></figure><h4 style=\"margin-left:0in;\"><span style=\"color:#172B4D;\"><strong>Problem Statement:</strong></span></h4><p><span style=\"color:#172B4D;\">In refineries, multiple units work independently to modify operations to achieve desired products based on current demand, often leading to ineffective communication of issues. With Seeq various sources of data can be brought in and analyzed, giving different units one forum through which they can observe relative upstream and downstream processes and make informed decisions.\u00a0</span><br><span style=\"color:#172B4D;\">In this use case, analyzing lab data under different process conditions based on the </span><a target=\"_blank\" href=\"https://www.astm.org/d0086-23.html\" rel=\"nofollow noopener noreferrer\"><span style=\"color:#172B4D;\">ASTM D86 standard</span></a><span style=\"color:#172B4D;\"> allowed engineers to have a better understanding of the distillation being performed in the Crude Distillation Unit (CDU). The results were then communicated to downstream units, giving them the ability to infer how much throughput they will receive and its qualities.</span></p><h4><span style=\"color:#172B4D;\"><strong>Solution:</strong></span></h4><h3><a href=\"/links?type&#61;workstep&amp;workbook&#61;0EFAB28C-CE07-FB80-9AF3-D46648A552F8&amp;worksheet&#61;0EFAB68D-797C-7110-B741-12F24EF60209&amp;workstep&#61;0EFAB68D-79AF-7560-8048-B1151B02E7C0\" rel=\"nofollow noopener noreferrer\">Vapor Cut Profile and KPIs</a></h3><p>\u00a0</p><p><a href=\"/links?type&#61;workstep&amp;workbook&#61;0EFAB28C-CE07-FB80-9AF3-D46648A552F8&amp;worksheet&#61;0EFAB68D-797C-7110-B741-12F24EF60209&amp;workstep&#61;0EFAB68D-79A8-6030-9544-8EE223F8649D\" rel=\"nofollow noopener noreferrer\">Connect to data from different sources</a> such as inventory data from SAP, lab data from CSV files/LIMS, and process data from historians</p><ul><li>Distillation Colum Process Data: From historians such as OSIsoft, Honeywell PHD, etc.</li><li>Tank Inventory/Work Order Data: From SQL based systems like Maximo, SAP, etc.</li><li>Lab Data: From CSV files or LIMS/SQL/historians if available</li></ul><p><a href=\"/links?type&#61;workstep&amp;workbook&#61;0EFAB28C-CE07-FB80-9AF3-D46648A552F8&amp;worksheet&#61;0EFAB68D-797C-7110-B741-12F24EF60209&amp;workstep&#61;0EFAB68D-79AA-7740-B045-5C85302009D2\" rel=\"nofollow noopener noreferrer\">Assign blends based on crude parameters</a></p><ul><li>Convert tank feed (delta of daily inventories) capsule properties into signals using <i>.toSignal()</i></li><li>Calculate total crude feed based on tank feeds and pipeline flow rate</li><li><a href=\"/links?type&#61;workstep&amp;workbook&#61;0EFAB28C-CE07-FB80-9AF3-D46648A552F8&amp;worksheet&#61;0EFAB68D-797C-7110-B741-12F24EF60209&amp;workstep&#61;0EFAB68D-79AA-7740-B045-5C85302009D2\" rel=\"nofollow noopener noreferrer\">Capture times when we are using our &#34;Standard Blend&#34; in Formula</a> (can also be done with multiple Value Searches and Composite Condition)</li></ul><p><a href=\"/links?type&#61;workstep&amp;workbook&#61;0EFAB28C-CE07-FB80-9AF3-D46648A552F8&amp;worksheet&#61;0EFAB68D-797C-7110-B741-12F24EF60209&amp;workstep&#61;0EFAB68D-79AA-7740-AEF2-66C8ADB07199\" rel=\"nofollow noopener noreferrer\">Profile lab data to compare recent results to historical</a><br><i>(<strong>Do it!</strong> Create a Value Search highlighting when the distillation curve is less than the lower limit determined by historical curves)</i><br>\u00a0<i>(<strong>Imagine!</strong> performing similar analyses for all units to compare feed and product distillation curves)</i></p><p><a href=\"/links?type&#61;workstep&amp;workbook&#61;0EFAB28C-CE07-FB80-9AF3-D46648A552F8&amp;worksheet&#61;0EFAB68D-797C-7110-B741-12F24EF60209&amp;workstep&#61;0EFAB68D-79AC-EE50-B3B3-9D31234A260B\" rel=\"nofollow noopener noreferrer\">Determine the percentage and amount of crude that will become vapor and sent to downstream units</a></p>",
        "DocumentBackup\u02c9DEg3Lh5pLS4-lG84EjGXXXdzxhd1450vkLgiu8he2l8\u02c92024-11-25T20:10:00Z": "<h2><strong>Vapor Cut Estimations</strong></h2><figure class=\"table\"><table class=\"ck-table-resized\" style=\"border-color:hsl(0, 0%, 100%);border-style:solid;\"><colgroup><col style=\"width:23.51%;\" /><col style=\"width:76.49%;\" /></colgroup><tbody><tr><td style=\"border-color:hsl(0, 0%, 100%);border-style:solid;\"><figure class=\"image\"><img src=\"/api/annotations/0EFAB68D-79B1-EC70-8ACF-31B79DD93F9F/images/image_v1.png\"></figure></td><td style=\"border-color:hsl(0, 0%, 100%);border-style:solid;\"><h4><i>An oil and gas supermajor used Seeq to analyze distillation throughout their refinery, </i><span style=\"color:hsl(210,75%,60%);\"><i><strong>swiftly highlighting issues and opportunities to adjust cutpoints</strong></i></span><i>, resulting in effective collaboration across units.</i></h4></td></tr></tbody></table></figure><h4 style=\"margin-left:0in;\"><span style=\"color:#172B4D;\"><strong>Problem Statement:</strong></span></h4><p><span style=\"color:#172B4D;\">In refineries, multiple units work independently to modify operations to achieve desired products based on current demand, often leading to ineffective communication of issues. With Seeq various sources of data can be brought in and analyzed, giving different units one forum through which they can observe relative upstream and downstream processes and make informed decisions.\u00a0</span><br><span style=\"color:#172B4D;\">In this use case, analyzing lab data under different process conditions based on the </span><a target=\"_blank\" href=\"https://www.astm.org/d0086-23.html\" rel=\"nofollow noopener noreferrer\"><span style=\"color:#172B4D;\">ASTM D86 standard</span></a><span style=\"color:#172B4D;\"> allowed engineers to have a better understanding of the distillation being performed in the Crude Distillation Unit (CDU). The results were then communicated to downstream units, giving them the ability to infer how much throughput they will receive and its qualities.</span></p><h4><span style=\"color:#172B4D;\"><strong>Solution:</strong></span></h4><h3><a href=\"/links?type&#61;workstep&amp;workbook&#61;0EFAB28C-CE07-FB80-9AF3-D46648A552F8&amp;worksheet&#61;0EFAB68D-797C-7110-B741-12F24EF60209&amp;workstep&#61;0EFAB68D-79AF-7560-8048-B1151B02E7C0\" rel=\"nofollow noopener noreferrer\">Vapor Cut Profile and KPIs</a></h3><p>\u00a0</p><p><a href=\"/links?type&#61;workstep&amp;workbook&#61;0EFAB28C-CE07-FB80-9AF3-D46648A552F8&amp;worksheet&#61;0EFAB68D-797C-7110-B741-12F24EF60209&amp;workstep&#61;0EFAB68D-79A8-6030-9544-8EE223F8649D\" rel=\"nofollow noopener noreferrer\">Connect to data from different sources</a> such as inventory data from SAP, lab data from CSV files/LIMS, and process data from historians</p><ul><li>Distillation Colum Process Data: From historians such as OSIsoft, Honeywell PHD, etc.</li><li>Tank Inventory/Work Order Data: From SQL based systems like Maximo, SAP, etc.</li><li>Lab Data: From CSV files or LIMS/SQL/historians if available</li></ul><p><a href=\"/links?type&#61;workstep&amp;workbook&#61;0EFAB28C-CE07-FB80-9AF3-D46648A552F8&amp;worksheet&#61;0EFAB68D-797C-7110-B741-12F24EF60209&amp;workstep&#61;0EFAB68D-79AA-7740-B045-5C85302009D2\" rel=\"nofollow noopener noreferrer\">Assign blends based on crude parameters</a></p><ul><li><a href=\"/links?type&#61;workstep&amp;workbook&#61;0EFAB28C-CE07-FB80-9AF3-D46648A552F8&amp;worksheet&#61;0EFAB68D-797C-7110-B741-12F24EF60209&amp;workstep&#61;0EFAB692-6495-62B0-BB76-9C7B1E2B0E0F\" rel=\"nofollow noopener noreferrer\">Convert tank feed (delta of daily inventories) capsule properties into signals</a> using <i>.toSignal()</i></li><li><a href=\"/links?type&#61;workstep&amp;workbook&#61;0EFAB28C-CE07-FB80-9AF3-D46648A552F8&amp;worksheet&#61;0EFAB68D-797C-7110-B741-12F24EF60209&amp;workstep&#61;0EFAB692-0BE8-FF90-8F69-CB2A3D06BB47\" rel=\"nofollow noopener noreferrer\">Calculate total crude feed</a> based on tank feeds and pipeline flow rate</li><li><a href=\"/links?type&#61;workstep&amp;workbook&#61;0EFAB28C-CE07-FB80-9AF3-D46648A552F8&amp;worksheet&#61;0EFAB68D-797C-7110-B741-12F24EF60209&amp;workstep&#61;0EFAB68D-79AA-7740-B045-5C85302009D2\" rel=\"nofollow noopener noreferrer\">Capture times when we are using our &#34;Standard Blend&#34; in Formula</a> (can also be done with multiple Value Searches and Composite Condition)</li></ul><p><a href=\"/links?type&#61;workstep&amp;workbook&#61;0EFAB28C-CE07-FB80-9AF3-D46648A552F8&amp;worksheet&#61;0EFAB68D-797C-7110-B741-12F24EF60209&amp;workstep&#61;0EFAB68D-79AA-7740-AEF2-66C8ADB07199\" rel=\"nofollow noopener noreferrer\">Profile lab data to compare recent results to historical</a><br><i>(<strong>Do it!</strong> Create a Value Search highlighting when the distillation curve is less than the lower limit determined by historical curves)</i><br>\u00a0<i>(<strong>Imagine!</strong> performing similar analyses for all units to compare feed and product distillation curves)</i></p><ul><li>Delay lab tags by their corresponding boil percentage in seconds and combine into one temperature profile<ul><li>Results can also be viewed in XY Plot where coloring can be used to show variation between blends or over time</li></ul></li><li>Highlight each lab profile using <i>.isValid()</i></li><li>Compare profiles in Capsule View</li><li>Develop a Reference Profile and Value Search to highlight anomalous measurements during Standard Blends<ul><li>Delay lab profiles by -2 days to align with process data and filter to only show profiles during standard blends</li><li>Use Manual Condition to highlight &#34;good&#34; profile distributions</li><li>Generate Reference Profiles based on the good profiles and apply to all profiles of Standard Blend</li><li><a href=\"/links?type&#61;workstep&amp;workbook&#61;0EFAB28C-CE07-FB80-9AF3-D46648A552F8&amp;worksheet&#61;0EFAB68D-797C-7110-B741-12F24EF60209&amp;workstep&#61;0EFAB693-B9D3-F910-9158-43F57A5E0012\" rel=\"nofollow noopener noreferrer\">Highlight deviations</a> from these good profiles and show limits in scorecard</li></ul></li><li>Display in table for easier viewing with % deviation KPI</li></ul><p><a href=\"/links?type&#61;workstep&amp;workbook&#61;0EFAB28C-CE07-FB80-9AF3-D46648A552F8&amp;worksheet&#61;0EFAB68D-797C-7110-B741-12F24EF60209&amp;workstep&#61;0EFAB68D-79AC-EE50-B3B3-9D31234A260B\" rel=\"nofollow noopener noreferrer\">Determine the percentage and amount of crude that will become vapor and sent to downstream units</a></p>",
        "DocumentBackup\u02c9DEg3Lh5pLS4-lG84EjGXXXdzxhd1450vkLgiu8he2l8\u02c92024-11-25T20:11:00Z": "<h2><strong>Vapor Cut Estimations</strong></h2><figure class=\"table\"><table class=\"ck-table-resized\" style=\"border-color:hsl(0, 0%, 100%);border-style:solid;\"><colgroup><col style=\"width:23.51%;\" /><col style=\"width:76.49%;\" /></colgroup><tbody><tr><td style=\"border-color:hsl(0, 0%, 100%);border-style:solid;\"><figure class=\"image\"><img src=\"/api/annotations/0EFAB68D-79B1-EC70-8ACF-31B79DD93F9F/images/image_v1.png\"></figure></td><td style=\"border-color:hsl(0, 0%, 100%);border-style:solid;\"><h4><i>An oil and gas supermajor used Seeq to analyze distillation throughout their refinery, </i><span style=\"color:hsl(210,75%,60%);\"><i><strong>swiftly highlighting issues and opportunities to adjust cutpoints</strong></i></span><i>, resulting in effective collaboration across units.</i></h4></td></tr></tbody></table></figure><h4 style=\"margin-left:0in;\"><span style=\"color:#172B4D;\"><strong>Problem Statement:</strong></span></h4><p><span style=\"color:#172B4D;\">In refineries, multiple units work independently to modify operations to achieve desired products based on current demand, often leading to ineffective communication of issues. With Seeq various sources of data can be brought in and analyzed, giving different units one forum through which they can observe relative upstream and downstream processes and make informed decisions.\u00a0</span><br><span style=\"color:#172B4D;\">In this use case, analyzing lab data under different process conditions based on the </span><a target=\"_blank\" href=\"https://www.astm.org/d0086-23.html\" rel=\"nofollow noopener noreferrer\"><span style=\"color:#172B4D;\">ASTM D86 standard</span></a><span style=\"color:#172B4D;\"> allowed engineers to have a better understanding of the distillation being performed in the Crude Distillation Unit (CDU). The results were then communicated to downstream units, giving them the ability to infer how much throughput they will receive and its qualities.</span></p><h4><span style=\"color:#172B4D;\"><strong>Solution:</strong></span></h4><h3><a href=\"/links?type&#61;workstep&amp;workbook&#61;0EFAB28C-CE07-FB80-9AF3-D46648A552F8&amp;worksheet&#61;0EFAB68D-797C-7110-B741-12F24EF60209&amp;workstep&#61;0EFAB68D-79AF-7560-8048-B1151B02E7C0\" rel=\"nofollow noopener noreferrer\">Vapor Cut Profile and KPIs</a></h3><p>\u00a0</p><p><a href=\"/links?type&#61;workstep&amp;workbook&#61;0EFAB28C-CE07-FB80-9AF3-D46648A552F8&amp;worksheet&#61;0EFAB68D-797C-7110-B741-12F24EF60209&amp;workstep&#61;0EFAB68D-79A8-6030-9544-8EE223F8649D\" rel=\"nofollow noopener noreferrer\">Connect to data from different sources</a> such as inventory data from SAP, lab data from CSV files/LIMS, and process data from historians</p><ul><li>Distillation Colum Process Data: From historians such as OSIsoft, Honeywell PHD, etc.</li><li>Tank Inventory/Work Order Data: From SQL based systems like Maximo, SAP, etc.</li><li>Lab Data: From CSV files or LIMS/SQL/historians if available</li></ul><p><a href=\"/links?type&#61;workstep&amp;workbook&#61;0EFAB28C-CE07-FB80-9AF3-D46648A552F8&amp;worksheet&#61;0EFAB68D-797C-7110-B741-12F24EF60209&amp;workstep&#61;0EFAB68D-79AA-7740-B045-5C85302009D2\" rel=\"nofollow noopener noreferrer\">Assign blends based on crude parameters</a></p><ul><li><a href=\"/links?type&#61;workstep&amp;workbook&#61;0EFAB28C-CE07-FB80-9AF3-D46648A552F8&amp;worksheet&#61;0EFAB68D-797C-7110-B741-12F24EF60209&amp;workstep&#61;0EFAB692-6495-62B0-BB76-9C7B1E2B0E0F\" rel=\"nofollow noopener noreferrer\">Convert tank feed (delta of daily inventories) capsule properties into signals</a> using <i>.toSignal()</i></li><li><a href=\"/links?type&#61;workstep&amp;workbook&#61;0EFAB28C-CE07-FB80-9AF3-D46648A552F8&amp;worksheet&#61;0EFAB68D-797C-7110-B741-12F24EF60209&amp;workstep&#61;0EFAB692-0BE8-FF90-8F69-CB2A3D06BB47\" rel=\"nofollow noopener noreferrer\">Calculate total crude feed</a> based on tank feeds and pipeline flow rate</li><li><a href=\"/links?type&#61;workstep&amp;workbook&#61;0EFAB28C-CE07-FB80-9AF3-D46648A552F8&amp;worksheet&#61;0EFAB68D-797C-7110-B741-12F24EF60209&amp;workstep&#61;0EFAB68D-79AA-7740-B045-5C85302009D2\" rel=\"nofollow noopener noreferrer\">Capture times when we are using our &#34;Standard Blend&#34; in Formula</a> (can also be done with multiple Value Searches and Composite Condition)</li></ul><p><a href=\"/links?type&#61;workstep&amp;workbook&#61;0EFAB28C-CE07-FB80-9AF3-D46648A552F8&amp;worksheet&#61;0EFAB68D-797C-7110-B741-12F24EF60209&amp;workstep&#61;0EFAB68D-79AA-7740-AEF2-66C8ADB07199\" rel=\"nofollow noopener noreferrer\">Profile lab data to compare recent results to historical</a><br><i>(<strong>Do it!</strong> Create a Value Search highlighting when the distillation curve is less than the lower limit determined by historical curves)</i><br>\u00a0<i>(<strong>Imagine!</strong> performing similar analyses for all units to compare feed and product distillation curves)</i></p><ul><li>Delay lab tags by their corresponding boil percentage in seconds and combine into one temperature profile<ul><li>Results can also be viewed in XY Plot where coloring can be used to show variation between blends or over time</li></ul></li><li>Highlight each lab profile using <i>.isValid()</i></li><li>Compare profiles in Capsule View</li><li>Develop a Reference Profile and Value Search to highlight anomalous measurements during Standard Blends<ul><li>Delay lab profiles by -2 days to align with process data and filter to only show profiles during standard blends</li><li>Use Manual Condition to highlight &#34;good&#34; profile distributions</li><li>Generate Reference Profiles based on the good profiles and apply to all profiles of Standard Blend</li><li><a href=\"/links?type&#61;workstep&amp;workbook&#61;0EFAB28C-CE07-FB80-9AF3-D46648A552F8&amp;worksheet&#61;0EFAB68D-797C-7110-B741-12F24EF60209&amp;workstep&#61;0EFAB693-B9D3-F910-9158-43F57A5E0012\" rel=\"nofollow noopener noreferrer\">Highlight deviations</a> from these good profiles and show limits in scorecard</li></ul></li><li><a href=\"/links?type&#61;workstep&amp;workbook&#61;0EFAB28C-CE07-FB80-9AF3-D46648A552F8&amp;worksheet&#61;0EFAB68D-797C-7110-B741-12F24EF60209&amp;workstep&#61;0EFAB697-4C33-6280-A900-C14D5B39AA98\" rel=\"nofollow noopener noreferrer\">Display in table</a> for easier viewing with % deviation KPI</li></ul><p><a href=\"/links?type&#61;workstep&amp;workbook&#61;0EFAB28C-CE07-FB80-9AF3-D46648A552F8&amp;worksheet&#61;0EFAB68D-797C-7110-B741-12F24EF60209&amp;workstep&#61;0EFAB68D-79AC-EE50-B3B3-9D31234A260B\" rel=\"nofollow noopener noreferrer\">Determine the percentage and amount of crude that will become vapor and sent to downstream units</a></p>",
        "DocumentBackup\u02c9DEg3Lh5pLS4-lG84EjGXXXdzxhd1450vkLgiu8he2l8\u02c92024-11-25T20:12:00Z": "<h2><strong>Vapor Cut Estimations</strong></h2><figure class=\"table\"><table class=\"ck-table-resized\" style=\"border-color:hsl(0, 0%, 100%);border-style:solid;\"><colgroup><col style=\"width:23.51%;\" /><col style=\"width:76.49%;\" /></colgroup><tbody><tr><td style=\"border-color:hsl(0, 0%, 100%);border-style:solid;\"><figure class=\"image\"><img src=\"/api/annotations/0EFAB68D-79B1-EC70-8ACF-31B79DD93F9F/images/image_v1.png\"></figure></td><td style=\"border-color:hsl(0, 0%, 100%);border-style:solid;\"><h4><i>An oil and gas supermajor used Seeq to analyze distillation throughout their refinery, </i><span style=\"color:hsl(210,75%,60%);\"><i><strong>swiftly highlighting issues and opportunities to adjust cutpoints</strong></i></span><i>, resulting in effective collaboration across units.</i></h4></td></tr></tbody></table></figure><h4 style=\"margin-left:0in;\"><span style=\"color:#172B4D;\"><strong>Problem Statement:</strong></span></h4><p><span style=\"color:#172B4D;\">In refineries, multiple units work independently to modify operations to achieve desired products based on current demand, often leading to ineffective communication of issues. With Seeq various sources of data can be brought in and analyzed, giving different units one forum through which they can observe relative upstream and downstream processes and make informed decisions.\u00a0</span><br><span style=\"color:#172B4D;\">In this use case, analyzing lab data under different process conditions based on the </span><a target=\"_blank\" href=\"https://www.astm.org/d0086-23.html\" rel=\"nofollow noopener noreferrer\"><span style=\"color:#172B4D;\">ASTM D86 standard</span></a><span style=\"color:#172B4D;\"> allowed engineers to have a better understanding of the distillation being performed in the Crude Distillation Unit (CDU). The results were then communicated to downstream units, giving them the ability to infer how much throughput they will receive and its qualities.</span></p><h4><span style=\"color:#172B4D;\"><strong>Solution:</strong></span></h4><h3><a href=\"/links?type&#61;workstep&amp;workbook&#61;0EFAB28C-CE07-FB80-9AF3-D46648A552F8&amp;worksheet&#61;0EFAB68D-797C-7110-B741-12F24EF60209&amp;workstep&#61;0EFAB68D-79AF-7560-8048-B1151B02E7C0\" rel=\"nofollow noopener noreferrer\">Vapor Cut Profile and KPIs</a></h3><p>\u00a0</p><p><a href=\"/links?type&#61;workstep&amp;workbook&#61;0EFAB28C-CE07-FB80-9AF3-D46648A552F8&amp;worksheet&#61;0EFAB68D-797C-7110-B741-12F24EF60209&amp;workstep&#61;0EFAB68D-79A8-6030-9544-8EE223F8649D\" rel=\"nofollow noopener noreferrer\">Connect to data from different sources</a> such as inventory data from SAP, lab data from CSV files/LIMS, and process data from historians</p><ul><li>Distillation Colum Process Data: From historians such as OSIsoft, Honeywell PHD, etc.</li><li>Tank Inventory/Work Order Data: From SQL based systems like Maximo, SAP, etc.</li><li>Lab Data: From CSV files or LIMS/SQL/historians if available</li></ul><p><a href=\"/links?type&#61;workstep&amp;workbook&#61;0EFAB28C-CE07-FB80-9AF3-D46648A552F8&amp;worksheet&#61;0EFAB68D-797C-7110-B741-12F24EF60209&amp;workstep&#61;0EFAB68D-79AA-7740-B045-5C85302009D2\" rel=\"nofollow noopener noreferrer\">Assign blends based on crude parameters</a></p><ul><li><a href=\"/links?type&#61;workstep&amp;workbook&#61;0EFAB28C-CE07-FB80-9AF3-D46648A552F8&amp;worksheet&#61;0EFAB68D-797C-7110-B741-12F24EF60209&amp;workstep&#61;0EFAB692-6495-62B0-BB76-9C7B1E2B0E0F\" rel=\"nofollow noopener noreferrer\">Convert tank feed (delta of daily inventories) capsule properties into signals</a> using <i>.toSignal()</i></li><li><a href=\"/links?type&#61;workstep&amp;workbook&#61;0EFAB28C-CE07-FB80-9AF3-D46648A552F8&amp;worksheet&#61;0EFAB68D-797C-7110-B741-12F24EF60209&amp;workstep&#61;0EFAB692-0BE8-FF90-8F69-CB2A3D06BB47\" rel=\"nofollow noopener noreferrer\">Calculate total crude feed</a> based on tank feeds and pipeline flow rate</li><li><a href=\"/links?type&#61;workstep&amp;workbook&#61;0EFAB28C-CE07-FB80-9AF3-D46648A552F8&amp;worksheet&#61;0EFAB68D-797C-7110-B741-12F24EF60209&amp;workstep&#61;0EFAB68D-79AA-7740-B045-5C85302009D2\" rel=\"nofollow noopener noreferrer\">Capture times when we are using our &#34;Standard Blend&#34; in Formula</a> (can also be done with multiple Value Searches and Composite Condition)</li></ul><p><a href=\"/links?type&#61;workstep&amp;workbook&#61;0EFAB28C-CE07-FB80-9AF3-D46648A552F8&amp;worksheet&#61;0EFAB68D-797C-7110-B741-12F24EF60209&amp;workstep&#61;0EFAB68D-79AA-7740-AEF2-66C8ADB07199\" rel=\"nofollow noopener noreferrer\">Profile lab data to compare recent results to historical</a><br><i>(<strong>Do it!</strong> Create a Value Search highlighting when the distillation curve is less than the lower limit determined by historical curves)</i><br>\u00a0<i>(<strong>Imagine!</strong> performing similar analyses for all units to compare feed and product distillation curves)</i></p><ul><li>Delay lab tags by their corresponding boil percentage in seconds and combine into one temperature profile<ul><li>Results can also be viewed in XY Plot where coloring can be used to show variation between blends or over time</li></ul></li><li>Highlight each lab profile using <i>.isValid()</i></li><li>Compare profiles in Capsule View</li><li>Develop a Reference Profile and Value Search to highlight anomalous measurements during Standard Blends<ul><li>Delay lab profiles by -2 days to align with process data and filter to only show profiles during standard blends</li><li><a href=\"/links?type&#61;workstep&amp;workbook&#61;0EFAB28C-CE07-FB80-9AF3-D46648A552F8&amp;worksheet&#61;0EFAB68D-797C-7110-B741-12F24EF60209&amp;workstep&#61;0EFAB699-A5DD-6090-9EAD-D30026B38C6E\" rel=\"nofollow noopener noreferrer\">Use Manual Condition to highlight &#34;good&#34; profile distributions</a></li><li><a href=\"/links?type&#61;workstep&amp;workbook&#61;0EFAB28C-CE07-FB80-9AF3-D46648A552F8&amp;worksheet&#61;0EFAB68D-797C-7110-B741-12F24EF60209&amp;workstep&#61;0EFAB697-FF62-FBD0-960F-6726334FDDBA\" rel=\"nofollow noopener noreferrer\">Generate Reference Profiles</a> based on the good profiles and apply to all profiles of Standard Blend</li><li><a href=\"/links?type&#61;workstep&amp;workbook&#61;0EFAB28C-CE07-FB80-9AF3-D46648A552F8&amp;worksheet&#61;0EFAB68D-797C-7110-B741-12F24EF60209&amp;workstep&#61;0EFAB693-B9D3-F910-9158-43F57A5E0012\" rel=\"nofollow noopener noreferrer\">Highlight deviations</a> from these good profiles and show limits in scorecard</li></ul></li><li><a href=\"/links?type&#61;workstep&amp;workbook&#61;0EFAB28C-CE07-FB80-9AF3-D46648A552F8&amp;worksheet&#61;0EFAB68D-797C-7110-B741-12F24EF60209&amp;workstep&#61;0EFAB697-4C33-6280-A900-C14D5B39AA98\" rel=\"nofollow noopener noreferrer\">Display in table</a> for easier viewing with % deviation KPI</li></ul><p><a href=\"/links?type&#61;workstep&amp;workbook&#61;0EFAB28C-CE07-FB80-9AF3-D46648A552F8&amp;worksheet&#61;0EFAB68D-797C-7110-B741-12F24EF60209&amp;workstep&#61;0EFAB68D-79AC-EE50-B3B3-9D31234A260B\" rel=\"nofollow noopener noreferrer\">Determine the percentage and amount of crude that will become vapor and sent to downstream units</a></p>",
        "DocumentBackup\u02c9DEg3Lh5pLS4-lG84EjGXXXdzxhd1450vkLgiu8he2l8\u02c92024-11-25T20:13:00Z": "<h2><strong>Vapor Cut Estimations</strong></h2><figure class=\"table\"><table class=\"ck-table-resized\" style=\"border-color:hsl(0, 0%, 100%);border-style:solid;\"><colgroup><col style=\"width:23.51%;\" /><col style=\"width:76.49%;\" /></colgroup><tbody><tr><td style=\"border-color:hsl(0, 0%, 100%);border-style:solid;\"><figure class=\"image\"><img src=\"/api/annotations/0EFAB68D-79B1-EC70-8ACF-31B79DD93F9F/images/image_v1.png\"></figure></td><td style=\"border-color:hsl(0, 0%, 100%);border-style:solid;\"><h4><i>An oil and gas supermajor used Seeq to analyze distillation throughout their refinery, </i><span style=\"color:hsl(210,75%,60%);\"><i><strong>swiftly highlighting issues and opportunities to adjust cutpoints</strong></i></span><i>, resulting in effective collaboration across units.</i></h4></td></tr></tbody></table></figure><h4 style=\"margin-left:0in;\"><span style=\"color:#172B4D;\"><strong>Problem Statement:</strong></span></h4><p><span style=\"color:#172B4D;\">In refineries, multiple units work independently to modify operations to achieve desired products based on current demand, often leading to ineffective communication of issues. With Seeq various sources of data can be brought in and analyzed, giving different units one forum through which they can observe relative upstream and downstream processes and make informed decisions.\u00a0</span><br><span style=\"color:#172B4D;\">In this use case, analyzing lab data under different process conditions based on the </span><a target=\"_blank\" href=\"https://www.astm.org/d0086-23.html\" rel=\"nofollow noopener noreferrer\"><span style=\"color:#172B4D;\">ASTM D86 standard</span></a><span style=\"color:#172B4D;\"> allowed engineers to have a better understanding of the distillation being performed in the Crude Distillation Unit (CDU). The results were then communicated to downstream units, giving them the ability to infer how much throughput they will receive and its qualities.</span></p><h4><span style=\"color:#172B4D;\"><strong>Solution:</strong></span></h4><h3><a href=\"/links?type&#61;workstep&amp;workbook&#61;0EFAB28C-CE07-FB80-9AF3-D46648A552F8&amp;worksheet&#61;0EFAB68D-797C-7110-B741-12F24EF60209&amp;workstep&#61;0EFAB68D-79AF-7560-8048-B1151B02E7C0\" rel=\"nofollow noopener noreferrer\">Vapor Cut Profile and KPIs</a></h3><p>\u00a0</p><p><a href=\"/links?type&#61;workstep&amp;workbook&#61;0EFAB28C-CE07-FB80-9AF3-D46648A552F8&amp;worksheet&#61;0EFAB68D-797C-7110-B741-12F24EF60209&amp;workstep&#61;0EFAB68D-79A8-6030-9544-8EE223F8649D\" rel=\"nofollow noopener noreferrer\">Connect to data from different sources</a> such as inventory data from SAP, lab data from CSV files/LIMS, and process data from historians</p><ul><li>Distillation Colum Process Data: From historians such as OSIsoft, Honeywell PHD, etc.</li><li>Tank Inventory/Work Order Data: From SQL based systems like Maximo, SAP, etc.</li><li>Lab Data: From CSV files or LIMS/SQL/historians if available</li></ul><p><a href=\"/links?type&#61;workstep&amp;workbook&#61;0EFAB28C-CE07-FB80-9AF3-D46648A552F8&amp;worksheet&#61;0EFAB68D-797C-7110-B741-12F24EF60209&amp;workstep&#61;0EFAB68D-79AA-7740-B045-5C85302009D2\" rel=\"nofollow noopener noreferrer\">Assign blends based on crude parameters</a></p><ul><li><a href=\"/links?type&#61;workstep&amp;workbook&#61;0EFAB28C-CE07-FB80-9AF3-D46648A552F8&amp;worksheet&#61;0EFAB68D-797C-7110-B741-12F24EF60209&amp;workstep&#61;0EFAB692-6495-62B0-BB76-9C7B1E2B0E0F\" rel=\"nofollow noopener noreferrer\">Convert tank feed (delta of daily inventories) capsule properties into signals</a> using <i>.toSignal()</i></li><li><a href=\"/links?type&#61;workstep&amp;workbook&#61;0EFAB28C-CE07-FB80-9AF3-D46648A552F8&amp;worksheet&#61;0EFAB68D-797C-7110-B741-12F24EF60209&amp;workstep&#61;0EFAB692-0BE8-FF90-8F69-CB2A3D06BB47\" rel=\"nofollow noopener noreferrer\">Calculate total crude feed</a> based on tank feeds and pipeline flow rate</li><li><a href=\"/links?type&#61;workstep&amp;workbook&#61;0EFAB28C-CE07-FB80-9AF3-D46648A552F8&amp;worksheet&#61;0EFAB68D-797C-7110-B741-12F24EF60209&amp;workstep&#61;0EFAB68D-79AA-7740-B045-5C85302009D2\" rel=\"nofollow noopener noreferrer\">Capture times when we are using our &#34;Standard Blend&#34; in Formula</a> (can also be done with multiple Value Searches and Composite Condition)</li></ul><p><a href=\"/links?type&#61;workstep&amp;workbook&#61;0EFAB28C-CE07-FB80-9AF3-D46648A552F8&amp;worksheet&#61;0EFAB68D-797C-7110-B741-12F24EF60209&amp;workstep&#61;0EFAB68D-79AA-7740-AEF2-66C8ADB07199\" rel=\"nofollow noopener noreferrer\">Profile lab data to compare recent results to historical</a><br><i>(<strong>Do it!</strong> Create a Value Search highlighting when the distillation curve is less than the lower limit determined by historical curves)</i><br>\u00a0<i>(<strong>Imagine!</strong> performing similar analyses for all units to compare feed and product distillation curves)</i></p><ul><li>Delay lab tags by their corresponding boil percentage in seconds and combine into one temperature profile<ul><li>Results can also be viewed in XY Plot where coloring can be used to show variation between blends or over time</li></ul></li><li>Highlight each lab profile using <i>.isValid()</i></li><li>Compare profiles in Capsule View</li><li>Develop a Reference Profile and Value Search to highlight anomalous measurements during Standard Blends<ul><li><a href=\"/links?type&#61;workstep&amp;workbook&#61;0EFAB28C-CE07-FB80-9AF3-D46648A552F8&amp;worksheet&#61;0EFAB68D-797C-7110-B741-12F24EF60209&amp;workstep&#61;0EFAB69B-C35C-7150-BE83-A09DC0CB7689\" rel=\"nofollow noopener noreferrer\">Delay lab profiles by -2 days to align with process data and filter to only show profiles during standard blends</a></li><li><a href=\"/links?type&#61;workstep&amp;workbook&#61;0EFAB28C-CE07-FB80-9AF3-D46648A552F8&amp;worksheet&#61;0EFAB68D-797C-7110-B741-12F24EF60209&amp;workstep&#61;0EFAB699-A5DD-6090-9EAD-D30026B38C6E\" rel=\"nofollow noopener noreferrer\">Use Manual Condition to highlight &#34;good&#34; profile distributions</a></li><li><a href=\"/links?type&#61;workstep&amp;workbook&#61;0EFAB28C-CE07-FB80-9AF3-D46648A552F8&amp;worksheet&#61;0EFAB68D-797C-7110-B741-12F24EF60209&amp;workstep&#61;0EFAB697-FF62-FBD0-960F-6726334FDDBA\" rel=\"nofollow noopener noreferrer\">Generate Reference Profiles</a> based on the good profiles and apply to all profiles of Standard Blend</li><li><a href=\"/links?type&#61;workstep&amp;workbook&#61;0EFAB28C-CE07-FB80-9AF3-D46648A552F8&amp;worksheet&#61;0EFAB68D-797C-7110-B741-12F24EF60209&amp;workstep&#61;0EFAB693-B9D3-F910-9158-43F57A5E0012\" rel=\"nofollow noopener noreferrer\">Highlight deviations</a> from these good profiles and show limits in scorecard</li></ul></li><li><a href=\"/links?type&#61;workstep&amp;workbook&#61;0EFAB28C-CE07-FB80-9AF3-D46648A552F8&amp;worksheet&#61;0EFAB68D-797C-7110-B741-12F24EF60209&amp;workstep&#61;0EFAB697-4C33-6280-A900-C14D5B39AA98\" rel=\"nofollow noopener noreferrer\">Display in table</a> for easier viewing with % deviation KPI</li></ul><p><a href=\"/links?type&#61;workstep&amp;workbook&#61;0EFAB28C-CE07-FB80-9AF3-D46648A552F8&amp;worksheet&#61;0EFAB68D-797C-7110-B741-12F24EF60209&amp;workstep&#61;0EFAB68D-79AC-EE50-B3B3-9D31234A260B\" rel=\"nofollow noopener noreferrer\">Determine the percentage and amount of crude that will become vapor and sent to downstream units</a></p>",
        "DocumentBackup\u02c9DEg3Lh5pLS4-lG84EjGXXXdzxhd1450vkLgiu8he2l8\u02c92024-11-25T20:15:00Z": "<h2><strong>Vapor Cut Estimations</strong></h2><figure class=\"table\"><table class=\"ck-table-resized\" style=\"border-color:hsl(0, 0%, 100%);border-style:solid;\"><colgroup><col style=\"width:23.51%;\" /><col style=\"width:76.49%;\" /></colgroup><tbody><tr><td style=\"border-color:hsl(0, 0%, 100%);border-style:solid;\"><figure class=\"image\"><img src=\"/api/annotations/0EFAB68D-79B1-EC70-8ACF-31B79DD93F9F/images/image_v1.png\"></figure></td><td style=\"border-color:hsl(0, 0%, 100%);border-style:solid;\"><h4><i>An oil and gas supermajor used Seeq to analyze distillation throughout their refinery, </i><span style=\"color:hsl(210,75%,60%);\"><i><strong>swiftly highlighting issues and opportunities to adjust cutpoints</strong></i></span><i>, resulting in effective collaboration across units.</i></h4></td></tr></tbody></table></figure><h4 style=\"margin-left:0in;\"><span style=\"color:#172B4D;\"><strong>Problem Statement:</strong></span></h4><p><span style=\"color:#172B4D;\">In refineries, multiple units work independently to modify operations to achieve desired products based on current demand, often leading to ineffective communication of issues. With Seeq various sources of data can be brought in and analyzed, giving different units one forum through which they can observe relative upstream and downstream processes and make informed decisions.\u00a0</span><br><span style=\"color:#172B4D;\">In this use case, analyzing lab data under different process conditions based on the </span><a target=\"_blank\" href=\"https://www.astm.org/d0086-23.html\" rel=\"nofollow noopener noreferrer\"><span style=\"color:#172B4D;\">ASTM D86 standard</span></a><span style=\"color:#172B4D;\"> allowed engineers to have a better understanding of the distillation being performed in the Crude Distillation Unit (CDU). The results were then communicated to downstream units, giving them the ability to infer how much throughput they will receive and its qualities.</span></p><h4><span style=\"color:#172B4D;\"><strong>Solution:</strong></span></h4><h3><a href=\"/links?type&#61;workstep&amp;workbook&#61;0EFAB28C-CE07-FB80-9AF3-D46648A552F8&amp;worksheet&#61;0EFAB68D-797C-7110-B741-12F24EF60209&amp;workstep&#61;0EFAB68D-79AF-7560-8048-B1151B02E7C0\" rel=\"nofollow noopener noreferrer\">Vapor Cut Profile and KPIs</a></h3><p>\u00a0</p><p><a href=\"/links?type&#61;workstep&amp;workbook&#61;0EFAB28C-CE07-FB80-9AF3-D46648A552F8&amp;worksheet&#61;0EFAB68D-797C-7110-B741-12F24EF60209&amp;workstep&#61;0EFAB68D-79A8-6030-9544-8EE223F8649D\" rel=\"nofollow noopener noreferrer\">Connect to data from different sources</a> such as inventory data from SAP, lab data from CSV files/LIMS, and process data from historians</p><ul><li>Distillation Colum Process Data: From historians such as OSIsoft, Honeywell PHD, etc.</li><li>Tank Inventory/Work Order Data: From SQL based systems like Maximo, SAP, etc.</li><li>Lab Data: From CSV files or LIMS/SQL/historians if available</li></ul><p><a href=\"/links?type&#61;workstep&amp;workbook&#61;0EFAB28C-CE07-FB80-9AF3-D46648A552F8&amp;worksheet&#61;0EFAB68D-797C-7110-B741-12F24EF60209&amp;workstep&#61;0EFAB68D-79AA-7740-B045-5C85302009D2\" rel=\"nofollow noopener noreferrer\">Assign blends based on crude parameters</a></p><ul><li><a href=\"/links?type&#61;workstep&amp;workbook&#61;0EFAB28C-CE07-FB80-9AF3-D46648A552F8&amp;worksheet&#61;0EFAB68D-797C-7110-B741-12F24EF60209&amp;workstep&#61;0EFAB692-6495-62B0-BB76-9C7B1E2B0E0F\" rel=\"nofollow noopener noreferrer\">Convert tank feed (delta of daily inventories) capsule properties into signals</a> using <i>.toSignal()</i></li><li><a href=\"/links?type&#61;workstep&amp;workbook&#61;0EFAB28C-CE07-FB80-9AF3-D46648A552F8&amp;worksheet&#61;0EFAB68D-797C-7110-B741-12F24EF60209&amp;workstep&#61;0EFAB692-0BE8-FF90-8F69-CB2A3D06BB47\" rel=\"nofollow noopener noreferrer\">Calculate total crude feed</a> based on tank feeds and pipeline flow rate</li><li><a href=\"/links?type&#61;workstep&amp;workbook&#61;0EFAB28C-CE07-FB80-9AF3-D46648A552F8&amp;worksheet&#61;0EFAB68D-797C-7110-B741-12F24EF60209&amp;workstep&#61;0EFAB68D-79AA-7740-B045-5C85302009D2\" rel=\"nofollow noopener noreferrer\">Capture times when we are using our &#34;Standard Blend&#34; in Formula</a> (can also be done with multiple Value Searches and Composite Condition)</li></ul><p><a href=\"/links?type&#61;workstep&amp;workbook&#61;0EFAB28C-CE07-FB80-9AF3-D46648A552F8&amp;worksheet&#61;0EFAB68D-797C-7110-B741-12F24EF60209&amp;workstep&#61;0EFAB68D-79AA-7740-AEF2-66C8ADB07199\" rel=\"nofollow noopener noreferrer\">Profile lab data to compare recent results to historical</a><br><i>(<strong>Do it!</strong> Create a Value Search highlighting when the distillation curve is less than the lower limit determined by historical curves)</i><br>\u00a0<i>(<strong>Imagine!</strong> performing similar analyses for all units to compare feed and product distillation curves)</i></p><ul><li>Delay lab tags by their corresponding boil percentage in seconds and combine into one temperature profile<ul><li>Results can also be viewed in XY Plot where coloring can be used to show variation between blends or over time</li></ul></li><li>Highlight each lab profile using <i>.isValid()</i></li><li><a href=\"/links?type&#61;workstep&amp;workbook&#61;0EFAB28C-CE07-FB80-9AF3-D46648A552F8&amp;worksheet&#61;0EFAB68D-797C-7110-B741-12F24EF60209&amp;workstep&#61;0EFAB69F-0AB2-FB00-9002-9F63C57941B3\" rel=\"nofollow noopener noreferrer\">Compare profiles in Capsule View</a></li><li>Develop a Reference Profile and Value Search to highlight anomalous measurements during Standard Blends<ul><li><a href=\"/links?type&#61;workstep&amp;workbook&#61;0EFAB28C-CE07-FB80-9AF3-D46648A552F8&amp;worksheet&#61;0EFAB68D-797C-7110-B741-12F24EF60209&amp;workstep&#61;0EFAB69B-C35C-7150-BE83-A09DC0CB7689\" rel=\"nofollow noopener noreferrer\">Delay lab profiles by -2 days to align with process data and filter to only show profiles during standard blends</a></li><li><a href=\"/links?type&#61;workstep&amp;workbook&#61;0EFAB28C-CE07-FB80-9AF3-D46648A552F8&amp;worksheet&#61;0EFAB68D-797C-7110-B741-12F24EF60209&amp;workstep&#61;0EFAB699-A5DD-6090-9EAD-D30026B38C6E\" rel=\"nofollow noopener noreferrer\">Use Manual Condition to highlight &#34;good&#34; profile distributions</a></li><li><a href=\"/links?type&#61;workstep&amp;workbook&#61;0EFAB28C-CE07-FB80-9AF3-D46648A552F8&amp;worksheet&#61;0EFAB68D-797C-7110-B741-12F24EF60209&amp;workstep&#61;0EFAB697-FF62-FBD0-960F-6726334FDDBA\" rel=\"nofollow noopener noreferrer\">Generate Reference Profiles</a> based on the good profiles and apply to all profiles of Standard Blend</li><li><a href=\"/links?type&#61;workstep&amp;workbook&#61;0EFAB28C-CE07-FB80-9AF3-D46648A552F8&amp;worksheet&#61;0EFAB68D-797C-7110-B741-12F24EF60209&amp;workstep&#61;0EFAB693-B9D3-F910-9158-43F57A5E0012\" rel=\"nofollow noopener noreferrer\">Highlight deviations</a> from these good profiles and show limits in scorecard</li></ul></li><li><a href=\"/links?type&#61;workstep&amp;workbook&#61;0EFAB28C-CE07-FB80-9AF3-D46648A552F8&amp;worksheet&#61;0EFAB68D-797C-7110-B741-12F24EF60209&amp;workstep&#61;0EFAB697-4C33-6280-A900-C14D5B39AA98\" rel=\"nofollow noopener noreferrer\">Display in table</a> for easier viewing with % deviation KPI</li></ul><p><a href=\"/links?type&#61;workstep&amp;workbook&#61;0EFAB28C-CE07-FB80-9AF3-D46648A552F8&amp;worksheet&#61;0EFAB68D-797C-7110-B741-12F24EF60209&amp;workstep&#61;0EFAB68D-79AC-EE50-B3B3-9D31234A260B\" rel=\"nofollow noopener noreferrer\">Determine the percentage and amount of crude that will become vapor and sent to downstream units</a></p>",
        "DocumentBackup\u02c9DEg3Lh5pLS4-lG84EjGXXXdzxhd1450vkLgiu8he2l8\u02c92024-11-25T20:16:00Z": "<h2><strong>Vapor Cut Estimations</strong></h2><figure class=\"table\"><table class=\"ck-table-resized\" style=\"border-color:hsl(0, 0%, 100%);border-style:solid;\"><colgroup><col style=\"width:23.51%;\" /><col style=\"width:76.49%;\" /></colgroup><tbody><tr><td style=\"border-color:hsl(0, 0%, 100%);border-style:solid;\"><figure class=\"image\"><img src=\"/api/annotations/0EFAB68D-79B1-EC70-8ACF-31B79DD93F9F/images/image_v1.png\"></figure></td><td style=\"border-color:hsl(0, 0%, 100%);border-style:solid;\"><h4><i>An oil and gas supermajor used Seeq to analyze distillation throughout their refinery, </i><span style=\"color:hsl(210,75%,60%);\"><i><strong>swiftly highlighting issues and opportunities to adjust cutpoints</strong></i></span><i>, resulting in effective collaboration across units.</i></h4></td></tr></tbody></table></figure><h4 style=\"margin-left:0in;\"><span style=\"color:#172B4D;\"><strong>Problem Statement:</strong></span></h4><p><span style=\"color:#172B4D;\">In refineries, multiple units work independently to modify operations to achieve desired products based on current demand, often leading to ineffective communication of issues. With Seeq various sources of data can be brought in and analyzed, giving different units one forum through which they can observe relative upstream and downstream processes and make informed decisions.\u00a0</span><br><span style=\"color:#172B4D;\">In this use case, analyzing lab data under different process conditions based on the </span><a target=\"_blank\" href=\"https://www.astm.org/d0086-23.html\" rel=\"nofollow noopener noreferrer\"><span style=\"color:#172B4D;\">ASTM D86 standard</span></a><span style=\"color:#172B4D;\"> allowed engineers to have a better understanding of the distillation being performed in the Crude Distillation Unit (CDU). The results were then communicated to downstream units, giving them the ability to infer how much throughput they will receive and its qualities.</span></p><h4><span style=\"color:#172B4D;\"><strong>Solution:</strong></span></h4><h3><a href=\"/links?type&#61;workstep&amp;workbook&#61;0EFAB28C-CE07-FB80-9AF3-D46648A552F8&amp;worksheet&#61;0EFAB68D-797C-7110-B741-12F24EF60209&amp;workstep&#61;0EFAB68D-79AF-7560-8048-B1151B02E7C0\" rel=\"nofollow noopener noreferrer\">Vapor Cut Profile and KPIs</a></h3><p>\u00a0</p><p><a href=\"/links?type&#61;workstep&amp;workbook&#61;0EFAB28C-CE07-FB80-9AF3-D46648A552F8&amp;worksheet&#61;0EFAB68D-797C-7110-B741-12F24EF60209&amp;workstep&#61;0EFAB68D-79A8-6030-9544-8EE223F8649D\" rel=\"nofollow noopener noreferrer\">Connect to data from different sources</a> such as inventory data from SAP, lab data from CSV files/LIMS, and process data from historians</p><ul><li>Distillation Colum Process Data: From historians such as OSIsoft, Honeywell PHD, etc.</li><li>Tank Inventory/Work Order Data: From SQL based systems like Maximo, SAP, etc.</li><li>Lab Data: From CSV files or LIMS/SQL/historians if available</li></ul><p><a href=\"/links?type&#61;workstep&amp;workbook&#61;0EFAB28C-CE07-FB80-9AF3-D46648A552F8&amp;worksheet&#61;0EFAB68D-797C-7110-B741-12F24EF60209&amp;workstep&#61;0EFAB68D-79AA-7740-B045-5C85302009D2\" rel=\"nofollow noopener noreferrer\">Assign blends based on crude parameters</a></p><ul><li><a href=\"/links?type&#61;workstep&amp;workbook&#61;0EFAB28C-CE07-FB80-9AF3-D46648A552F8&amp;worksheet&#61;0EFAB68D-797C-7110-B741-12F24EF60209&amp;workstep&#61;0EFAB692-6495-62B0-BB76-9C7B1E2B0E0F\" rel=\"nofollow noopener noreferrer\">Convert tank feed (delta of daily inventories) capsule properties into signals</a> using <i>.toSignal()</i></li><li><a href=\"/links?type&#61;workstep&amp;workbook&#61;0EFAB28C-CE07-FB80-9AF3-D46648A552F8&amp;worksheet&#61;0EFAB68D-797C-7110-B741-12F24EF60209&amp;workstep&#61;0EFAB692-0BE8-FF90-8F69-CB2A3D06BB47\" rel=\"nofollow noopener noreferrer\">Calculate total crude feed</a> based on tank feeds and pipeline flow rate</li><li><a href=\"/links?type&#61;workstep&amp;workbook&#61;0EFAB28C-CE07-FB80-9AF3-D46648A552F8&amp;worksheet&#61;0EFAB68D-797C-7110-B741-12F24EF60209&amp;workstep&#61;0EFAB68D-79AA-7740-B045-5C85302009D2\" rel=\"nofollow noopener noreferrer\">Capture times when we are using our &#34;Standard Blend&#34; in Formula</a> (can also be done with multiple Value Searches and Composite Condition)</li></ul><p><a href=\"/links?type&#61;workstep&amp;workbook&#61;0EFAB28C-CE07-FB80-9AF3-D46648A552F8&amp;worksheet&#61;0EFAB68D-797C-7110-B741-12F24EF60209&amp;workstep&#61;0EFAB68D-79AA-7740-AEF2-66C8ADB07199\" rel=\"nofollow noopener noreferrer\">Profile lab data to compare recent results to historical</a><br><i>(<strong>Do it!</strong> Create a Value Search highlighting when the distillation curve is less than the lower limit determined by historical curves)</i><br>\u00a0<i>(<strong>Imagine!</strong> performing similar analyses for all units to compare feed and product distillation curves)</i></p><ul><li><a href=\"/links?type&#61;workstep&amp;workbook&#61;0EFAB28C-CE07-FB80-9AF3-D46648A552F8&amp;worksheet&#61;0EFAB68D-797C-7110-B741-12F24EF60209&amp;workstep&#61;0EFAB6A1-9DA1-7360-AD0D-09F936D30CF7\" rel=\"nofollow noopener noreferrer\">Delay lab tags by their corresponding boil percentage in seconds and combine into one temperature profile</a><ul><li>Results can also be viewed in XY Plot where coloring can be used to show variation between blends or over time</li></ul></li><li><a href=\"/links?type&#61;workstep&amp;workbook&#61;0EFAB28C-CE07-FB80-9AF3-D46648A552F8&amp;worksheet&#61;0EFAB68D-797C-7110-B741-12F24EF60209&amp;workstep&#61;0EFAB69F-7BD0-7350-BECD-68EC4C37FB17\" rel=\"nofollow noopener noreferrer\">Highlight each lab profile using <i>.isValid()</i></a></li><li><a href=\"/links?type&#61;workstep&amp;workbook&#61;0EFAB28C-CE07-FB80-9AF3-D46648A552F8&amp;worksheet&#61;0EFAB68D-797C-7110-B741-12F24EF60209&amp;workstep&#61;0EFAB69F-0AB2-FB00-9002-9F63C57941B3\" rel=\"nofollow noopener noreferrer\">Compare profiles in Capsule View</a></li><li>Develop a Reference Profile and Value Search to highlight anomalous measurements during Standard Blends<ul><li><a href=\"/links?type&#61;workstep&amp;workbook&#61;0EFAB28C-CE07-FB80-9AF3-D46648A552F8&amp;worksheet&#61;0EFAB68D-797C-7110-B741-12F24EF60209&amp;workstep&#61;0EFAB69B-C35C-7150-BE83-A09DC0CB7689\" rel=\"nofollow noopener noreferrer\">Delay lab profiles by -2 days to align with process data and filter to only show profiles during standard blends</a></li><li><a href=\"/links?type&#61;workstep&amp;workbook&#61;0EFAB28C-CE07-FB80-9AF3-D46648A552F8&amp;worksheet&#61;0EFAB68D-797C-7110-B741-12F24EF60209&amp;workstep&#61;0EFAB699-A5DD-6090-9EAD-D30026B38C6E\" rel=\"nofollow noopener noreferrer\">Use Manual Condition to highlight &#34;good&#34; profile distributions</a></li><li><a href=\"/links?type&#61;workstep&amp;workbook&#61;0EFAB28C-CE07-FB80-9AF3-D46648A552F8&amp;worksheet&#61;0EFAB68D-797C-7110-B741-12F24EF60209&amp;workstep&#61;0EFAB697-FF62-FBD0-960F-6726334FDDBA\" rel=\"nofollow noopener noreferrer\">Generate Reference Profiles</a> based on the good profiles and apply to all profiles of Standard Blend</li><li><a href=\"/links?type&#61;workstep&amp;workbook&#61;0EFAB28C-CE07-FB80-9AF3-D46648A552F8&amp;worksheet&#61;0EFAB68D-797C-7110-B741-12F24EF60209&amp;workstep&#61;0EFAB693-B9D3-F910-9158-43F57A5E0012\" rel=\"nofollow noopener noreferrer\">Highlight deviations</a> from these good profiles and show limits in scorecard</li></ul></li><li><a href=\"/links?type&#61;workstep&amp;workbook&#61;0EFAB28C-CE07-FB80-9AF3-D46648A552F8&amp;worksheet&#61;0EFAB68D-797C-7110-B741-12F24EF60209&amp;workstep&#61;0EFAB697-4C33-6280-A900-C14D5B39AA98\" rel=\"nofollow noopener noreferrer\">Display in table</a> for easier viewing with % deviation KPI</li></ul><p><a href=\"/links?type&#61;workstep&amp;workbook&#61;0EFAB28C-CE07-FB80-9AF3-D46648A552F8&amp;worksheet&#61;0EFAB68D-797C-7110-B741-12F24EF60209&amp;workstep&#61;0EFAB68D-79AC-EE50-B3B3-9D31234A260B\" rel=\"nofollow noopener noreferrer\">Determine the percentage and amount of crude that will become vapor and sent to downstream units</a></p>",
        "DocumentBackup\u02c9DEg3Lh5pLS4-lG84EjGXXXdzxhd1450vkLgiu8he2l8\u02c92024-11-25T20:17:00Z": "<h2><strong>Vapor Cut Estimations</strong></h2><figure class=\"table\"><table class=\"ck-table-resized\" style=\"border-color:hsl(0, 0%, 100%);border-style:solid;\"><colgroup><col style=\"width:23.51%;\" /><col style=\"width:76.49%;\" /></colgroup><tbody><tr><td style=\"border-color:hsl(0, 0%, 100%);border-style:solid;\"><figure class=\"image\"><img src=\"/api/annotations/0EFAB68D-79B1-EC70-8ACF-31B79DD93F9F/images/image_v1.png\"></figure></td><td style=\"border-color:hsl(0, 0%, 100%);border-style:solid;\"><h4><i>An oil and gas supermajor used Seeq to analyze distillation throughout their refinery, </i><span style=\"color:hsl(210,75%,60%);\"><i><strong>swiftly highlighting issues and opportunities to adjust cutpoints</strong></i></span><i>, resulting in effective collaboration across units.</i></h4></td></tr></tbody></table></figure><h4 style=\"margin-left:0in;\"><span style=\"color:#172B4D;\"><strong>Problem Statement:</strong></span></h4><p><span style=\"color:#172B4D;\">In refineries, multiple units work independently to modify operations to achieve desired products based on current demand, often leading to ineffective communication of issues. With Seeq various sources of data can be brought in and analyzed, giving different units one forum through which they can observe relative upstream and downstream processes and make informed decisions.\u00a0</span><br><span style=\"color:#172B4D;\">In this use case, analyzing lab data under different process conditions based on the </span><a target=\"_blank\" href=\"https://www.astm.org/d0086-23.html\" rel=\"nofollow noopener noreferrer\"><span style=\"color:#172B4D;\">ASTM D86 standard</span></a><span style=\"color:#172B4D;\"> allowed engineers to have a better understanding of the distillation being performed in the Crude Distillation Unit (CDU). The results were then communicated to downstream units, giving them the ability to infer how much throughput they will receive and its qualities.</span></p><h4><span style=\"color:#172B4D;\"><strong>Solution:</strong></span></h4><h3><a href=\"/links?type&#61;workstep&amp;workbook&#61;0EFAB28C-CE07-FB80-9AF3-D46648A552F8&amp;worksheet&#61;0EFAB68D-797C-7110-B741-12F24EF60209&amp;workstep&#61;0EFAB68D-79AF-7560-8048-B1151B02E7C0\" rel=\"nofollow noopener noreferrer\">Vapor Cut Profile and KPIs</a></h3><p>\u00a0</p><p><a href=\"/links?type&#61;workstep&amp;workbook&#61;0EFAB28C-CE07-FB80-9AF3-D46648A552F8&amp;worksheet&#61;0EFAB68D-797C-7110-B741-12F24EF60209&amp;workstep&#61;0EFAB68D-79A8-6030-9544-8EE223F8649D\" rel=\"nofollow noopener noreferrer\">Connect to data from different sources</a> such as inventory data from SAP, lab data from CSV files/LIMS, and process data from historians</p><ul><li>Distillation Colum Process Data: From historians such as OSIsoft, Honeywell PHD, etc.</li><li>Tank Inventory/Work Order Data: From SQL based systems like Maximo, SAP, etc.</li><li>Lab Data: From CSV files or LIMS/SQL/historians if available</li></ul><p><a href=\"/links?type&#61;workstep&amp;workbook&#61;0EFAB28C-CE07-FB80-9AF3-D46648A552F8&amp;worksheet&#61;0EFAB68D-797C-7110-B741-12F24EF60209&amp;workstep&#61;0EFAB68D-79AA-7740-B045-5C85302009D2\" rel=\"nofollow noopener noreferrer\">Assign blends based on crude parameters</a></p><ul><li><a href=\"/links?type&#61;workstep&amp;workbook&#61;0EFAB28C-CE07-FB80-9AF3-D46648A552F8&amp;worksheet&#61;0EFAB68D-797C-7110-B741-12F24EF60209&amp;workstep&#61;0EFAB692-6495-62B0-BB76-9C7B1E2B0E0F\" rel=\"nofollow noopener noreferrer\">Convert tank feed (delta of daily inventories) capsule properties into signals</a> using <i>.toSignal()</i></li><li><a href=\"/links?type&#61;workstep&amp;workbook&#61;0EFAB28C-CE07-FB80-9AF3-D46648A552F8&amp;worksheet&#61;0EFAB68D-797C-7110-B741-12F24EF60209&amp;workstep&#61;0EFAB692-0BE8-FF90-8F69-CB2A3D06BB47\" rel=\"nofollow noopener noreferrer\">Calculate total crude feed</a> based on tank feeds and pipeline flow rate</li><li><a href=\"/links?type&#61;workstep&amp;workbook&#61;0EFAB28C-CE07-FB80-9AF3-D46648A552F8&amp;worksheet&#61;0EFAB68D-797C-7110-B741-12F24EF60209&amp;workstep&#61;0EFAB68D-79AA-7740-B045-5C85302009D2\" rel=\"nofollow noopener noreferrer\">Capture times when we are using our &#34;Standard Blend&#34; in Formula</a> (can also be done with multiple Value Searches and Composite Condition)</li></ul><p><a href=\"/links?type&#61;workstep&amp;workbook&#61;0EFAB28C-CE07-FB80-9AF3-D46648A552F8&amp;worksheet&#61;0EFAB68D-797C-7110-B741-12F24EF60209&amp;workstep&#61;0EFAB68D-79AA-7740-AEF2-66C8ADB07199\" rel=\"nofollow noopener noreferrer\">Profile lab data to compare recent results to historical</a><br><i>(<strong>Do it!</strong> Create a Value Search highlighting when the distillation curve is less than the lower limit determined by historical curves)</i><br>\u00a0<i>(<strong>Imagine!</strong> performing similar analyses for all units to compare feed and product distillation curves)</i></p><ul><li><a href=\"/links?type&#61;workstep&amp;workbook&#61;0EFAB28C-CE07-FB80-9AF3-D46648A552F8&amp;worksheet&#61;0EFAB68D-797C-7110-B741-12F24EF60209&amp;workstep&#61;0EFAB6A1-9DA1-7360-AD0D-09F936D30CF7\" rel=\"nofollow noopener noreferrer\">Delay lab tags by their corresponding boil percentage in seconds and combine into one temperature profile</a></li><li><a href=\"/links?type&#61;workstep&amp;workbook&#61;0EFAB28C-CE07-FB80-9AF3-D46648A552F8&amp;worksheet&#61;0EFAB68D-797C-7110-B741-12F24EF60209&amp;workstep&#61;0EFAB69F-7BD0-7350-BECD-68EC4C37FB17\" rel=\"nofollow noopener noreferrer\">Highlight each lab profile using <i>.isValid()</i></a></li><li><a href=\"/links?type&#61;workstep&amp;workbook&#61;0EFAB28C-CE07-FB80-9AF3-D46648A552F8&amp;worksheet&#61;0EFAB68D-797C-7110-B741-12F24EF60209&amp;workstep&#61;0EFAB69F-0AB2-FB00-9002-9F63C57941B3\" rel=\"nofollow noopener noreferrer\">Compare profiles in Capsule View</a></li><li>Develop a Reference Profile and Value Search to highlight anomalous measurements during Standard Blends<ul><li><a href=\"/links?type&#61;workstep&amp;workbook&#61;0EFAB28C-CE07-FB80-9AF3-D46648A552F8&amp;worksheet&#61;0EFAB68D-797C-7110-B741-12F24EF60209&amp;workstep&#61;0EFAB69B-C35C-7150-BE83-A09DC0CB7689\" rel=\"nofollow noopener noreferrer\">Delay lab profiles by -2 days to align with process data and filter to only show profiles during standard blends</a></li><li><a href=\"/links?type&#61;workstep&amp;workbook&#61;0EFAB28C-CE07-FB80-9AF3-D46648A552F8&amp;worksheet&#61;0EFAB68D-797C-7110-B741-12F24EF60209&amp;workstep&#61;0EFAB699-A5DD-6090-9EAD-D30026B38C6E\" rel=\"nofollow noopener noreferrer\">Use Manual Condition to highlight &#34;good&#34; profile distributions</a></li><li><a href=\"/links?type&#61;workstep&amp;workbook&#61;0EFAB28C-CE07-FB80-9AF3-D46648A552F8&amp;worksheet&#61;0EFAB68D-797C-7110-B741-12F24EF60209&amp;workstep&#61;0EFAB697-FF62-FBD0-960F-6726334FDDBA\" rel=\"nofollow noopener noreferrer\">Generate Reference Profiles</a> based on the good profiles and apply to all profiles of Standard Blend</li><li><a href=\"/links?type&#61;workstep&amp;workbook&#61;0EFAB28C-CE07-FB80-9AF3-D46648A552F8&amp;worksheet&#61;0EFAB68D-797C-7110-B741-12F24EF60209&amp;workstep&#61;0EFAB693-B9D3-F910-9158-43F57A5E0012\" rel=\"nofollow noopener noreferrer\">Highlight deviations</a> from these good profiles and show limits in scorecard</li></ul></li><li><a href=\"/links?type&#61;workstep&amp;workbook&#61;0EFAB28C-CE07-FB80-9AF3-D46648A552F8&amp;worksheet&#61;0EFAB68D-797C-7110-B741-12F24EF60209&amp;workstep&#61;0EFAB697-4C33-6280-A900-C14D5B39AA98\" rel=\"nofollow noopener noreferrer\">Display in table</a> for easier viewing with % deviation KPI</li></ul><p><a href=\"/links?type&#61;workstep&amp;workbook&#61;0EFAB28C-CE07-FB80-9AF3-D46648A552F8&amp;worksheet&#61;0EFAB68D-797C-7110-B741-12F24EF60209&amp;workstep&#61;0EFAB68D-79AC-EE50-B3B3-9D31234A260B\" rel=\"nofollow noopener noreferrer\">Determine the percentage and amount of crude that will become vapor and sent to downstream units</a></p><ul><li>Use Value Search to determine when the lab profile is less than the side cut temperature of the distillation column</li><li>Calculate how long the Value Search lasts, representing the percentage that will be vaporized at this temperature <i>(<strong>Note: </strong>we don&#39;t have a (0,0) point so we need to add 0.5 for accuracy)</i></li><li><a href=\"/links?type&#61;workstep&amp;workbook&#61;0EFAB28C-CE07-FB80-9AF3-D46648A552F8&amp;worksheet&#61;0EFAB68D-797C-7110-B741-12F24EF60209&amp;workstep&#61;0EFAB6A5-4CBF-7330-A907-EA6254BD3202\" rel=\"nofollow noopener noreferrer\">Determine the amount of vapor</a> based on the vapor cut percentage and total crude feed</li><li><a href=\"/links?type&#61;workstep&amp;workbook&#61;0EFAB28C-CE07-FB80-9AF3-D46648A552F8&amp;worksheet&#61;0EFAB68D-797C-7110-B741-12F24EF60209&amp;workstep&#61;0EFAB68D-79AC-EE50-B3B3-9D31234A260B\" rel=\"nofollow noopener noreferrer\">Display in Table</a> for easier viewing</li></ul>",
        "DocumentBackup\u02c9DEg3Lh5pLS4-lG84EjGXXXdzxhd1450vkLgiu8he2l8\u02c92024-11-25T20:19:00Z": "<h2><strong>Vapor Cut Estimations</strong></h2><figure class=\"table\"><table class=\"ck-table-resized\" style=\"border-color:hsl(0, 0%, 100%);border-style:solid;\"><colgroup><col style=\"width:23.51%;\" /><col style=\"width:76.49%;\" /></colgroup><tbody><tr><td style=\"border-color:hsl(0, 0%, 100%);border-style:solid;\"><figure class=\"image\"><img src=\"/api/annotations/0EFAB68D-79B1-EC70-8ACF-31B79DD93F9F/images/image_v1.png\"></figure></td><td style=\"border-color:hsl(0, 0%, 100%);border-style:solid;\"><h4><i>An oil and gas supermajor used Seeq to analyze distillation throughout their refinery, </i><span style=\"color:hsl(210,75%,60%);\"><i><strong>swiftly highlighting issues and opportunities to adjust cutpoints</strong></i></span><i>, resulting in effective collaboration across units.</i></h4></td></tr></tbody></table></figure><h4 style=\"margin-left:0in;\"><span style=\"color:#172B4D;\"><strong>Problem Statement:</strong></span></h4><p><span style=\"color:#172B4D;\">In refineries, multiple units work independently to modify operations to achieve desired products based on current demand, often leading to ineffective communication of issues. With Seeq various sources of data can be brought in and analyzed, giving different units one forum through which they can observe relative upstream and downstream processes and make informed decisions.\u00a0</span><br><span style=\"color:#172B4D;\">In this use case, analyzing lab data under different process conditions based on the </span><a target=\"_blank\" href=\"https://www.astm.org/d0086-23.html\" rel=\"nofollow noopener noreferrer\"><span style=\"color:#172B4D;\">ASTM D86 standard</span></a><span style=\"color:#172B4D;\"> allowed engineers to have a better understanding of the distillation being performed in the Crude Distillation Unit (CDU). The results were then communicated to downstream units, giving them the ability to infer how much throughput they will receive and its qualities.</span></p><h4><span style=\"color:#172B4D;\"><strong>Solution:</strong></span></h4><h3><a href=\"/links?type&#61;workstep&amp;workbook&#61;0EFAB28C-CE07-FB80-9AF3-D46648A552F8&amp;worksheet&#61;0EFAB68D-797C-7110-B741-12F24EF60209&amp;workstep&#61;0EFAB68D-79AF-7560-8048-B1151B02E7C0\" rel=\"nofollow noopener noreferrer\">Vapor Cut Profile and KPIs</a></h3><p>\u00a0</p><p><a href=\"/links?type&#61;workstep&amp;workbook&#61;0EFAB28C-CE07-FB80-9AF3-D46648A552F8&amp;worksheet&#61;0EFAB68D-797C-7110-B741-12F24EF60209&amp;workstep&#61;0EFAB68D-79A8-6030-9544-8EE223F8649D\" rel=\"nofollow noopener noreferrer\">Connect to data from different sources</a> such as inventory data from SAP, lab data from CSV files/LIMS, and process data from historians</p><ul><li>Distillation Colum Process Data: From historians such as OSIsoft, Honeywell PHD, etc.</li><li>Tank Inventory/Work Order Data: From SQL based systems like Maximo, SAP, etc.</li><li>Lab Data: From CSV files or LIMS/SQL/historians if available</li></ul><p><a href=\"/links?type&#61;workstep&amp;workbook&#61;0EFAB28C-CE07-FB80-9AF3-D46648A552F8&amp;worksheet&#61;0EFAB68D-797C-7110-B741-12F24EF60209&amp;workstep&#61;0EFAB68D-79AA-7740-B045-5C85302009D2\" rel=\"nofollow noopener noreferrer\">Assign blends based on crude parameters</a></p><ul><li><a href=\"/links?type&#61;workstep&amp;workbook&#61;0EFAB28C-CE07-FB80-9AF3-D46648A552F8&amp;worksheet&#61;0EFAB68D-797C-7110-B741-12F24EF60209&amp;workstep&#61;0EFAB692-6495-62B0-BB76-9C7B1E2B0E0F\" rel=\"nofollow noopener noreferrer\">Convert tank feed (delta of daily inventories) capsule properties into signals</a> using <i>.toSignal()</i></li><li><a href=\"/links?type&#61;workstep&amp;workbook&#61;0EFAB28C-CE07-FB80-9AF3-D46648A552F8&amp;worksheet&#61;0EFAB68D-797C-7110-B741-12F24EF60209&amp;workstep&#61;0EFAB692-0BE8-FF90-8F69-CB2A3D06BB47\" rel=\"nofollow noopener noreferrer\">Calculate total crude feed</a> based on tank feeds and pipeline flow rate</li><li><a href=\"/links?type&#61;workstep&amp;workbook&#61;0EFAB28C-CE07-FB80-9AF3-D46648A552F8&amp;worksheet&#61;0EFAB68D-797C-7110-B741-12F24EF60209&amp;workstep&#61;0EFAB68D-79AA-7740-B045-5C85302009D2\" rel=\"nofollow noopener noreferrer\">Capture times when we are using our &#34;Standard Blend&#34; in Formula</a> (can also be done with multiple Value Searches and Composite Condition)</li></ul><p><a href=\"/links?type&#61;workstep&amp;workbook&#61;0EFAB28C-CE07-FB80-9AF3-D46648A552F8&amp;worksheet&#61;0EFAB68D-797C-7110-B741-12F24EF60209&amp;workstep&#61;0EFAB68D-79AA-7740-AEF2-66C8ADB07199\" rel=\"nofollow noopener noreferrer\">Profile lab data to compare recent results to historical</a><br><i>(<strong>Do it!</strong> Create a Value Search highlighting when the distillation curve is less than the lower limit determined by historical curves)</i><br>\u00a0<i>(<strong>Imagine!</strong> performing similar analyses for all units to compare feed and product distillation curves)</i></p><ul><li><a href=\"/links?type&#61;workstep&amp;workbook&#61;0EFAB28C-CE07-FB80-9AF3-D46648A552F8&amp;worksheet&#61;0EFAB68D-797C-7110-B741-12F24EF60209&amp;workstep&#61;0EFAB6A1-9DA1-7360-AD0D-09F936D30CF7\" rel=\"nofollow noopener noreferrer\">Delay lab tags by their corresponding boil percentage in seconds and combine into one temperature profile</a></li><li><a href=\"/links?type&#61;workstep&amp;workbook&#61;0EFAB28C-CE07-FB80-9AF3-D46648A552F8&amp;worksheet&#61;0EFAB68D-797C-7110-B741-12F24EF60209&amp;workstep&#61;0EFAB69F-7BD0-7350-BECD-68EC4C37FB17\" rel=\"nofollow noopener noreferrer\">Highlight each lab profile using <i>.isValid()</i></a></li><li><a href=\"/links?type&#61;workstep&amp;workbook&#61;0EFAB28C-CE07-FB80-9AF3-D46648A552F8&amp;worksheet&#61;0EFAB68D-797C-7110-B741-12F24EF60209&amp;workstep&#61;0EFAB69F-0AB2-FB00-9002-9F63C57941B3\" rel=\"nofollow noopener noreferrer\">Compare profiles in Capsule View</a></li><li>Develop a Reference Profile and Value Search to highlight anomalous measurements during Standard Blends<ul><li><a href=\"/links?type&#61;workstep&amp;workbook&#61;0EFAB28C-CE07-FB80-9AF3-D46648A552F8&amp;worksheet&#61;0EFAB68D-797C-7110-B741-12F24EF60209&amp;workstep&#61;0EFAB69B-C35C-7150-BE83-A09DC0CB7689\" rel=\"nofollow noopener noreferrer\">Delay lab profiles by -2 days to align with process data and filter to only show profiles during standard blends</a></li><li><a href=\"/links?type&#61;workstep&amp;workbook&#61;0EFAB28C-CE07-FB80-9AF3-D46648A552F8&amp;worksheet&#61;0EFAB68D-797C-7110-B741-12F24EF60209&amp;workstep&#61;0EFAB699-A5DD-6090-9EAD-D30026B38C6E\" rel=\"nofollow noopener noreferrer\">Use Manual Condition to highlight &#34;good&#34; profile distributions</a></li><li><a href=\"/links?type&#61;workstep&amp;workbook&#61;0EFAB28C-CE07-FB80-9AF3-D46648A552F8&amp;worksheet&#61;0EFAB68D-797C-7110-B741-12F24EF60209&amp;workstep&#61;0EFAB697-FF62-FBD0-960F-6726334FDDBA\" rel=\"nofollow noopener noreferrer\">Generate Reference Profiles</a> based on the good profiles and apply to all profiles of Standard Blend</li><li><a href=\"/links?type&#61;workstep&amp;workbook&#61;0EFAB28C-CE07-FB80-9AF3-D46648A552F8&amp;worksheet&#61;0EFAB68D-797C-7110-B741-12F24EF60209&amp;workstep&#61;0EFAB693-B9D3-F910-9158-43F57A5E0012\" rel=\"nofollow noopener noreferrer\">Highlight deviations</a> from these good profiles and show limits in scorecard</li></ul></li><li><a href=\"/links?type&#61;workstep&amp;workbook&#61;0EFAB28C-CE07-FB80-9AF3-D46648A552F8&amp;worksheet&#61;0EFAB68D-797C-7110-B741-12F24EF60209&amp;workstep&#61;0EFAB697-4C33-6280-A900-C14D5B39AA98\" rel=\"nofollow noopener noreferrer\">Display in table</a> for easier viewing with % deviation KPI</li></ul><p><a href=\"/links?type&#61;workstep&amp;workbook&#61;0EFAB28C-CE07-FB80-9AF3-D46648A552F8&amp;worksheet&#61;0EFAB68D-797C-7110-B741-12F24EF60209&amp;workstep&#61;0EFAB68D-79AC-EE50-B3B3-9D31234A260B\" rel=\"nofollow noopener noreferrer\">Determine the percentage and amount of crude that will become vapor and sent to downstream units</a></p><ul><li>Use Value Search to determine when the lab profile is less than the side cut temperature of the distillation column</li><li><a href=\"/links?type&#61;workstep&amp;workbook&#61;0EFAB28C-CE07-FB80-9AF3-D46648A552F8&amp;worksheet&#61;0EFAB68D-797C-7110-B741-12F24EF60209&amp;workstep&#61;0EFAB6A9-5FE7-E8A0-823E-F21D30EB6EF3\" rel=\"nofollow noopener noreferrer\">Calculate how long the Value Search lasts, representing the percentage that will be vaporized at this temperature</a> <i>(<strong>Note: </strong>we don&#39;t have a (0,0) point so we need to add 0.5 for accuracy)</i></li><li><a href=\"/links?type&#61;workstep&amp;workbook&#61;0EFAB28C-CE07-FB80-9AF3-D46648A552F8&amp;worksheet&#61;0EFAB68D-797C-7110-B741-12F24EF60209&amp;workstep&#61;0EFAB6A5-4CBF-7330-A907-EA6254BD3202\" rel=\"nofollow noopener noreferrer\">Determine the amount of vapor</a> based on the vapor cut percentage and total crude feed</li><li><a href=\"/links?type&#61;workstep&amp;workbook&#61;0EFAB28C-CE07-FB80-9AF3-D46648A552F8&amp;worksheet&#61;0EFAB68D-797C-7110-B741-12F24EF60209&amp;workstep&#61;0EFAB68D-79AC-EE50-B3B3-9D31234A260B\" rel=\"nofollow noopener noreferrer\">Display in Table</a> for easier viewing</li></ul>",
        "Enabled": true,
        "ID": "0EFAB68D-79B1-EC70-8ACF-31B79DD93F9F",
        "Is CK Enabled": true,
        "Locked": false,
        "Name": "Vapor Cut Estimations",
        "Plain Text Document": "Vapor Cut EstimationsAn oil and gas supermajor used Seeq to analyze distillation throughout their refinery, swiftly highlighting issues and opportunities to adjust cutpoints, resulting in effective collaboration across units.Problem Statement:In refineries, multiple units work independently to modify operations to achieve desired products based on current demand, often leading to ineffective communication of issues. With Seeq various sources of data can be brought in and analyzed, giving different units one forum through which they can observe relative upstream and downstream processes and make informed decisions.\u00a0In this use case, analyzing lab data under different process conditions based on the ASTM D86 standard allowed engineers to have a better understanding of the distillation being performed in the Crude Distillation Unit (CDU). The results were then communicated to downstream units, giving them the ability to infer how much throughput they will receive and its qualities.Solution:Vapor Cut Profile and KPIs\u00a0Connect to data from different sources such as inventory data from SAP, lab data from CSV files/LIMS, and process data from historiansDistillation Colum Process Data: From historians such as OSIsoft, Honeywell PHD, etc.Tank Inventory/Work Order Data: From SQL based systems like Maximo, SAP, etc.Lab Data: From CSV files or LIMS/SQL/historians if availableAssign blends based on crude parametersConvert tank feed (delta of daily inventories) capsule properties into signals using .toSignal()Calculate total crude feed based on tank feeds and pipeline flow rateCapture times when we are using our &#34;Standard Blend&#34; in Formula (can also be done with multiple Value Searches and Composite Condition)Profile lab data to compare recent results to historical(Do it! Create a Value Search highlighting when the distillation curve is less than the lower limit determined by historical curves)\u00a0(Imagine! performing similar analyses for all units to compare feed and product distillation curves)Delay lab tags by their corresponding boil percentage in seconds and combine into one temperature profileHighlight each lab profile using .isValid()Compare profiles in Capsule ViewDevelop a Reference Profile and Value Search to highlight anomalous measurements during Standard BlendsDelay lab profiles by -2 days to align with process data and filter to only show profiles during standard blendsUse Manual Condition to highlight &#34;good&#34; profile distributionsGenerate Reference Profiles based on the good profiles and apply to all profiles of Standard BlendHighlight deviations from these good profiles and show limits in scorecardDisplay in table for easier viewing with % deviation KPIDetermine the percentage and amount of crude that will become vapor and sent to downstream unitsUse Value Search to determine when the lab profile is less than the side cut temperature of the distillation columnCalculate how long the Value Search lasts, representing the percentage that will be vaporized at this temperature (Note: we don&#39;t have a (0,0) point so we need to add 0.5 for accuracy)Determine the amount of vapor based on the vapor cut percentage and total crude feedDisplay in Table for easier viewing",
        "Type": "Journal",
        "Unsearchable": false,
        "Updated At": "1732566004651693613"
    }
}