{
    "ID": "BEF9D7DA-35F8-44EF-92DF-4BC64A99FCCB",
    "Type": "Workstep",
    "Data": {
        "version": 1,
        "state": {
            "stores": {
                "sqTrendSeriesStore": {
                    "items": []
                },
                "sqTrendCapsuleSetStore": {
                    "items": []
                },
                "sqTrendScalarStore": {
                    "items": []
                },
                "sqTrendMetricStore": {
                    "items": []
                },
                "sqTrendTableStore": {
                    "items": []
                },
                "sqDurationStore": {
                    "autoUpdate": {
                        "offset": 17999943
                    },
                    "displayRange": {
                        "start": 1732497649818,
                        "end": 1732584049818
                    },
                    "investigateRange": {
                        "start": 1731979249874,
                        "end": 1732584049874
                    }
                },
                "sqWorksheetStore": {
                    "viewKey": "TREND"
                }
            }
        }
    }
}