{
    "Archived": false,
    "Cache Enabled": false,
    "Created At": "1732537720196083447",
    "Enabled": true,
    "ID": "0EFAB28C-D3A3-6440-B0DC-CBD7698D459A",
    "Locked": false,
    "Unsearchable": false,
    "Updated At": "1732637318715887407",
    "Name": "Vapor Cut Estimations Demo",
    "Type": "Worksheet",
    "Annotation ID": "0EFAB28C-E691-7750-8F62-8B540EA452BC",
    "Current Workstep ID": "0EFAB68C-CB30-EED0-BD0F-9C147E7E9F77",
    "URL": "https://demo.seeq.dev/0EFA6A0B-4C9B-71B0-ADCE-2000B1F79638/workbook/0EFAB28C-CE07-FB80-9AF3-D46648A552F8/worksheet/0EFAB28C-D3A3-6440-B0DC-CBD7698D459A"
}