{
  "6F045282-226E-4F7A-8DD2-0C5910DD6AE2": {
    "Definition": {
      "Datasource ID": "Imported CSV Files",
      "Legacy Formula": "$rows = $datasource.query('SELECT \"Date-Time4\",S25_4HDS_FEED_XL409A_CIN FROM CSVREAD(\"PumpData_v1.csv\")', 'Date-Time4')\n$rows.transformToSamples($row ->\n  sample(\n    $row.get(0).toTime(),\n    $row.get(1).toString()\n  ),\n  40h\n).setCertain().toLinear()\n",
      "Description": "column = S25_4HDS_FEED_XL409A_CIN; last file imported = PumpData_v1.csv",
      "Scoped To": "264FB1C5-B52B-474C-AB53-6C3D63D1055B",
      "Enabled": true,
      "Last Key Written": {
        "Value": 1543683420000000000,
        "Unit Of Measure": "ns"
      },
      "Key Unit Of Measure": "ns",
      "Archived": false,
      "Cache ID": "1AB204EE-0D8C-48E3-8B07-672584AD6F9D",
      "Datasource Class": "Imported CSV Files",
      "Cache Enabled": false,
      "Data ID": "bf8e615f-5d1e-4e41-9298-b96e9ae425c7-S25_4HDS_FEED_XL409A_CIN-SIGNAL",
      "Value Unit Of Measure": "string",
      "Interpolation Method": "Step",
      "Stored Series Cache Version": 1,
      "Unsearchable": false,
      "Storage Location": "FILE_SIGNAL_STORAGE",
      "Source Maximum Interpolation": "40h",
      "Locked": false,
      "Maximum Interpolation": "40h",
      "ID": "6F045282-226E-4F7A-8DD2-0C5910DD6AE2",
      "Name": "Pump Status",
      "Type": "StoredSignal"
    },
    "Periods": [
      {
        "Start": "2018-11-01T07:00:00+00:00",
        "End": "2018-12-01T21:27:33.174000+00:00"
      },
      {
        "Start": "2017-11-01T05:53:20+00:00",
        "End": "2019-12-01T22:34:13.174000+00:00",
        "Added by User": true
      }
    ]
  },
  "FE60CAF2-2C40-4B53-9738-C003DB36C23C": {
    "Definition": {
      "Datasource ID": "Imported CSV Files",
      "Legacy Formula": "$rows = $datasource.query('SELECT \"Date-Time8\",S25_4HDS_EXCH_TI310_PNT FROM CSVREAD(\"PumpData_v1.csv\")', 'Date-Time8')\n$rows.transformToSamples($row ->\n  sample(\n    $row.get(0).toTime(),\n    $row.get(1).setUnits(\"F\")\n  ),\n  40h\n).setCertain().toLinear()\n",
      "Description": "column = S25_4HDS_EXCH_TI310_PNT; last file imported = PumpData_v1.csv",
      "Scoped To": "264FB1C5-B52B-474C-AB53-6C3D63D1055B",
      "Enabled": true,
      "Last Key Written": {
        "Value": 1543692840000000000,
        "Unit Of Measure": "ns"
      },
      "Key Unit Of Measure": "ns",
      "Archived": false,
      "Cache ID": "52187DA9-9A15-44C7-B74F-6553190EF5F3",
      "Datasource Class": "Imported CSV Files",
      "Cache Enabled": false,
      "Data ID": "ae0e0eee-2049-4b3c-878a-f0f9ec76c534-S25_4HDS_EXCH_TI310_PNT-SIGNAL",
      "Value Unit Of Measure": "\u00b0F",
      "Interpolation Method": "Linear",
      "Stored Series Cache Version": 1,
      "Unsearchable": false,
      "Storage Location": "FILE_SIGNAL_STORAGE",
      "Source Maximum Interpolation": "40h",
      "Locked": false,
      "Maximum Interpolation": "40h",
      "ID": "FE60CAF2-2C40-4B53-9738-C003DB36C23C",
      "Name": "Suction Temperature",
      "Type": "StoredSignal"
    },
    "Periods": [
      {
        "Start": "2018-11-01T07:00:00+00:00",
        "End": "2018-12-01T17:00:00+00:00"
      },
      {
        "Start": "2017-11-01T05:53:20+00:00",
        "End": "2019-12-01T18:06:40+00:00",
        "Added by User": true
      }
    ]
  },
  "B207E826-0180-4E25-9C14-7A57CDF17A3B": {
    "Definition": {
      "Datasource ID": "Imported CSV Files",
      "Legacy Formula": "$rows = $datasource.query('SELECT \"Date-Time4\",S25_4HDS_FEED_XL409A_CIN FROM CSVREAD(\"PumpData_v1.csv\")', 'Date-Time4')\n$rows.transformToSamples($row ->\n  sample(\n    $row.get(0).toTime(),\n    $row.get(1).toString()\n  ),\n  40h\n).setCertain().toLinear()\n",
      "Description": "column = S25_4HDS_FEED_XL409A_CIN; last file imported = PumpData_v1.csv",
      "Enabled": true,
      "Last Key Written": {
        "Value": 1543683420000000000,
        "Unit Of Measure": "ns"
      },
      "Key Unit Of Measure": "ns",
      "Archived": false,
      "Cache ID": "0881D3FE-09B0-436E-86FF-338E24AB6D9B",
      "Datasource Class": "Imported CSV Files",
      "Cache Enabled": false,
      "Data ID": "93029050-4c63-4c1f-b971-485aac642e63-S25_4HDS_FEED_XL409A_CIN-SIGNAL",
      "Value Unit Of Measure": "string",
      "Interpolation Method": "Step",
      "Stored Series Cache Version": 1,
      "Unsearchable": false,
      "Storage Location": "FILE_SIGNAL_STORAGE",
      "Source Maximum Interpolation": "40h",
      "Locked": false,
      "Maximum Interpolation": "40h",
      "ID": "B207E826-0180-4E25-9C14-7A57CDF17A3B",
      "Name": "Pump Status",
      "Type": "StoredSignal",
      "Parent ID": "93029050-4C63-4C1F-B971-485AAC642E63",
      "Path": null,
      "Asset": "PumpData_v1"
    },
    "Periods": [
      {
        "Start": "2018-10-31T08:02:39.798000+00:00",
        "End": "2018-12-02T01:13:54.690000+00:00"
      },
      {
        "Start": "2017-10-31T06:55:59.798000+00:00",
        "End": "2019-12-02T02:20:34.690000+00:00",
        "Added by User": true
      }
    ]
  },
  "FC2F074F-D9CC-4606-9D93-E25DAAF54654": {
    "Definition": {
      "Datasource ID": "Imported CSV Files",
      "Legacy Formula": "$rows = $datasource.query('SELECT \"Date-Time7\",S25_4HDS_FEED_FI408_PNT FROM CSVREAD(\"PumpData_v1.csv\")', 'Date-Time7')\n$rows.transformToSamples($row ->\n  sample(\n    $row.get(0).toTime(),\n    $row.get(1).setUnits(\"bbl/d\")\n  ),\n  40h\n).setCertain().toLinear()\n",
      "Description": "column = S25_4HDS_FEED_FI408_PNT; last file imported = PumpData_v1.csv",
      "Scoped To": "264FB1C5-B52B-474C-AB53-6C3D63D1055B",
      "Enabled": true,
      "Last Key Written": {
        "Value": 1543691820000000000,
        "Unit Of Measure": "ns"
      },
      "Key Unit Of Measure": "ns",
      "Archived": false,
      "Cache ID": "AA37B379-1650-4641-831F-04F6C5C51E0D",
      "Datasource Class": "Imported CSV Files",
      "Cache Enabled": false,
      "Data ID": "b741932b-7aee-4be1-9c3e-9ca529efc670-S25_4HDS_FEED_FI408_PNT-SIGNAL",
      "Value Unit Of Measure": "bbl/d",
      "Interpolation Method": "Linear",
      "Stored Series Cache Version": 1,
      "Unsearchable": false,
      "Storage Location": "FILE_SIGNAL_STORAGE",
      "Source Maximum Interpolation": "40h",
      "Locked": false,
      "Maximum Interpolation": "40h",
      "ID": "FC2F074F-D9CC-4606-9D93-E25DAAF54654",
      "Name": "Recirculation Flow",
      "Type": "StoredSignal"
    },
    "Periods": [
      {
        "Start": "2018-11-01T07:00:00+00:00",
        "End": "2018-12-01T21:27:33.174000+00:00"
      },
      {
        "Start": "2017-11-01T05:53:20+00:00",
        "End": "2019-12-01T22:34:13.174000+00:00",
        "Added by User": true
      }
    ]
  },
  "C2159C7B-7137-4901-9FB6-4D4E7A6AFA66": {
    "Definition": {
      "Datasource ID": "Imported CSV Files",
      "Legacy Formula": "$rows = $datasource.query('SELECT \"Date-Time1\",S25_4HDS_FEED_25PI0664_MEAS FROM CSVREAD(\"PumpData_v1.csv\")', 'Date-Time1')\n$rows.transformToSamples($row ->\n  sample(\n    $row.get(0).toTime(),\n    $row.get(1).setUnits(\"psi\")\n  ),\n  40h\n).setCertain().toLinear()\n",
      "Description": "column = S25_4HDS_FEED_25PI0664_MEAS; last file imported = PumpData_v1.csv",
      "Enabled": true,
      "Last Key Written": {
        "Value": 1543682040000000000,
        "Unit Of Measure": "ns"
      },
      "Key Unit Of Measure": "ns",
      "Archived": false,
      "Cache ID": "D425AA66-79B5-4B91-A771-92D9C31D1AD0",
      "Datasource Class": "Imported CSV Files",
      "Cache Enabled": false,
      "Data ID": "eba6d290-89f6-43cb-964b-fb81e9e1090a-S25_4HDS_FEED_25PI0664_MEAS-SIGNAL",
      "Value Unit Of Measure": "psi",
      "Interpolation Method": "Linear",
      "Stored Series Cache Version": 1,
      "Unsearchable": false,
      "Storage Location": "FILE_SIGNAL_STORAGE",
      "Source Maximum Interpolation": "40h",
      "Locked": false,
      "Maximum Interpolation": "40h",
      "ID": "C2159C7B-7137-4901-9FB6-4D4E7A6AFA66",
      "Name": "Pump Discharge Pressure",
      "Type": "StoredSignal",
      "Parent ID": "EBA6D290-89F6-43CB-964B-FB81E9E1090A",
      "Path": null,
      "Asset": "PumpData_v1"
    },
    "Periods": [
      {
        "Start": "2018-10-31T08:02:39.798000+00:00",
        "End": "2018-12-02T01:13:54.690000+00:00"
      },
      {
        "Start": "2017-10-31T06:55:59.798000+00:00",
        "End": "2019-12-02T02:20:34.690000+00:00",
        "Added by User": true
      }
    ]
  },
  "822AE80C-F76F-46D7-9B9E-7035E078BB84": {
    "Definition": {
      "Datasource ID": "Imported CSV Files",
      "Legacy Formula": "$rows = $datasource.query('SELECT \"Date-Time3\",S25_4HDS_FEED_FC407_MEAS FROM CSVREAD(\"PumpData_v1.csv\")', 'Date-Time3')\n$rows.transformToSamples($row ->\n  sample(\n    $row.get(0).toTime(),\n    $row.get(1).setUnits(\"bbl/d\")\n  ),\n  40h\n).setCertain().toLinear()\n",
      "Description": "column = S25_4HDS_FEED_FC407_MEAS; last file imported = PumpData_v1.csv",
      "Scoped To": "264FB1C5-B52B-474C-AB53-6C3D63D1055B",
      "Enabled": true,
      "Last Key Written": {
        "Value": 1543689780000000000,
        "Unit Of Measure": "ns"
      },
      "Key Unit Of Measure": "ns",
      "Archived": false,
      "Cache ID": "9ACF9261-476E-4D5F-A59E-C13318AE281E",
      "Datasource Class": "Imported CSV Files",
      "Cache Enabled": false,
      "Data ID": "e5f300f8-7415-4da5-982e-547f3067278e-S25_4HDS_FEED_FC407_MEAS-SIGNAL",
      "Value Unit Of Measure": "bbl/d",
      "Interpolation Method": "Linear",
      "Stored Series Cache Version": 1,
      "Unsearchable": false,
      "Storage Location": "FILE_SIGNAL_STORAGE",
      "Source Maximum Interpolation": "40h",
      "Locked": false,
      "Maximum Interpolation": "40h",
      "ID": "822AE80C-F76F-46D7-9B9E-7035E078BB84",
      "Name": "Discharge Flow Rate",
      "Type": "StoredSignal"
    },
    "Periods": [
      {
        "Start": "2018-11-01T07:00:00+00:00",
        "End": "2018-12-01T21:27:33.174000+00:00"
      },
      {
        "Start": "2017-11-01T05:53:20+00:00",
        "End": "2019-12-01T22:34:13.174000+00:00",
        "Added by User": true
      }
    ]
  },
  "4AF572DE-D2AA-43F6-A98A-8FF39F293CA6": {
    "Definition": {
      "Datasource ID": "Imported CSV Files",
      "Legacy Formula": "$rows = $datasource.query('SELECT \"Date-Time1\",S25_4HDS_FEED_25PI0664_MEAS FROM CSVREAD(\"PumpData_v1.csv\")', 'Date-Time1')\n$rows.transformToSamples($row ->\n  sample(\n    $row.get(0).toTime(),\n    $row.get(1).setUnits(\"psi\")\n  ),\n  40h\n).setCertain().toLinear()\n",
      "Description": "column = S25_4HDS_FEED_25PI0664_MEAS; last file imported = PumpData_v1.csv",
      "Scoped To": "264FB1C5-B52B-474C-AB53-6C3D63D1055B",
      "Enabled": true,
      "Last Key Written": {
        "Value": 1543682040000000000,
        "Unit Of Measure": "ns"
      },
      "Key Unit Of Measure": "ns",
      "Archived": false,
      "Cache ID": "8F538619-45C6-4EBF-8802-D5AED08754FC",
      "Datasource Class": "Imported CSV Files",
      "Cache Enabled": false,
      "Data ID": "aee2df6e-4731-4d30-aae3-6db5ce068a2a-S25_4HDS_FEED_25PI0664_MEAS-SIGNAL",
      "Value Unit Of Measure": "psi",
      "Interpolation Method": "Linear",
      "Stored Series Cache Version": 1,
      "Unsearchable": false,
      "Storage Location": "FILE_SIGNAL_STORAGE",
      "Source Maximum Interpolation": "40h",
      "Locked": false,
      "Maximum Interpolation": "40h",
      "ID": "4AF572DE-D2AA-43F6-A98A-8FF39F293CA6",
      "Name": "Pump Discharge Pressure",
      "Type": "StoredSignal"
    },
    "Periods": [
      {
        "Start": "2018-11-01T07:00:00+00:00",
        "End": "2018-12-01T21:27:33.174000+00:00"
      },
      {
        "Start": "2017-11-01T05:53:20+00:00",
        "End": "2019-12-01T22:34:13.174000+00:00",
        "Added by User": true
      }
    ]
  },
  "823F1B68-488A-4280-826E-AB9BEF58F52D": {
    "Definition": {
      "Datasource ID": "Imported CSV Files",
      "Legacy Formula": "$rows = $datasource.query('SELECT \"Date-Time10\",S25_120_COMBINED_FEED_API_LAB FROM CSVREAD(\"PumpData_v1.csv\")', 'Date-Time10')\n$rows.transformToSamples($row ->\n  sample(\n    $row.get(0).toTime(),\n    $row.get(1)\n  ),\n  40h\n).setCertain().toLinear()\n",
      "Description": "column = S25_120_COMBINED_FEED_API_LAB; last file imported = PumpData_v1.csv",
      "Enabled": true,
      "Override Maximum Interpolation": "40d",
      "Last Key Written": {
        "Value": 1543905000000000000,
        "Unit Of Measure": "ns"
      },
      "Key Unit Of Measure": "ns",
      "Archived": false,
      "Cache ID": "DE5D98EC-F085-4556-89B1-54ECB60B59B6",
      "Datasource Class": "Imported CSV Files",
      "Cache Enabled": false,
      "Data ID": "06c94a81-2d03-4c3d-8939-b119940319ed-S25_120_COMBINED_FEED_API_LAB-SIGNAL",
      "Value Unit Of Measure": "",
      "Interpolation Method": "Step",
      "Stored Series Cache Version": 1,
      "Unsearchable": false,
      "Storage Location": "FILE_SIGNAL_STORAGE",
      "Source Maximum Interpolation": "40h",
      "Locked": false,
      "Maximum Interpolation": "40d",
      "ID": "823F1B68-488A-4280-826E-AB9BEF58F52D",
      "Name": "Feed API",
      "Type": "StoredSignal",
      "Parent ID": "06C94A81-2D03-4C3D-8939-B119940319ED",
      "Path": null,
      "Asset": "PumpData_v1"
    },
    "Periods": [
      {
        "Start": "2018-10-31T08:02:39.798000+00:00",
        "End": "2018-12-02T01:13:54.690000+00:00"
      },
      {
        "Start": "2017-10-31T06:55:59.798000+00:00",
        "End": "2019-12-02T02:20:34.690000+00:00",
        "Added by User": true
      }
    ]
  },
  "CE1F53CA-1868-4B0E-B0B0-30CE44F76A50": {
    "Definition": {
      "Datasource ID": "Imported CSV Files",
      "Legacy Formula": "$rows = $datasource.query('SELECT \"Date-Time8\",S25_4HDS_EXCH_TI310_PNT FROM CSVREAD(\"PumpData_v1.csv\")', 'Date-Time8')\n$rows.transformToSamples($row ->\n  sample(\n    $row.get(0).toTime(),\n    $row.get(1).setUnits(\"F\")\n  ),\n  40h\n).setCertain().toLinear()\n",
      "Description": "column = S25_4HDS_EXCH_TI310_PNT; last file imported = PumpData_v1.csv",
      "Enabled": true,
      "Last Key Written": {
        "Value": 1543692840000000000,
        "Unit Of Measure": "ns"
      },
      "Key Unit Of Measure": "ns",
      "Archived": false,
      "Cache ID": "E26E00F2-6A26-4658-A3A4-6C384062C7E3",
      "Datasource Class": "Imported CSV Files",
      "Cache Enabled": false,
      "Data ID": "cdbc0962-a905-47a8-99af-ce0f4b693d73-S25_4HDS_EXCH_TI310_PNT-SIGNAL",
      "Value Unit Of Measure": "\u00b0F",
      "Interpolation Method": "Linear",
      "Stored Series Cache Version": 1,
      "Unsearchable": false,
      "Storage Location": "FILE_SIGNAL_STORAGE",
      "Source Maximum Interpolation": "40h",
      "Locked": false,
      "Maximum Interpolation": "40h",
      "ID": "CE1F53CA-1868-4B0E-B0B0-30CE44F76A50",
      "Name": "Suction Temperature",
      "Type": "StoredSignal",
      "Parent ID": "CDBC0962-A905-47A8-99AF-CE0F4B693D73",
      "Path": null,
      "Asset": "PumpData_v1"
    },
    "Periods": [
      {
        "Start": "2018-10-31T08:02:39.798000+00:00",
        "End": "2018-12-02T01:13:54.690000+00:00"
      },
      {
        "Start": "2017-10-31T06:55:59.798000+00:00",
        "End": "2019-12-02T02:20:34.690000+00:00",
        "Added by User": true
      }
    ]
  },
  "3C1556AB-B81A-4700-851B-5E3505BFD052": {
    "Definition": {
      "Datasource ID": "Imported CSV Files",
      "Legacy Formula": "$rows = $datasource.query('SELECT \"Date-Time9\",S25_4HDS_FEED_LC406_MEAS FROM CSVREAD(\"PumpData_v1.csv\")', 'Date-Time9')\n$rows.transformToSamples($row ->\n  sample(\n    $row.get(0).toTime(),\n    $row.get(1).setUnits(\"%\")\n  ),\n  40h\n).setCertain().toLinear()\n",
      "Description": "column = S25_4HDS_FEED_LC406_MEAS; last file imported = PumpData_v1.csv",
      "Enabled": true,
      "Last Key Written": {
        "Value": 1543683300000000000,
        "Unit Of Measure": "ns"
      },
      "Key Unit Of Measure": "ns",
      "Archived": false,
      "Cache ID": "0C8D3F48-623D-490F-BEE8-FE95A9E94F8F",
      "Datasource Class": "Imported CSV Files",
      "Cache Enabled": false,
      "Data ID": "c58b1296-0923-43a8-981c-f17fea6ba904-S25_4HDS_FEED_LC406_MEAS-SIGNAL",
      "Value Unit Of Measure": "%",
      "Interpolation Method": "Linear",
      "Stored Series Cache Version": 1,
      "Unsearchable": false,
      "Storage Location": "FILE_SIGNAL_STORAGE",
      "Source Maximum Interpolation": "40h",
      "Locked": false,
      "Maximum Interpolation": "40h",
      "ID": "3C1556AB-B81A-4700-851B-5E3505BFD052",
      "Name": "Drum Level",
      "Type": "StoredSignal",
      "Parent ID": "C58B1296-0923-43A8-981C-F17FEA6BA904",
      "Path": null,
      "Asset": "PumpData_v1"
    },
    "Periods": [
      {
        "Start": "2018-10-31T08:02:39.798000+00:00",
        "End": "2018-12-02T01:13:54.690000+00:00"
      },
      {
        "Start": "2017-10-31T06:55:59.798000+00:00",
        "End": "2019-12-02T02:20:34.690000+00:00",
        "Added by User": true
      }
    ]
  },
  "F9770708-829D-4DC3-9A01-EE634471FB98": {
    "Definition": {
      "Datasource ID": "Imported CSV Files",
      "Legacy Formula": "$rows = $datasource.query('SELECT \"Date-Time6\",S25_4HDS_FEED_PC405_MEAS FROM CSVREAD(\"PumpData_v1.csv\")', 'Date-Time6')\n$rows.transformToSamples($row ->\n  sample(\n    $row.get(0).toTime(),\n    $row.get(1).setUnits(\"psi\")\n  ),\n  40h\n).setCertain().toLinear()\n",
      "Description": "column = S25_4HDS_FEED_PC405_MEAS; last file imported = PumpData_v1.csv",
      "Enabled": true,
      "Last Key Written": {
        "Value": 1543680420000000000,
        "Unit Of Measure": "ns"
      },
      "Key Unit Of Measure": "ns",
      "Archived": false,
      "Cache ID": "D8EF84D2-CE74-46A0-8338-BB237027FF45",
      "Datasource Class": "Imported CSV Files",
      "Cache Enabled": false,
      "Data ID": "744b83e8-a504-4c99-a648-8c36b61131a5-S25_4HDS_FEED_PC405_MEAS-SIGNAL",
      "Value Unit Of Measure": "psi",
      "Interpolation Method": "Linear",
      "Stored Series Cache Version": 1,
      "Unsearchable": false,
      "Storage Location": "FILE_SIGNAL_STORAGE",
      "Source Maximum Interpolation": "40h",
      "Locked": false,
      "Maximum Interpolation": "40h",
      "ID": "F9770708-829D-4DC3-9A01-EE634471FB98",
      "Name": "Suction Pressure",
      "Type": "StoredSignal",
      "Parent ID": "744B83E8-A504-4C99-A648-8C36B61131A5",
      "Path": null,
      "Asset": "PumpData_v1"
    },
    "Periods": [
      {
        "Start": "2018-10-31T08:02:39.798000+00:00",
        "End": "2018-12-02T01:13:54.690000+00:00"
      },
      {
        "Start": "2017-10-31T06:55:59.798000+00:00",
        "End": "2019-12-02T02:20:34.690000+00:00",
        "Added by User": true
      }
    ]
  },
  "BE054D8A-8F15-4EF3-85A4-A918218398DA": {
    "Definition": {
      "Datasource ID": "Imported CSV Files",
      "Legacy Formula": "$rows = $datasource.query('SELECT \"Date-Time5\",S25_4HDS_FEED_XL410A_CIN FROM CSVREAD(\"PumpData_v1.csv\")', 'Date-Time5')\n$rows.transformToSamples($row ->\n  sample(\n    $row.get(0).toTime(),\n    $row.get(1).toString()\n  ),\n  40h\n).setCertain().toLinear()\n",
      "Description": "column = S25_4HDS_FEED_XL410A_CIN; last file imported = PumpData_v1.csv",
      "Enabled": true,
      "Last Key Written": {
        "Value": 1543684620000000000,
        "Unit Of Measure": "ns"
      },
      "Key Unit Of Measure": "ns",
      "Archived": false,
      "Cache ID": "4E8E4340-0C80-4D12-B8ED-D25744EA0848",
      "Datasource Class": "Imported CSV Files",
      "Cache Enabled": false,
      "Data ID": "d681fde4-e547-453d-bfe9-af0963d95cfb-S25_4HDS_FEED_XL410A_CIN-SIGNAL",
      "Value Unit Of Measure": "string",
      "Interpolation Method": "Step",
      "Stored Series Cache Version": 1,
      "Unsearchable": false,
      "Storage Location": "FILE_SIGNAL_STORAGE",
      "Source Maximum Interpolation": "40h",
      "Locked": false,
      "Maximum Interpolation": "40h",
      "ID": "BE054D8A-8F15-4EF3-85A4-A918218398DA",
      "Name": "Standby Pump Status",
      "Type": "StoredSignal",
      "Parent ID": "D681FDE4-E547-453D-BFE9-AF0963D95CFB",
      "Path": null,
      "Asset": "PumpData_v1"
    },
    "Periods": [
      {
        "Start": "2018-10-31T08:02:39.798000+00:00",
        "End": "2018-12-02T01:13:54.690000+00:00"
      },
      {
        "Start": "2017-10-31T06:55:59.798000+00:00",
        "End": "2019-12-02T02:20:34.690000+00:00",
        "Added by User": true
      }
    ]
  },
  "600A3311-A1FE-4406-9C73-4A097ABE3B4D": {
    "Definition": {
      "Datasource ID": "Imported CSV Files",
      "Legacy Formula": "$rows = $datasource.query('SELECT \"Date-Time7\",S25_4HDS_FEED_FI408_PNT FROM CSVREAD(\"PumpData_v1.csv\")', 'Date-Time7')\n$rows.transformToSamples($row ->\n  sample(\n    $row.get(0).toTime(),\n    $row.get(1).setUnits(\"bbl/d\")\n  ),\n  40h\n).setCertain().toLinear()\n",
      "Description": "column = S25_4HDS_FEED_FI408_PNT; last file imported = PumpData_v1.csv",
      "Enabled": true,
      "Last Key Written": {
        "Value": 1543691820000000000,
        "Unit Of Measure": "ns"
      },
      "Key Unit Of Measure": "ns",
      "Archived": false,
      "Cache ID": "6A3BE8E5-E947-4F90-A5BC-3A89455A1826",
      "Datasource Class": "Imported CSV Files",
      "Cache Enabled": false,
      "Data ID": "16a980b8-c567-43ef-af28-24d3cf2db052-S25_4HDS_FEED_FI408_PNT-SIGNAL",
      "Value Unit Of Measure": "bbl/d",
      "Interpolation Method": "Linear",
      "Stored Series Cache Version": 1,
      "Unsearchable": false,
      "Storage Location": "FILE_SIGNAL_STORAGE",
      "Source Maximum Interpolation": "40h",
      "Locked": false,
      "Maximum Interpolation": "40h",
      "ID": "600A3311-A1FE-4406-9C73-4A097ABE3B4D",
      "Name": "Recirculation Flow",
      "Type": "StoredSignal",
      "Parent ID": "16A980B8-C567-43EF-AF28-24D3CF2DB052",
      "Path": null,
      "Asset": "PumpData_v1"
    },
    "Periods": [
      {
        "Start": "2018-10-31T08:02:39.798000+00:00",
        "End": "2018-12-02T01:13:54.690000+00:00"
      },
      {
        "Start": "2017-10-31T06:55:59.798000+00:00",
        "End": "2019-12-02T02:20:34.690000+00:00",
        "Added by User": true
      }
    ]
  },
  "3906AA96-51A1-482F-9EA0-CAADADA4337F": {
    "Definition": {
      "Datasource ID": "Imported CSV Files",
      "Legacy Formula": "$rows = $datasource.query('SELECT \"Date-Time3\",S25_4HDS_FEED_FC407_MEAS FROM CSVREAD(\"PumpData_v1.csv\")', 'Date-Time3')\n$rows.transformToSamples($row ->\n  sample(\n    $row.get(0).toTime(),\n    $row.get(1).setUnits(\"bbl/d\")\n  ),\n  40h\n).setCertain().toLinear()\n",
      "Description": "column = S25_4HDS_FEED_FC407_MEAS; last file imported = PumpData_v1.csv",
      "Enabled": true,
      "Last Key Written": {
        "Value": 1543689780000000000,
        "Unit Of Measure": "ns"
      },
      "Key Unit Of Measure": "ns",
      "Archived": false,
      "Cache ID": "6711C3A5-B4A7-49AA-8B82-5D69C680B297",
      "Datasource Class": "Imported CSV Files",
      "Cache Enabled": false,
      "Data ID": "69c2dd11-14da-44af-99ba-c273ac1abddb-S25_4HDS_FEED_FC407_MEAS-SIGNAL",
      "Value Unit Of Measure": "bbl/d",
      "Interpolation Method": "Linear",
      "Stored Series Cache Version": 1,
      "Unsearchable": false,
      "Storage Location": "FILE_SIGNAL_STORAGE",
      "Source Maximum Interpolation": "40h",
      "Locked": false,
      "Maximum Interpolation": "40h",
      "ID": "3906AA96-51A1-482F-9EA0-CAADADA4337F",
      "Name": "Discharge Flow Rate",
      "Type": "StoredSignal",
      "Parent ID": "69C2DD11-14DA-44AF-99BA-C273AC1ABDDB",
      "Path": null,
      "Asset": "PumpData_v1"
    },
    "Periods": [
      {
        "Start": "2018-10-31T08:02:39.798000+00:00",
        "End": "2018-12-02T01:13:54.690000+00:00"
      },
      {
        "Start": "2017-10-31T06:55:59.798000+00:00",
        "End": "2019-12-02T02:20:34.690000+00:00",
        "Added by User": true
      }
    ]
  },
  "10F97242-32FA-460E-B1E1-B80CA82E7F05": {
    "Definition": {
      "Datasource ID": "Imported CSV Files",
      "Legacy Formula": "$rows = $datasource.query('SELECT \"Date-Time2\",S25_4HDS_FEED_25PI0665_MEAS FROM CSVREAD(\"PumpData_v1.csv\")', 'Date-Time2')\n$rows.transformToSamples($row ->\n  sample(\n    $row.get(0).toTime(),\n    $row.get(1).setUnits(\"psi\")\n  ),\n  40h\n).setCertain().toLinear()\n",
      "Description": "column = S25_4HDS_FEED_25PI0665_MEAS; last file imported = PumpData_v1.csv",
      "Enabled": true,
      "Last Key Written": {
        "Value": 1543682820000000000,
        "Unit Of Measure": "ns"
      },
      "Key Unit Of Measure": "ns",
      "Archived": false,
      "Cache ID": "A27B1A1C-FDD7-4410-B997-408169578A53",
      "Datasource Class": "Imported CSV Files",
      "Cache Enabled": false,
      "Data ID": "a453941e-28a1-4f03-a7d0-a9176ddd181d-S25_4HDS_FEED_25PI0665_MEAS-SIGNAL",
      "Value Unit Of Measure": "psi",
      "Interpolation Method": "Linear",
      "Stored Series Cache Version": 1,
      "Unsearchable": false,
      "Storage Location": "FILE_SIGNAL_STORAGE",
      "Source Maximum Interpolation": "40h",
      "Locked": false,
      "Maximum Interpolation": "40h",
      "ID": "10F97242-32FA-460E-B1E1-B80CA82E7F05",
      "Name": "Standby Discharge Pressure",
      "Type": "StoredSignal",
      "Parent ID": "A453941E-28A1-4F03-A7D0-A9176DDD181D",
      "Path": null,
      "Asset": "PumpData_v1"
    },
    "Periods": [
      {
        "Start": "2018-10-31T08:02:39.798000+00:00",
        "End": "2018-12-02T01:13:54.690000+00:00"
      },
      {
        "Start": "2017-10-31T06:55:59.798000+00:00",
        "End": "2019-12-02T02:20:34.690000+00:00",
        "Added by User": true
      }
    ]
  },
  "6F0C674F-DDC3-40BC-9E9D-103D60BF75B9": {
    "Definition": {
      "Datasource ID": "Imported CSV Files",
      "Legacy Formula": "$rows = $datasource.query('SELECT \"Date-Time6\",S25_4HDS_FEED_PC405_MEAS FROM CSVREAD(\"PumpData_v1.csv\")', 'Date-Time6')\n$rows.transformToSamples($row ->\n  sample(\n    $row.get(0).toTime(),\n    $row.get(1).setUnits(\"psi\")\n  ),\n  40h\n).setCertain().toLinear()\n",
      "Description": "column = S25_4HDS_FEED_PC405_MEAS; last file imported = PumpData_v1.csv",
      "Scoped To": "264FB1C5-B52B-474C-AB53-6C3D63D1055B",
      "Enabled": true,
      "Last Key Written": {
        "Value": 1543680420000000000,
        "Unit Of Measure": "ns"
      },
      "Key Unit Of Measure": "ns",
      "Archived": false,
      "Cache ID": "C57F2512-4EC7-44F0-A87C-875DD001B704",
      "Datasource Class": "Imported CSV Files",
      "Cache Enabled": false,
      "Data ID": "0945efce-4e3b-498e-9ba6-20d816f1fe13-S25_4HDS_FEED_PC405_MEAS-SIGNAL",
      "Value Unit Of Measure": "psi",
      "Interpolation Method": "Linear",
      "Stored Series Cache Version": 1,
      "Unsearchable": false,
      "Storage Location": "FILE_SIGNAL_STORAGE",
      "Source Maximum Interpolation": "40h",
      "Locked": false,
      "Maximum Interpolation": "40h",
      "ID": "6F0C674F-DDC3-40BC-9E9D-103D60BF75B9",
      "Name": "Suction Pressure",
      "Type": "StoredSignal"
    },
    "Periods": [
      {
        "Start": "2018-11-01T07:00:00+00:00",
        "End": "2018-12-01T17:00:00+00:00"
      },
      {
        "Start": "2017-11-01T05:53:20+00:00",
        "End": "2019-12-01T18:06:40+00:00",
        "Added by User": true
      }
    ]
  },
  "7FA00688-10CE-40C3-8207-9B499C76140D": {
    "Definition": {
      "Datasource ID": "Imported CSV Files",
      "Legacy Formula": "$rows = $datasource.query('SELECT \"Date-Time9\",S25_4HDS_FEED_LC406_MEAS FROM CSVREAD(\"PumpData_v1.csv\")', 'Date-Time9')\n$rows.transformToSamples($row ->\n  sample(\n    $row.get(0).toTime(),\n    $row.get(1).setUnits(\"%\")\n  ),\n  40h\n).setCertain().toLinear()\n",
      "Description": "column = S25_4HDS_FEED_LC406_MEAS; last file imported = PumpData_v1.csv",
      "Scoped To": "264FB1C5-B52B-474C-AB53-6C3D63D1055B",
      "Enabled": true,
      "Last Key Written": {
        "Value": 1543683300000000000,
        "Unit Of Measure": "ns"
      },
      "Key Unit Of Measure": "ns",
      "Archived": false,
      "Cache ID": "A5226E2D-FDD8-4B5E-B732-58E4D242137B",
      "Datasource Class": "Imported CSV Files",
      "Cache Enabled": false,
      "Data ID": "ac1db1f1-d80f-4d5a-a6a2-224f8356fc2b-S25_4HDS_FEED_LC406_MEAS-SIGNAL",
      "Value Unit Of Measure": "%",
      "Interpolation Method": "Linear",
      "Stored Series Cache Version": 1,
      "Unsearchable": false,
      "Storage Location": "FILE_SIGNAL_STORAGE",
      "Source Maximum Interpolation": "40h",
      "Locked": false,
      "Maximum Interpolation": "40h",
      "ID": "7FA00688-10CE-40C3-8207-9B499C76140D",
      "Name": "Drum Level",
      "Type": "StoredSignal"
    },
    "Periods": [
      {
        "Start": "2018-11-01T07:00:00+00:00",
        "End": "2018-12-01T17:00:00+00:00"
      },
      {
        "Start": "2017-11-01T05:53:20+00:00",
        "End": "2019-12-01T18:06:40+00:00",
        "Added by User": true
      }
    ]
  },
  "25E6B07E-1BB1-49D3-9DD0-714F4201EB04": {
    "Definition": {
      "Datasource ID": "Imported CSV Files",
      "Legacy Formula": "$rows = $datasource.query('SELECT \"Date-Time10\",S25_120_COMBINED_FEED_API_LAB FROM CSVREAD(\"PumpData_v1.csv\")', 'Date-Time10')\n$rows.transformToSamples($row ->\n  sample(\n    $row.get(0).toTime(),\n    $row.get(1)\n  ),\n  40h\n).setCertain().toLinear()\n",
      "Description": "column = S25_120_COMBINED_FEED_API_LAB; last file imported = PumpData_v1.csv",
      "Scoped To": "264FB1C5-B52B-474C-AB53-6C3D63D1055B",
      "Enabled": true,
      "Last Key Written": {
        "Value": 1543905000000000000,
        "Unit Of Measure": "ns"
      },
      "Key Unit Of Measure": "ns",
      "Archived": false,
      "Cache ID": "EE08160E-AA8B-4D69-A8F5-6764D61FF36A",
      "Datasource Class": "Imported CSV Files",
      "Cache Enabled": false,
      "Data ID": "452eef35-5f0a-48d1-a96d-c2c6e4d4320e-S25_120_COMBINED_FEED_API_LAB-SIGNAL",
      "Value Unit Of Measure": "",
      "Interpolation Method": "Linear",
      "Stored Series Cache Version": 1,
      "Unsearchable": false,
      "Storage Location": "FILE_SIGNAL_STORAGE",
      "Source Maximum Interpolation": "40h",
      "Locked": false,
      "Maximum Interpolation": "40h",
      "ID": "25E6B07E-1BB1-49D3-9DD0-714F4201EB04",
      "Name": "Feed API",
      "Type": "StoredSignal"
    },
    "Periods": [
      {
        "Start": "2018-11-01T11:27:33.174000+00:00",
        "End": "2018-12-01T21:27:33.174000+00:00"
      },
      {
        "Start": "2017-11-01T10:20:53.174000+00:00",
        "End": "2019-12-01T22:34:13.174000+00:00",
        "Added by User": true
      }
    ]
  }
}