{
    "Definition": {
        "Archived": false,
        "Cache Enabled": false,
        "Created At": "1678117091914458578",
        "Description": "A customer transferred this analysis to Seeq, saving hundreds of FTE hours each month while still helping to determine at scale when to decommission a well or implement an artificial lift Problem Statement: Well decline curves are used to project well production. Decades worth of data is required to accurately",
        "Discoverable": false,
        "Document": "<h2 style=\"text-align:center;\"><strong>Well Depletion Forecast</strong></h2><figure class=\"table\"><table class=\"ck-table-resized\"><colgroup><col style=\"width:21.28%;\" /><col style=\"width:78.72%;\" /></colgroup><tbody><tr><td><figure class=\"image\"><img src=\"/api/annotations/59EBF6C7-66C9-44F2-9AC9-437734667810/images/rodpumplogo_v1.png\"></figure></td><td>A customer transferred this analysis to Seeq, <span style=\"color:hsl(210,75%,60%);\"><i><strong>saving hundreds of FTE hours each month</strong></i></span> while still helping to determine at scale when to decommission a well or implement an artificial lift</td></tr></tbody></table></figure><h3><strong>Problem Statement:</strong></h3><p>Well decline curves are used to project well production. Decades worth of data is required to accurately make this curve, leading to decline curve analyses being infrequently performed. By performing this analysis continuously, engineers can characterize their wells and monitor to suggest actions to increase production.\u00a0</p><h4><a href=\"/links?type&#61;workstep&amp;workbook&#61;E12CAED8-7AD7-4CAF-85EF-B169820967B0&amp;worksheet&#61;ACC89624-060A-4413-BD8F-400120867448&amp;workstep&#61;0EE11D2D-13D6-6490-B714-818494C8E4B2\" rel=\"nofollow noopener noreferrer\"><strong>Well Life Projection</strong></a><br><a href=\"/links?type&#61;workstep&amp;workbook&#61;E12CAED8-7AD7-4CAF-85EF-B169820967B0&amp;worksheet&#61;ACC89624-060A-4413-BD8F-400120867448&amp;workstep&#61;0EE9ACE8-ABA7-7500-9B23-F21B8400B214\" rel=\"nofollow noopener noreferrer\"><strong>Well Depletion Monitoring</strong></a><br>\u00a0</h4><h3><strong>Solution:</strong></h3><p><a href=\"/links?type&#61;workstep&amp;workbook&#61;E12CAED8-7AD7-4CAF-85EF-B169820967B0&amp;worksheet&#61;ACC89624-060A-4413-BD8F-400120867448&amp;workstep&#61;0EE1130D-2B7B-6020-B3B7-4AAE3E3CFCF0\" rel=\"nofollow noopener noreferrer\">Cleanse the production rate</a> to capture overall trends\u00a0<br><i>(<strong>Do it!</strong> </i><a href=\"/links?type&#61;workstep&amp;workbook&#61;E12CAED8-7AD7-4CAF-85EF-B169820967B0&amp;worksheet&#61;ACC89624-060A-4413-BD8F-400120867448&amp;workstep&#61;0EE1130E-5686-62F0-A9BF-B87704FA8033\" rel=\"nofollow noopener noreferrer\"><i>Start</i></a><i> smoothing the Production Rate using Signal Smoothing, Agile Filter of 3d)</i></p><p style=\"margin-left:40px;\">(<a href=\"/links?type&#61;workstep&amp;workbook&#61;E12CAED8-7AD7-4CAF-85EF-B169820967B0&amp;worksheet&#61;ACC89624-060A-4413-BD8F-400120867448&amp;workstep&#61;0EE1130E-5686-62F0-A9BF-B87704FA8033\" rel=\"nofollow noopener noreferrer\">Don&#39;t know how?</a> <strong>A</strong><i><strong>sk the AI Assistant!</strong></i> &#34;Smooth my production rate signal using a 3 day window&#34;)</p><p><a href=\"/links?type&#61;workstep&amp;workbook&#61;E12CAED8-7AD7-4CAF-85EF-B169820967B0&amp;worksheet&#61;ACC89624-060A-4413-BD8F-400120867448&amp;workstep&#61;0EE11312-BFAC-EAF0-AC34-5B93AFB28E32\" rel=\"nofollow noopener noreferrer\">Perform a decline curve analysis</a> to determine the behavior of this well<br><i>(<strong>Do it!</strong> </i><a href=\"/links?type&#61;workstep&amp;workbook&#61;E12CAED8-7AD7-4CAF-85EF-B169820967B0&amp;worksheet&#61;ACC89624-060A-4413-BD8F-400120867448&amp;workstep&#61;0EE11316-044D-EEE0-9CA1-DB725E1010DD\" rel=\"nofollow noopener noreferrer\"><i>Start</i></a><i> highlighting the lower portion of the plot where Cumulative Production &gt; 6000k bbl and create a condition for when to use a different prediction)</i></p><p><a href=\"/links?type&#61;workstep&amp;workbook&#61;E12CAED8-7AD7-4CAF-85EF-B169820967B0&amp;worksheet&#61;ACC89624-060A-4413-BD8F-400120867448&amp;workstep&#61;0EE99D32-25AF-66C0-946A-B8E640C947D1\" rel=\"nofollow noopener noreferrer\">Develop a predictive model</a> to characterize well production</p><p style=\"margin-left:40px;\">(<a href=\"/links?type&#61;workstep&amp;workbook&#61;E12CAED8-7AD7-4CAF-85EF-B169820967B0&amp;worksheet&#61;ACC89624-060A-4413-BD8F-400120867448&amp;workstep&#61;0EF71154-8678-7350-907F-7B12F1FF0F97\" rel=\"nofollow noopener noreferrer\">Don&#39;t know how?</a> <strong>Ask the AI Assi</strong><span style=\"color:hsl(0,0%,0%);\"><strong>stant!</strong> &#34;Create a prediction the models Production rate as a function of well life. Train it from 2014-2023. Use a 2nd order polynomial scale.&#34;)</span></p><p><a href=\"/links?type&#61;workstep&amp;workbook&#61;E12CAED8-7AD7-4CAF-85EF-B169820967B0&amp;worksheet&#61;ACC89624-060A-4413-BD8F-400120867448&amp;workstep&#61;0EE11328-9102-EE00-8AF3-136C55743B2A\" rel=\"nofollow noopener noreferrer\">Characterize well production phases</a> based on these predictions</p><p><a href=\"/links?type&#61;workstep&amp;workbook&#61;E12CAED8-7AD7-4CAF-85EF-B169820967B0&amp;worksheet&#61;ACC89624-060A-4413-BD8F-400120867448&amp;workstep&#61;0EE1132B-4790-60D0-AB6F-90343DC42FE1\" rel=\"nofollow noopener noreferrer\">Project production rate</a> to determine when the well will be depleted<br><i>(<strong>Do it!</strong> Create a notification for when the well is to be depleted)</i></p><p><a href=\"/links?type&#61;workstep&amp;workbook&#61;E12CAED8-7AD7-4CAF-85EF-B169820967B0&amp;worksheet&#61;ACC89624-060A-4413-BD8F-400120867448&amp;workstep&#61;0EE99D35-9CB0-62D0-B013-7B6EAA3BB5BD\" rel=\"nofollow noopener noreferrer\">Monitor projection against current operations</a><br><i>(<strong>Do it!</strong> Scale table across Various Wells asset group)</i></p><p><a href=\"/links?type&#61;workstep&amp;workbook&#61;E12CAED8-7AD7-4CAF-85EF-B169820967B0&amp;worksheet&#61;ACC89624-060A-4413-BD8F-400120867448&amp;workstep&#61;0EF65669-F2D9-F950-9B94-C19AEFE961E5\" rel=\"nofollow noopener noreferrer\"><i>Table View- Multi-well</i></a></p>",
        "DocumentBackup\u02c9DEg3Lh5pLS4-lG84EjGXXXdzxhd1450vkLgiu8he2l8\u02c92024-09-27T16:39:00Z": "<h2 style=\"text-align:center;\"><strong>Well Depletion Forecast</strong></h2><figure class=\"table\"><table class=\"ck-table-resized\"><colgroup><col style=\"width:21.28%;\" /><col style=\"width:78.72%;\" /></colgroup><tbody><tr><td><figure class=\"image\"><img src=\"/api/annotations/59EBF6C7-66C9-44F2-9AC9-437734667810/images/rodpumplogo_v1.png\"></figure></td><td>A customer transferred this analysis to Seeq, <span style=\"color:hsl(210,75%,60%);\"><i><strong>saving hundreds of FTE hours each month</strong></i></span> while still helping to determine at scale when to decommission a well or implement an artificial lift</td></tr></tbody></table></figure><h3><strong>Problem Statement:</strong></h3><p>Well decline curves are used to project well production. Decades worth of data is required to accurately make this curve, leading to decline curve analyses being infrequently performed. By performing this analysis continuously, engineers can characterize their wells and monitor to suggest actions to increase production.\u00a0</p><h4><a href=\"/links?type&#61;workstep&amp;workbook&#61;E12CAED8-7AD7-4CAF-85EF-B169820967B0&amp;worksheet&#61;ACC89624-060A-4413-BD8F-400120867448&amp;workstep&#61;0EE11D2D-13D6-6490-B714-818494C8E4B2\" rel=\"nofollow noopener noreferrer\"><strong>Well Life Projection</strong></a><br><a href=\"/links?type&#61;workstep&amp;workbook&#61;E12CAED8-7AD7-4CAF-85EF-B169820967B0&amp;worksheet&#61;ACC89624-060A-4413-BD8F-400120867448&amp;workstep&#61;0EE9ACE8-ABA7-7500-9B23-F21B8400B214\" rel=\"nofollow noopener noreferrer\"><strong>Well Depletion Monitoring</strong></a><br>\u00a0</h4><h3><strong>Solution:</strong></h3><p><a href=\"/links?type&#61;workstep&amp;workbook&#61;E12CAED8-7AD7-4CAF-85EF-B169820967B0&amp;worksheet&#61;ACC89624-060A-4413-BD8F-400120867448&amp;workstep&#61;0EE1130D-2B7B-6020-B3B7-4AAE3E3CFCF0\" rel=\"nofollow noopener noreferrer\">Cleanse the production rate</a> to capture overall trends\u00a0<br><i>(<strong>Do it!</strong> </i><a href=\"/links?type&#61;workstep&amp;workbook&#61;E12CAED8-7AD7-4CAF-85EF-B169820967B0&amp;worksheet&#61;ACC89624-060A-4413-BD8F-400120867448&amp;workstep&#61;0EE1130E-5686-62F0-A9BF-B87704FA8033\" rel=\"nofollow noopener noreferrer\"><i>Start</i></a><i> smoothing the Production Rate using Signal Smoothing, Agile Filter of 3d)</i></p><p style=\"margin-left:40px;\">(<a href=\"/links?type&#61;workstep&amp;workbook&#61;E12CAED8-7AD7-4CAF-85EF-B169820967B0&amp;worksheet&#61;ACC89624-060A-4413-BD8F-400120867448&amp;workstep&#61;0EE1130E-5686-62F0-A9BF-B87704FA8033\" rel=\"nofollow noopener noreferrer\">Don&#39;t know how?</a> <strong>A</strong><i><strong>sk the AI Assistant!</strong></i> &#34;Smooth my production rate signal using a 3 day window&#34;)</p><p><a href=\"/links?type&#61;workstep&amp;workbook&#61;E12CAED8-7AD7-4CAF-85EF-B169820967B0&amp;worksheet&#61;ACC89624-060A-4413-BD8F-400120867448&amp;workstep&#61;0EE11312-BFAC-EAF0-AC34-5B93AFB28E32\" rel=\"nofollow noopener noreferrer\">Perform a decline curve analysis</a> to determine the behavior of this well<br><i>(<strong>Do it!</strong> </i><a href=\"/links?type&#61;workstep&amp;workbook&#61;E12CAED8-7AD7-4CAF-85EF-B169820967B0&amp;worksheet&#61;ACC89624-060A-4413-BD8F-400120867448&amp;workstep&#61;0EE11316-044D-EEE0-9CA1-DB725E1010DD\" rel=\"nofollow noopener noreferrer\"><i>Start</i></a><i> highlighting the lower portion of the plot where Cumulative Production &gt; 6000k bbl and create a condition for when to use a different prediction)</i></p><p><a href=\"/links?type&#61;workstep&amp;workbook&#61;E12CAED8-7AD7-4CAF-85EF-B169820967B0&amp;worksheet&#61;ACC89624-060A-4413-BD8F-400120867448&amp;workstep&#61;0EE99D32-25AF-66C0-946A-B8E640C947D1\" rel=\"nofollow noopener noreferrer\">Develop a predictive model</a> to characterize well production</p><p style=\"margin-left:40px;\">(<a href=\"/links?type&#61;workstep&amp;workbook&#61;E12CAED8-7AD7-4CAF-85EF-B169820967B0&amp;worksheet&#61;ACC89624-060A-4413-BD8F-400120867448&amp;workstep&#61;0EF71154-8678-7350-907F-7B12F1FF0F97\" rel=\"nofollow noopener noreferrer\">Don&#39;t know how?</a> <strong>Ask the AI Assi</strong><span style=\"color:hsl(0,0%,0%);\"><strong>stant!</strong> &#34;Create a prediction the models Production rate as a function of well life. Train it from 2014-2023. Use a 2nd order polynomial scale.&#34;)</span></p><p><a href=\"/links?type&#61;workstep&amp;workbook&#61;E12CAED8-7AD7-4CAF-85EF-B169820967B0&amp;worksheet&#61;ACC89624-060A-4413-BD8F-400120867448&amp;workstep&#61;0EE11328-9102-EE00-8AF3-136C55743B2A\" rel=\"nofollow noopener noreferrer\">Characterize well production phases</a> based on these predictions</p><p><a href=\"/links?type&#61;workstep&amp;workbook&#61;E12CAED8-7AD7-4CAF-85EF-B169820967B0&amp;worksheet&#61;ACC89624-060A-4413-BD8F-400120867448&amp;workstep&#61;0EE1132B-4790-60D0-AB6F-90343DC42FE1\" rel=\"nofollow noopener noreferrer\">Project production rate</a> to determine when the well will be depleted<br><i>(<strong>Do it!</strong> Create a notification for when the well is to be depleted)</i></p><p><a href=\"/links?type&#61;workstep&amp;workbook&#61;E12CAED8-7AD7-4CAF-85EF-B169820967B0&amp;worksheet&#61;ACC89624-060A-4413-BD8F-400120867448&amp;workstep&#61;0EE99D35-9CB0-62D0-B013-7B6EAA3BB5BD\" rel=\"nofollow noopener noreferrer\">Monitor projection against current operations</a><br><i>(<strong>Do it!</strong> Scale table across Various Wells asset group)</i></p><p><a href=\"/links?type&#61;workstep&amp;workbook&#61;E12CAED8-7AD7-4CAF-85EF-B169820967B0&amp;worksheet&#61;ACC89624-060A-4413-BD8F-400120867448&amp;workstep&#61;0EF65669-F2D9-F950-9B94-C19AEFE961E5\" rel=\"nofollow noopener noreferrer\"><i>Table View- Multi-well</i></a></p><p>\u00a0</p><p>\u00a0</p><p></p><h3><strong>\u2728 Action</strong></h3><p>2024-09-27 11:36:33</p><p><i>smooth my production rate signal using a 3 day window</i></p><h4>Action Results: Success</h4>\n\n<p>Created: 1 items</p><p><a href=\"/links?type&#61;workstep&amp;workbook&#61;E12CAED8-7AD7-4CAF-85EF-B169820967B0&amp;worksheet&#61;ACC89624-060A-4413-BD8F-400120867448&amp;workstep&#61;0EF7CEE8-3BE4-6440-821C-DBB9B7F7F6EA\" rel=\"nofollow noopener noreferrer\">Before</a>\u00a0\u00a0\u00a0<a href=\"/links?type&#61;workstep&amp;workbook&#61;E12CAED8-7AD7-4CAF-85EF-B169820967B0&amp;worksheet&#61;ACC89624-060A-4413-BD8F-400120867448&amp;workstep&#61;0EF7CEEA-8323-ECA0-99E6-C476A1D72C8D\" rel=\"nofollow noopener noreferrer\">After</a></p><p></p><h3><strong>\u2728 Action</strong></h3><p>2024-09-27 11:39:54</p><p><i>Create a prediction the models Production rate as a function of well life. Train it from 2014-2023. Use a 2nd order polynomial scale.</i></p><h4>Action Results: Success</h4>\n\n<p>Created: 1 items</p><p><a href=\"/links?type&#61;workstep&amp;workbook&#61;E12CAED8-7AD7-4CAF-85EF-B169820967B0&amp;worksheet&#61;ACC89624-060A-4413-BD8F-400120867448&amp;workstep&#61;0EF71154-8678-7350-907F-7B12F1FF0F97\" rel=\"nofollow noopener noreferrer\">Before</a>\u00a0\u00a0\u00a0<a href=\"/links?type&#61;workstep&amp;workbook&#61;E12CAED8-7AD7-4CAF-85EF-B169820967B0&amp;worksheet&#61;ACC89624-060A-4413-BD8F-400120867448&amp;workstep&#61;0EF7CEF1-FBAD-62A0-BBBA-03BACEFDC1FB\" rel=\"nofollow noopener noreferrer\">After</a></p>",
        "DocumentBackup\u02c9DEg3Lh5pLS4-lG84EjGXXXdzxhd1450vkLgiu8he2l8\u02c92024-11-07T14:43:00Z": "<h2 style=\"text-align:center;\"><strong>Well Depletion Forecast</strong></h2><figure class=\"table\"><table class=\"ck-table-resized\"><colgroup><col style=\"width:21.28%;\" /><col style=\"width:78.72%;\" /></colgroup><tbody><tr><td><figure class=\"image\"><img src=\"/api/annotations/59EBF6C7-66C9-44F2-9AC9-437734667810/images/rodpumplogo_v1.png\"></figure></td><td>A customer transferred this analysis to Seeq, <span style=\"color:hsl(210,75%,60%);\"><i><strong>saving hundreds of FTE hours each month</strong></i></span> while still helping to determine at scale when to decommission a well or implement an artificial lift</td></tr></tbody></table></figure><h3><strong>Problem Statement:</strong></h3><p>Well decline curves are used to project well production. Decades worth of data is required to accurately make this curve, leading to decline curve analyses being infrequently performed. By performing this analysis continuously, engineers can characterize their wells and monitor to suggest actions to increase production.\u00a0</p><h4><a href=\"/links?type&#61;workstep&amp;workbook&#61;E12CAED8-7AD7-4CAF-85EF-B169820967B0&amp;worksheet&#61;ACC89624-060A-4413-BD8F-400120867448&amp;workstep&#61;0EE11D2D-13D6-6490-B714-818494C8E4B2\" rel=\"nofollow noopener noreferrer\"><strong>Well Life Projection</strong></a><br><a href=\"/links?type&#61;workstep&amp;workbook&#61;E12CAED8-7AD7-4CAF-85EF-B169820967B0&amp;worksheet&#61;ACC89624-060A-4413-BD8F-400120867448&amp;workstep&#61;0EE9ACE8-ABA7-7500-9B23-F21B8400B214\" rel=\"nofollow noopener noreferrer\"><strong>Well Depletion Monitoring</strong></a><br>\u00a0</h4><h3><strong>Solution:</strong></h3><p><a href=\"/links?type&#61;workstep&amp;workbook&#61;E12CAED8-7AD7-4CAF-85EF-B169820967B0&amp;worksheet&#61;ACC89624-060A-4413-BD8F-400120867448&amp;workstep&#61;0EE1130D-2B7B-6020-B3B7-4AAE3E3CFCF0\" rel=\"nofollow noopener noreferrer\">Cleanse the production rate</a> to capture overall trends\u00a0<br><i>(<strong>Do it!</strong> </i><a href=\"/links?type&#61;workstep&amp;workbook&#61;E12CAED8-7AD7-4CAF-85EF-B169820967B0&amp;worksheet&#61;ACC89624-060A-4413-BD8F-400120867448&amp;workstep&#61;0EE1130E-5686-62F0-A9BF-B87704FA8033\" rel=\"nofollow noopener noreferrer\"><i>Start</i></a><i> smoothing the Production Rate using Signal Smoothing, Agile Filter of 3d)</i></p><p style=\"margin-left:40px;\">(<a href=\"/links?type&#61;workstep&amp;workbook&#61;E12CAED8-7AD7-4CAF-85EF-B169820967B0&amp;worksheet&#61;ACC89624-060A-4413-BD8F-400120867448&amp;workstep&#61;0EE1130E-5686-62F0-A9BF-B87704FA8033\" rel=\"nofollow noopener noreferrer\">Don&#39;t know how?</a> <strong>A</strong><i><strong>sk the AI Assistant!</strong></i> &#34;Smooth my production rate signal using a 3 day window&#34;)</p><p><a href=\"/links?type&#61;workstep&amp;workbook&#61;E12CAED8-7AD7-4CAF-85EF-B169820967B0&amp;worksheet&#61;ACC89624-060A-4413-BD8F-400120867448&amp;workstep&#61;0EE11312-BFAC-EAF0-AC34-5B93AFB28E32\" rel=\"nofollow noopener noreferrer\">Perform a decline curve analysis</a> to determine the behavior of this well<br><i>(<strong>Do it!</strong> </i><a href=\"/links?type&#61;workstep&amp;workbook&#61;E12CAED8-7AD7-4CAF-85EF-B169820967B0&amp;worksheet&#61;ACC89624-060A-4413-BD8F-400120867448&amp;workstep&#61;0EE11316-044D-EEE0-9CA1-DB725E1010DD\" rel=\"nofollow noopener noreferrer\"><i>Start</i></a><i> highlighting the lower portion of the plot where Cumulative Production &gt; 6000k bbl and create a condition for when to use a different prediction)</i></p><p><a href=\"/links?type&#61;workstep&amp;workbook&#61;E12CAED8-7AD7-4CAF-85EF-B169820967B0&amp;worksheet&#61;ACC89624-060A-4413-BD8F-400120867448&amp;workstep&#61;0EE99D32-25AF-66C0-946A-B8E640C947D1\" rel=\"nofollow noopener noreferrer\">Develop a predictive model</a> to characterize well production</p><p style=\"margin-left:40px;\">(<a href=\"/links?type&#61;workstep&amp;workbook&#61;E12CAED8-7AD7-4CAF-85EF-B169820967B0&amp;worksheet&#61;ACC89624-060A-4413-BD8F-400120867448&amp;workstep&#61;0EF71154-8678-7350-907F-7B12F1FF0F97\" rel=\"nofollow noopener noreferrer\">Don&#39;t know how?</a> <strong>Ask the AI Assi</strong><span style=\"color:hsl(0,0%,0%);\"><strong>stant!</strong> &#34;Create a prediction the models Production rate as a function of well life. Train it from 2014-2023. Use a 2nd order polynomial scale.&#34;)</span></p><p><a href=\"/links?type&#61;workstep&amp;workbook&#61;E12CAED8-7AD7-4CAF-85EF-B169820967B0&amp;worksheet&#61;ACC89624-060A-4413-BD8F-400120867448&amp;workstep&#61;0EE11328-9102-EE00-8AF3-136C55743B2A\" rel=\"nofollow noopener noreferrer\">Characterize well production phases</a> based on these predictions</p><p><a href=\"/links?type&#61;workstep&amp;workbook&#61;E12CAED8-7AD7-4CAF-85EF-B169820967B0&amp;worksheet&#61;ACC89624-060A-4413-BD8F-400120867448&amp;workstep&#61;0EE1132B-4790-60D0-AB6F-90343DC42FE1\" rel=\"nofollow noopener noreferrer\">Project production rate</a> to determine when the well will be depleted<br><i>(<strong>Do it!</strong> Create a notification for when the well is to be depleted)</i></p><p><a href=\"/links?type&#61;workstep&amp;workbook&#61;E12CAED8-7AD7-4CAF-85EF-B169820967B0&amp;worksheet&#61;ACC89624-060A-4413-BD8F-400120867448&amp;workstep&#61;0EE99D35-9CB0-62D0-B013-7B6EAA3BB5BD\" rel=\"nofollow noopener noreferrer\">Monitor projection against current operations</a><br><i>(<strong>Do it!</strong> Scale table across Various Wells asset group)</i></p><p><a href=\"/links?type&#61;workstep&amp;workbook&#61;E12CAED8-7AD7-4CAF-85EF-B169820967B0&amp;worksheet&#61;ACC89624-060A-4413-BD8F-400120867448&amp;workstep&#61;0EF65669-F2D9-F950-9B94-C19AEFE961E5\" rel=\"nofollow noopener noreferrer\"><i>Table View- Multi-well</i></a></p><p>\u00a0</p><h3><strong>\u2728 Action</strong></h3><p>2024-09-27 11:36:33</p><p><i>smooth my production rate signal using a 3 day window</i></p><h4>Action Results: Success</h4><p>Created: 1 items</p><p><a href=\"/links?type&#61;workstep&amp;workbook&#61;E12CAED8-7AD7-4CAF-85EF-B169820967B0&amp;worksheet&#61;ACC89624-060A-4413-BD8F-400120867448&amp;workstep&#61;0EF7CEE8-3BE4-6440-821C-DBB9B7F7F6EA\" rel=\"nofollow noopener noreferrer\">Before</a>\u00a0\u00a0 <a href=\"/links?type&#61;workstep&amp;workbook&#61;E12CAED8-7AD7-4CAF-85EF-B169820967B0&amp;worksheet&#61;ACC89624-060A-4413-BD8F-400120867448&amp;workstep&#61;0EF7CEEA-8323-ECA0-99E6-C476A1D72C8D\" rel=\"nofollow noopener noreferrer\">After</a></p><p>\u00a0</p><h3><strong>\u2728 Action</strong></h3><p>2024-09-27 11:39:54</p><p><i>Create a prediction the models Production rate as a function of well life. Train it from 2014-2023. Use a 2nd order polynomial scale.</i></p><h4>Action Results: Success</h4><p>Created: 1 items</p><p><a href=\"/links?type&#61;workstep&amp;workbook&#61;E12CAED8-7AD7-4CAF-85EF-B169820967B0&amp;worksheet&#61;ACC89624-060A-4413-BD8F-400120867448&amp;workstep&#61;0EF71154-8678-7350-907F-7B12F1FF0F97\" rel=\"nofollow noopener noreferrer\">Before</a>\u00a0\u00a0 <a href=\"/links?type&#61;workstep&amp;workbook&#61;E12CAED8-7AD7-4CAF-85EF-B169820967B0&amp;worksheet&#61;ACC89624-060A-4413-BD8F-400120867448&amp;workstep&#61;0EF7CEF1-FBAD-62A0-BBBA-03BACEFDC1FB\" rel=\"nofollow noopener noreferrer\">After</a></p>",
        "DocumentBackup\u02c9xND3hnImvsepKxxVdMzaUCutPsLg8NczCD4U_UNcPOk\u02c92024-09-12T14:42:00Z": "<h2 style=\"text-align:center;\"><strong>Well Depletion Forecast</strong></h2><figure class=\"table\"><table class=\"ck-table-resized\"><colgroup><col style=\"width:21.28%;\" /><col style=\"width:78.72%;\" /></colgroup><tbody><tr><td><figure class=\"image\"><img src=\"/api/annotations/59EBF6C7-66C9-44F2-9AC9-437734667810/images/rodpumplogo_v1.png\"></figure></td><td>A customer transferred this analysis to Seeq, <span style=\"color:hsl(210,75%,60%);\"><i><strong>saving hundreds of FTE hours each month</strong></i></span> while still helping to determine at scale when to decommission a well or implement an artificial lift</td></tr></tbody></table></figure><h3><strong>Problem Statement:</strong></h3><p>Well decline curves are used to project well production. Decades worth of data is required to accurately make this curve, leading to decline curve analyses being infrequently performed. By performing this analysis continuously, engineers can characterize their wells and monitor to suggest actions to increase production.\u00a0</p><h4><a href=\"/links?type&#61;workstep&amp;workbook&#61;E12CAED8-7AD7-4CAF-85EF-B169820967B0&amp;worksheet&#61;ACC89624-060A-4413-BD8F-400120867448&amp;workstep&#61;0EE11D2D-13D6-6490-B714-818494C8E4B2\" rel=\"nofollow noopener noreferrer\"><strong>Well Life Projection</strong></a><br><a href=\"/links?type&#61;workstep&amp;workbook&#61;E12CAED8-7AD7-4CAF-85EF-B169820967B0&amp;worksheet&#61;ACC89624-060A-4413-BD8F-400120867448&amp;workstep&#61;0EE9ACE8-ABA7-7500-9B23-F21B8400B214\" rel=\"nofollow noopener noreferrer\"><strong>Well Depletion Monitoring</strong></a><br>\u00a0</h4><h3><strong>Solution:</strong></h3><p><a href=\"/links?type&#61;workstep&amp;workbook&#61;E12CAED8-7AD7-4CAF-85EF-B169820967B0&amp;worksheet&#61;ACC89624-060A-4413-BD8F-400120867448&amp;workstep&#61;0EE1130D-2B7B-6020-B3B7-4AAE3E3CFCF0\" rel=\"nofollow noopener noreferrer\">Cleanse the production rate</a> to capture overall trends\u00a0<br><i>(<strong>Do it!</strong> </i><a href=\"/links?type&#61;workstep&amp;workbook&#61;E12CAED8-7AD7-4CAF-85EF-B169820967B0&amp;worksheet&#61;ACC89624-060A-4413-BD8F-400120867448&amp;workstep&#61;0EE1130E-5686-62F0-A9BF-B87704FA8033\" rel=\"nofollow noopener noreferrer\"><i>Start</i></a><i> smoothing the Production Rate using Signal Smoothing, Agile Filter of 3d)</i></p><p>(<a href=\"/links?type&#61;workstep&amp;workbook&#61;E12CAED8-7AD7-4CAF-85EF-B169820967B0&amp;worksheet&#61;ACC89624-060A-4413-BD8F-400120867448&amp;workstep&#61;0EE1130E-5686-62F0-A9BF-B87704FA8033\" rel=\"nofollow noopener noreferrer\">Don&#39;t know how?</a> <strong>A</strong><i><strong>sk the AI Assistant!</strong></i> &#34;Smooth my production rate signal using a 3 day window&#34;)</p><p><a href=\"/links?type&#61;workstep&amp;workbook&#61;E12CAED8-7AD7-4CAF-85EF-B169820967B0&amp;worksheet&#61;ACC89624-060A-4413-BD8F-400120867448&amp;workstep&#61;0EE11312-BFAC-EAF0-AC34-5B93AFB28E32\" rel=\"nofollow noopener noreferrer\">Perform a decline curve analysis</a> to determine the behavior of this well<br><i>(<strong>Do it!</strong> </i><a href=\"/links?type&#61;workstep&amp;workbook&#61;E12CAED8-7AD7-4CAF-85EF-B169820967B0&amp;worksheet&#61;ACC89624-060A-4413-BD8F-400120867448&amp;workstep&#61;0EE11316-044D-EEE0-9CA1-DB725E1010DD\" rel=\"nofollow noopener noreferrer\"><i>Start</i></a><i> highlighting the lower portion of the plot where Cumulative Production &gt; 6000k bbl and create a condition for when to use a different prediction)</i></p><p><a href=\"/links?type&#61;workstep&amp;workbook&#61;E12CAED8-7AD7-4CAF-85EF-B169820967B0&amp;worksheet&#61;ACC89624-060A-4413-BD8F-400120867448&amp;workstep&#61;0EE99D32-25AF-66C0-946A-B8E640C947D1\" rel=\"nofollow noopener noreferrer\">Develop a predictive model</a> to characterize well production</p><p>(Don&#39;t know how? Ask the aI Start</p><p><a href=\"/links?type&#61;workstep&amp;workbook&#61;E12CAED8-7AD7-4CAF-85EF-B169820967B0&amp;worksheet&#61;ACC89624-060A-4413-BD8F-400120867448&amp;workstep&#61;0EE11328-9102-EE00-8AF3-136C55743B2A\" rel=\"nofollow noopener noreferrer\">Characterize well production phases</a> based on these predictions</p><p><a href=\"/links?type&#61;workstep&amp;workbook&#61;E12CAED8-7AD7-4CAF-85EF-B169820967B0&amp;worksheet&#61;ACC89624-060A-4413-BD8F-400120867448&amp;workstep&#61;0EE1132B-4790-60D0-AB6F-90343DC42FE1\" rel=\"nofollow noopener noreferrer\">Project production rate</a> to determine when the well will be depleted<br><i>(<strong>Do it!</strong> Create a notification for when the well is to be depleted)</i></p><p><a href=\"/links?type&#61;workstep&amp;workbook&#61;E12CAED8-7AD7-4CAF-85EF-B169820967B0&amp;worksheet&#61;ACC89624-060A-4413-BD8F-400120867448&amp;workstep&#61;0EE99D35-9CB0-62D0-B013-7B6EAA3BB5BD\" rel=\"nofollow noopener noreferrer\">Monitor projection against current operations</a><br><i>(<strong>Do it!</strong> Scale table across Various Wells asset group)</i></p><p><a href=\"/links?type&#61;workstep&amp;workbook&#61;E12CAED8-7AD7-4CAF-85EF-B169820967B0&amp;worksheet&#61;ACC89624-060A-4413-BD8F-400120867448&amp;workstep&#61;0EF65669-F2D9-F950-9B94-C19AEFE961E5\" rel=\"nofollow noopener noreferrer\"><i>Table View- Multi-well</i></a></p><p>\u00a0</p><p>\u00a0</p><h3><strong>\u2728 Action</strong></h3><p>2024-09-12 09:39:23</p><p><i>Create a prediction that models production rate as a function of well life using a 2nd order polynomial scale</i></p><h4>Action Results: Success</h4><p>Created: 1 items</p><p><a href=\"/links?type&#61;workstep&amp;workbook&#61;E12CAED8-7AD7-4CAF-85EF-B169820967B0&amp;worksheet&#61;ACC89624-060A-4413-BD8F-400120867448&amp;workstep&#61;0EF7114B-16CB-71F0-B9CF-DA099D1F4F0F\" rel=\"nofollow noopener noreferrer\">Before</a>\u00a0\u00a0 <a href=\"/links?type&#61;workstep&amp;workbook&#61;E12CAED8-7AD7-4CAF-85EF-B169820967B0&amp;worksheet&#61;ACC89624-060A-4413-BD8F-400120867448&amp;workstep&#61;0EF7114C-D6EF-73E0-85E4-971307E1CA90\" rel=\"nofollow noopener noreferrer\">After</a></p><p>\u00a0</p><h3><strong>\u2728 Action</strong></h3><p>2024-09-12 09:41:28</p><p><i>create a prediction the models Production rate as a function of well life. Train it from 2014-2023. Use a 2nd order polynomial scale</i></p><h4>Action Results: Success</h4><p>Created: 1 items</p><p><a href=\"/links?type&#61;workstep&amp;workbook&#61;E12CAED8-7AD7-4CAF-85EF-B169820967B0&amp;worksheet&#61;ACC89624-060A-4413-BD8F-400120867448&amp;workstep&#61;0EF71150-B326-EA40-89A5-A848AA231F3F\" rel=\"nofollow noopener noreferrer\">Before</a>\u00a0\u00a0 <a href=\"/links?type&#61;workstep&amp;workbook&#61;E12CAED8-7AD7-4CAF-85EF-B169820967B0&amp;worksheet&#61;ACC89624-060A-4413-BD8F-400120867448&amp;workstep&#61;0EF71151-818B-E8E0-B0C7-B0029F0CA266\" rel=\"nofollow noopener noreferrer\">After</a></p>",
        "DocumentBackup\u02c9xND3hnImvsepKxxVdMzaUCutPsLg8NczCD4U_UNcPOk\u02c92024-09-12T14:43:00Z": "<h2 style=\"text-align:center;\"><strong>Well Depletion Forecast</strong></h2><figure class=\"table\"><table class=\"ck-table-resized\"><colgroup><col style=\"width:21.28%;\" /><col style=\"width:78.72%;\" /></colgroup><tbody><tr><td><figure class=\"image\"><img src=\"/api/annotations/59EBF6C7-66C9-44F2-9AC9-437734667810/images/rodpumplogo_v1.png\"></figure></td><td>A customer transferred this analysis to Seeq, <span style=\"color:hsl(210,75%,60%);\"><i><strong>saving hundreds of FTE hours each month</strong></i></span> while still helping to determine at scale when to decommission a well or implement an artificial lift</td></tr></tbody></table></figure><h3><strong>Problem Statement:</strong></h3><p>Well decline curves are used to project well production. Decades worth of data is required to accurately make this curve, leading to decline curve analyses being infrequently performed. By performing this analysis continuously, engineers can characterize their wells and monitor to suggest actions to increase production.\u00a0</p><h4><a href=\"/links?type&#61;workstep&amp;workbook&#61;E12CAED8-7AD7-4CAF-85EF-B169820967B0&amp;worksheet&#61;ACC89624-060A-4413-BD8F-400120867448&amp;workstep&#61;0EE11D2D-13D6-6490-B714-818494C8E4B2\" rel=\"nofollow noopener noreferrer\"><strong>Well Life Projection</strong></a><br><a href=\"/links?type&#61;workstep&amp;workbook&#61;E12CAED8-7AD7-4CAF-85EF-B169820967B0&amp;worksheet&#61;ACC89624-060A-4413-BD8F-400120867448&amp;workstep&#61;0EE9ACE8-ABA7-7500-9B23-F21B8400B214\" rel=\"nofollow noopener noreferrer\"><strong>Well Depletion Monitoring</strong></a><br>\u00a0</h4><h3><strong>Solution:</strong></h3><p><a href=\"/links?type&#61;workstep&amp;workbook&#61;E12CAED8-7AD7-4CAF-85EF-B169820967B0&amp;worksheet&#61;ACC89624-060A-4413-BD8F-400120867448&amp;workstep&#61;0EE1130D-2B7B-6020-B3B7-4AAE3E3CFCF0\" rel=\"nofollow noopener noreferrer\">Cleanse the production rate</a> to capture overall trends\u00a0<br><i>(<strong>Do it!</strong> </i><a href=\"/links?type&#61;workstep&amp;workbook&#61;E12CAED8-7AD7-4CAF-85EF-B169820967B0&amp;worksheet&#61;ACC89624-060A-4413-BD8F-400120867448&amp;workstep&#61;0EE1130E-5686-62F0-A9BF-B87704FA8033\" rel=\"nofollow noopener noreferrer\"><i>Start</i></a><i> smoothing the Production Rate using Signal Smoothing, Agile Filter of 3d)</i></p><p>(<a href=\"/links?type&#61;workstep&amp;workbook&#61;E12CAED8-7AD7-4CAF-85EF-B169820967B0&amp;worksheet&#61;ACC89624-060A-4413-BD8F-400120867448&amp;workstep&#61;0EE1130E-5686-62F0-A9BF-B87704FA8033\" rel=\"nofollow noopener noreferrer\">Don&#39;t know how?</a> <strong>A</strong><i><strong>sk the AI Assistant!</strong></i> &#34;Smooth my production rate signal using a 3 day window&#34;)</p><p><a href=\"/links?type&#61;workstep&amp;workbook&#61;E12CAED8-7AD7-4CAF-85EF-B169820967B0&amp;worksheet&#61;ACC89624-060A-4413-BD8F-400120867448&amp;workstep&#61;0EE11312-BFAC-EAF0-AC34-5B93AFB28E32\" rel=\"nofollow noopener noreferrer\">Perform a decline curve analysis</a> to determine the behavior of this well<br><i>(<strong>Do it!</strong> </i><a href=\"/links?type&#61;workstep&amp;workbook&#61;E12CAED8-7AD7-4CAF-85EF-B169820967B0&amp;worksheet&#61;ACC89624-060A-4413-BD8F-400120867448&amp;workstep&#61;0EE11316-044D-EEE0-9CA1-DB725E1010DD\" rel=\"nofollow noopener noreferrer\"><i>Start</i></a><i> highlighting the lower portion of the plot where Cumulative Production &gt; 6000k bbl and create a condition for when to use a different prediction)</i></p><p><a href=\"/links?type&#61;workstep&amp;workbook&#61;E12CAED8-7AD7-4CAF-85EF-B169820967B0&amp;worksheet&#61;ACC89624-060A-4413-BD8F-400120867448&amp;workstep&#61;0EE99D32-25AF-66C0-946A-B8E640C947D1\" rel=\"nofollow noopener noreferrer\">Develop a predictive model</a> to characterize well production</p><p>(<a href=\"/links?type&#61;workstep&amp;workbook&#61;E12CAED8-7AD7-4CAF-85EF-B169820967B0&amp;worksheet&#61;ACC89624-060A-4413-BD8F-400120867448&amp;workstep&#61;0EF71154-8678-7350-907F-7B12F1FF0F97\" rel=\"nofollow noopener noreferrer\">Don&#39;t know how?</a> <strong>Ask the AI Assi</strong><span style=\"color:hsl(0, 0%, 0%);\"><strong>stant!</strong> &#34;Create a prediction the models Production rate as a function of well life. Train it from 2014-2023. Use a 2nd order polynomial scale.&#34;)</span></p><p><a href=\"/links?type&#61;workstep&amp;workbook&#61;E12CAED8-7AD7-4CAF-85EF-B169820967B0&amp;worksheet&#61;ACC89624-060A-4413-BD8F-400120867448&amp;workstep&#61;0EE11328-9102-EE00-8AF3-136C55743B2A\" rel=\"nofollow noopener noreferrer\">Characterize well production phases</a> based on these predictions</p><p><a href=\"/links?type&#61;workstep&amp;workbook&#61;E12CAED8-7AD7-4CAF-85EF-B169820967B0&amp;worksheet&#61;ACC89624-060A-4413-BD8F-400120867448&amp;workstep&#61;0EE1132B-4790-60D0-AB6F-90343DC42FE1\" rel=\"nofollow noopener noreferrer\">Project production rate</a> to determine when the well will be depleted<br><i>(<strong>Do it!</strong> Create a notification for when the well is to be depleted)</i></p><p><a href=\"/links?type&#61;workstep&amp;workbook&#61;E12CAED8-7AD7-4CAF-85EF-B169820967B0&amp;worksheet&#61;ACC89624-060A-4413-BD8F-400120867448&amp;workstep&#61;0EE99D35-9CB0-62D0-B013-7B6EAA3BB5BD\" rel=\"nofollow noopener noreferrer\">Monitor projection against current operations</a><br><i>(<strong>Do it!</strong> Scale table across Various Wells asset group)</i></p><p><a href=\"/links?type&#61;workstep&amp;workbook&#61;E12CAED8-7AD7-4CAF-85EF-B169820967B0&amp;worksheet&#61;ACC89624-060A-4413-BD8F-400120867448&amp;workstep&#61;0EF65669-F2D9-F950-9B94-C19AEFE961E5\" rel=\"nofollow noopener noreferrer\"><i>Table View- Multi-well</i></a></p><p>\u00a0</p><p>\u00a0</p><h3><strong>\u2728 Action</strong></h3><p>2024-09-12 09:39:23</p><p><i>Create a prediction that models production rate as a function of well life using a 2nd order polynomial scale</i></p><h4>Action Results: Success</h4><p>Created: 1 items</p><p><a href=\"/links?type&#61;workstep&amp;workbook&#61;E12CAED8-7AD7-4CAF-85EF-B169820967B0&amp;worksheet&#61;ACC89624-060A-4413-BD8F-400120867448&amp;workstep&#61;0EF7114B-16CB-71F0-B9CF-DA099D1F4F0F\" rel=\"nofollow noopener noreferrer\">Before</a>\u00a0\u00a0 <a href=\"/links?type&#61;workstep&amp;workbook&#61;E12CAED8-7AD7-4CAF-85EF-B169820967B0&amp;worksheet&#61;ACC89624-060A-4413-BD8F-400120867448&amp;workstep&#61;0EF7114C-D6EF-73E0-85E4-971307E1CA90\" rel=\"nofollow noopener noreferrer\">After</a></p><p>\u00a0</p><h3><strong>\u2728 Action</strong></h3><p>2024-09-12 09:41:28</p><p><i>create a prediction the models Production rate as a function of well life. Train it from 2014-2023. Use a 2nd order polynomial scale</i></p><h4>Action Results: Success</h4><p>Created: 1 items</p><p><a href=\"/links?type&#61;workstep&amp;workbook&#61;E12CAED8-7AD7-4CAF-85EF-B169820967B0&amp;worksheet&#61;ACC89624-060A-4413-BD8F-400120867448&amp;workstep&#61;0EF71150-B326-EA40-89A5-A848AA231F3F\" rel=\"nofollow noopener noreferrer\">Before</a>\u00a0\u00a0 <a href=\"/links?type&#61;workstep&amp;workbook&#61;E12CAED8-7AD7-4CAF-85EF-B169820967B0&amp;worksheet&#61;ACC89624-060A-4413-BD8F-400120867448&amp;workstep&#61;0EF71151-818B-E8E0-B0C7-B0029F0CA266\" rel=\"nofollow noopener noreferrer\">After</a></p>",
        "DocumentBackup\u02c9xND3hnImvsepKxxVdMzaUCutPsLg8NczCD4U_UNcPOk\u02c92024-09-12T15:36:00Z": "<h2 style=\"text-align:center;\"><strong>Well Depletion Forecast</strong></h2><figure class=\"table\"><table class=\"ck-table-resized\"><colgroup><col style=\"width:21.28%;\" /><col style=\"width:78.72%;\" /></colgroup><tbody><tr><td><figure class=\"image\"><img src=\"/api/annotations/59EBF6C7-66C9-44F2-9AC9-437734667810/images/rodpumplogo_v1.png\"></figure></td><td>A customer transferred this analysis to Seeq, <span style=\"color:hsl(210,75%,60%);\"><i><strong>saving hundreds of FTE hours each month</strong></i></span> while still helping to determine at scale when to decommission a well or implement an artificial lift</td></tr></tbody></table></figure><h3><strong>Problem Statement:</strong></h3><p>Well decline curves are used to project well production. Decades worth of data is required to accurately make this curve, leading to decline curve analyses being infrequently performed. By performing this analysis continuously, engineers can characterize their wells and monitor to suggest actions to increase production.\u00a0</p><h4><a href=\"/links?type&#61;workstep&amp;workbook&#61;E12CAED8-7AD7-4CAF-85EF-B169820967B0&amp;worksheet&#61;ACC89624-060A-4413-BD8F-400120867448&amp;workstep&#61;0EE11D2D-13D6-6490-B714-818494C8E4B2\" rel=\"nofollow noopener noreferrer\"><strong>Well Life Projection</strong></a><br><a href=\"/links?type&#61;workstep&amp;workbook&#61;E12CAED8-7AD7-4CAF-85EF-B169820967B0&amp;worksheet&#61;ACC89624-060A-4413-BD8F-400120867448&amp;workstep&#61;0EE9ACE8-ABA7-7500-9B23-F21B8400B214\" rel=\"nofollow noopener noreferrer\"><strong>Well Depletion Monitoring</strong></a><br>\u00a0</h4><h3><strong>Solution:</strong></h3><p><a href=\"/links?type&#61;workstep&amp;workbook&#61;E12CAED8-7AD7-4CAF-85EF-B169820967B0&amp;worksheet&#61;ACC89624-060A-4413-BD8F-400120867448&amp;workstep&#61;0EE1130D-2B7B-6020-B3B7-4AAE3E3CFCF0\" rel=\"nofollow noopener noreferrer\">Cleanse the production rate</a> to capture overall trends\u00a0<br><i>(<strong>Do it!</strong> </i><a href=\"/links?type&#61;workstep&amp;workbook&#61;E12CAED8-7AD7-4CAF-85EF-B169820967B0&amp;worksheet&#61;ACC89624-060A-4413-BD8F-400120867448&amp;workstep&#61;0EE1130E-5686-62F0-A9BF-B87704FA8033\" rel=\"nofollow noopener noreferrer\"><i>Start</i></a><i> smoothing the Production Rate using Signal Smoothing, Agile Filter of 3d)</i></p><p style=\"margin-left:40px;\">(<a href=\"/links?type&#61;workstep&amp;workbook&#61;E12CAED8-7AD7-4CAF-85EF-B169820967B0&amp;worksheet&#61;ACC89624-060A-4413-BD8F-400120867448&amp;workstep&#61;0EE1130E-5686-62F0-A9BF-B87704FA8033\" rel=\"nofollow noopener noreferrer\">Don&#39;t know how?</a> <strong>A</strong><i><strong>sk the AI Assistant!</strong></i> &#34;Smooth my production rate signal using a 3 day window&#34;)</p><p><a href=\"/links?type&#61;workstep&amp;workbook&#61;E12CAED8-7AD7-4CAF-85EF-B169820967B0&amp;worksheet&#61;ACC89624-060A-4413-BD8F-400120867448&amp;workstep&#61;0EE11312-BFAC-EAF0-AC34-5B93AFB28E32\" rel=\"nofollow noopener noreferrer\">Perform a decline curve analysis</a> to determine the behavior of this well<br><i>(<strong>Do it!</strong> </i><a href=\"/links?type&#61;workstep&amp;workbook&#61;E12CAED8-7AD7-4CAF-85EF-B169820967B0&amp;worksheet&#61;ACC89624-060A-4413-BD8F-400120867448&amp;workstep&#61;0EE11316-044D-EEE0-9CA1-DB725E1010DD\" rel=\"nofollow noopener noreferrer\"><i>Start</i></a><i> highlighting the lower portion of the plot where Cumulative Production &gt; 6000k bbl and create a condition for when to use a different prediction)</i></p><p><a href=\"/links?type&#61;workstep&amp;workbook&#61;E12CAED8-7AD7-4CAF-85EF-B169820967B0&amp;worksheet&#61;ACC89624-060A-4413-BD8F-400120867448&amp;workstep&#61;0EE99D32-25AF-66C0-946A-B8E640C947D1\" rel=\"nofollow noopener noreferrer\">Develop a predictive model</a> to characterize well production</p><p style=\"margin-left:40px;\">(<a href=\"/links?type&#61;workstep&amp;workbook&#61;E12CAED8-7AD7-4CAF-85EF-B169820967B0&amp;worksheet&#61;ACC89624-060A-4413-BD8F-400120867448&amp;workstep&#61;0EF71154-8678-7350-907F-7B12F1FF0F97\" rel=\"nofollow noopener noreferrer\">Don&#39;t know how?</a> <strong>Ask the AI Assi</strong><span style=\"color:hsl(0,0%,0%);\"><strong>stant!</strong> &#34;Create a prediction the models Production rate as a function of well life. Train it from 2014-2023. Use a 2nd order polynomial scale.&#34;)</span></p><p><a href=\"/links?type&#61;workstep&amp;workbook&#61;E12CAED8-7AD7-4CAF-85EF-B169820967B0&amp;worksheet&#61;ACC89624-060A-4413-BD8F-400120867448&amp;workstep&#61;0EE11328-9102-EE00-8AF3-136C55743B2A\" rel=\"nofollow noopener noreferrer\">Characterize well production phases</a> based on these predictions</p><p><a href=\"/links?type&#61;workstep&amp;workbook&#61;E12CAED8-7AD7-4CAF-85EF-B169820967B0&amp;worksheet&#61;ACC89624-060A-4413-BD8F-400120867448&amp;workstep&#61;0EE1132B-4790-60D0-AB6F-90343DC42FE1\" rel=\"nofollow noopener noreferrer\">Project production rate</a> to determine when the well will be depleted<br><i>(<strong>Do it!</strong> Create a notification for when the well is to be depleted)</i></p><p><a href=\"/links?type&#61;workstep&amp;workbook&#61;E12CAED8-7AD7-4CAF-85EF-B169820967B0&amp;worksheet&#61;ACC89624-060A-4413-BD8F-400120867448&amp;workstep&#61;0EE99D35-9CB0-62D0-B013-7B6EAA3BB5BD\" rel=\"nofollow noopener noreferrer\">Monitor projection against current operations</a><br><i>(<strong>Do it!</strong> Scale table across Various Wells asset group)</i></p><p><a href=\"/links?type&#61;workstep&amp;workbook&#61;E12CAED8-7AD7-4CAF-85EF-B169820967B0&amp;worksheet&#61;ACC89624-060A-4413-BD8F-400120867448&amp;workstep&#61;0EF65669-F2D9-F950-9B94-C19AEFE961E5\" rel=\"nofollow noopener noreferrer\"><i>Table View- Multi-well</i></a></p><p>\u00a0</p><p>\u00a0</p><h3><strong>\u2728 Action</strong></h3><p>2024-09-12 09:39:23</p><p><i>Create a prediction that models production rate as a function of well life using a 2nd order polynomial scale</i></p><h4>Action Results: Success</h4><p>Created: 1 items</p><p><a href=\"/links?type&#61;workstep&amp;workbook&#61;E12CAED8-7AD7-4CAF-85EF-B169820967B0&amp;worksheet&#61;ACC89624-060A-4413-BD8F-400120867448&amp;workstep&#61;0EF7114B-16CB-71F0-B9CF-DA099D1F4F0F\" rel=\"nofollow noopener noreferrer\">Before</a>\u00a0\u00a0 <a href=\"/links?type&#61;workstep&amp;workbook&#61;E12CAED8-7AD7-4CAF-85EF-B169820967B0&amp;worksheet&#61;ACC89624-060A-4413-BD8F-400120867448&amp;workstep&#61;0EF7114C-D6EF-73E0-85E4-971307E1CA90\" rel=\"nofollow noopener noreferrer\">After</a></p><p>\u00a0</p><h3><strong>\u2728 Action</strong></h3><p>2024-09-12 09:41:28</p><p><i>create a prediction the models Production rate as a function of well life. Train it from 2014-2023. Use a 2nd order polynomial scale</i></p><h4>Action Results: Success</h4><p>Created: 1 items</p><p><a href=\"/links?type&#61;workstep&amp;workbook&#61;E12CAED8-7AD7-4CAF-85EF-B169820967B0&amp;worksheet&#61;ACC89624-060A-4413-BD8F-400120867448&amp;workstep&#61;0EF71150-B326-EA40-89A5-A848AA231F3F\" rel=\"nofollow noopener noreferrer\">Before</a>\u00a0\u00a0 <a href=\"/links?type&#61;workstep&amp;workbook&#61;E12CAED8-7AD7-4CAF-85EF-B169820967B0&amp;worksheet&#61;ACC89624-060A-4413-BD8F-400120867448&amp;workstep&#61;0EF71151-818B-E8E0-B0C7-B0029F0CA266\" rel=\"nofollow noopener noreferrer\">After</a></p><p>\u00a0</p><h3><strong>\u2728 Action</strong></h3><p>2024-09-12 09:43:31</p><p><i>Create a prediction the models Production rate as a function of well life. Train it from 2014-2023. Use a 2nd order polynomial scale.</i></p><h4>Action Results: Success</h4><p>Created: 1 items</p><p><a href=\"/links?type&#61;workstep&amp;workbook&#61;E12CAED8-7AD7-4CAF-85EF-B169820967B0&amp;worksheet&#61;ACC89624-060A-4413-BD8F-400120867448&amp;workstep&#61;0EF71154-8678-7350-907F-7B12F1FF0F97\" rel=\"nofollow noopener noreferrer\">Before</a>\u00a0\u00a0 <a href=\"/links?type&#61;workstep&amp;workbook&#61;E12CAED8-7AD7-4CAF-85EF-B169820967B0&amp;worksheet&#61;ACC89624-060A-4413-BD8F-400120867448&amp;workstep&#61;0EF71156-1477-66A0-B438-2F6681AFE427\" rel=\"nofollow noopener noreferrer\">After</a></p><p></p><h3><strong>\u2728 Action</strong></h3><p>2024-09-12 10:36:07</p><p><i>smooth my production rate signal using a 3 day window</i></p><h4>Action Results: Success</h4>\n<p>Created: 1 items</p><p><a href=\"/links?type&#61;workstep&amp;workbook&#61;E12CAED8-7AD7-4CAF-85EF-B169820967B0&amp;worksheet&#61;ACC89624-060A-4413-BD8F-400120867448&amp;workstep&#61;0EF711CA-FE57-EC10-8028-3FDFF198C84D\" rel=\"nofollow noopener noreferrer\">Before</a>\u00a0\u00a0\u00a0<a href=\"/links?type&#61;workstep&amp;workbook&#61;E12CAED8-7AD7-4CAF-85EF-B169820967B0&amp;worksheet&#61;ACC89624-060A-4413-BD8F-400120867448&amp;workstep&#61;0EF711CB-A46A-6670-AC46-8690261E815C\" rel=\"nofollow noopener noreferrer\">After</a></p>",
        "DocumentBackup\u02c9xND3hnImvsepKxxVdMzaUCutPsLg8NczCD4U_UNcPOk\u02c92024-09-12T15:37:00Z": "<h2 style=\"text-align:center;\"><strong>Well Depletion Forecast</strong></h2><figure class=\"table\"><table class=\"ck-table-resized\"><colgroup><col style=\"width:21.28%;\" /><col style=\"width:78.72%;\" /></colgroup><tbody><tr><td><figure class=\"image\"><img src=\"/api/annotations/59EBF6C7-66C9-44F2-9AC9-437734667810/images/rodpumplogo_v1.png\"></figure></td><td>A customer transferred this analysis to Seeq, <span style=\"color:hsl(210,75%,60%);\"><i><strong>saving hundreds of FTE hours each month</strong></i></span> while still helping to determine at scale when to decommission a well or implement an artificial lift</td></tr></tbody></table></figure><h3><strong>Problem Statement:</strong></h3><p>Well decline curves are used to project well production. Decades worth of data is required to accurately make this curve, leading to decline curve analyses being infrequently performed. By performing this analysis continuously, engineers can characterize their wells and monitor to suggest actions to increase production.\u00a0</p><h4><a href=\"/links?type&#61;workstep&amp;workbook&#61;E12CAED8-7AD7-4CAF-85EF-B169820967B0&amp;worksheet&#61;ACC89624-060A-4413-BD8F-400120867448&amp;workstep&#61;0EE11D2D-13D6-6490-B714-818494C8E4B2\" rel=\"nofollow noopener noreferrer\"><strong>Well Life Projection</strong></a><br><a href=\"/links?type&#61;workstep&amp;workbook&#61;E12CAED8-7AD7-4CAF-85EF-B169820967B0&amp;worksheet&#61;ACC89624-060A-4413-BD8F-400120867448&amp;workstep&#61;0EE9ACE8-ABA7-7500-9B23-F21B8400B214\" rel=\"nofollow noopener noreferrer\"><strong>Well Depletion Monitoring</strong></a><br>\u00a0</h4><h3><strong>Solution:</strong></h3><p><a href=\"/links?type&#61;workstep&amp;workbook&#61;E12CAED8-7AD7-4CAF-85EF-B169820967B0&amp;worksheet&#61;ACC89624-060A-4413-BD8F-400120867448&amp;workstep&#61;0EE1130D-2B7B-6020-B3B7-4AAE3E3CFCF0\" rel=\"nofollow noopener noreferrer\">Cleanse the production rate</a> to capture overall trends\u00a0<br><i>(<strong>Do it!</strong> </i><a href=\"/links?type&#61;workstep&amp;workbook&#61;E12CAED8-7AD7-4CAF-85EF-B169820967B0&amp;worksheet&#61;ACC89624-060A-4413-BD8F-400120867448&amp;workstep&#61;0EE1130E-5686-62F0-A9BF-B87704FA8033\" rel=\"nofollow noopener noreferrer\"><i>Start</i></a><i> smoothing the Production Rate using Signal Smoothing, Agile Filter of 3d)</i></p><p style=\"margin-left:40px;\">(<a href=\"/links?type&#61;workstep&amp;workbook&#61;E12CAED8-7AD7-4CAF-85EF-B169820967B0&amp;worksheet&#61;ACC89624-060A-4413-BD8F-400120867448&amp;workstep&#61;0EE1130E-5686-62F0-A9BF-B87704FA8033\" rel=\"nofollow noopener noreferrer\">Don&#39;t know how?</a> <strong>A</strong><i><strong>sk the AI Assistant!</strong></i> &#34;Smooth my production rate signal using a 3 day window&#34;)</p><p><a href=\"/links?type&#61;workstep&amp;workbook&#61;E12CAED8-7AD7-4CAF-85EF-B169820967B0&amp;worksheet&#61;ACC89624-060A-4413-BD8F-400120867448&amp;workstep&#61;0EE11312-BFAC-EAF0-AC34-5B93AFB28E32\" rel=\"nofollow noopener noreferrer\">Perform a decline curve analysis</a> to determine the behavior of this well<br><i>(<strong>Do it!</strong> </i><a href=\"/links?type&#61;workstep&amp;workbook&#61;E12CAED8-7AD7-4CAF-85EF-B169820967B0&amp;worksheet&#61;ACC89624-060A-4413-BD8F-400120867448&amp;workstep&#61;0EE11316-044D-EEE0-9CA1-DB725E1010DD\" rel=\"nofollow noopener noreferrer\"><i>Start</i></a><i> highlighting the lower portion of the plot where Cumulative Production &gt; 6000k bbl and create a condition for when to use a different prediction)</i></p><p><a href=\"/links?type&#61;workstep&amp;workbook&#61;E12CAED8-7AD7-4CAF-85EF-B169820967B0&amp;worksheet&#61;ACC89624-060A-4413-BD8F-400120867448&amp;workstep&#61;0EE99D32-25AF-66C0-946A-B8E640C947D1\" rel=\"nofollow noopener noreferrer\">Develop a predictive model</a> to characterize well production</p><p style=\"margin-left:40px;\">(<a href=\"/links?type&#61;workstep&amp;workbook&#61;E12CAED8-7AD7-4CAF-85EF-B169820967B0&amp;worksheet&#61;ACC89624-060A-4413-BD8F-400120867448&amp;workstep&#61;0EF71154-8678-7350-907F-7B12F1FF0F97\" rel=\"nofollow noopener noreferrer\">Don&#39;t know how?</a> <strong>Ask the AI Assi</strong><span style=\"color:hsl(0,0%,0%);\"><strong>stant!</strong> &#34;Create a prediction the models Production rate as a function of well life. Train it from 2014-2023. Use a 2nd order polynomial scale.&#34;)</span></p><p><a href=\"/links?type&#61;workstep&amp;workbook&#61;E12CAED8-7AD7-4CAF-85EF-B169820967B0&amp;worksheet&#61;ACC89624-060A-4413-BD8F-400120867448&amp;workstep&#61;0EE11328-9102-EE00-8AF3-136C55743B2A\" rel=\"nofollow noopener noreferrer\">Characterize well production phases</a> based on these predictions</p><p><a href=\"/links?type&#61;workstep&amp;workbook&#61;E12CAED8-7AD7-4CAF-85EF-B169820967B0&amp;worksheet&#61;ACC89624-060A-4413-BD8F-400120867448&amp;workstep&#61;0EE1132B-4790-60D0-AB6F-90343DC42FE1\" rel=\"nofollow noopener noreferrer\">Project production rate</a> to determine when the well will be depleted<br><i>(<strong>Do it!</strong> Create a notification for when the well is to be depleted)</i></p><p><a href=\"/links?type&#61;workstep&amp;workbook&#61;E12CAED8-7AD7-4CAF-85EF-B169820967B0&amp;worksheet&#61;ACC89624-060A-4413-BD8F-400120867448&amp;workstep&#61;0EE99D35-9CB0-62D0-B013-7B6EAA3BB5BD\" rel=\"nofollow noopener noreferrer\">Monitor projection against current operations</a><br><i>(<strong>Do it!</strong> Scale table across Various Wells asset group)</i></p><p><a href=\"/links?type&#61;workstep&amp;workbook&#61;E12CAED8-7AD7-4CAF-85EF-B169820967B0&amp;worksheet&#61;ACC89624-060A-4413-BD8F-400120867448&amp;workstep&#61;0EF65669-F2D9-F950-9B94-C19AEFE961E5\" rel=\"nofollow noopener noreferrer\"><i>Table View- Multi-well</i></a></p><p>\u00a0</p><p>\u00a0</p><h3><strong>\u2728 Action</strong></h3><p>2024-09-12 09:39:23</p><p><i>Create a prediction that models production rate as a function of well life using a 2nd order polynomial scale</i></p><h4>Action Results: Success</h4><p>Created: 1 items</p><p><a href=\"/links?type&#61;workstep&amp;workbook&#61;E12CAED8-7AD7-4CAF-85EF-B169820967B0&amp;worksheet&#61;ACC89624-060A-4413-BD8F-400120867448&amp;workstep&#61;0EF7114B-16CB-71F0-B9CF-DA099D1F4F0F\" rel=\"nofollow noopener noreferrer\">Before</a>\u00a0\u00a0 <a href=\"/links?type&#61;workstep&amp;workbook&#61;E12CAED8-7AD7-4CAF-85EF-B169820967B0&amp;worksheet&#61;ACC89624-060A-4413-BD8F-400120867448&amp;workstep&#61;0EF7114C-D6EF-73E0-85E4-971307E1CA90\" rel=\"nofollow noopener noreferrer\">After</a></p><p>\u00a0</p><h3><strong>\u2728 Action</strong></h3><p>2024-09-12 09:41:28</p><p><i>create a prediction the models Production rate as a function of well life. Train it from 2014-2023. Use a 2nd order polynomial scale</i></p><h4>Action Results: Success</h4><p>Created: 1 items</p><p><a href=\"/links?type&#61;workstep&amp;workbook&#61;E12CAED8-7AD7-4CAF-85EF-B169820967B0&amp;worksheet&#61;ACC89624-060A-4413-BD8F-400120867448&amp;workstep&#61;0EF71150-B326-EA40-89A5-A848AA231F3F\" rel=\"nofollow noopener noreferrer\">Before</a>\u00a0\u00a0 <a href=\"/links?type&#61;workstep&amp;workbook&#61;E12CAED8-7AD7-4CAF-85EF-B169820967B0&amp;worksheet&#61;ACC89624-060A-4413-BD8F-400120867448&amp;workstep&#61;0EF71151-818B-E8E0-B0C7-B0029F0CA266\" rel=\"nofollow noopener noreferrer\">After</a></p><p>\u00a0</p><h3><strong>\u2728 Action</strong></h3><p>2024-09-12 09:43:31</p><p><i>Create a prediction the models Production rate as a function of well life. Train it from 2014-2023. Use a 2nd order polynomial scale.</i></p><h4>Action Results: Success</h4><p>Created: 1 items</p><p><a href=\"/links?type&#61;workstep&amp;workbook&#61;E12CAED8-7AD7-4CAF-85EF-B169820967B0&amp;worksheet&#61;ACC89624-060A-4413-BD8F-400120867448&amp;workstep&#61;0EF71154-8678-7350-907F-7B12F1FF0F97\" rel=\"nofollow noopener noreferrer\">Before</a>\u00a0\u00a0 <a href=\"/links?type&#61;workstep&amp;workbook&#61;E12CAED8-7AD7-4CAF-85EF-B169820967B0&amp;worksheet&#61;ACC89624-060A-4413-BD8F-400120867448&amp;workstep&#61;0EF71156-1477-66A0-B438-2F6681AFE427\" rel=\"nofollow noopener noreferrer\">After</a></p><p></p><h3><strong>\u2728 Action</strong></h3><p>2024-09-12 10:36:07</p><p><i>smooth my production rate signal using a 3 day window</i></p><h4>Action Results: Success</h4>\n<p>Created: 1 items</p><p><a href=\"/links?type&#61;workstep&amp;workbook&#61;E12CAED8-7AD7-4CAF-85EF-B169820967B0&amp;worksheet&#61;ACC89624-060A-4413-BD8F-400120867448&amp;workstep&#61;0EF711CA-FE57-EC10-8028-3FDFF198C84D\" rel=\"nofollow noopener noreferrer\">Before</a>\u00a0\u00a0\u00a0<a href=\"/links?type&#61;workstep&amp;workbook&#61;E12CAED8-7AD7-4CAF-85EF-B169820967B0&amp;worksheet&#61;ACC89624-060A-4413-BD8F-400120867448&amp;workstep&#61;0EF711CB-A46A-6670-AC46-8690261E815C\" rel=\"nofollow noopener noreferrer\">After</a></p><p></p><h3><strong>\u2728 Action</strong></h3><p>2024-09-12 10:37:18</p><p><i>Create a prediction the models Production rate as a function of well life. Train it from 2014-2023. Use a 2nd order polynomial scale.</i></p><h4>Action Results: Success</h4>\n<p>Created: 1 items</p><p><a href=\"/links?type&#61;workstep&amp;workbook&#61;E12CAED8-7AD7-4CAF-85EF-B169820967B0&amp;worksheet&#61;ACC89624-060A-4413-BD8F-400120867448&amp;workstep&#61;0EF711CD-785D-7530-99A8-BBDEB5EC3C81\" rel=\"nofollow noopener noreferrer\">Before</a>\u00a0\u00a0\u00a0<a href=\"/links?type&#61;workstep&amp;workbook&#61;E12CAED8-7AD7-4CAF-85EF-B169820967B0&amp;worksheet&#61;ACC89624-060A-4413-BD8F-400120867448&amp;workstep&#61;0EF711CE-4A16-64A0-B6DA-6C5B810D954A\" rel=\"nofollow noopener noreferrer\">After</a></p>",
        "DocumentBackup\u02c9xND3hnImvsepKxxVdMzaUCutPsLg8NczCD4U_UNcPOk\u02c92024-09-13T17:11:00Z": "<h2 style=\"text-align:center;\"><strong>Well Depletion Forecast</strong></h2><figure class=\"table\"><table class=\"ck-table-resized\"><colgroup><col style=\"width:21.28%;\" /><col style=\"width:78.72%;\" /></colgroup><tbody><tr><td><figure class=\"image\"><img src=\"/api/annotations/59EBF6C7-66C9-44F2-9AC9-437734667810/images/rodpumplogo_v1.png\"></figure></td><td>A customer transferred this analysis to Seeq, <span style=\"color:hsl(210,75%,60%);\"><i><strong>saving hundreds of FTE hours each month</strong></i></span> while still helping to determine at scale when to decommission a well or implement an artificial lift</td></tr></tbody></table></figure><h3><strong>Problem Statement:</strong></h3><p>Well decline curves are used to project well production. Decades worth of data is required to accurately make this curve, leading to decline curve analyses being infrequently performed. By performing this analysis continuously, engineers can characterize their wells and monitor to suggest actions to increase production.\u00a0</p><h4><a href=\"/links?type&#61;workstep&amp;workbook&#61;E12CAED8-7AD7-4CAF-85EF-B169820967B0&amp;worksheet&#61;ACC89624-060A-4413-BD8F-400120867448&amp;workstep&#61;0EE11D2D-13D6-6490-B714-818494C8E4B2\" rel=\"nofollow noopener noreferrer\"><strong>Well Life Projection</strong></a><br><a href=\"/links?type&#61;workstep&amp;workbook&#61;E12CAED8-7AD7-4CAF-85EF-B169820967B0&amp;worksheet&#61;ACC89624-060A-4413-BD8F-400120867448&amp;workstep&#61;0EE9ACE8-ABA7-7500-9B23-F21B8400B214\" rel=\"nofollow noopener noreferrer\"><strong>Well Depletion Monitoring</strong></a><br>\u00a0</h4><h3><strong>Solution:</strong></h3><p><a href=\"/links?type&#61;workstep&amp;workbook&#61;E12CAED8-7AD7-4CAF-85EF-B169820967B0&amp;worksheet&#61;ACC89624-060A-4413-BD8F-400120867448&amp;workstep&#61;0EE1130D-2B7B-6020-B3B7-4AAE3E3CFCF0\" rel=\"nofollow noopener noreferrer\">Cleanse the production rate</a> to capture overall trends\u00a0<br><i>(<strong>Do it!</strong> </i><a href=\"/links?type&#61;workstep&amp;workbook&#61;E12CAED8-7AD7-4CAF-85EF-B169820967B0&amp;worksheet&#61;ACC89624-060A-4413-BD8F-400120867448&amp;workstep&#61;0EE1130E-5686-62F0-A9BF-B87704FA8033\" rel=\"nofollow noopener noreferrer\"><i>Start</i></a><i> smoothing the Production Rate using Signal Smoothing, Agile Filter of 3d)</i></p><p style=\"margin-left:40px;\">(<a href=\"/links?type&#61;workstep&amp;workbook&#61;E12CAED8-7AD7-4CAF-85EF-B169820967B0&amp;worksheet&#61;ACC89624-060A-4413-BD8F-400120867448&amp;workstep&#61;0EE1130E-5686-62F0-A9BF-B87704FA8033\" rel=\"nofollow noopener noreferrer\">Don&#39;t know how?</a> <strong>A</strong><i><strong>sk the AI Assistant!</strong></i> &#34;Smooth my production rate signal using a 3 day window&#34;)</p><p><a href=\"/links?type&#61;workstep&amp;workbook&#61;E12CAED8-7AD7-4CAF-85EF-B169820967B0&amp;worksheet&#61;ACC89624-060A-4413-BD8F-400120867448&amp;workstep&#61;0EE11312-BFAC-EAF0-AC34-5B93AFB28E32\" rel=\"nofollow noopener noreferrer\">Perform a decline curve analysis</a> to determine the behavior of this well<br><i>(<strong>Do it!</strong> </i><a href=\"/links?type&#61;workstep&amp;workbook&#61;E12CAED8-7AD7-4CAF-85EF-B169820967B0&amp;worksheet&#61;ACC89624-060A-4413-BD8F-400120867448&amp;workstep&#61;0EE11316-044D-EEE0-9CA1-DB725E1010DD\" rel=\"nofollow noopener noreferrer\"><i>Start</i></a><i> highlighting the lower portion of the plot where Cumulative Production &gt; 6000k bbl and create a condition for when to use a different prediction)</i></p><p><a href=\"/links?type&#61;workstep&amp;workbook&#61;E12CAED8-7AD7-4CAF-85EF-B169820967B0&amp;worksheet&#61;ACC89624-060A-4413-BD8F-400120867448&amp;workstep&#61;0EE99D32-25AF-66C0-946A-B8E640C947D1\" rel=\"nofollow noopener noreferrer\">Develop a predictive model</a> to characterize well production</p><p style=\"margin-left:40px;\">(<a href=\"/links?type&#61;workstep&amp;workbook&#61;E12CAED8-7AD7-4CAF-85EF-B169820967B0&amp;worksheet&#61;ACC89624-060A-4413-BD8F-400120867448&amp;workstep&#61;0EF71154-8678-7350-907F-7B12F1FF0F97\" rel=\"nofollow noopener noreferrer\">Don&#39;t know how?</a> <strong>Ask the AI Assi</strong><span style=\"color:hsl(0,0%,0%);\"><strong>stant!</strong> &#34;Create a prediction the models Production rate as a function of well life. Train it from 2014-2023. Use a 2nd order polynomial scale.&#34;)</span></p><p><a href=\"/links?type&#61;workstep&amp;workbook&#61;E12CAED8-7AD7-4CAF-85EF-B169820967B0&amp;worksheet&#61;ACC89624-060A-4413-BD8F-400120867448&amp;workstep&#61;0EE11328-9102-EE00-8AF3-136C55743B2A\" rel=\"nofollow noopener noreferrer\">Characterize well production phases</a> based on these predictions</p><p><a href=\"/links?type&#61;workstep&amp;workbook&#61;E12CAED8-7AD7-4CAF-85EF-B169820967B0&amp;worksheet&#61;ACC89624-060A-4413-BD8F-400120867448&amp;workstep&#61;0EE1132B-4790-60D0-AB6F-90343DC42FE1\" rel=\"nofollow noopener noreferrer\">Project production rate</a> to determine when the well will be depleted<br><i>(<strong>Do it!</strong> Create a notification for when the well is to be depleted)</i></p><p><a href=\"/links?type&#61;workstep&amp;workbook&#61;E12CAED8-7AD7-4CAF-85EF-B169820967B0&amp;worksheet&#61;ACC89624-060A-4413-BD8F-400120867448&amp;workstep&#61;0EE99D35-9CB0-62D0-B013-7B6EAA3BB5BD\" rel=\"nofollow noopener noreferrer\">Monitor projection against current operations</a><br><i>(<strong>Do it!</strong> Scale table across Various Wells asset group)</i></p><p><a href=\"/links?type&#61;workstep&amp;workbook&#61;E12CAED8-7AD7-4CAF-85EF-B169820967B0&amp;worksheet&#61;ACC89624-060A-4413-BD8F-400120867448&amp;workstep&#61;0EF65669-F2D9-F950-9B94-C19AEFE961E5\" rel=\"nofollow noopener noreferrer\"><i>Table View- Multi-well</i></a></p><p>\u00a0</p><p>\u00a0</p><h3><strong>\u2728 Action</strong></h3><p>2024-09-12 09:39:23</p><p><i>Create a prediction that models production rate as a function of well life using a 2nd order polynomial scale</i></p><h4>Action Results: Success</h4><p>Created: 1 items</p><p><a href=\"/links?type&#61;workstep&amp;workbook&#61;E12CAED8-7AD7-4CAF-85EF-B169820967B0&amp;worksheet&#61;ACC89624-060A-4413-BD8F-400120867448&amp;workstep&#61;0EF7114B-16CB-71F0-B9CF-DA099D1F4F0F\" rel=\"nofollow noopener noreferrer\">Before</a>\u00a0\u00a0 <a href=\"/links?type&#61;workstep&amp;workbook&#61;E12CAED8-7AD7-4CAF-85EF-B169820967B0&amp;worksheet&#61;ACC89624-060A-4413-BD8F-400120867448&amp;workstep&#61;0EF7114C-D6EF-73E0-85E4-971307E1CA90\" rel=\"nofollow noopener noreferrer\">After</a></p><p>\u00a0</p><h3><strong>\u2728 Action</strong></h3><p>2024-09-12 09:41:28</p><p><i>create a prediction the models Production rate as a function of well life. Train it from 2014-2023. Use a 2nd order polynomial scale</i></p><h4>Action Results: Success</h4><p>Created: 1 items</p><p><a href=\"/links?type&#61;workstep&amp;workbook&#61;E12CAED8-7AD7-4CAF-85EF-B169820967B0&amp;worksheet&#61;ACC89624-060A-4413-BD8F-400120867448&amp;workstep&#61;0EF71150-B326-EA40-89A5-A848AA231F3F\" rel=\"nofollow noopener noreferrer\">Before</a>\u00a0\u00a0 <a href=\"/links?type&#61;workstep&amp;workbook&#61;E12CAED8-7AD7-4CAF-85EF-B169820967B0&amp;worksheet&#61;ACC89624-060A-4413-BD8F-400120867448&amp;workstep&#61;0EF71151-818B-E8E0-B0C7-B0029F0CA266\" rel=\"nofollow noopener noreferrer\">After</a></p><p>\u00a0</p><h3><strong>\u2728 Action</strong></h3><p>2024-09-12 09:43:31</p><p><i>Create a prediction the models Production rate as a function of well life. Train it from 2014-2023. Use a 2nd order polynomial scale.</i></p><h4>Action Results: Success</h4><p>Created: 1 items</p><p><a href=\"/links?type&#61;workstep&amp;workbook&#61;E12CAED8-7AD7-4CAF-85EF-B169820967B0&amp;worksheet&#61;ACC89624-060A-4413-BD8F-400120867448&amp;workstep&#61;0EF71154-8678-7350-907F-7B12F1FF0F97\" rel=\"nofollow noopener noreferrer\">Before</a>\u00a0\u00a0 <a href=\"/links?type&#61;workstep&amp;workbook&#61;E12CAED8-7AD7-4CAF-85EF-B169820967B0&amp;worksheet&#61;ACC89624-060A-4413-BD8F-400120867448&amp;workstep&#61;0EF71156-1477-66A0-B438-2F6681AFE427\" rel=\"nofollow noopener noreferrer\">After</a></p><p></p><h3><strong>\u2728 Action</strong></h3><p>2024-09-12 10:36:07</p><p><i>smooth my production rate signal using a 3 day window</i></p><h4>Action Results: Success</h4>\n<p>Created: 1 items</p><p><a href=\"/links?type&#61;workstep&amp;workbook&#61;E12CAED8-7AD7-4CAF-85EF-B169820967B0&amp;worksheet&#61;ACC89624-060A-4413-BD8F-400120867448&amp;workstep&#61;0EF711CA-FE57-EC10-8028-3FDFF198C84D\" rel=\"nofollow noopener noreferrer\">Before</a>\u00a0\u00a0\u00a0<a href=\"/links?type&#61;workstep&amp;workbook&#61;E12CAED8-7AD7-4CAF-85EF-B169820967B0&amp;worksheet&#61;ACC89624-060A-4413-BD8F-400120867448&amp;workstep&#61;0EF711CB-A46A-6670-AC46-8690261E815C\" rel=\"nofollow noopener noreferrer\">After</a></p><p></p><h3><strong>\u2728 Action</strong></h3><p>2024-09-12 10:37:18</p><p><i>Create a prediction the models Production rate as a function of well life. Train it from 2014-2023. Use a 2nd order polynomial scale.</i></p><h4>Action Results: Success</h4>\n<p>Created: 1 items</p><p><a href=\"/links?type&#61;workstep&amp;workbook&#61;E12CAED8-7AD7-4CAF-85EF-B169820967B0&amp;worksheet&#61;ACC89624-060A-4413-BD8F-400120867448&amp;workstep&#61;0EF711CD-785D-7530-99A8-BBDEB5EC3C81\" rel=\"nofollow noopener noreferrer\">Before</a>\u00a0\u00a0\u00a0<a href=\"/links?type&#61;workstep&amp;workbook&#61;E12CAED8-7AD7-4CAF-85EF-B169820967B0&amp;worksheet&#61;ACC89624-060A-4413-BD8F-400120867448&amp;workstep&#61;0EF711CE-4A16-64A0-B6DA-6C5B810D954A\" rel=\"nofollow noopener noreferrer\">After</a></p><p></p><h3><strong>\u2728 Action</strong></h3><p>2024-09-13 12:11:12</p><p><i>Smooth my production rate signal using a 3 day window</i></p><h4>Action Results: Success</h4>\n<p>Created: 1 items</p><p><a href=\"/links?type&#61;workstep&amp;workbook&#61;E12CAED8-7AD7-4CAF-85EF-B169820967B0&amp;worksheet&#61;ACC89624-060A-4413-BD8F-400120867448&amp;workstep&#61;0EE1130E-5686-62F0-A9BF-B87704FA8033\" rel=\"nofollow noopener noreferrer\">Before</a>\u00a0\u00a0\u00a0<a href=\"/links?type&#61;workstep&amp;workbook&#61;E12CAED8-7AD7-4CAF-85EF-B169820967B0&amp;worksheet&#61;ACC89624-060A-4413-BD8F-400120867448&amp;workstep&#61;0EF71F32-D22C-6620-B5B8-9B75BA84235D\" rel=\"nofollow noopener noreferrer\">After</a></p>",
        "DocumentBackup\u02c9xND3hnImvsepKxxVdMzaUCutPsLg8NczCD4U_UNcPOk\u02c92024-09-13T17:13:00Z": "<h2 style=\"text-align:center;\"><strong>Well Depletion Forecast</strong></h2><figure class=\"table\"><table class=\"ck-table-resized\"><colgroup><col style=\"width:21.28%;\" /><col style=\"width:78.72%;\" /></colgroup><tbody><tr><td><figure class=\"image\"><img src=\"/api/annotations/59EBF6C7-66C9-44F2-9AC9-437734667810/images/rodpumplogo_v1.png\"></figure></td><td>A customer transferred this analysis to Seeq, <span style=\"color:hsl(210,75%,60%);\"><i><strong>saving hundreds of FTE hours each month</strong></i></span> while still helping to determine at scale when to decommission a well or implement an artificial lift</td></tr></tbody></table></figure><h3><strong>Problem Statement:</strong></h3><p>Well decline curves are used to project well production. Decades worth of data is required to accurately make this curve, leading to decline curve analyses being infrequently performed. By performing this analysis continuously, engineers can characterize their wells and monitor to suggest actions to increase production.\u00a0</p><h4><a href=\"/links?type&#61;workstep&amp;workbook&#61;E12CAED8-7AD7-4CAF-85EF-B169820967B0&amp;worksheet&#61;ACC89624-060A-4413-BD8F-400120867448&amp;workstep&#61;0EE11D2D-13D6-6490-B714-818494C8E4B2\" rel=\"nofollow noopener noreferrer\"><strong>Well Life Projection</strong></a><br><a href=\"/links?type&#61;workstep&amp;workbook&#61;E12CAED8-7AD7-4CAF-85EF-B169820967B0&amp;worksheet&#61;ACC89624-060A-4413-BD8F-400120867448&amp;workstep&#61;0EE9ACE8-ABA7-7500-9B23-F21B8400B214\" rel=\"nofollow noopener noreferrer\"><strong>Well Depletion Monitoring</strong></a><br>\u00a0</h4><h3><strong>Solution:</strong></h3><p><a href=\"/links?type&#61;workstep&amp;workbook&#61;E12CAED8-7AD7-4CAF-85EF-B169820967B0&amp;worksheet&#61;ACC89624-060A-4413-BD8F-400120867448&amp;workstep&#61;0EE1130D-2B7B-6020-B3B7-4AAE3E3CFCF0\" rel=\"nofollow noopener noreferrer\">Cleanse the production rate</a> to capture overall trends\u00a0<br><i>(<strong>Do it!</strong> </i><a href=\"/links?type&#61;workstep&amp;workbook&#61;E12CAED8-7AD7-4CAF-85EF-B169820967B0&amp;worksheet&#61;ACC89624-060A-4413-BD8F-400120867448&amp;workstep&#61;0EE1130E-5686-62F0-A9BF-B87704FA8033\" rel=\"nofollow noopener noreferrer\"><i>Start</i></a><i> smoothing the Production Rate using Signal Smoothing, Agile Filter of 3d)</i></p><p style=\"margin-left:40px;\">(<a href=\"/links?type&#61;workstep&amp;workbook&#61;E12CAED8-7AD7-4CAF-85EF-B169820967B0&amp;worksheet&#61;ACC89624-060A-4413-BD8F-400120867448&amp;workstep&#61;0EE1130E-5686-62F0-A9BF-B87704FA8033\" rel=\"nofollow noopener noreferrer\">Don&#39;t know how?</a> <strong>A</strong><i><strong>sk the AI Assistant!</strong></i> &#34;Smooth my production rate signal using a 3 day window&#34;)</p><p><a href=\"/links?type&#61;workstep&amp;workbook&#61;E12CAED8-7AD7-4CAF-85EF-B169820967B0&amp;worksheet&#61;ACC89624-060A-4413-BD8F-400120867448&amp;workstep&#61;0EE11312-BFAC-EAF0-AC34-5B93AFB28E32\" rel=\"nofollow noopener noreferrer\">Perform a decline curve analysis</a> to determine the behavior of this well<br><i>(<strong>Do it!</strong> </i><a href=\"/links?type&#61;workstep&amp;workbook&#61;E12CAED8-7AD7-4CAF-85EF-B169820967B0&amp;worksheet&#61;ACC89624-060A-4413-BD8F-400120867448&amp;workstep&#61;0EE11316-044D-EEE0-9CA1-DB725E1010DD\" rel=\"nofollow noopener noreferrer\"><i>Start</i></a><i> highlighting the lower portion of the plot where Cumulative Production &gt; 6000k bbl and create a condition for when to use a different prediction)</i></p><p><a href=\"/links?type&#61;workstep&amp;workbook&#61;E12CAED8-7AD7-4CAF-85EF-B169820967B0&amp;worksheet&#61;ACC89624-060A-4413-BD8F-400120867448&amp;workstep&#61;0EE99D32-25AF-66C0-946A-B8E640C947D1\" rel=\"nofollow noopener noreferrer\">Develop a predictive model</a> to characterize well production</p><p style=\"margin-left:40px;\">(<a href=\"/links?type&#61;workstep&amp;workbook&#61;E12CAED8-7AD7-4CAF-85EF-B169820967B0&amp;worksheet&#61;ACC89624-060A-4413-BD8F-400120867448&amp;workstep&#61;0EF71154-8678-7350-907F-7B12F1FF0F97\" rel=\"nofollow noopener noreferrer\">Don&#39;t know how?</a> <strong>Ask the AI Assi</strong><span style=\"color:hsl(0,0%,0%);\"><strong>stant!</strong> &#34;Create a prediction the models Production rate as a function of well life. Train it from 2014-2023. Use a 2nd order polynomial scale.&#34;)</span></p><p><a href=\"/links?type&#61;workstep&amp;workbook&#61;E12CAED8-7AD7-4CAF-85EF-B169820967B0&amp;worksheet&#61;ACC89624-060A-4413-BD8F-400120867448&amp;workstep&#61;0EE11328-9102-EE00-8AF3-136C55743B2A\" rel=\"nofollow noopener noreferrer\">Characterize well production phases</a> based on these predictions</p><p><a href=\"/links?type&#61;workstep&amp;workbook&#61;E12CAED8-7AD7-4CAF-85EF-B169820967B0&amp;worksheet&#61;ACC89624-060A-4413-BD8F-400120867448&amp;workstep&#61;0EE1132B-4790-60D0-AB6F-90343DC42FE1\" rel=\"nofollow noopener noreferrer\">Project production rate</a> to determine when the well will be depleted<br><i>(<strong>Do it!</strong> Create a notification for when the well is to be depleted)</i></p><p><a href=\"/links?type&#61;workstep&amp;workbook&#61;E12CAED8-7AD7-4CAF-85EF-B169820967B0&amp;worksheet&#61;ACC89624-060A-4413-BD8F-400120867448&amp;workstep&#61;0EE99D35-9CB0-62D0-B013-7B6EAA3BB5BD\" rel=\"nofollow noopener noreferrer\">Monitor projection against current operations</a><br><i>(<strong>Do it!</strong> Scale table across Various Wells asset group)</i></p><p><a href=\"/links?type&#61;workstep&amp;workbook&#61;E12CAED8-7AD7-4CAF-85EF-B169820967B0&amp;worksheet&#61;ACC89624-060A-4413-BD8F-400120867448&amp;workstep&#61;0EF65669-F2D9-F950-9B94-C19AEFE961E5\" rel=\"nofollow noopener noreferrer\"><i>Table View- Multi-well</i></a></p><p>\u00a0</p><p>\u00a0</p><h3><strong>\u2728 Action</strong></h3><p>2024-09-12 09:39:23</p><p><i>Create a prediction that models production rate as a function of well life using a 2nd order polynomial scale</i></p><h4>Action Results: Success</h4><p>Created: 1 items</p><p><a href=\"/links?type&#61;workstep&amp;workbook&#61;E12CAED8-7AD7-4CAF-85EF-B169820967B0&amp;worksheet&#61;ACC89624-060A-4413-BD8F-400120867448&amp;workstep&#61;0EF7114B-16CB-71F0-B9CF-DA099D1F4F0F\" rel=\"nofollow noopener noreferrer\">Before</a>\u00a0\u00a0 <a href=\"/links?type&#61;workstep&amp;workbook&#61;E12CAED8-7AD7-4CAF-85EF-B169820967B0&amp;worksheet&#61;ACC89624-060A-4413-BD8F-400120867448&amp;workstep&#61;0EF7114C-D6EF-73E0-85E4-971307E1CA90\" rel=\"nofollow noopener noreferrer\">After</a></p><p>\u00a0</p><h3><strong>\u2728 Action</strong></h3><p>2024-09-12 09:41:28</p><p><i>create a prediction the models Production rate as a function of well life. Train it from 2014-2023. Use a 2nd order polynomial scale</i></p><h4>Action Results: Success</h4><p>Created: 1 items</p><p><a href=\"/links?type&#61;workstep&amp;workbook&#61;E12CAED8-7AD7-4CAF-85EF-B169820967B0&amp;worksheet&#61;ACC89624-060A-4413-BD8F-400120867448&amp;workstep&#61;0EF71150-B326-EA40-89A5-A848AA231F3F\" rel=\"nofollow noopener noreferrer\">Before</a>\u00a0\u00a0 <a href=\"/links?type&#61;workstep&amp;workbook&#61;E12CAED8-7AD7-4CAF-85EF-B169820967B0&amp;worksheet&#61;ACC89624-060A-4413-BD8F-400120867448&amp;workstep&#61;0EF71151-818B-E8E0-B0C7-B0029F0CA266\" rel=\"nofollow noopener noreferrer\">After</a></p><p>\u00a0</p><h3><strong>\u2728 Action</strong></h3><p>2024-09-12 09:43:31</p><p><i>Create a prediction the models Production rate as a function of well life. Train it from 2014-2023. Use a 2nd order polynomial scale.</i></p><h4>Action Results: Success</h4><p>Created: 1 items</p><p><a href=\"/links?type&#61;workstep&amp;workbook&#61;E12CAED8-7AD7-4CAF-85EF-B169820967B0&amp;worksheet&#61;ACC89624-060A-4413-BD8F-400120867448&amp;workstep&#61;0EF71154-8678-7350-907F-7B12F1FF0F97\" rel=\"nofollow noopener noreferrer\">Before</a>\u00a0\u00a0 <a href=\"/links?type&#61;workstep&amp;workbook&#61;E12CAED8-7AD7-4CAF-85EF-B169820967B0&amp;worksheet&#61;ACC89624-060A-4413-BD8F-400120867448&amp;workstep&#61;0EF71156-1477-66A0-B438-2F6681AFE427\" rel=\"nofollow noopener noreferrer\">After</a></p><p></p><h3><strong>\u2728 Action</strong></h3><p>2024-09-12 10:36:07</p><p><i>smooth my production rate signal using a 3 day window</i></p><h4>Action Results: Success</h4>\n<p>Created: 1 items</p><p><a href=\"/links?type&#61;workstep&amp;workbook&#61;E12CAED8-7AD7-4CAF-85EF-B169820967B0&amp;worksheet&#61;ACC89624-060A-4413-BD8F-400120867448&amp;workstep&#61;0EF711CA-FE57-EC10-8028-3FDFF198C84D\" rel=\"nofollow noopener noreferrer\">Before</a>\u00a0\u00a0\u00a0<a href=\"/links?type&#61;workstep&amp;workbook&#61;E12CAED8-7AD7-4CAF-85EF-B169820967B0&amp;worksheet&#61;ACC89624-060A-4413-BD8F-400120867448&amp;workstep&#61;0EF711CB-A46A-6670-AC46-8690261E815C\" rel=\"nofollow noopener noreferrer\">After</a></p><p></p><h3><strong>\u2728 Action</strong></h3><p>2024-09-12 10:37:18</p><p><i>Create a prediction the models Production rate as a function of well life. Train it from 2014-2023. Use a 2nd order polynomial scale.</i></p><h4>Action Results: Success</h4>\n<p>Created: 1 items</p><p><a href=\"/links?type&#61;workstep&amp;workbook&#61;E12CAED8-7AD7-4CAF-85EF-B169820967B0&amp;worksheet&#61;ACC89624-060A-4413-BD8F-400120867448&amp;workstep&#61;0EF711CD-785D-7530-99A8-BBDEB5EC3C81\" rel=\"nofollow noopener noreferrer\">Before</a>\u00a0\u00a0\u00a0<a href=\"/links?type&#61;workstep&amp;workbook&#61;E12CAED8-7AD7-4CAF-85EF-B169820967B0&amp;worksheet&#61;ACC89624-060A-4413-BD8F-400120867448&amp;workstep&#61;0EF711CE-4A16-64A0-B6DA-6C5B810D954A\" rel=\"nofollow noopener noreferrer\">After</a></p><p></p><h3><strong>\u2728 Action</strong></h3><p>2024-09-13 12:11:12</p><p><i>Smooth my production rate signal using a 3 day window</i></p><h4>Action Results: Success</h4>\n<p>Created: 1 items</p><p><a href=\"/links?type&#61;workstep&amp;workbook&#61;E12CAED8-7AD7-4CAF-85EF-B169820967B0&amp;worksheet&#61;ACC89624-060A-4413-BD8F-400120867448&amp;workstep&#61;0EE1130E-5686-62F0-A9BF-B87704FA8033\" rel=\"nofollow noopener noreferrer\">Before</a>\u00a0\u00a0\u00a0<a href=\"/links?type&#61;workstep&amp;workbook&#61;E12CAED8-7AD7-4CAF-85EF-B169820967B0&amp;worksheet&#61;ACC89624-060A-4413-BD8F-400120867448&amp;workstep&#61;0EF71F32-D22C-6620-B5B8-9B75BA84235D\" rel=\"nofollow noopener noreferrer\">After</a></p><p></p><h3><strong>\u2728 Action</strong></h3><p>2024-09-13 12:13:24</p><p><i>Create a prediction the models Production rate as a function of well life. Train it from 2014-2023. Use a 2nd order polynomial scale.</i></p><h4>Action Results: Success</h4>\n<p>Created: 1 items</p><p><a href=\"/links?type&#61;workstep&amp;workbook&#61;E12CAED8-7AD7-4CAF-85EF-B169820967B0&amp;worksheet&#61;ACC89624-060A-4413-BD8F-400120867448&amp;workstep&#61;0EF71154-8678-7350-907F-7B12F1FF0F97\" rel=\"nofollow noopener noreferrer\">Before</a>\u00a0\u00a0\u00a0<a href=\"/links?type&#61;workstep&amp;workbook&#61;E12CAED8-7AD7-4CAF-85EF-B169820967B0&amp;worksheet&#61;ACC89624-060A-4413-BD8F-400120867448&amp;workstep&#61;0EF71F37-C3ED-F960-AE7E-D93BFA44BA9A\" rel=\"nofollow noopener noreferrer\">After</a></p>",
        "DocumentBackup\u02c9xND3hnImvsepKxxVdMzaUCutPsLg8NczCD4U_UNcPOk\u02c92024-09-27T14:44:00Z": "<h2 style=\"text-align:center;\"><strong>Well Depletion Forecast</strong></h2><figure class=\"table\"><table class=\"ck-table-resized\"><colgroup><col style=\"width:21.28%;\" /><col style=\"width:78.72%;\" /></colgroup><tbody><tr><td><figure class=\"image\"><img src=\"/api/annotations/59EBF6C7-66C9-44F2-9AC9-437734667810/images/rodpumplogo_v1.png\"></figure></td><td>A customer transferred this analysis to Seeq, <span style=\"color:hsl(210,75%,60%);\"><i><strong>saving hundreds of FTE hours each month</strong></i></span> while still helping to determine at scale when to decommission a well or implement an artificial lift</td></tr></tbody></table></figure><h3><strong>Problem Statement:</strong></h3><p>Well decline curves are used to project well production. Decades worth of data is required to accurately make this curve, leading to decline curve analyses being infrequently performed. By performing this analysis continuously, engineers can characterize their wells and monitor to suggest actions to increase production.\u00a0</p><h4><a href=\"/links?type&#61;workstep&amp;workbook&#61;E12CAED8-7AD7-4CAF-85EF-B169820967B0&amp;worksheet&#61;ACC89624-060A-4413-BD8F-400120867448&amp;workstep&#61;0EE11D2D-13D6-6490-B714-818494C8E4B2\" rel=\"nofollow noopener noreferrer\"><strong>Well Life Projection</strong></a><br><a href=\"/links?type&#61;workstep&amp;workbook&#61;E12CAED8-7AD7-4CAF-85EF-B169820967B0&amp;worksheet&#61;ACC89624-060A-4413-BD8F-400120867448&amp;workstep&#61;0EE9ACE8-ABA7-7500-9B23-F21B8400B214\" rel=\"nofollow noopener noreferrer\"><strong>Well Depletion Monitoring</strong></a><br>\u00a0</h4><h3><strong>Solution:</strong></h3><p><a href=\"/links?type&#61;workstep&amp;workbook&#61;E12CAED8-7AD7-4CAF-85EF-B169820967B0&amp;worksheet&#61;ACC89624-060A-4413-BD8F-400120867448&amp;workstep&#61;0EE1130D-2B7B-6020-B3B7-4AAE3E3CFCF0\" rel=\"nofollow noopener noreferrer\">Cleanse the production rate</a> to capture overall trends\u00a0<br><i>(<strong>Do it!</strong> </i><a href=\"/links?type&#61;workstep&amp;workbook&#61;E12CAED8-7AD7-4CAF-85EF-B169820967B0&amp;worksheet&#61;ACC89624-060A-4413-BD8F-400120867448&amp;workstep&#61;0EE1130E-5686-62F0-A9BF-B87704FA8033\" rel=\"nofollow noopener noreferrer\"><i>Start</i></a><i> smoothing the Production Rate using Signal Smoothing, Agile Filter of 3d)</i></p><p style=\"margin-left:40px;\">(<a href=\"/links?type&#61;workstep&amp;workbook&#61;E12CAED8-7AD7-4CAF-85EF-B169820967B0&amp;worksheet&#61;ACC89624-060A-4413-BD8F-400120867448&amp;workstep&#61;0EE1130E-5686-62F0-A9BF-B87704FA8033\" rel=\"nofollow noopener noreferrer\">Don&#39;t know how?</a> <strong>A</strong><i><strong>sk the AI Assistant!</strong></i> &#34;Smooth my production rate signal using a 3 day window&#34;)</p><p><a href=\"/links?type&#61;workstep&amp;workbook&#61;E12CAED8-7AD7-4CAF-85EF-B169820967B0&amp;worksheet&#61;ACC89624-060A-4413-BD8F-400120867448&amp;workstep&#61;0EE11312-BFAC-EAF0-AC34-5B93AFB28E32\" rel=\"nofollow noopener noreferrer\">Perform a decline curve analysis</a> to determine the behavior of this well<br><i>(<strong>Do it!</strong> </i><a href=\"/links?type&#61;workstep&amp;workbook&#61;E12CAED8-7AD7-4CAF-85EF-B169820967B0&amp;worksheet&#61;ACC89624-060A-4413-BD8F-400120867448&amp;workstep&#61;0EE11316-044D-EEE0-9CA1-DB725E1010DD\" rel=\"nofollow noopener noreferrer\"><i>Start</i></a><i> highlighting the lower portion of the plot where Cumulative Production &gt; 6000k bbl and create a condition for when to use a different prediction)</i></p><p><a href=\"/links?type&#61;workstep&amp;workbook&#61;E12CAED8-7AD7-4CAF-85EF-B169820967B0&amp;worksheet&#61;ACC89624-060A-4413-BD8F-400120867448&amp;workstep&#61;0EE99D32-25AF-66C0-946A-B8E640C947D1\" rel=\"nofollow noopener noreferrer\">Develop a predictive model</a> to characterize well production</p><p style=\"margin-left:40px;\">(<a href=\"/links?type&#61;workstep&amp;workbook&#61;E12CAED8-7AD7-4CAF-85EF-B169820967B0&amp;worksheet&#61;ACC89624-060A-4413-BD8F-400120867448&amp;workstep&#61;0EF71154-8678-7350-907F-7B12F1FF0F97\" rel=\"nofollow noopener noreferrer\">Don&#39;t know how?</a> <strong>Ask the AI Assi</strong><span style=\"color:hsl(0,0%,0%);\"><strong>stant!</strong> &#34;Create a prediction the models Production rate as a function of well life. Train it from 2014-2023. Use a 2nd order polynomial scale.&#34;)</span></p><p><a href=\"/links?type&#61;workstep&amp;workbook&#61;E12CAED8-7AD7-4CAF-85EF-B169820967B0&amp;worksheet&#61;ACC89624-060A-4413-BD8F-400120867448&amp;workstep&#61;0EE11328-9102-EE00-8AF3-136C55743B2A\" rel=\"nofollow noopener noreferrer\">Characterize well production phases</a> based on these predictions</p><p><a href=\"/links?type&#61;workstep&amp;workbook&#61;E12CAED8-7AD7-4CAF-85EF-B169820967B0&amp;worksheet&#61;ACC89624-060A-4413-BD8F-400120867448&amp;workstep&#61;0EE1132B-4790-60D0-AB6F-90343DC42FE1\" rel=\"nofollow noopener noreferrer\">Project production rate</a> to determine when the well will be depleted<br><i>(<strong>Do it!</strong> Create a notification for when the well is to be depleted)</i></p><p><a href=\"/links?type&#61;workstep&amp;workbook&#61;E12CAED8-7AD7-4CAF-85EF-B169820967B0&amp;worksheet&#61;ACC89624-060A-4413-BD8F-400120867448&amp;workstep&#61;0EE99D35-9CB0-62D0-B013-7B6EAA3BB5BD\" rel=\"nofollow noopener noreferrer\">Monitor projection against current operations</a><br><i>(<strong>Do it!</strong> Scale table across Various Wells asset group)</i></p><p><a href=\"/links?type&#61;workstep&amp;workbook&#61;E12CAED8-7AD7-4CAF-85EF-B169820967B0&amp;worksheet&#61;ACC89624-060A-4413-BD8F-400120867448&amp;workstep&#61;0EF65669-F2D9-F950-9B94-C19AEFE961E5\" rel=\"nofollow noopener noreferrer\"><i>Table View- Multi-well</i></a></p><p>\u00a0</p><p>\u00a0</p>",
        "DocumentBackup\u02c9xND3hnImvsepKxxVdMzaUCutPsLg8NczCD4U_UNcPOk\u02c92024-09-27T16:36:00Z": "<h2 style=\"text-align:center;\"><strong>Well Depletion Forecast</strong></h2><figure class=\"table\"><table class=\"ck-table-resized\"><colgroup><col style=\"width:21.28%;\" /><col style=\"width:78.72%;\" /></colgroup><tbody><tr><td><figure class=\"image\"><img src=\"/api/annotations/59EBF6C7-66C9-44F2-9AC9-437734667810/images/rodpumplogo_v1.png\"></figure></td><td>A customer transferred this analysis to Seeq, <span style=\"color:hsl(210,75%,60%);\"><i><strong>saving hundreds of FTE hours each month</strong></i></span> while still helping to determine at scale when to decommission a well or implement an artificial lift</td></tr></tbody></table></figure><h3><strong>Problem Statement:</strong></h3><p>Well decline curves are used to project well production. Decades worth of data is required to accurately make this curve, leading to decline curve analyses being infrequently performed. By performing this analysis continuously, engineers can characterize their wells and monitor to suggest actions to increase production.\u00a0</p><h4><a href=\"/links?type&#61;workstep&amp;workbook&#61;E12CAED8-7AD7-4CAF-85EF-B169820967B0&amp;worksheet&#61;ACC89624-060A-4413-BD8F-400120867448&amp;workstep&#61;0EE11D2D-13D6-6490-B714-818494C8E4B2\" rel=\"nofollow noopener noreferrer\"><strong>Well Life Projection</strong></a><br><a href=\"/links?type&#61;workstep&amp;workbook&#61;E12CAED8-7AD7-4CAF-85EF-B169820967B0&amp;worksheet&#61;ACC89624-060A-4413-BD8F-400120867448&amp;workstep&#61;0EE9ACE8-ABA7-7500-9B23-F21B8400B214\" rel=\"nofollow noopener noreferrer\"><strong>Well Depletion Monitoring</strong></a><br>\u00a0</h4><h3><strong>Solution:</strong></h3><p><a href=\"/links?type&#61;workstep&amp;workbook&#61;E12CAED8-7AD7-4CAF-85EF-B169820967B0&amp;worksheet&#61;ACC89624-060A-4413-BD8F-400120867448&amp;workstep&#61;0EE1130D-2B7B-6020-B3B7-4AAE3E3CFCF0\" rel=\"nofollow noopener noreferrer\">Cleanse the production rate</a> to capture overall trends\u00a0<br><i>(<strong>Do it!</strong> </i><a href=\"/links?type&#61;workstep&amp;workbook&#61;E12CAED8-7AD7-4CAF-85EF-B169820967B0&amp;worksheet&#61;ACC89624-060A-4413-BD8F-400120867448&amp;workstep&#61;0EE1130E-5686-62F0-A9BF-B87704FA8033\" rel=\"nofollow noopener noreferrer\"><i>Start</i></a><i> smoothing the Production Rate using Signal Smoothing, Agile Filter of 3d)</i></p><p style=\"margin-left:40px;\">(<a href=\"/links?type&#61;workstep&amp;workbook&#61;E12CAED8-7AD7-4CAF-85EF-B169820967B0&amp;worksheet&#61;ACC89624-060A-4413-BD8F-400120867448&amp;workstep&#61;0EE1130E-5686-62F0-A9BF-B87704FA8033\" rel=\"nofollow noopener noreferrer\">Don&#39;t know how?</a> <strong>A</strong><i><strong>sk the AI Assistant!</strong></i> &#34;Smooth my production rate signal using a 3 day window&#34;)</p><p><a href=\"/links?type&#61;workstep&amp;workbook&#61;E12CAED8-7AD7-4CAF-85EF-B169820967B0&amp;worksheet&#61;ACC89624-060A-4413-BD8F-400120867448&amp;workstep&#61;0EE11312-BFAC-EAF0-AC34-5B93AFB28E32\" rel=\"nofollow noopener noreferrer\">Perform a decline curve analysis</a> to determine the behavior of this well<br><i>(<strong>Do it!</strong> </i><a href=\"/links?type&#61;workstep&amp;workbook&#61;E12CAED8-7AD7-4CAF-85EF-B169820967B0&amp;worksheet&#61;ACC89624-060A-4413-BD8F-400120867448&amp;workstep&#61;0EE11316-044D-EEE0-9CA1-DB725E1010DD\" rel=\"nofollow noopener noreferrer\"><i>Start</i></a><i> highlighting the lower portion of the plot where Cumulative Production &gt; 6000k bbl and create a condition for when to use a different prediction)</i></p><p><a href=\"/links?type&#61;workstep&amp;workbook&#61;E12CAED8-7AD7-4CAF-85EF-B169820967B0&amp;worksheet&#61;ACC89624-060A-4413-BD8F-400120867448&amp;workstep&#61;0EE99D32-25AF-66C0-946A-B8E640C947D1\" rel=\"nofollow noopener noreferrer\">Develop a predictive model</a> to characterize well production</p><p style=\"margin-left:40px;\">(<a href=\"/links?type&#61;workstep&amp;workbook&#61;E12CAED8-7AD7-4CAF-85EF-B169820967B0&amp;worksheet&#61;ACC89624-060A-4413-BD8F-400120867448&amp;workstep&#61;0EF71154-8678-7350-907F-7B12F1FF0F97\" rel=\"nofollow noopener noreferrer\">Don&#39;t know how?</a> <strong>Ask the AI Assi</strong><span style=\"color:hsl(0,0%,0%);\"><strong>stant!</strong> &#34;Create a prediction the models Production rate as a function of well life. Train it from 2014-2023. Use a 2nd order polynomial scale.&#34;)</span></p><p><a href=\"/links?type&#61;workstep&amp;workbook&#61;E12CAED8-7AD7-4CAF-85EF-B169820967B0&amp;worksheet&#61;ACC89624-060A-4413-BD8F-400120867448&amp;workstep&#61;0EE11328-9102-EE00-8AF3-136C55743B2A\" rel=\"nofollow noopener noreferrer\">Characterize well production phases</a> based on these predictions</p><p><a href=\"/links?type&#61;workstep&amp;workbook&#61;E12CAED8-7AD7-4CAF-85EF-B169820967B0&amp;worksheet&#61;ACC89624-060A-4413-BD8F-400120867448&amp;workstep&#61;0EE1132B-4790-60D0-AB6F-90343DC42FE1\" rel=\"nofollow noopener noreferrer\">Project production rate</a> to determine when the well will be depleted<br><i>(<strong>Do it!</strong> Create a notification for when the well is to be depleted)</i></p><p><a href=\"/links?type&#61;workstep&amp;workbook&#61;E12CAED8-7AD7-4CAF-85EF-B169820967B0&amp;worksheet&#61;ACC89624-060A-4413-BD8F-400120867448&amp;workstep&#61;0EE99D35-9CB0-62D0-B013-7B6EAA3BB5BD\" rel=\"nofollow noopener noreferrer\">Monitor projection against current operations</a><br><i>(<strong>Do it!</strong> Scale table across Various Wells asset group)</i></p><p><a href=\"/links?type&#61;workstep&amp;workbook&#61;E12CAED8-7AD7-4CAF-85EF-B169820967B0&amp;worksheet&#61;ACC89624-060A-4413-BD8F-400120867448&amp;workstep&#61;0EF65669-F2D9-F950-9B94-C19AEFE961E5\" rel=\"nofollow noopener noreferrer\"><i>Table View- Multi-well</i></a></p><p>\u00a0</p><p>\u00a0</p><p></p><h3><strong>\u2728 Action</strong></h3><p>2024-09-27 11:36:33</p><p><i>smooth my production rate signal using a 3 day window</i></p><h4>Action Results: Success</h4>\n\n<p>Created: 1 items</p><p><a href=\"/links?type&#61;workstep&amp;workbook&#61;E12CAED8-7AD7-4CAF-85EF-B169820967B0&amp;worksheet&#61;ACC89624-060A-4413-BD8F-400120867448&amp;workstep&#61;0EF7CEE8-3BE4-6440-821C-DBB9B7F7F6EA\" rel=\"nofollow noopener noreferrer\">Before</a>\u00a0\u00a0\u00a0<a href=\"/links?type&#61;workstep&amp;workbook&#61;E12CAED8-7AD7-4CAF-85EF-B169820967B0&amp;worksheet&#61;ACC89624-060A-4413-BD8F-400120867448&amp;workstep&#61;0EF7CEEA-8323-ECA0-99E6-C476A1D72C8D\" rel=\"nofollow noopener noreferrer\">After</a></p>",
        "Enabled": true,
        "ID": "59EBF6C7-66C9-44F2-9AC9-437734667810",
        "Is CK Enabled": true,
        "Locked": false,
        "Name": "Well Depletion Forecast",
        "Plain Text Document": "Well Depletion ForecastA customer transferred this analysis to Seeq, saving hundreds of FTE hours each month while still helping to determine at scale when to decommission a well or implement an artificial liftProblem Statement:Well decline curves are used to project well production. Decades worth of data is required to accurately make this curve, leading to decline curve analyses being infrequently performed. By performing this analysis continuously, engineers can characterize their wells and monitor to suggest actions to increase production.\u00a0Well Life ProjectionWell Depletion Monitoring\u00a0Solution:Cleanse the production rate to capture overall trends\u00a0(Do it! Start smoothing the Production Rate using Signal Smoothing, Agile Filter of 3d)(Don&#39;t know how? Ask the AI Assistant! &#34;Smooth my production rate signal using a 3 day window&#34;)Perform a decline curve analysis to determine the behavior of this well(Do it! Start highlighting the lower portion of the plot where Cumulative Production &gt; 6000k bbl and create a condition for when to use a different prediction)Develop a predictive model to characterize well production(Don&#39;t know how? Ask the AI Assistant! &#34;Create a prediction the models Production rate as a function of well life. Train it from 2014-2023. Use a 2nd order polynomial scale.&#34;)Characterize well production phases based on these predictionsProject production rate to determine when the well will be depleted(Do it! Create a notification for when the well is to be depleted)Monitor projection against current operations(Do it! Scale table across Various Wells asset group)Table View- Multi-well",
        "Type": "Journal",
        "Unsearchable": false,
        "Updated At": "1730990637160018044"
    }
}