{
    "ID": "777638D1-CAA6-4A1B-AE7C-B28C2D61422C",
    "Type": "Workstep",
    "Data": {
        "version": 53,
        "state": {
            "stores": {
                "sqAssetGroupStore": {
                    "id": "",
                    "assets": [],
                    "name": "",
                    "description": "",
                    "errors": [],
                    "isLoading": false,
                    "hasUnsavedChanges": false
                },
                "sqInvestigateStore": {
                    "item": {},
                    "activeTool": "overview",
                    "displayMode": "NEW",
                    "derivedDataPanelOpen": false
                },
                "sqPluginStore": {
                    "pluginState": {}
                },
                "sqDurationStore": {
                    "autoUpdate": {
                        "mode": "OFF",
                        "offset": 157679952385,
                        "manualInterval": {
                            "value": 1,
                            "units": "min"
                        }
                    },
                    "displayRange": {
                        "start": 1610719588799,
                        "end": 1835909773993
                    },
                    "investigateRange": {
                        "start": 1439213922618,
                        "end": 1835909773993
                    }
                },
                "sqExploreFolderModalStore": {
                    "pageSize": 5
                },
                "sqExploreWorkbookModalStore": {
                    "pageSize": 5
                },
                "sqWorksheetStore": {
                    "tabsets": {
                        "sidebar": 2
                    },
                    "viewKey": "TREND",
                    "returnViewKey": "TREND",
                    "selectedIdsForView": {},
                    "browsePanelCollapsed": false,
                    "displayWidth": 900.2778453826904,
                    "displayHeight": 575,
                    "resizeEnabled": true,
                    "conditionToSeriesGrouping": {},
                    "capsuleGroupMode": false,
                    "showAssetSelectionWarnings": true
                },
                "sqSearchStore": {
                    "nameFilter": "",
                    "descriptionFilter": "",
                    "typeFilter": [],
                    "datasourceFilter": [],
                    "sortBy": "",
                    "isAdvancedMode": false,
                    "mode": "overview",
                    "currentAsset": "",
                    "selectAllChecked": false,
                    "selectedItemIds": []
                },
                "sqCompositeSearchStore": {
                    "originalParameters": [],
                    "advancedParametersCollapsed": true,
                    "isUpgradedUnionCondition": false,
                    "inclusiveA": true,
                    "inclusiveB": true
                },
                "sqConditionWithPropertiesStore": {
                    "originalParameters": [],
                    "advancedParametersCollapsed": true,
                    "properties": [
                        {
                            "stringSignal": "",
                            "propertyName": ""
                        },
                        {
                            "stringSignal": "",
                            "propertyName": ""
                        }
                    ]
                },
                "sqValueSearchStore": {
                    "originalParameters": [],
                    "advancedParametersCollapsed": true,
                    "inputSignal": {
                        "predicate": [
                            "name",
                            "a"
                        ]
                    },
                    "isSimple": true,
                    "useValidValues": false,
                    "isCleansing": false,
                    "simpleValue": null,
                    "simpleLowerValue": null,
                    "minDuration": {
                        "value": 0,
                        "units": "min"
                    },
                    "mergeDuration": {
                        "value": 0,
                        "units": "min"
                    },
                    "advancedEntryValue": null,
                    "advancedEntryLowerValue": null,
                    "advancedEntryDuration": {
                        "value": 0,
                        "units": "min"
                    },
                    "advancedExitValue": null,
                    "advancedExitDuration": {
                        "value": 0,
                        "units": "min"
                    },
                    "isMigratedDeviationSearch": false,
                    "version": "V3"
                },
                "sqItemPropertiesStore": {
                    "advancedParametersCollapsed": false
                },
                "sqManualSignalStore": {
                    "originalParameters": [],
                    "advancedParametersCollapsed": true,
                    "interpolationMethod": "Linear",
                    "maximumInterpolation": {
                        "value": "40",
                        "units": "h"
                    },
                    "samples": [],
                    "sort": {
                        "asc": false,
                        "property": "dateTime"
                    }
                },
                "sqManualConditionStore": {
                    "originalParameters": [],
                    "advancedParametersCollapsed": true
                },
                "sqFftStore": {
                    "originalParameters": [],
                    "advancedParametersCollapsed": true,
                    "signalToAggregate": {
                        "predicate": [
                            "name",
                            "signalToAggregate"
                        ]
                    },
                    "rateType": true,
                    "rate": {},
                    "outputUnits": "min",
                    "highPass": {},
                    "lowPass": {},
                    "useHighPass": false,
                    "useLowPass": false
                },
                "sqAggregationBinStore": {
                    "signalToAggregate": {
                        "predicate": [
                            "name",
                            "signalToAggregate"
                        ]
                    },
                    "mode": "by_y_value",
                    "includeEmptyBuckets": true,
                    "yValueSignal": "",
                    "stat": {
                        "key": null,
                        "timeUnits": "s"
                    },
                    "aggregationConfigs": [
                        {
                            "id": 1,
                            "mode": "by_y_value",
                            "capsuleMode": "intersect",
                            "yValueBinMode": "size",
                            "valid": false
                        }
                    ]
                },
                "sqSignalFromConditionStore": {
                    "originalParameters": [],
                    "advancedParametersCollapsed": true,
                    "inputItem": {
                        "predicate": [
                            "name",
                            "series"
                        ]
                    },
                    "condition": {
                        "predicate": [
                            "name",
                            "capsules"
                        ]
                    },
                    "interpolation": "DISCRETE",
                    "stat": {
                        "timeUnits": "s"
                    }
                },
                "sqPeriodicConditionStore": {
                    "originalParameters": [],
                    "advancedParametersCollapsed": true,
                    "timezone": "US/Central",
                    "frequencies": [],
                    "weekStart": "Day.Sunday",
                    "quarterStart": {
                        "month": "Month.January",
                        "day": 1
                    },
                    "shift": {
                        "offset": 8,
                        "duration": 8
                    },
                    "offset": {
                        "value": 0,
                        "units": "min"
                    }
                },
                "sqProfileSearchStore": {
                    "originalParameters": [],
                    "advancedParametersCollapsed": true,
                    "inputSignal": {
                        "predicate": [
                            "name",
                            "a"
                        ]
                    },
                    "similarity": 98,
                    "normalizeAmplitude": true,
                    "normalizeLocation": true,
                    "selectedRegion": {
                        "min": 0,
                        "max": 0
                    }
                },
                "sqPredictionPanelStore": {
                    "originalParameters": [],
                    "advancedParametersCollapsed": true,
                    "option": "linear",
                    "polynomialValue": 2,
                    "mustGoThroughZero": false,
                    "lambda": 0,
                    "windowStart": 1610719588799,
                    "windowEnd": 1835909773993,
                    "modelExpanded": false,
                    "regressionMethod": "OLS",
                    "variableSelection": 0.05,
                    "variableSelectionEnabled": false
                },
                "sqSignalSmoothingStore": {
                    "originalParameters": [],
                    "advancedParametersCollapsed": true,
                    "inputSignal": {
                        "predicate": [
                            "name",
                            "inputSignal"
                        ]
                    },
                    "algorithmSelectedValue": "seeq-agile",
                    "samplingRate": {},
                    "smoothingWindow": {},
                    "cutoff": {},
                    "polynomialFactor": 2,
                    "isSamplingRateAuto": true,
                    "isCutoffAuto": true,
                    "isTau": true,
                    "tau": {
                        "value": 10,
                        "units": "min"
                    },
                    "alpha": 0.9,
                    "isMigratedLowPassFilter": false
                },
                "sqDigitalFilterStore": {
                    "originalParameters": [],
                    "advancedParametersCollapsed": true,
                    "inputSignal": {
                        "predicate": [
                            "name",
                            "inputSignal"
                        ]
                    },
                    "cutoff": {},
                    "cutoff2": {},
                    "samplingRate": {},
                    "windowSize": {},
                    "isAutoSamplingRate": true,
                    "isAutoWindowSize": true
                },
                "sqTrendMetricStore": {
                    "items": []
                },
                "sqTrendTableStore": {
                    "items": []
                },
                "sqReferencePanelStore": {
                    "originalParameters": [],
                    "advancedParametersCollapsed": true,
                    "windowStart": 1610719588799,
                    "windowEnd": 1835909773993,
                    "griddingPeriod": {
                        "value": 5,
                        "units": "min"
                    },
                    "referenceStat": "",
                    "multiplier": 1,
                    "inputGroups": [
                        {
                            "inputSignal": {},
                            "inputCondition": {}
                        }
                    ]
                },
                "sqDisplayToolStore": {
                    "originalParameters": [],
                    "advancedParametersCollapsed": true,
                    "isScaled": true
                },
                "sqTrendScalarStore": {
                    "items": []
                },
                "sqTrendSeriesStore": {
                    "items": [
                        {
                            "axisAlign": "A",
                            "axisAutoScale": true,
                            "lane": 5,
                            "rightAxis": false,
                            "dashStyle": "Solid",
                            "lineWidth": 3,
                            "autoDisabled": false,
                            "axisVisibility": true,
                            "yAxisType": "linear",
                            "sampleDisplayOption": "line",
                            "id": "C2B8BA4A-671E-471A-841F-AEA43385434A",
                            "name": "Production Rate Corrected and Cleansed",
                            "selected": true,
                            "color": "#000000",
                            "interpolationMethod": "Linear"
                        },
                        {
                            "axisAlign": "B",
                            "axisAutoScale": true,
                            "lane": 6,
                            "rightAxis": false,
                            "dashStyle": "Solid",
                            "lineWidth": 1,
                            "autoDisabled": false,
                            "axisVisibility": true,
                            "yAxisType": "linear",
                            "sampleDisplayOption": "line",
                            "id": "6CD4FD30-5E86-4CE8-8363-B415F2A245D0",
                            "name": "Well Life",
                            "selected": false,
                            "color": "#E1498E"
                        },
                        {
                            "axisAlign": "A",
                            "axisAutoScale": true,
                            "lane": 5,
                            "rightAxis": false,
                            "dashStyle": "Solid",
                            "lineWidth": 3,
                            "autoDisabled": false,
                            "axisVisibility": true,
                            "yAxisType": "linear",
                            "sampleDisplayOption": "line",
                            "id": "ECFF6310-FEDC-4858-B4E5-9B94FD144569",
                            "name": "Final Well Prediction",
                            "selected": true,
                            "color": "#ff0000",
                            "interpolationMethod": "Linear"
                        }
                    ],
                    "editingId": null,
                    "previewSeriesDefinition": {}
                },
                "sqImportDatafileStore": {
                    "uploadFilename": "",
                    "filename": "",
                    "keyColumnIndex": 1,
                    "keyColumnName": "",
                    "interpolationMethod": {
                        "text": "IMPORTS.INTERPOLATION.LINEAR",
                        "value": "Linear"
                    },
                    "validationMode": {
                        "text": "IMPORTS.VALIDATION_MODE_TYPES.FAIL",
                        "value": "Fail"
                    },
                    "fileOutputType": {
                        "text": "IMPORTS.FILE_OUTPUT_TYPES.REPLACE",
                        "value": "Replace"
                    },
                    "fieldDelimiter": {
                        "text": ",",
                        "value": "Comma"
                    },
                    "maxInterpolation": {
                        "value": 40,
                        "units": "h"
                    },
                    "namePrefix": "",
                    "nameSuffix": "",
                    "firstDataRow": 2,
                    "nameRow": 1,
                    "description": "",
                    "valueColumnOption": {
                        "text": "IMPORTS.VALUE_COLUMN.ALL",
                        "value": "All"
                    },
                    "valueUom": "",
                    "lenientDaylightSavings": false,
                    "itemType": {
                        "text": "IMPORTS.SIGNAL",
                        "value": "Signal"
                    },
                    "maxDuration": {
                        "value": 40,
                        "units": "h"
                    },
                    "endColumnName": "",
                    "conditionName": "",
                    "dayFirstDefault": {
                        "text": "IMPORTS.FIRST.MONTH",
                        "value": false
                    },
                    "originalParameters": [],
                    "advancedParametersCollapsed": true
                },
                "sqTrendCapsuleStore": {
                    "selectedCapsules": [],
                    "stitchDetailsSet": false,
                    "capsulesPerPage": 100,
                    "dataStatus": "itemDataPresent",
                    "warningCount": 0,
                    "warningLogs": [],
                    "timingInformation": "",
                    "meterInformation": "",
                    "editingId": null,
                    "previewCapsulesDefinition": {},
                    "items": [
                        {
                            "id": "65BFC5CA-B9AA-4C1C-9B03-D25FFB956774_1679427668392274898L:1081814595",
                            "startTime": 1679427668392,
                            "endTime": 1893507900000,
                            "isChildOf": "65BFC5CA-B9AA-4C1C-9B03-D25FFB956774",
                            "childType": "itemChildrenTypeCapsule",
                            "isUncertain": true,
                            "itemType": "capsuleDisplayType"
                        },
                        {
                            "id": "79A89F7F-EF9A-4AB9-9B42-77C2BF18B94E_1679427668392274898L:-1979367451",
                            "startTime": 1679427668392,
                            "endTime": 1802989004954,
                            "isChildOf": "79A89F7F-EF9A-4AB9-9B42-77C2BF18B94E",
                            "childType": "itemChildrenTypeCapsule",
                            "isUncertain": true,
                            "itemType": "capsuleDisplayType"
                        },
                        {
                            "id": "33FE8FF2-C7B1-45D9-82A0-11D80A158E02_17ee8ce1-3ed6-e7f1-d9fc-d9e1bd1538b4_temp",
                            "startTime": 1802989004954,
                            "endTime": null,
                            "isChildOf": "33FE8FF2-C7B1-45D9-82A0-11D80A158E02",
                            "childType": "itemChildrenTypeCapsule",
                            "isUncertain": true,
                            "itemType": "capsuleDisplayType"
                        }
                    ]
                },
                "sqCapsuleGroupStore": {
                    "capsules": []
                },
                "sqCursorStore": {
                    "calendarCursors": [],
                    "capsuleCursors": [],
                    "showValues": true
                },
                "sqTrendCapsuleSetStore": {
                    "items": [
                        {
                            "lane": 1,
                            "lineWidth": 1,
                            "autoDisabled": false,
                            "id": "AD2B0DED-37E1-4889-8CC5-734099D352BB",
                            "name": "Well Life Characterization",
                            "selected": true,
                            "color": "#996442"
                        },
                        {
                            "lane": 2,
                            "lineWidth": 1,
                            "autoDisabled": false,
                            "id": "65BFC5CA-B9AA-4C1C-9B03-D25FFB956774",
                            "name": "Remaining Current Cycle",
                            "selected": true,
                            "color": "#4055A3"
                        },
                        {
                            "lane": 5,
                            "lineWidth": 1,
                            "autoDisabled": false,
                            "id": "33FE8FF2-C7B1-45D9-82A0-11D80A158E02",
                            "name": "Well Depleted",
                            "selected": true,
                            "color": "#9D248F"
                        },
                        {
                            "lane": 4,
                            "lineWidth": 1,
                            "autoDisabled": false,
                            "id": "79A89F7F-EF9A-4AB9-9B42-77C2BF18B94E",
                            "name": "Remaining Depletion Period",
                            "selected": true,
                            "color": "#CE561B"
                        }
                    ]
                },
                "sqTrendStore": {
                    "view": "calendar",
                    "isCompareMode": false,
                    "enabledColumns": {
                        "CAPSULES": {
                            "startTime": true,
                            "endTime": true,
                            "properties.Well Production Phase": true
                        },
                        "SERIES": {
                            "lane": true,
                            "asset": true
                        },
                        "CHART_CAPSULES": {
                            "properties.Well Production Phase": true
                        }
                    },
                    "propertyColumns": {
                        "CAPSULES": {
                            "properties.Well Production Phase": {
                                "key": "properties.Well Production Phase",
                                "uomKey": "propertiesUOM.Well Production Phase",
                                "propertyName": "Well Production Phase",
                                "style": "string"
                            }
                        },
                        "CHART_CAPSULES": {
                            "properties.Well Production Phase": {
                                "key": "properties.Well Production Phase",
                                "uomKey": "propertiesUOM.Well Production Phase",
                                "propertyName": "Well Production Phase",
                                "style": "string"
                            }
                        }
                    },
                    "selectedRegion": {
                        "min": 0,
                        "max": 0
                    },
                    "capsuleTimeOffsets": {
                        "lower": 0,
                        "upper": 0
                    },
                    "dataSummary": {
                        "type": "AUTO",
                        "value": 0,
                        "discreteUnits": {
                            "value": 0,
                            "units": "min"
                        },
                        "isSlider": true
                    },
                    "capsuleTimeColorMode": "signal",
                    "compareViewColorMode": "rainbow",
                    "capsulePreview": false,
                    "customizationMode": "off",
                    "dimDataOutsideCapsules": false,
                    "hideUnselectedItems": true,
                    "labelDisplayConfiguration": {
                        "name": "lane",
                        "asset": "off",
                        "assetPathLevels": 1,
                        "line": "off",
                        "unitOfMeasure": "axis",
                        "custom": "off",
                        "customLabels": []
                    },
                    "showCapsuleLaneLabels": true,
                    "panelProps": {
                        "BOTTOM": {
                            "leftPanelWidth": 355
                        }
                    },
                    "panelSorters": {
                        "CAPSULES": {
                            "sortBy": "startTime",
                            "sortAsc": true
                        },
                        "CAPSULE_SERIES": {
                            "sortBy": "startTime",
                            "sortAsc": true
                        },
                        "SERIES": {
                            "sortBy": "lane",
                            "sortAsc": true
                        },
                        "INVESTIGATE_ITEMS": {
                            "sortBy": "name",
                            "sortAsc": true
                        }
                    },
                    "capsulePanelFilters": {},
                    "capsulePanelOffset": 0,
                    "capsulePanelMaxOffset": 0,
                    "capsulePanelHasNext": false,
                    "showGridlines": false,
                    "capsuleProperties": []
                },
                "sqTreemapStore": {
                    "parent": {},
                    "statistics": []
                },
                "sqExportExcelPanelStore": {
                    "name": "Oil Well Life Prediction",
                    "originalParameters": [],
                    "advancedParametersCollapsed": true,
                    "exportStatistics": true,
                    "exportData": true,
                    "timeRange": {
                        "start": 1610719588799,
                        "end": 1835909773993
                    },
                    "exportTimeZone": {
                        "name": "US/Central",
                        "displayName": "US/Central",
                        "offset": "-06:00",
                        "offsetMinutes": -360
                    },
                    "gridOption": "custom",
                    "gridSize": {
                        "value": 7,
                        "units": "day"
                    },
                    "gridOrigin": 1672552800000,
                    "gridOriginEnabled": false
                },
                "sqScatterPlotStore": {
                    "xSignal": {
                        "id": "C2B8BA4A-671E-471A-841F-AEA43385434A",
                        "formatOptions": {}
                    },
                    "ySignals": [
                        {
                            "id": "6CD4FD30-5E86-4CE8-8363-B415F2A245D0",
                            "formatOptions": {}
                        }
                    ],
                    "selector": {
                        "low": 1,
                        "high": 1
                    },
                    "selectedRegion": {
                        "x": {
                            "min": null,
                            "max": null
                        },
                        "ys": {}
                    },
                    "viewRegion": {
                        "x": {
                            "min": null,
                            "max": null
                        },
                        "ys": {}
                    },
                    "fxLines": [],
                    "colorConditionIds": [],
                    "colorByItemColor": false,
                    "colorRanges": [],
                    "plotMode": "DISPLAY_RANGE",
                    "plotView": "SCATTER_PLOT",
                    "connect": false,
                    "showTooltips": true,
                    "markerSize": 3,
                    "isMarkerSizeCustom": false,
                    "densityPlotData": [],
                    "numXBins": 40,
                    "numYBins": 20,
                    "xBinSize": 0,
                    "yBinSize": 0
                },
                "sqExportODataPanelStore": {
                    "name": "Oil Well Life Prediction",
                    "originalParameters": [],
                    "advancedParametersCollapsed": true,
                    "autoupdateTimeRange": false,
                    "timeRange": {
                        "start": 1610719588799,
                        "end": 1835909773993
                    },
                    "exportTimeZone": {
                        "name": "US/Central",
                        "displayName": "US/Central",
                        "offset": "-06:00",
                        "offsetMinutes": -360
                    },
                    "gridOption": "custom",
                    "gridSize": {
                        "value": 7,
                        "units": "day"
                    },
                    "gridOrigin": 1672552800000,
                    "gridOriginEnabled": false
                },
                "sqTableBuilderStore": {
                    "mode": "simple",
                    "headers": {
                        "condition": {
                            "type": "startEnd",
                            "format": "lll"
                        },
                        "simple": {
                            "type": "startEnd",
                            "format": "lll"
                        }
                    },
                    "columns": {
                        "condition": [
                            {
                                "key": "name",
                                "headerTextAlign": "center",
                                "headerTextStyle": [
                                    "bold"
                                ]
                            }
                        ],
                        "simple": [
                            {
                                "key": "name",
                                "accessor": "name",
                                "propertyName": "Name",
                                "style": "string",
                                "title": "NAME",
                                "shortTitle": "NAME",
                                "headerTextAlign": "center",
                                "headerTextStyle": [
                                    "bold"
                                ]
                            },
                            {
                                "key": "statistics.average",
                                "title": "STATISTICS.AVERAGE.LONG",
                                "shortTitle": "STATISTICS.AVERAGE.SHORT",
                                "style": "decimal",
                                "stat": "average()",
                                "invalidsFirst": true,
                                "columnSuffix": "Average",
                                "headerTextAlign": "center",
                                "headerTextStyle": [
                                    "bold"
                                ]
                            }
                        ]
                    },
                    "isTransposed": {
                        "condition": true,
                        "simple": false
                    },
                    "assetId": {},
                    "isHomogenizeUnits": {
                        "condition": false,
                        "simple": false
                    },
                    "itemFilters": {},
                    "itemSorts": {},
                    "isMigrating": false,
                    "chartView": {
                        "enabled": false,
                        "settings": {
                            "title": "",
                            "legend": true,
                            "dataLabels": true,
                            "categoryLabels": true,
                            "rows": [],
                            "columns": [],
                            "categoryColumns": [
                                "name"
                            ],
                            "showSettings": false,
                            "position": {
                                "x": 100,
                                "y": 100
                            }
                        }
                    },
                    "useSignalColorsInChart": true
                },
                "sqFormulaToolStore": {
                    "originalParameters": [],
                    "advancedParametersCollapsed": true,
                    "formula": "",
                    "parameters": [],
                    "navigationStack": [],
                    "helpShown": true
                },
                "sqThresholdMetricStore": {
                    "originalParameters": [],
                    "advancedParametersCollapsed": true,
                    "measuredItem": {
                        "predicate": [
                            "name",
                            "measuredItem"
                        ]
                    },
                    "boundingCondition": {
                        "predicate": [
                            "name",
                            "boundingCondition"
                        ]
                    },
                    "processType": "Simple",
                    "aggregationOperator": {
                        "key": null,
                        "timeUnits": "s"
                    },
                    "duration": {},
                    "period": {},
                    "thresholds": {}
                },
                "sqScatterConditionStore": {
                    "originalParameters": [],
                    "advancedParametersCollapsed": true,
                    "isBounding": false,
                    "isCleansing": false,
                    "minDuration": {
                        "value": 0,
                        "units": "min"
                    },
                    "mergeDuration": {
                        "value": 0,
                        "units": "min"
                    }
                },
                "sqScorecardStore": {
                    "metrics": []
                }
            }
        }
    }
}