{
    "ID": "C87F626D-5401-44CB-AE72-DBE79D984C09",
    "Type": "Workstep",
    "Data": {
        "version": 1,
        "state": {
            "stores": {
                "sqTrendSeriesStore": {
                    "items": []
                },
                "sqTrendCapsuleSetStore": {
                    "items": []
                },
                "sqTrendScalarStore": {
                    "items": []
                },
                "sqTrendMetricStore": {
                    "items": []
                },
                "sqTrendTableStore": {
                    "items": []
                },
                "sqDurationStore": {
                    "autoUpdate": {
                        "offset": 17999996
                    },
                    "displayRange": {
                        "start": 1730922257688,
                        "end": 1731008657688
                    },
                    "investigateRange": {
                        "start": 1730400257691,
                        "end": 1731008657691
                    }
                },
                "sqWorksheetStore": {
                    "viewKey": "TREND"
                }
            }
        }
    }
}