{
    "Archived": false,
    "Cache Enabled": false,
    "Created At": "1678117112849049439",
    "Enabled": true,
    "ID": "F96C8070-859A-4B32-BB0F-EF148AECB8FC",
    "Locked": false,
    "Unsearchable": false,
    "Updated At": "1723528852206303218",
    "Name": "Detailed Demo",
    "Type": "Worksheet",
    "Annotation ID": "E2DE89F6-8CD8-43B0-B84F-8CF457A1D42E",
    "Current Workstep ID": "0EF59396-5763-FBB0-AD60-0A58EF1EF5EB",
    "URL": "https://demo.seeq.dev/E48B4E6B-3C15-4956-877A-99D3E32C3743/workbook/E12CAED8-7AD7-4CAF-85EF-B169820967B0/worksheet/F96C8070-859A-4B32-BB0F-EF148AECB8FC"
}