{
    "Archived": false,
    "Cache Enabled": false,
    "Created At": "1678117089023249300",
    "Enabled": true,
    "ID": "ACC89624-060A-4413-BD8F-400120867448",
    "Locked": false,
    "Unsearchable": false,
    "Updated At": "1730990632039412982",
    "Name": "Demo Overview",
    "Type": "Worksheet",
    "Annotation ID": "59EBF6C7-66C9-44F2-9AC9-437734667810",
    "Current Workstep ID": "0EF9D16B-4D34-6240-BF44-24EF2332D8E3",
    "URL": "https://demo.seeq.dev/E48B4E6B-3C15-4956-877A-99D3E32C3743/workbook/E12CAED8-7AD7-4CAF-85EF-B169820967B0/worksheet/ACC89624-060A-4413-BD8F-400120867448"
}