{
    "Definition": {
        "Archived": false,
        "Cache Enabled": false,
        "Created At": "1675122443604678100",
        "Description": "Reduced TA turnaround time by 2-16hrs per chromatography cycle.&nbsp; Monitor to prevent column re-pack and re-slurry ( $100k+ /occurrence) Calculate near real-time production-scale column HETP and Asymmetry during column transition periods to monitor for column integrity and consistent operations using the moment analysis technique. Challenge TA is essential to assessing",
        "Document": "<h1 style=\"text-align:center;\"><a href=\"/links?type&#61;workstep&amp;workbook&#61;705F6DB7-1B1A-45AA-B4AA-FCC7913A7981&amp;worksheet&#61;6120813F-E746-4DEA-9B0D-7DF00FC8FD45&amp;workstep&#61;0EE8F7B0-0909-F9D0-A8C8-AB63D79C7DC1\" rel=\"nofollow noopener noreferrer\"><strong>Transition Analysis</strong></a></h1><figure class=\"table\"><table class=\"ck-table-resized\"><colgroup><col style=\"width:46.43%;\" /><col style=\"width:53.57%;\" /></colgroup><tbody><tr><td><img src=\"/api/annotations/550692B2-CE13-4B54-9BCA-53DC47B0AC2F/images/image_v1.png\" alt=\"Leadership Insights in the Pharmaceutical Industry | CCL\"></td><td><strong>Reduced </strong>TA turnaround time by <strong>2-16hrs</strong> per chromatography cycle.\u00a0<br><strong>Monitor </strong>to prevent column re-pack and re-slurry (<strong>$100k&#43;</strong>/occurrence)</td></tr></tbody></table></figure><p>Calculate near <strong>real-time</strong> production-scale column HETP and Asymmetry during column transition periods to monitor for column integrity and consistent operations using the moment analysis technique.</p><h3><strong>Challenge</strong></h3><p>TA is essential to assessing column efficiency and integrity. Typical methods for performing the analysis require complex data post-processing well after the process has completed.\u00a0</p><h3><strong>Solution</strong></h3><p>Leverage Seeq to connect, clean, and contextualize data. Perform calculations in real-time. Eliminate the often delayed, tedious, and error-prone manual process. Identify drift and early signs of column degradation.\u00a0</p><h4><strong>Contextualize</strong></h4><p>Begin with the conductivity and flow rate signals. Clean and smooth signal as needed.\u00a0</p><ul><li><a href=\"/links?type&#61;workstep&amp;workbook&#61;705F6DB7-1B1A-45AA-B4AA-FCC7913A7981&amp;worksheet&#61;6120813F-E746-4DEA-9B0D-7DF00FC8FD45&amp;workstep&#61;24E82C7E-433A-4E9D-BCE1-1603447858A9\" rel=\"nofollow noopener noreferrer\">Raw Signals</a></li><li><a href=\"/links?type&#61;workstep&amp;workbook&#61;705F6DB7-1B1A-45AA-B4AA-FCC7913A7981&amp;worksheet&#61;6120813F-E746-4DEA-9B0D-7DF00FC8FD45&amp;workstep&#61;0EE8F7B8-F80B-73F0-A8E1-478375BFC964\" rel=\"nofollow noopener noreferrer\">Cleaned</a><strong>**\u00a0</strong></li></ul><p>Identify transition periods with conductivity, flow, or DCS phase type signal(s). Combine the periods where the <a href=\"/links?type&#61;condition&amp;item&#61;1AE2A80B-C3BC-49E4-864A-CBAB981BE364\" rel=\"nofollow noopener noreferrer\">derivative</a> is positive and <a href=\"/links?type&#61;condition&amp;item&#61;71571FBC-F2A4-4E63-80B7-1FA32DFD57EC\" rel=\"nofollow noopener noreferrer\">flow is low</a> to identify the transitions.</p><ul><li><a href=\"/links?type&#61;workstep&amp;workbook&#61;705F6DB7-1B1A-45AA-B4AA-FCC7913A7981&amp;worksheet&#61;6120813F-E746-4DEA-9B0D-7DF00FC8FD45&amp;workstep&#61;0EE8F7BE-F602-E8F0-97F8-4E445FC9985F\" rel=\"nofollow noopener noreferrer\">Transition Periods</a>\u00a0</li></ul><h4><strong>Calculate</strong></h4><h4>HETP</h4><p><img src=\"/api/annotations/550692B2-CE13-4B54-9BCA-53DC47B0AC2F/images/image_v4.png\"></p><p>Quantify the <strong>column efficiency</strong> by calculating the HETP using a moment analysis.</p><p>Done by applying eq.1-5 which integrates the feed flow over the transition periods to get the <a href=\"/links?type&#61;signal&amp;item&#61;B69ADD03-3BFE-42A6-904F-99AC55B23A55\" rel=\"nofollow noopener noreferrer\">volume</a> and then the calculating <a href=\"/links?type&#61;signal&amp;item&#61;EA7F8D4B-8261-46A0-BDF5-288DB3B98E6D\" rel=\"nofollow noopener noreferrer\">dC/dV</a> to get the \u00a0<a href=\"/links?type&#61;workstep&amp;workbook&#61;705F6DB7-1B1A-45AA-B4AA-FCC7913A7981&amp;worksheet&#61;6120813F-E746-4DEA-9B0D-7DF00FC8FD45&amp;workstep&#61;031E7D63-80B2-4492-AD6B-D50EEB650E17\" rel=\"nofollow noopener noreferrer\">moments</a> and <a href=\"/links?type&#61;workstep&amp;workbook&#61;705F6DB7-1B1A-45AA-B4AA-FCC7913A7981&amp;worksheet&#61;6120813F-E746-4DEA-9B0D-7DF00FC8FD45&amp;workstep&#61;BEF026D2-33BE-4B2A-B53C-32D880F6B984\" rel=\"nofollow noopener noreferrer\">variance</a>.</p><ul><li><a href=\"/links?type&#61;workstep&amp;workbook&#61;705F6DB7-1B1A-45AA-B4AA-FCC7913A7981&amp;worksheet&#61;6120813F-E746-4DEA-9B0D-7DF00FC8FD45&amp;workstep&#61;BC20614D-072D-45FC-956B-56C64A64B4B9\" rel=\"nofollow noopener noreferrer\">HETP</a></li></ul><h4>Asymmetry\u00a0</h4><p><img src=\"/api/annotations/550692B2-CE13-4B54-9BCA-53DC47B0AC2F/images/image_v5.png\"></p><p>Quantify the <strong>column integrity and pack quality</strong> by calculating peak asymmetry by finding the volume changes over the left and right sides of the dC/dV curve at 10% of max.</p><ul><li><a href=\"/links?type&#61;workstep&amp;workbook&#61;705F6DB7-1B1A-45AA-B4AA-FCC7913A7981&amp;worksheet&#61;6120813F-E746-4DEA-9B0D-7DF00FC8FD45&amp;workstep&#61;0EE8F7C1-8043-6670-A1C3-3585CEC4AB33\" rel=\"nofollow noopener noreferrer\">Volume Change</a></li></ul><p>Using the change on volume over the left and right sides, calculate the asymmetry.\u00a0</p><ul><li><a href=\"/links?type&#61;workstep&amp;workbook&#61;705F6DB7-1B1A-45AA-B4AA-FCC7913A7981&amp;worksheet&#61;6120813F-E746-4DEA-9B0D-7DF00FC8FD45&amp;workstep&#61;BF9423A6-02CF-4570-83B7-6ECEAC3B57C2\" rel=\"nofollow noopener noreferrer\">Asymmetry</a></li></ul><h4><strong>Monitor</strong></h4><p>Set thresholds and monitor the HETP and Asymmetry in real time.</p><ul><li><a href=\"/links?type&#61;workstep&amp;workbook&#61;705F6DB7-1B1A-45AA-B4AA-FCC7913A7981&amp;worksheet&#61;6120813F-E746-4DEA-9B0D-7DF00FC8FD45&amp;workstep&#61;0EE14FFC-1F1F-6660-8BB5-409AE665616F\" rel=\"nofollow noopener noreferrer\">Deviations</a></li><li><a href=\"/links?type&#61;workstep&amp;workbook&#61;705F6DB7-1B1A-45AA-B4AA-FCC7913A7981&amp;worksheet&#61;6120813F-E746-4DEA-9B0D-7DF00FC8FD45&amp;workstep&#61;28E0891E-E725-4734-967E-FEAF0979D4E4\" rel=\"nofollow noopener noreferrer\">Summary Table</a></li></ul><p>\u00a0</p><p>\u00a0</p><p>\u00a0</p><p>\u00a0</p><p>\u00a0</p><p>\u00a0</p><p>\u00a0</p>",
        "DocumentBackup\u02c9-jPWuY9WzL6sLEmpYVGBOvvRkburuy3tFLazPSnGtwc\u02c92023-06-27T15:39:00Z": "<h1 style=\"text-align:center;\"><a href=\"/links?type&#61;workstep&amp;workbook&#61;705F6DB7-1B1A-45AA-B4AA-FCC7913A7981&amp;worksheet&#61;6120813F-E746-4DEA-9B0D-7DF00FC8FD45&amp;workstep&#61;0EE14FFC-1F1F-6660-8BB5-409AE665616F\" rel=\"nofollow noopener noreferrer\"><strong>Transition Analysis</strong></a></h1><figure class=\"table\"><table><colgroup><col style=\"width:50%;\" /><col style=\"width:50%;\" /></colgroup><tbody><tr><td>Company Logo**</td><td><strong>Reduced </strong>TA turnaround time by <strong>2-16hrs</strong> per chromatography cycle.\u00a0</td></tr></tbody></table></figure><p>Calculate near <strong>real-time</strong> production-scale column HETP and Asymmetry during column transition periods to monitor for column integrity and consistent operations using the moment analysis technique.</p><ul><li>Monitor and Predict future column re-slurry and repack: condition based action <strong>preventing major deviations ($100,000&#43;/occurrence)</strong></li></ul><h3><strong>Challenge</strong></h3><p>TA is essential to assessing column efficiency and integrity. Typical methods for performing the analysis require complex data post-processing well after the process has completed.\u00a0</p><h3><strong>Solution</strong></h3><p>Leverage Seeq to connect, clean, and contextualize data. Perform calculations in real-time. Eliminate the often delayed, tedious, and error-prone manual process. Identify drift and early signs of column degradation.\u00a0</p><h4><strong>Contextualize</strong></h4><p>Begin with the conductivity and flow rate signals. Clean and smooth signal as needed.\u00a0</p><ul><li><a href=\"/links?type&#61;workstep&amp;workbook&#61;705F6DB7-1B1A-45AA-B4AA-FCC7913A7981&amp;worksheet&#61;6120813F-E746-4DEA-9B0D-7DF00FC8FD45&amp;workstep&#61;24E82C7E-433A-4E9D-BCE1-1603447858A9\" rel=\"nofollow noopener noreferrer\">Raw Signals</a></li><li><a href=\"/links?type&#61;workstep&amp;workbook&#61;705F6DB7-1B1A-45AA-B4AA-FCC7913A7981&amp;worksheet&#61;6120813F-E746-4DEA-9B0D-7DF00FC8FD45&amp;workstep&#61;3E3B302F-F805-46C6-8B2E-555D8EDBCD91\" rel=\"nofollow noopener noreferrer\">Cleaned</a><strong>**\u00a0</strong></li></ul><p>Identify transition periods with conductivity, flow, or DCS phase type signal(s). Combine the periods where the <a href=\"/links?type&#61;condition&amp;item&#61;1AE2A80B-C3BC-49E4-864A-CBAB981BE364\" rel=\"nofollow noopener noreferrer\">derivative</a> is positive and <a href=\"/links?type&#61;condition&amp;item&#61;71571FBC-F2A4-4E63-80B7-1FA32DFD57EC\" rel=\"nofollow noopener noreferrer\">flow is low</a> to identify the transitions.</p><ul><li><a href=\"/links?type&#61;workstep&amp;workbook&#61;705F6DB7-1B1A-45AA-B4AA-FCC7913A7981&amp;worksheet&#61;6120813F-E746-4DEA-9B0D-7DF00FC8FD45&amp;workstep&#61;0BD1E90E-C2B3-4C1A-9163-31216601CF7F\" rel=\"nofollow noopener noreferrer\">Transition Periods</a>\u00a0</li></ul><h4><strong>Calculate</strong></h4><h4>HETP</h4><p><img src=\"/api/annotations/550692B2-CE13-4B54-9BCA-53DC47B0AC2F/images/image_v4.png\"></p><p>Quantify the <strong>column efficiency</strong> by calculating the HETP using a moment analysis.</p><p>Done by applying eq.1-5 which integrates the feed flow over the transition periods to get the <a href=\"/links?type&#61;signal&amp;item&#61;B69ADD03-3BFE-42A6-904F-99AC55B23A55\" rel=\"nofollow noopener noreferrer\">volume</a> and then the calculating <a href=\"/links?type&#61;signal&amp;item&#61;EA7F8D4B-8261-46A0-BDF5-288DB3B98E6D\" rel=\"nofollow noopener noreferrer\">dC/dV</a> to get the \u00a0<a href=\"/links?type&#61;workstep&amp;workbook&#61;705F6DB7-1B1A-45AA-B4AA-FCC7913A7981&amp;worksheet&#61;6120813F-E746-4DEA-9B0D-7DF00FC8FD45&amp;workstep&#61;031E7D63-80B2-4492-AD6B-D50EEB650E17\" rel=\"nofollow noopener noreferrer\">moments</a> and <a href=\"/links?type&#61;workstep&amp;workbook&#61;705F6DB7-1B1A-45AA-B4AA-FCC7913A7981&amp;worksheet&#61;6120813F-E746-4DEA-9B0D-7DF00FC8FD45&amp;workstep&#61;BEF026D2-33BE-4B2A-B53C-32D880F6B984\" rel=\"nofollow noopener noreferrer\">variance</a>.</p><ul><li><a href=\"/links?type&#61;workstep&amp;workbook&#61;705F6DB7-1B1A-45AA-B4AA-FCC7913A7981&amp;worksheet&#61;6120813F-E746-4DEA-9B0D-7DF00FC8FD45&amp;workstep&#61;BC20614D-072D-45FC-956B-56C64A64B4B9\" rel=\"nofollow noopener noreferrer\">HETP</a></li></ul><h4>Asymmetry\u00a0</h4><p><img src=\"/api/annotations/550692B2-CE13-4B54-9BCA-53DC47B0AC2F/images/image_v5.png\"></p><p>Quantify the <strong>column integrity and pack quality</strong> by calculating peak asymmetry by finding the volume changes over the left and right sides of the dC/dV curve at 10% of max.</p><ul><li><a href=\"/links?type&#61;workstep&amp;workbook&#61;705F6DB7-1B1A-45AA-B4AA-FCC7913A7981&amp;worksheet&#61;6120813F-E746-4DEA-9B0D-7DF00FC8FD45&amp;workstep&#61;0EE14F7F-98EB-7160-A7D1-14B6942EDA0B\" rel=\"nofollow noopener noreferrer\">Volume Change</a></li></ul><p>Using the change on volume over the left and right sides, calculate the asymmetry.\u00a0</p><ul><li><a href=\"/links?type&#61;workstep&amp;workbook&#61;705F6DB7-1B1A-45AA-B4AA-FCC7913A7981&amp;worksheet&#61;6120813F-E746-4DEA-9B0D-7DF00FC8FD45&amp;workstep&#61;BF9423A6-02CF-4570-83B7-6ECEAC3B57C2\" rel=\"nofollow noopener noreferrer\">Asymmetry</a></li></ul><h4><strong>Monitor</strong></h4><p>Set thresholds and monitor the HETP and Asymmetry in real time.</p><ul><li><a href=\"/links?type&#61;workstep&amp;workbook&#61;705F6DB7-1B1A-45AA-B4AA-FCC7913A7981&amp;worksheet&#61;6120813F-E746-4DEA-9B0D-7DF00FC8FD45&amp;workstep&#61;0EE14FFC-1F1F-6660-8BB5-409AE665616F\" rel=\"nofollow noopener noreferrer\">Deviations</a></li><li><a href=\"/links?type&#61;workstep&amp;workbook&#61;705F6DB7-1B1A-45AA-B4AA-FCC7913A7981&amp;worksheet&#61;6120813F-E746-4DEA-9B0D-7DF00FC8FD45&amp;workstep&#61;28E0891E-E725-4734-967E-FEAF0979D4E4\" rel=\"nofollow noopener noreferrer\">Summary Table</a></li></ul><p>\u00a0</p><p>\u00a0</p><p>\u00a0</p><p>\u00a0</p><p>\u00a0</p><p>\u00a0</p><p>\u00a0</p><p>\u00a0</p><p>\u00a0</p><p>\u00a0</p><p>\u00a0</p><p>\u00a0</p><h4><strong>Predict and Notify</strong></h4><p>Create a time based model of HETP to predict when the efficiency of the column is anticipated to drop below the control limits. Notify of drift.</p><ul><li>HETP Prediction</li></ul><h4>\u00a0</h4><p>\u00a0</p><p>\u00a0</p><p>\u00a0</p>",
        "DocumentBackup\u02c9-jPWuY9WzL6sLEmpYVGBOvvRkburuy3tFLazPSnGtwc\u02c92023-06-27T15:48:00Z": "<h1 style=\"text-align:center;\"><a href=\"/links?type&#61;workstep&amp;workbook&#61;705F6DB7-1B1A-45AA-B4AA-FCC7913A7981&amp;worksheet&#61;6120813F-E746-4DEA-9B0D-7DF00FC8FD45&amp;workstep&#61;0EE14FFC-1F1F-6660-8BB5-409AE665616F\" rel=\"nofollow noopener noreferrer\"><strong>Transition Analysis</strong></a></h1><figure class=\"table\"><table><colgroup><col style=\"width:50%;\" /><col style=\"width:50%;\" /></colgroup><tbody><tr><td>Company Logo**</td><td><strong>Reduced </strong>TA turnaround time by <strong>2-16hrs</strong> per chromatography cycle.\u00a0<br><strong>Monitor\u00a0</strong></td></tr></tbody></table></figure><p>Calculate near <strong>real-time</strong> production-scale column HETP and Asymmetry during column transition periods to monitor for column integrity and consistent operations using the moment analysis technique.</p><ul><li>Monitor and Predict future column re-slurry and repack: condition based action <strong>preventing major deviations ($100,000&#43;/occurrence)</strong></li></ul><h3><strong>Challenge</strong></h3><p>TA is essential to assessing column efficiency and integrity. Typical methods for performing the analysis require complex data post-processing well after the process has completed.\u00a0</p><h3><strong>Solution</strong></h3><p>Leverage Seeq to connect, clean, and contextualize data. Perform calculations in real-time. Eliminate the often delayed, tedious, and error-prone manual process. Identify drift and early signs of column degradation.\u00a0</p><h4><strong>Contextualize</strong></h4><p>Begin with the conductivity and flow rate signals. Clean and smooth signal as needed.\u00a0</p><ul><li><a href=\"/links?type&#61;workstep&amp;workbook&#61;705F6DB7-1B1A-45AA-B4AA-FCC7913A7981&amp;worksheet&#61;6120813F-E746-4DEA-9B0D-7DF00FC8FD45&amp;workstep&#61;24E82C7E-433A-4E9D-BCE1-1603447858A9\" rel=\"nofollow noopener noreferrer\">Raw Signals</a></li><li><a href=\"/links?type&#61;workstep&amp;workbook&#61;705F6DB7-1B1A-45AA-B4AA-FCC7913A7981&amp;worksheet&#61;6120813F-E746-4DEA-9B0D-7DF00FC8FD45&amp;workstep&#61;3E3B302F-F805-46C6-8B2E-555D8EDBCD91\" rel=\"nofollow noopener noreferrer\">Cleaned</a><strong>**\u00a0</strong></li></ul><p>Identify transition periods with conductivity, flow, or DCS phase type signal(s). Combine the periods where the <a href=\"/links?type&#61;condition&amp;item&#61;1AE2A80B-C3BC-49E4-864A-CBAB981BE364\" rel=\"nofollow noopener noreferrer\">derivative</a> is positive and <a href=\"/links?type&#61;condition&amp;item&#61;71571FBC-F2A4-4E63-80B7-1FA32DFD57EC\" rel=\"nofollow noopener noreferrer\">flow is low</a> to identify the transitions.</p><ul><li><a href=\"/links?type&#61;workstep&amp;workbook&#61;705F6DB7-1B1A-45AA-B4AA-FCC7913A7981&amp;worksheet&#61;6120813F-E746-4DEA-9B0D-7DF00FC8FD45&amp;workstep&#61;0BD1E90E-C2B3-4C1A-9163-31216601CF7F\" rel=\"nofollow noopener noreferrer\">Transition Periods</a>\u00a0</li></ul><h4><strong>Calculate</strong></h4><h4>HETP</h4><p><img src=\"/api/annotations/550692B2-CE13-4B54-9BCA-53DC47B0AC2F/images/image_v4.png\"></p><p>Quantify the <strong>column efficiency</strong> by calculating the HETP using a moment analysis.</p><p>Done by applying eq.1-5 which integrates the feed flow over the transition periods to get the <a href=\"/links?type&#61;signal&amp;item&#61;B69ADD03-3BFE-42A6-904F-99AC55B23A55\" rel=\"nofollow noopener noreferrer\">volume</a> and then the calculating <a href=\"/links?type&#61;signal&amp;item&#61;EA7F8D4B-8261-46A0-BDF5-288DB3B98E6D\" rel=\"nofollow noopener noreferrer\">dC/dV</a> to get the \u00a0<a href=\"/links?type&#61;workstep&amp;workbook&#61;705F6DB7-1B1A-45AA-B4AA-FCC7913A7981&amp;worksheet&#61;6120813F-E746-4DEA-9B0D-7DF00FC8FD45&amp;workstep&#61;031E7D63-80B2-4492-AD6B-D50EEB650E17\" rel=\"nofollow noopener noreferrer\">moments</a> and <a href=\"/links?type&#61;workstep&amp;workbook&#61;705F6DB7-1B1A-45AA-B4AA-FCC7913A7981&amp;worksheet&#61;6120813F-E746-4DEA-9B0D-7DF00FC8FD45&amp;workstep&#61;BEF026D2-33BE-4B2A-B53C-32D880F6B984\" rel=\"nofollow noopener noreferrer\">variance</a>.</p><ul><li><a href=\"/links?type&#61;workstep&amp;workbook&#61;705F6DB7-1B1A-45AA-B4AA-FCC7913A7981&amp;worksheet&#61;6120813F-E746-4DEA-9B0D-7DF00FC8FD45&amp;workstep&#61;BC20614D-072D-45FC-956B-56C64A64B4B9\" rel=\"nofollow noopener noreferrer\">HETP</a></li></ul><h4>Asymmetry\u00a0</h4><p><img src=\"/api/annotations/550692B2-CE13-4B54-9BCA-53DC47B0AC2F/images/image_v5.png\"></p><p>Quantify the <strong>column integrity and pack quality</strong> by calculating peak asymmetry by finding the volume changes over the left and right sides of the dC/dV curve at 10% of max.</p><ul><li><a href=\"/links?type&#61;workstep&amp;workbook&#61;705F6DB7-1B1A-45AA-B4AA-FCC7913A7981&amp;worksheet&#61;6120813F-E746-4DEA-9B0D-7DF00FC8FD45&amp;workstep&#61;0EE14F7F-98EB-7160-A7D1-14B6942EDA0B\" rel=\"nofollow noopener noreferrer\">Volume Change</a></li></ul><p>Using the change on volume over the left and right sides, calculate the asymmetry.\u00a0</p><ul><li><a href=\"/links?type&#61;workstep&amp;workbook&#61;705F6DB7-1B1A-45AA-B4AA-FCC7913A7981&amp;worksheet&#61;6120813F-E746-4DEA-9B0D-7DF00FC8FD45&amp;workstep&#61;BF9423A6-02CF-4570-83B7-6ECEAC3B57C2\" rel=\"nofollow noopener noreferrer\">Asymmetry</a></li></ul><h4><strong>Monitor</strong></h4><p>Set thresholds and monitor the HETP and Asymmetry in real time.</p><ul><li><a href=\"/links?type&#61;workstep&amp;workbook&#61;705F6DB7-1B1A-45AA-B4AA-FCC7913A7981&amp;worksheet&#61;6120813F-E746-4DEA-9B0D-7DF00FC8FD45&amp;workstep&#61;0EE14FFC-1F1F-6660-8BB5-409AE665616F\" rel=\"nofollow noopener noreferrer\">Deviations</a></li><li><a href=\"/links?type&#61;workstep&amp;workbook&#61;705F6DB7-1B1A-45AA-B4AA-FCC7913A7981&amp;worksheet&#61;6120813F-E746-4DEA-9B0D-7DF00FC8FD45&amp;workstep&#61;28E0891E-E725-4734-967E-FEAF0979D4E4\" rel=\"nofollow noopener noreferrer\">Summary Table</a></li></ul><p>\u00a0</p><p>\u00a0</p><p>\u00a0</p><p>\u00a0</p><p>\u00a0</p><p>\u00a0</p><p>\u00a0</p><p>\u00a0</p><p>\u00a0</p><p>\u00a0</p><p>\u00a0</p><p>\u00a0</p><h4><strong>Predict and Notify</strong></h4><p>Create a time based model of HETP to predict when the efficiency of the column is anticipated to drop below the control limits. Notify of drift.</p><ul><li>HETP Prediction</li></ul><h4>\u00a0</h4><p>\u00a0</p><p>\u00a0</p><p>\u00a0</p>",
        "DocumentBackup\u02c9-jPWuY9WzL6sLEmpYVGBOvvRkburuy3tFLazPSnGtwc\u02c92023-06-27T15:49:00Z": "<h1 style=\"text-align:center;\"><a href=\"/links?type&#61;workstep&amp;workbook&#61;705F6DB7-1B1A-45AA-B4AA-FCC7913A7981&amp;worksheet&#61;6120813F-E746-4DEA-9B0D-7DF00FC8FD45&amp;workstep&#61;0EE14FFC-1F1F-6660-8BB5-409AE665616F\" rel=\"nofollow noopener noreferrer\"><strong>Transition Analysis</strong></a></h1><figure class=\"table\"><table><colgroup><col style=\"width:50%;\" /><col style=\"width:50%;\" /></colgroup><tbody><tr><td>Company Logo**</td><td><strong>Reduced </strong>TA turnaround time by <strong>2-16hrs</strong> per chromatography cycle.\u00a0<br><strong>Monitor </strong>to prevent column re-pack and re-slurry\u00a0</td></tr></tbody></table></figure><p>Calculate near <strong>real-time</strong> production-scale column HETP and Asymmetry during column transition periods to monitor for column integrity and consistent operations using the moment analysis technique.</p><ul><li>Monitor and Predict future column re-slurry and repack: condition based action <strong>preventing major deviations ($100,000&#43;/occurrence)</strong></li></ul><h3><strong>Challenge</strong></h3><p>TA is essential to assessing column efficiency and integrity. Typical methods for performing the analysis require complex data post-processing well after the process has completed.\u00a0</p><h3><strong>Solution</strong></h3><p>Leverage Seeq to connect, clean, and contextualize data. Perform calculations in real-time. Eliminate the often delayed, tedious, and error-prone manual process. Identify drift and early signs of column degradation.\u00a0</p><h4><strong>Contextualize</strong></h4><p>Begin with the conductivity and flow rate signals. Clean and smooth signal as needed.\u00a0</p><ul><li><a href=\"/links?type&#61;workstep&amp;workbook&#61;705F6DB7-1B1A-45AA-B4AA-FCC7913A7981&amp;worksheet&#61;6120813F-E746-4DEA-9B0D-7DF00FC8FD45&amp;workstep&#61;24E82C7E-433A-4E9D-BCE1-1603447858A9\" rel=\"nofollow noopener noreferrer\">Raw Signals</a></li><li><a href=\"/links?type&#61;workstep&amp;workbook&#61;705F6DB7-1B1A-45AA-B4AA-FCC7913A7981&amp;worksheet&#61;6120813F-E746-4DEA-9B0D-7DF00FC8FD45&amp;workstep&#61;3E3B302F-F805-46C6-8B2E-555D8EDBCD91\" rel=\"nofollow noopener noreferrer\">Cleaned</a><strong>**\u00a0</strong></li></ul><p>Identify transition periods with conductivity, flow, or DCS phase type signal(s). Combine the periods where the <a href=\"/links?type&#61;condition&amp;item&#61;1AE2A80B-C3BC-49E4-864A-CBAB981BE364\" rel=\"nofollow noopener noreferrer\">derivative</a> is positive and <a href=\"/links?type&#61;condition&amp;item&#61;71571FBC-F2A4-4E63-80B7-1FA32DFD57EC\" rel=\"nofollow noopener noreferrer\">flow is low</a> to identify the transitions.</p><ul><li><a href=\"/links?type&#61;workstep&amp;workbook&#61;705F6DB7-1B1A-45AA-B4AA-FCC7913A7981&amp;worksheet&#61;6120813F-E746-4DEA-9B0D-7DF00FC8FD45&amp;workstep&#61;0BD1E90E-C2B3-4C1A-9163-31216601CF7F\" rel=\"nofollow noopener noreferrer\">Transition Periods</a>\u00a0</li></ul><h4><strong>Calculate</strong></h4><h4>HETP</h4><p><img src=\"/api/annotations/550692B2-CE13-4B54-9BCA-53DC47B0AC2F/images/image_v4.png\"></p><p>Quantify the <strong>column efficiency</strong> by calculating the HETP using a moment analysis.</p><p>Done by applying eq.1-5 which integrates the feed flow over the transition periods to get the <a href=\"/links?type&#61;signal&amp;item&#61;B69ADD03-3BFE-42A6-904F-99AC55B23A55\" rel=\"nofollow noopener noreferrer\">volume</a> and then the calculating <a href=\"/links?type&#61;signal&amp;item&#61;EA7F8D4B-8261-46A0-BDF5-288DB3B98E6D\" rel=\"nofollow noopener noreferrer\">dC/dV</a> to get the \u00a0<a href=\"/links?type&#61;workstep&amp;workbook&#61;705F6DB7-1B1A-45AA-B4AA-FCC7913A7981&amp;worksheet&#61;6120813F-E746-4DEA-9B0D-7DF00FC8FD45&amp;workstep&#61;031E7D63-80B2-4492-AD6B-D50EEB650E17\" rel=\"nofollow noopener noreferrer\">moments</a> and <a href=\"/links?type&#61;workstep&amp;workbook&#61;705F6DB7-1B1A-45AA-B4AA-FCC7913A7981&amp;worksheet&#61;6120813F-E746-4DEA-9B0D-7DF00FC8FD45&amp;workstep&#61;BEF026D2-33BE-4B2A-B53C-32D880F6B984\" rel=\"nofollow noopener noreferrer\">variance</a>.</p><ul><li><a href=\"/links?type&#61;workstep&amp;workbook&#61;705F6DB7-1B1A-45AA-B4AA-FCC7913A7981&amp;worksheet&#61;6120813F-E746-4DEA-9B0D-7DF00FC8FD45&amp;workstep&#61;BC20614D-072D-45FC-956B-56C64A64B4B9\" rel=\"nofollow noopener noreferrer\">HETP</a></li></ul><h4>Asymmetry\u00a0</h4><p><img src=\"/api/annotations/550692B2-CE13-4B54-9BCA-53DC47B0AC2F/images/image_v5.png\"></p><p>Quantify the <strong>column integrity and pack quality</strong> by calculating peak asymmetry by finding the volume changes over the left and right sides of the dC/dV curve at 10% of max.</p><ul><li><a href=\"/links?type&#61;workstep&amp;workbook&#61;705F6DB7-1B1A-45AA-B4AA-FCC7913A7981&amp;worksheet&#61;6120813F-E746-4DEA-9B0D-7DF00FC8FD45&amp;workstep&#61;0EE14F7F-98EB-7160-A7D1-14B6942EDA0B\" rel=\"nofollow noopener noreferrer\">Volume Change</a></li></ul><p>Using the change on volume over the left and right sides, calculate the asymmetry.\u00a0</p><ul><li><a href=\"/links?type&#61;workstep&amp;workbook&#61;705F6DB7-1B1A-45AA-B4AA-FCC7913A7981&amp;worksheet&#61;6120813F-E746-4DEA-9B0D-7DF00FC8FD45&amp;workstep&#61;BF9423A6-02CF-4570-83B7-6ECEAC3B57C2\" rel=\"nofollow noopener noreferrer\">Asymmetry</a></li></ul><h4><strong>Monitor</strong></h4><p>Set thresholds and monitor the HETP and Asymmetry in real time.</p><ul><li><a href=\"/links?type&#61;workstep&amp;workbook&#61;705F6DB7-1B1A-45AA-B4AA-FCC7913A7981&amp;worksheet&#61;6120813F-E746-4DEA-9B0D-7DF00FC8FD45&amp;workstep&#61;0EE14FFC-1F1F-6660-8BB5-409AE665616F\" rel=\"nofollow noopener noreferrer\">Deviations</a></li><li><a href=\"/links?type&#61;workstep&amp;workbook&#61;705F6DB7-1B1A-45AA-B4AA-FCC7913A7981&amp;worksheet&#61;6120813F-E746-4DEA-9B0D-7DF00FC8FD45&amp;workstep&#61;28E0891E-E725-4734-967E-FEAF0979D4E4\" rel=\"nofollow noopener noreferrer\">Summary Table</a></li></ul><p>\u00a0</p><p>\u00a0</p><p>\u00a0</p><p>\u00a0</p><p>\u00a0</p><p>\u00a0</p><p>\u00a0</p><p>\u00a0</p><p>\u00a0</p><p>\u00a0</p><p>\u00a0</p><p>\u00a0</p><h4><strong>Predict and Notify</strong></h4><p>Create a time based model of HETP to predict when the efficiency of the column is anticipated to drop below the control limits. Notify of drift.</p><ul><li>HETP Prediction</li></ul><h4>\u00a0</h4><p>\u00a0</p><p>\u00a0</p><p>\u00a0</p>",
        "DocumentBackup\u02c9-jPWuY9WzL6sLEmpYVGBOvvRkburuy3tFLazPSnGtwc\u02c92023-06-27T15:50:00Z": "<h1 style=\"text-align:center;\"><a href=\"/links?type&#61;workstep&amp;workbook&#61;705F6DB7-1B1A-45AA-B4AA-FCC7913A7981&amp;worksheet&#61;6120813F-E746-4DEA-9B0D-7DF00FC8FD45&amp;workstep&#61;0EE14FFC-1F1F-6660-8BB5-409AE665616F\" rel=\"nofollow noopener noreferrer\"><strong>Transition Analysis</strong></a></h1><figure class=\"table\"><table><colgroup><col style=\"width:46.43%;\" /><col style=\"width:53.57%;\" /></colgroup><tbody><tr><td><img src=\"\" alt=\"Leadership Insights in the Pharmaceutical Industry | CCL\"></td><td><strong>Reduced </strong>TA turnaround time by <strong>2-16hrs</strong> per chromatography cycle.\u00a0<br><strong>Monitor </strong>to prevent column re-pack and re-slurry (<strong>$100k&#43;</strong>/occurrence)</td></tr></tbody></table></figure><p>Calculate near <strong>real-time</strong> production-scale column HETP and Asymmetry during column transition periods to monitor for column integrity and consistent operations using the moment analysis technique.</p><ul><li>Monitor and Predict future column re-slurry and repack: condition based action <strong>preventing major deviations ($100,000&#43;/occurrence)</strong></li></ul><h3><strong>Challenge</strong></h3><p>TA is essential to assessing column efficiency and integrity. Typical methods for performing the analysis require complex data post-processing well after the process has completed.\u00a0</p><h3><strong>Solution</strong></h3><p>Leverage Seeq to connect, clean, and contextualize data. Perform calculations in real-time. Eliminate the often delayed, tedious, and error-prone manual process. Identify drift and early signs of column degradation.\u00a0</p><h4><strong>Contextualize</strong></h4><p>Begin with the conductivity and flow rate signals. Clean and smooth signal as needed.\u00a0</p><ul><li><a href=\"/links?type&#61;workstep&amp;workbook&#61;705F6DB7-1B1A-45AA-B4AA-FCC7913A7981&amp;worksheet&#61;6120813F-E746-4DEA-9B0D-7DF00FC8FD45&amp;workstep&#61;24E82C7E-433A-4E9D-BCE1-1603447858A9\" rel=\"nofollow noopener noreferrer\">Raw Signals</a></li><li><a href=\"/links?type&#61;workstep&amp;workbook&#61;705F6DB7-1B1A-45AA-B4AA-FCC7913A7981&amp;worksheet&#61;6120813F-E746-4DEA-9B0D-7DF00FC8FD45&amp;workstep&#61;3E3B302F-F805-46C6-8B2E-555D8EDBCD91\" rel=\"nofollow noopener noreferrer\">Cleaned</a><strong>**\u00a0</strong></li></ul><p>Identify transition periods with conductivity, flow, or DCS phase type signal(s). Combine the periods where the <a href=\"/links?type&#61;condition&amp;item&#61;1AE2A80B-C3BC-49E4-864A-CBAB981BE364\" rel=\"nofollow noopener noreferrer\">derivative</a> is positive and <a href=\"/links?type&#61;condition&amp;item&#61;71571FBC-F2A4-4E63-80B7-1FA32DFD57EC\" rel=\"nofollow noopener noreferrer\">flow is low</a> to identify the transitions.</p><ul><li><a href=\"/links?type&#61;workstep&amp;workbook&#61;705F6DB7-1B1A-45AA-B4AA-FCC7913A7981&amp;worksheet&#61;6120813F-E746-4DEA-9B0D-7DF00FC8FD45&amp;workstep&#61;0BD1E90E-C2B3-4C1A-9163-31216601CF7F\" rel=\"nofollow noopener noreferrer\">Transition Periods</a>\u00a0</li></ul><h4><strong>Calculate</strong></h4><h4>HETP</h4><p><img src=\"/api/annotations/550692B2-CE13-4B54-9BCA-53DC47B0AC2F/images/image_v4.png\"></p><p>Quantify the <strong>column efficiency</strong> by calculating the HETP using a moment analysis.</p><p>Done by applying eq.1-5 which integrates the feed flow over the transition periods to get the <a href=\"/links?type&#61;signal&amp;item&#61;B69ADD03-3BFE-42A6-904F-99AC55B23A55\" rel=\"nofollow noopener noreferrer\">volume</a> and then the calculating <a href=\"/links?type&#61;signal&amp;item&#61;EA7F8D4B-8261-46A0-BDF5-288DB3B98E6D\" rel=\"nofollow noopener noreferrer\">dC/dV</a> to get the \u00a0<a href=\"/links?type&#61;workstep&amp;workbook&#61;705F6DB7-1B1A-45AA-B4AA-FCC7913A7981&amp;worksheet&#61;6120813F-E746-4DEA-9B0D-7DF00FC8FD45&amp;workstep&#61;031E7D63-80B2-4492-AD6B-D50EEB650E17\" rel=\"nofollow noopener noreferrer\">moments</a> and <a href=\"/links?type&#61;workstep&amp;workbook&#61;705F6DB7-1B1A-45AA-B4AA-FCC7913A7981&amp;worksheet&#61;6120813F-E746-4DEA-9B0D-7DF00FC8FD45&amp;workstep&#61;BEF026D2-33BE-4B2A-B53C-32D880F6B984\" rel=\"nofollow noopener noreferrer\">variance</a>.</p><ul><li><a href=\"/links?type&#61;workstep&amp;workbook&#61;705F6DB7-1B1A-45AA-B4AA-FCC7913A7981&amp;worksheet&#61;6120813F-E746-4DEA-9B0D-7DF00FC8FD45&amp;workstep&#61;BC20614D-072D-45FC-956B-56C64A64B4B9\" rel=\"nofollow noopener noreferrer\">HETP</a></li></ul><h4>Asymmetry\u00a0</h4><p><img src=\"/api/annotations/550692B2-CE13-4B54-9BCA-53DC47B0AC2F/images/image_v5.png\"></p><p>Quantify the <strong>column integrity and pack quality</strong> by calculating peak asymmetry by finding the volume changes over the left and right sides of the dC/dV curve at 10% of max.</p><ul><li><a href=\"/links?type&#61;workstep&amp;workbook&#61;705F6DB7-1B1A-45AA-B4AA-FCC7913A7981&amp;worksheet&#61;6120813F-E746-4DEA-9B0D-7DF00FC8FD45&amp;workstep&#61;0EE14F7F-98EB-7160-A7D1-14B6942EDA0B\" rel=\"nofollow noopener noreferrer\">Volume Change</a></li></ul><p>Using the change on volume over the left and right sides, calculate the asymmetry.\u00a0</p><ul><li><a href=\"/links?type&#61;workstep&amp;workbook&#61;705F6DB7-1B1A-45AA-B4AA-FCC7913A7981&amp;worksheet&#61;6120813F-E746-4DEA-9B0D-7DF00FC8FD45&amp;workstep&#61;BF9423A6-02CF-4570-83B7-6ECEAC3B57C2\" rel=\"nofollow noopener noreferrer\">Asymmetry</a></li></ul><h4><strong>Monitor</strong></h4><p>Set thresholds and monitor the HETP and Asymmetry in real time.</p><ul><li><a href=\"/links?type&#61;workstep&amp;workbook&#61;705F6DB7-1B1A-45AA-B4AA-FCC7913A7981&amp;worksheet&#61;6120813F-E746-4DEA-9B0D-7DF00FC8FD45&amp;workstep&#61;0EE14FFC-1F1F-6660-8BB5-409AE665616F\" rel=\"nofollow noopener noreferrer\">Deviations</a></li><li><a href=\"/links?type&#61;workstep&amp;workbook&#61;705F6DB7-1B1A-45AA-B4AA-FCC7913A7981&amp;worksheet&#61;6120813F-E746-4DEA-9B0D-7DF00FC8FD45&amp;workstep&#61;28E0891E-E725-4734-967E-FEAF0979D4E4\" rel=\"nofollow noopener noreferrer\">Summary Table</a></li></ul><p>\u00a0</p><p>\u00a0</p><p>\u00a0</p><p>\u00a0</p><p>\u00a0</p><p>\u00a0</p><p>\u00a0</p><p>\u00a0</p><p>\u00a0</p><p>\u00a0</p><p>\u00a0</p><p>\u00a0</p><h4><strong>Predict and Notify</strong></h4><p>Create a time based model of HETP to predict when the efficiency of the column is anticipated to drop below the control limits. Notify of drift.</p><ul><li>HETP Prediction</li></ul><h4>\u00a0</h4><p>\u00a0</p><p>\u00a0</p><p>\u00a0</p>",
        "DocumentBackup\u02c9-jPWuY9WzL6sLEmpYVGBOvvRkburuy3tFLazPSnGtwc\u02c92023-06-27T15:55:00Z": "<h1 style=\"text-align:center;\"><a href=\"/links?type&#61;workstep&amp;workbook&#61;705F6DB7-1B1A-45AA-B4AA-FCC7913A7981&amp;worksheet&#61;6120813F-E746-4DEA-9B0D-7DF00FC8FD45&amp;workstep&#61;0EE14FFC-1F1F-6660-8BB5-409AE665616F\" rel=\"nofollow noopener noreferrer\"><strong>Transition Analysis</strong></a></h1><figure class=\"table\"><table><colgroup><col style=\"width:46.43%;\" /><col style=\"width:53.57%;\" /></colgroup><tbody><tr><td><img src=\"/api/annotations/550692B2-CE13-4B54-9BCA-53DC47B0AC2F/images/image_v1.png\" alt=\"Leadership Insights in the Pharmaceutical Industry | CCL\"></td><td><strong>Reduced </strong>TA turnaround time by <strong>2-16hrs</strong> per chromatography cycle.\u00a0<br><strong>Monitor </strong>to prevent column re-pack and re-slurry (<strong>$100k&#43;</strong>/occurrence)</td></tr></tbody></table></figure><p>Calculate near <strong>real-time</strong> production-scale column HETP and Asymmetry during column transition periods to monitor for column integrity and consistent operations using the moment analysis technique.</p><ul><li>\u00a0</li></ul><h3><strong>Challenge</strong></h3><p>TA is essential to assessing column efficiency and integrity. Typical methods for performing the analysis require complex data post-processing well after the process has completed.\u00a0</p><h3><strong>Solution</strong></h3><p>Leverage Seeq to connect, clean, and contextualize data. Perform calculations in real-time. Eliminate the often delayed, tedious, and error-prone manual process. Identify drift and early signs of column degradation.\u00a0</p><h4><strong>Contextualize</strong></h4><p>Begin with the conductivity and flow rate signals. Clean and smooth signal as needed.\u00a0</p><ul><li><a href=\"/links?type&#61;workstep&amp;workbook&#61;705F6DB7-1B1A-45AA-B4AA-FCC7913A7981&amp;worksheet&#61;6120813F-E746-4DEA-9B0D-7DF00FC8FD45&amp;workstep&#61;24E82C7E-433A-4E9D-BCE1-1603447858A9\" rel=\"nofollow noopener noreferrer\">Raw Signals</a></li><li><a href=\"/links?type&#61;workstep&amp;workbook&#61;705F6DB7-1B1A-45AA-B4AA-FCC7913A7981&amp;worksheet&#61;6120813F-E746-4DEA-9B0D-7DF00FC8FD45&amp;workstep&#61;3E3B302F-F805-46C6-8B2E-555D8EDBCD91\" rel=\"nofollow noopener noreferrer\">Cleaned</a><strong>**\u00a0</strong></li></ul><p>Identify transition periods with conductivity, flow, or DCS phase type signal(s). Combine the periods where the <a href=\"/links?type&#61;condition&amp;item&#61;1AE2A80B-C3BC-49E4-864A-CBAB981BE364\" rel=\"nofollow noopener noreferrer\">derivative</a> is positive and <a href=\"/links?type&#61;condition&amp;item&#61;71571FBC-F2A4-4E63-80B7-1FA32DFD57EC\" rel=\"nofollow noopener noreferrer\">flow is low</a> to identify the transitions.</p><ul><li><a href=\"/links?type&#61;workstep&amp;workbook&#61;705F6DB7-1B1A-45AA-B4AA-FCC7913A7981&amp;worksheet&#61;6120813F-E746-4DEA-9B0D-7DF00FC8FD45&amp;workstep&#61;0BD1E90E-C2B3-4C1A-9163-31216601CF7F\" rel=\"nofollow noopener noreferrer\">Transition Periods</a>\u00a0</li></ul><h4><strong>Calculate</strong></h4><h4>HETP</h4><p><img src=\"/api/annotations/550692B2-CE13-4B54-9BCA-53DC47B0AC2F/images/image_v4.png\"></p><p>Quantify the <strong>column efficiency</strong> by calculating the HETP using a moment analysis.</p><p>Done by applying eq.1-5 which integrates the feed flow over the transition periods to get the <a href=\"/links?type&#61;signal&amp;item&#61;B69ADD03-3BFE-42A6-904F-99AC55B23A55\" rel=\"nofollow noopener noreferrer\">volume</a> and then the calculating <a href=\"/links?type&#61;signal&amp;item&#61;EA7F8D4B-8261-46A0-BDF5-288DB3B98E6D\" rel=\"nofollow noopener noreferrer\">dC/dV</a> to get the \u00a0<a href=\"/links?type&#61;workstep&amp;workbook&#61;705F6DB7-1B1A-45AA-B4AA-FCC7913A7981&amp;worksheet&#61;6120813F-E746-4DEA-9B0D-7DF00FC8FD45&amp;workstep&#61;031E7D63-80B2-4492-AD6B-D50EEB650E17\" rel=\"nofollow noopener noreferrer\">moments</a> and <a href=\"/links?type&#61;workstep&amp;workbook&#61;705F6DB7-1B1A-45AA-B4AA-FCC7913A7981&amp;worksheet&#61;6120813F-E746-4DEA-9B0D-7DF00FC8FD45&amp;workstep&#61;BEF026D2-33BE-4B2A-B53C-32D880F6B984\" rel=\"nofollow noopener noreferrer\">variance</a>.</p><ul><li><a href=\"/links?type&#61;workstep&amp;workbook&#61;705F6DB7-1B1A-45AA-B4AA-FCC7913A7981&amp;worksheet&#61;6120813F-E746-4DEA-9B0D-7DF00FC8FD45&amp;workstep&#61;BC20614D-072D-45FC-956B-56C64A64B4B9\" rel=\"nofollow noopener noreferrer\">HETP</a></li></ul><h4>Asymmetry\u00a0</h4><p><img src=\"/api/annotations/550692B2-CE13-4B54-9BCA-53DC47B0AC2F/images/image_v5.png\"></p><p>Quantify the <strong>column integrity and pack quality</strong> by calculating peak asymmetry by finding the volume changes over the left and right sides of the dC/dV curve at 10% of max.</p><ul><li><a href=\"/links?type&#61;workstep&amp;workbook&#61;705F6DB7-1B1A-45AA-B4AA-FCC7913A7981&amp;worksheet&#61;6120813F-E746-4DEA-9B0D-7DF00FC8FD45&amp;workstep&#61;0EE14F7F-98EB-7160-A7D1-14B6942EDA0B\" rel=\"nofollow noopener noreferrer\">Volume Change</a></li></ul><p>Using the change on volume over the left and right sides, calculate the asymmetry.\u00a0</p><ul><li><a href=\"/links?type&#61;workstep&amp;workbook&#61;705F6DB7-1B1A-45AA-B4AA-FCC7913A7981&amp;worksheet&#61;6120813F-E746-4DEA-9B0D-7DF00FC8FD45&amp;workstep&#61;BF9423A6-02CF-4570-83B7-6ECEAC3B57C2\" rel=\"nofollow noopener noreferrer\">Asymmetry</a></li></ul><h4><strong>Monitor</strong></h4><p>Set thresholds and monitor the HETP and Asymmetry in real time.</p><ul><li><a href=\"/links?type&#61;workstep&amp;workbook&#61;705F6DB7-1B1A-45AA-B4AA-FCC7913A7981&amp;worksheet&#61;6120813F-E746-4DEA-9B0D-7DF00FC8FD45&amp;workstep&#61;0EE14FFC-1F1F-6660-8BB5-409AE665616F\" rel=\"nofollow noopener noreferrer\">Deviations</a></li><li><a href=\"/links?type&#61;workstep&amp;workbook&#61;705F6DB7-1B1A-45AA-B4AA-FCC7913A7981&amp;worksheet&#61;6120813F-E746-4DEA-9B0D-7DF00FC8FD45&amp;workstep&#61;28E0891E-E725-4734-967E-FEAF0979D4E4\" rel=\"nofollow noopener noreferrer\">Summary Table</a></li></ul><p>\u00a0</p><p>\u00a0</p><p>\u00a0</p><p>\u00a0</p><p>\u00a0</p><p>\u00a0</p><p>\u00a0</p>",
        "DocumentBackup\u02c9-jPWuY9WzL6sLEmpYVGBOvvRkburuy3tFLazPSnGtwc\u02c92023-10-31T12:40:00Z": "<h1 style=\"text-align:center;\"><a href=\"/links?type&#61;workstep&amp;workbook&#61;705F6DB7-1B1A-45AA-B4AA-FCC7913A7981&amp;worksheet&#61;6120813F-E746-4DEA-9B0D-7DF00FC8FD45&amp;workstep&#61;0EE14FFC-1F1F-6660-8BB5-409AE665616F\" rel=\"nofollow noopener noreferrer\"><strong>Transition Analysis</strong></a></h1><figure class=\"table\"><table><colgroup><col style=\"width:46.43%;\" /><col style=\"width:53.57%;\" /></colgroup><tbody><tr><td><img src=\"/api/annotations/550692B2-CE13-4B54-9BCA-53DC47B0AC2F/images/image_v1.png\" alt=\"Leadership Insights in the Pharmaceutical Industry | CCL\"></td><td><strong>Reduced </strong>TA turnaround time by <strong>2-16hrs</strong> per chromatography cycle.\u00a0<br><strong>Monitor </strong>to prevent column re-pack and re-slurry (<strong>$100k&#43;</strong>/occurrence)</td></tr></tbody></table></figure><p>Calculate near <strong>real-time</strong> production-scale column HETP and Asymmetry during column transition periods to monitor for column integrity and consistent operations using the moment analysis technique.</p><h3><strong>Challenge</strong></h3><p>TA is essential to assessing column efficiency and integrity. Typical methods for performing the analysis require complex data post-processing well after the process has completed.\u00a0</p><h3><strong>Solution</strong></h3><p>Leverage Seeq to connect, clean, and contextualize data. Perform calculations in real-time. Eliminate the often delayed, tedious, and error-prone manual process. Identify drift and early signs of column degradation.\u00a0</p><h4><strong>Contextualize</strong></h4><p>Begin with the conductivity and flow rate signals. Clean and smooth signal as needed.\u00a0</p><ul><li><a href=\"/links?type&#61;workstep&amp;workbook&#61;705F6DB7-1B1A-45AA-B4AA-FCC7913A7981&amp;worksheet&#61;6120813F-E746-4DEA-9B0D-7DF00FC8FD45&amp;workstep&#61;24E82C7E-433A-4E9D-BCE1-1603447858A9\" rel=\"nofollow noopener noreferrer\">Raw Signals</a></li><li><a href=\"/links?type&#61;workstep&amp;workbook&#61;705F6DB7-1B1A-45AA-B4AA-FCC7913A7981&amp;worksheet&#61;6120813F-E746-4DEA-9B0D-7DF00FC8FD45&amp;workstep&#61;3E3B302F-F805-46C6-8B2E-555D8EDBCD91\" rel=\"nofollow noopener noreferrer\">Cleaned</a><strong>**\u00a0</strong></li></ul><p>Identify transition periods with conductivity, flow, or DCS phase type signal(s). Combine the periods where the <a href=\"/links?type&#61;condition&amp;item&#61;1AE2A80B-C3BC-49E4-864A-CBAB981BE364\" rel=\"nofollow noopener noreferrer\">derivative</a> is positive and <a href=\"/links?type&#61;condition&amp;item&#61;71571FBC-F2A4-4E63-80B7-1FA32DFD57EC\" rel=\"nofollow noopener noreferrer\">flow is low</a> to identify the transitions.</p><ul><li><a href=\"/links?type&#61;workstep&amp;workbook&#61;705F6DB7-1B1A-45AA-B4AA-FCC7913A7981&amp;worksheet&#61;6120813F-E746-4DEA-9B0D-7DF00FC8FD45&amp;workstep&#61;0BD1E90E-C2B3-4C1A-9163-31216601CF7F\" rel=\"nofollow noopener noreferrer\">Transition Periods</a>\u00a0</li></ul><h4><strong>Calculate</strong></h4><h4>HETP</h4><p><img src=\"/api/annotations/550692B2-CE13-4B54-9BCA-53DC47B0AC2F/images/image_v4.png\"></p><p>Quantify the <strong>column efficiency</strong> by calculating the HETP using a moment analysis.</p><p>Done by applying eq.1-5 which integrates the feed flow over the transition periods to get the <a href=\"/links?type&#61;signal&amp;item&#61;B69ADD03-3BFE-42A6-904F-99AC55B23A55\" rel=\"nofollow noopener noreferrer\">volume</a> and then the calculating <a href=\"/links?type&#61;signal&amp;item&#61;EA7F8D4B-8261-46A0-BDF5-288DB3B98E6D\" rel=\"nofollow noopener noreferrer\">dC/dV</a> to get the \u00a0<a href=\"/links?type&#61;workstep&amp;workbook&#61;705F6DB7-1B1A-45AA-B4AA-FCC7913A7981&amp;worksheet&#61;6120813F-E746-4DEA-9B0D-7DF00FC8FD45&amp;workstep&#61;031E7D63-80B2-4492-AD6B-D50EEB650E17\" rel=\"nofollow noopener noreferrer\">moments</a> and <a href=\"/links?type&#61;workstep&amp;workbook&#61;705F6DB7-1B1A-45AA-B4AA-FCC7913A7981&amp;worksheet&#61;6120813F-E746-4DEA-9B0D-7DF00FC8FD45&amp;workstep&#61;BEF026D2-33BE-4B2A-B53C-32D880F6B984\" rel=\"nofollow noopener noreferrer\">variance</a>.</p><ul><li><a href=\"/links?type&#61;workstep&amp;workbook&#61;705F6DB7-1B1A-45AA-B4AA-FCC7913A7981&amp;worksheet&#61;6120813F-E746-4DEA-9B0D-7DF00FC8FD45&amp;workstep&#61;BC20614D-072D-45FC-956B-56C64A64B4B9\" rel=\"nofollow noopener noreferrer\">HETP</a></li></ul><h4>Asymmetry\u00a0</h4><p><img src=\"/api/annotations/550692B2-CE13-4B54-9BCA-53DC47B0AC2F/images/image_v5.png\"></p><p>Quantify the <strong>column integrity and pack quality</strong> by calculating peak asymmetry by finding the volume changes over the left and right sides of the dC/dV curve at 10% of max.</p><ul><li><a href=\"/links?type&#61;workstep&amp;workbook&#61;705F6DB7-1B1A-45AA-B4AA-FCC7913A7981&amp;worksheet&#61;6120813F-E746-4DEA-9B0D-7DF00FC8FD45&amp;workstep&#61;0EE77EA9-62D2-EE20-B4A1-BBC59EF75DCF\" rel=\"nofollow noopener noreferrer\">Volume Change</a></li></ul><p>Using the change on volume over the left and right sides, calculate the asymmetry.\u00a0</p><ul><li><a href=\"/links?type&#61;workstep&amp;workbook&#61;705F6DB7-1B1A-45AA-B4AA-FCC7913A7981&amp;worksheet&#61;6120813F-E746-4DEA-9B0D-7DF00FC8FD45&amp;workstep&#61;BF9423A6-02CF-4570-83B7-6ECEAC3B57C2\" rel=\"nofollow noopener noreferrer\">Asymmetry</a></li></ul><h4><strong>Monitor</strong></h4><p>Set thresholds and monitor the HETP and Asymmetry in real time.</p><ul><li><a href=\"/links?type&#61;workstep&amp;workbook&#61;705F6DB7-1B1A-45AA-B4AA-FCC7913A7981&amp;worksheet&#61;6120813F-E746-4DEA-9B0D-7DF00FC8FD45&amp;workstep&#61;0EE14FFC-1F1F-6660-8BB5-409AE665616F\" rel=\"nofollow noopener noreferrer\">Deviations</a></li><li><a href=\"/links?type&#61;workstep&amp;workbook&#61;705F6DB7-1B1A-45AA-B4AA-FCC7913A7981&amp;worksheet&#61;6120813F-E746-4DEA-9B0D-7DF00FC8FD45&amp;workstep&#61;28E0891E-E725-4734-967E-FEAF0979D4E4\" rel=\"nofollow noopener noreferrer\">Summary Table</a></li></ul><p>\u00a0</p><p>\u00a0</p><p>\u00a0</p><p>\u00a0</p><p>\u00a0</p><p>\u00a0</p><p>\u00a0</p>",
        "DocumentBackup\u02c9-jPWuY9WzL6sLEmpYVGBOvvRkburuy3tFLazPSnGtwc\u02c92023-10-31T12:47:00Z": "<h1 style=\"text-align:center;\"><a href=\"/links?type&#61;workstep&amp;workbook&#61;705F6DB7-1B1A-45AA-B4AA-FCC7913A7981&amp;worksheet&#61;6120813F-E746-4DEA-9B0D-7DF00FC8FD45&amp;workstep&#61;0EE14FFC-1F1F-6660-8BB5-409AE665616F\" rel=\"nofollow noopener noreferrer\"><strong>Transition Analysis</strong></a></h1><figure class=\"table\"><table><colgroup><col style=\"width:46.43%;\" /><col style=\"width:53.57%;\" /></colgroup><tbody><tr><td><img src=\"/api/annotations/550692B2-CE13-4B54-9BCA-53DC47B0AC2F/images/image_v1.png\" alt=\"Leadership Insights in the Pharmaceutical Industry | CCL\"></td><td><strong>Reduced </strong>TA turnaround time by <strong>2-16hrs</strong> per chromatography cycle.\u00a0<br><strong>Monitor </strong>to prevent column re-pack and re-slurry (<strong>$100k&#43;</strong>/occurrence)</td></tr></tbody></table></figure><p>Calculate near <strong>real-time</strong> production-scale column HETP and Asymmetry during column transition periods to monitor for column integrity and consistent operations using the moment analysis technique.</p><h3><strong>Challenge</strong></h3><p>TA is essential to assessing column efficiency and integrity. Typical methods for performing the analysis require complex data post-processing well after the process has completed.\u00a0</p><h3><strong>Solution</strong></h3><p>Leverage Seeq to connect, clean, and contextualize data. Perform calculations in real-time. Eliminate the often delayed, tedious, and error-prone manual process. Identify drift and early signs of column degradation.\u00a0</p><h4><strong>Contextualize</strong></h4><p>Begin with the conductivity and flow rate signals. Clean and smooth signal as needed.\u00a0</p><ul><li><a href=\"/links?type&#61;workstep&amp;workbook&#61;705F6DB7-1B1A-45AA-B4AA-FCC7913A7981&amp;worksheet&#61;6120813F-E746-4DEA-9B0D-7DF00FC8FD45&amp;workstep&#61;24E82C7E-433A-4E9D-BCE1-1603447858A9\" rel=\"nofollow noopener noreferrer\">Raw Signals</a></li><li><a href=\"/links?type&#61;workstep&amp;workbook&#61;705F6DB7-1B1A-45AA-B4AA-FCC7913A7981&amp;worksheet&#61;6120813F-E746-4DEA-9B0D-7DF00FC8FD45&amp;workstep&#61;3E3B302F-F805-46C6-8B2E-555D8EDBCD91\" rel=\"nofollow noopener noreferrer\">Cleaned</a><strong>**\u00a0</strong></li></ul><p>Identify transition periods with conductivity, flow, or DCS phase type signal(s). Combine the periods where the <a href=\"/links?type&#61;condition&amp;item&#61;1AE2A80B-C3BC-49E4-864A-CBAB981BE364\" rel=\"nofollow noopener noreferrer\">derivative</a> is positive and <a href=\"/links?type&#61;condition&amp;item&#61;71571FBC-F2A4-4E63-80B7-1FA32DFD57EC\" rel=\"nofollow noopener noreferrer\">flow is low</a> to identify the transitions.</p><ul><li><a href=\"/links?type&#61;workstep&amp;workbook&#61;705F6DB7-1B1A-45AA-B4AA-FCC7913A7981&amp;worksheet&#61;6120813F-E746-4DEA-9B0D-7DF00FC8FD45&amp;workstep&#61;0BD1E90E-C2B3-4C1A-9163-31216601CF7F\" rel=\"nofollow noopener noreferrer\">Transition Periods</a>\u00a0</li></ul><h4><strong>Calculate</strong></h4><h4>HETP</h4><p><img src=\"/api/annotations/550692B2-CE13-4B54-9BCA-53DC47B0AC2F/images/image_v4.png\"></p><p>Quantify the <strong>column efficiency</strong> by calculating the HETP using a moment analysis.</p><p>Done by applying eq.1-5 which integrates the feed flow over the transition periods to get the <a href=\"/links?type&#61;signal&amp;item&#61;B69ADD03-3BFE-42A6-904F-99AC55B23A55\" rel=\"nofollow noopener noreferrer\">volume</a> and then the calculating <a href=\"/links?type&#61;signal&amp;item&#61;EA7F8D4B-8261-46A0-BDF5-288DB3B98E6D\" rel=\"nofollow noopener noreferrer\">dC/dV</a> to get the \u00a0<a href=\"/links?type&#61;workstep&amp;workbook&#61;705F6DB7-1B1A-45AA-B4AA-FCC7913A7981&amp;worksheet&#61;6120813F-E746-4DEA-9B0D-7DF00FC8FD45&amp;workstep&#61;031E7D63-80B2-4492-AD6B-D50EEB650E17\" rel=\"nofollow noopener noreferrer\">moments</a> and <a href=\"/links?type&#61;workstep&amp;workbook&#61;705F6DB7-1B1A-45AA-B4AA-FCC7913A7981&amp;worksheet&#61;6120813F-E746-4DEA-9B0D-7DF00FC8FD45&amp;workstep&#61;BEF026D2-33BE-4B2A-B53C-32D880F6B984\" rel=\"nofollow noopener noreferrer\">variance</a>.</p><ul><li><a href=\"/links?type&#61;workstep&amp;workbook&#61;705F6DB7-1B1A-45AA-B4AA-FCC7913A7981&amp;worksheet&#61;6120813F-E746-4DEA-9B0D-7DF00FC8FD45&amp;workstep&#61;BC20614D-072D-45FC-956B-56C64A64B4B9\" rel=\"nofollow noopener noreferrer\">HETP</a></li></ul><h4>Asymmetry\u00a0</h4><p><img src=\"/api/annotations/550692B2-CE13-4B54-9BCA-53DC47B0AC2F/images/image_v5.png\"></p><p>Quantify the <strong>column integrity and pack quality</strong> by calculating peak asymmetry by finding the volume changes over the left and right sides of the dC/dV curve at 10% of max.</p><ul><li><a href=\"/links?type&#61;workstep&amp;workbook&#61;705F6DB7-1B1A-45AA-B4AA-FCC7913A7981&amp;worksheet&#61;6120813F-E746-4DEA-9B0D-7DF00FC8FD45&amp;workstep&#61;0EE77EBA-FF1B-FFA0-9945-51C1CDE949F6\" rel=\"nofollow noopener noreferrer\">Volume Change</a></li></ul><p>Using the change on volume over the left and right sides, calculate the asymmetry.\u00a0</p><ul><li><a href=\"/links?type&#61;workstep&amp;workbook&#61;705F6DB7-1B1A-45AA-B4AA-FCC7913A7981&amp;worksheet&#61;6120813F-E746-4DEA-9B0D-7DF00FC8FD45&amp;workstep&#61;BF9423A6-02CF-4570-83B7-6ECEAC3B57C2\" rel=\"nofollow noopener noreferrer\">Asymmetry</a></li></ul><h4><strong>Monitor</strong></h4><p>Set thresholds and monitor the HETP and Asymmetry in real time.</p><ul><li><a href=\"/links?type&#61;workstep&amp;workbook&#61;705F6DB7-1B1A-45AA-B4AA-FCC7913A7981&amp;worksheet&#61;6120813F-E746-4DEA-9B0D-7DF00FC8FD45&amp;workstep&#61;0EE14FFC-1F1F-6660-8BB5-409AE665616F\" rel=\"nofollow noopener noreferrer\">Deviations</a></li><li><a href=\"/links?type&#61;workstep&amp;workbook&#61;705F6DB7-1B1A-45AA-B4AA-FCC7913A7981&amp;worksheet&#61;6120813F-E746-4DEA-9B0D-7DF00FC8FD45&amp;workstep&#61;28E0891E-E725-4734-967E-FEAF0979D4E4\" rel=\"nofollow noopener noreferrer\">Summary Table</a></li></ul><p>\u00a0</p><p>\u00a0</p><p>\u00a0</p><p>\u00a0</p><p>\u00a0</p><p>\u00a0</p><p>\u00a0</p>",
        "DocumentBackup\u02c9-jPWuY9WzL6sLEmpYVGBOvvRkburuy3tFLazPSnGtwc\u02c92023-11-30T12:21:00Z": "<h1 style=\"text-align:center;\"><a href=\"/links?type&#61;workstep&amp;workbook&#61;705F6DB7-1B1A-45AA-B4AA-FCC7913A7981&amp;worksheet&#61;6120813F-E746-4DEA-9B0D-7DF00FC8FD45&amp;workstep&#61;0EE8F7B0-0909-F9D0-A8C8-AB63D79C7DC1\" rel=\"nofollow noopener noreferrer\"><strong>Transition Analysis</strong></a></h1><figure class=\"table\"><table class=\"ck-table-resized\"><colgroup><col style=\"width:46.43%;\" /><col style=\"width:53.57%;\" /></colgroup><tbody><tr><td><img src=\"/api/annotations/550692B2-CE13-4B54-9BCA-53DC47B0AC2F/images/image_v1.png\" alt=\"Leadership Insights in the Pharmaceutical Industry | CCL\"></td><td><strong>Reduced </strong>TA turnaround time by <strong>2-16hrs</strong> per chromatography cycle.\u00a0<br><strong>Monitor </strong>to prevent column re-pack and re-slurry (<strong>$100k&#43;</strong>/occurrence)</td></tr></tbody></table></figure><p>Calculate near <strong>real-time</strong> production-scale column HETP and Asymmetry during column transition periods to monitor for column integrity and consistent operations using the moment analysis technique.</p><h3><strong>Challenge</strong></h3><p>TA is essential to assessing column efficiency and integrity. Typical methods for performing the analysis require complex data post-processing well after the process has completed.\u00a0</p><h3><strong>Solution</strong></h3><p>Leverage Seeq to connect, clean, and contextualize data. Perform calculations in real-time. Eliminate the often delayed, tedious, and error-prone manual process. Identify drift and early signs of column degradation.\u00a0</p><h4><strong>Contextualize</strong></h4><p>Begin with the conductivity and flow rate signals. Clean and smooth signal as needed.\u00a0</p><ul><li><a href=\"/links?type&#61;workstep&amp;workbook&#61;705F6DB7-1B1A-45AA-B4AA-FCC7913A7981&amp;worksheet&#61;6120813F-E746-4DEA-9B0D-7DF00FC8FD45&amp;workstep&#61;24E82C7E-433A-4E9D-BCE1-1603447858A9\" rel=\"nofollow noopener noreferrer\">Raw Signals</a></li><li><a href=\"/links?type&#61;workstep&amp;workbook&#61;705F6DB7-1B1A-45AA-B4AA-FCC7913A7981&amp;worksheet&#61;6120813F-E746-4DEA-9B0D-7DF00FC8FD45&amp;workstep&#61;3E3B302F-F805-46C6-8B2E-555D8EDBCD91\" rel=\"nofollow noopener noreferrer\">Cleaned</a><strong>**\u00a0</strong></li></ul><p>Identify transition periods with conductivity, flow, or DCS phase type signal(s). Combine the periods where the <a href=\"/links?type&#61;condition&amp;item&#61;1AE2A80B-C3BC-49E4-864A-CBAB981BE364\" rel=\"nofollow noopener noreferrer\">derivative</a> is positive and <a href=\"/links?type&#61;condition&amp;item&#61;71571FBC-F2A4-4E63-80B7-1FA32DFD57EC\" rel=\"nofollow noopener noreferrer\">flow is low</a> to identify the transitions.</p><ul><li><a href=\"/links?type&#61;workstep&amp;workbook&#61;705F6DB7-1B1A-45AA-B4AA-FCC7913A7981&amp;worksheet&#61;6120813F-E746-4DEA-9B0D-7DF00FC8FD45&amp;workstep&#61;0BD1E90E-C2B3-4C1A-9163-31216601CF7F\" rel=\"nofollow noopener noreferrer\">Transition Periods</a>\u00a0</li></ul><h4><strong>Calculate</strong></h4><h4>HETP</h4><p><img src=\"/api/annotations/550692B2-CE13-4B54-9BCA-53DC47B0AC2F/images/image_v4.png\"></p><p>Quantify the <strong>column efficiency</strong> by calculating the HETP using a moment analysis.</p><p>Done by applying eq.1-5 which integrates the feed flow over the transition periods to get the <a href=\"/links?type&#61;signal&amp;item&#61;B69ADD03-3BFE-42A6-904F-99AC55B23A55\" rel=\"nofollow noopener noreferrer\">volume</a> and then the calculating <a href=\"/links?type&#61;signal&amp;item&#61;EA7F8D4B-8261-46A0-BDF5-288DB3B98E6D\" rel=\"nofollow noopener noreferrer\">dC/dV</a> to get the \u00a0<a href=\"/links?type&#61;workstep&amp;workbook&#61;705F6DB7-1B1A-45AA-B4AA-FCC7913A7981&amp;worksheet&#61;6120813F-E746-4DEA-9B0D-7DF00FC8FD45&amp;workstep&#61;031E7D63-80B2-4492-AD6B-D50EEB650E17\" rel=\"nofollow noopener noreferrer\">moments</a> and <a href=\"/links?type&#61;workstep&amp;workbook&#61;705F6DB7-1B1A-45AA-B4AA-FCC7913A7981&amp;worksheet&#61;6120813F-E746-4DEA-9B0D-7DF00FC8FD45&amp;workstep&#61;BEF026D2-33BE-4B2A-B53C-32D880F6B984\" rel=\"nofollow noopener noreferrer\">variance</a>.</p><ul><li><a href=\"/links?type&#61;workstep&amp;workbook&#61;705F6DB7-1B1A-45AA-B4AA-FCC7913A7981&amp;worksheet&#61;6120813F-E746-4DEA-9B0D-7DF00FC8FD45&amp;workstep&#61;BC20614D-072D-45FC-956B-56C64A64B4B9\" rel=\"nofollow noopener noreferrer\">HETP</a></li></ul><h4>Asymmetry\u00a0</h4><p><img src=\"/api/annotations/550692B2-CE13-4B54-9BCA-53DC47B0AC2F/images/image_v5.png\"></p><p>Quantify the <strong>column integrity and pack quality</strong> by calculating peak asymmetry by finding the volume changes over the left and right sides of the dC/dV curve at 10% of max.</p><ul><li><a href=\"/links?type&#61;workstep&amp;workbook&#61;705F6DB7-1B1A-45AA-B4AA-FCC7913A7981&amp;worksheet&#61;6120813F-E746-4DEA-9B0D-7DF00FC8FD45&amp;workstep&#61;0EE77EBA-FF1B-FFA0-9945-51C1CDE949F6\" rel=\"nofollow noopener noreferrer\">Volume Change</a></li></ul><p>Using the change on volume over the left and right sides, calculate the asymmetry.\u00a0</p><ul><li><a href=\"/links?type&#61;workstep&amp;workbook&#61;705F6DB7-1B1A-45AA-B4AA-FCC7913A7981&amp;worksheet&#61;6120813F-E746-4DEA-9B0D-7DF00FC8FD45&amp;workstep&#61;BF9423A6-02CF-4570-83B7-6ECEAC3B57C2\" rel=\"nofollow noopener noreferrer\">Asymmetry</a></li></ul><h4><strong>Monitor</strong></h4><p>Set thresholds and monitor the HETP and Asymmetry in real time.</p><ul><li><a href=\"/links?type&#61;workstep&amp;workbook&#61;705F6DB7-1B1A-45AA-B4AA-FCC7913A7981&amp;worksheet&#61;6120813F-E746-4DEA-9B0D-7DF00FC8FD45&amp;workstep&#61;0EE14FFC-1F1F-6660-8BB5-409AE665616F\" rel=\"nofollow noopener noreferrer\">Deviations</a></li><li><a href=\"/links?type&#61;workstep&amp;workbook&#61;705F6DB7-1B1A-45AA-B4AA-FCC7913A7981&amp;worksheet&#61;6120813F-E746-4DEA-9B0D-7DF00FC8FD45&amp;workstep&#61;28E0891E-E725-4734-967E-FEAF0979D4E4\" rel=\"nofollow noopener noreferrer\">Summary Table</a></li></ul><p>\u00a0</p><p>\u00a0</p><p>\u00a0</p><p>\u00a0</p><p>\u00a0</p><p>\u00a0</p><p>\u00a0</p>",
        "DocumentBackup\u02c9-jPWuY9WzL6sLEmpYVGBOvvRkburuy3tFLazPSnGtwc\u02c92023-11-30T12:25:00Z": "<h1 style=\"text-align:center;\"><a href=\"/links?type&#61;workstep&amp;workbook&#61;705F6DB7-1B1A-45AA-B4AA-FCC7913A7981&amp;worksheet&#61;6120813F-E746-4DEA-9B0D-7DF00FC8FD45&amp;workstep&#61;0EE8F7B0-0909-F9D0-A8C8-AB63D79C7DC1\" rel=\"nofollow noopener noreferrer\"><strong>Transition Analysis</strong></a></h1><figure class=\"table\"><table class=\"ck-table-resized\"><colgroup><col style=\"width:46.43%;\" /><col style=\"width:53.57%;\" /></colgroup><tbody><tr><td><img src=\"/api/annotations/550692B2-CE13-4B54-9BCA-53DC47B0AC2F/images/image_v1.png\" alt=\"Leadership Insights in the Pharmaceutical Industry | CCL\"></td><td><strong>Reduced </strong>TA turnaround time by <strong>2-16hrs</strong> per chromatography cycle.\u00a0<br><strong>Monitor </strong>to prevent column re-pack and re-slurry (<strong>$100k&#43;</strong>/occurrence)</td></tr></tbody></table></figure><p>Calculate near <strong>real-time</strong> production-scale column HETP and Asymmetry during column transition periods to monitor for column integrity and consistent operations using the moment analysis technique.</p><h3><strong>Challenge</strong></h3><p>TA is essential to assessing column efficiency and integrity. Typical methods for performing the analysis require complex data post-processing well after the process has completed.\u00a0</p><h3><strong>Solution</strong></h3><p>Leverage Seeq to connect, clean, and contextualize data. Perform calculations in real-time. Eliminate the often delayed, tedious, and error-prone manual process. Identify drift and early signs of column degradation.\u00a0</p><h4><strong>Contextualize</strong></h4><p>Begin with the conductivity and flow rate signals. Clean and smooth signal as needed.\u00a0</p><ul><li><a href=\"/links?type&#61;workstep&amp;workbook&#61;705F6DB7-1B1A-45AA-B4AA-FCC7913A7981&amp;worksheet&#61;6120813F-E746-4DEA-9B0D-7DF00FC8FD45&amp;workstep&#61;24E82C7E-433A-4E9D-BCE1-1603447858A9\" rel=\"nofollow noopener noreferrer\">Raw Signals</a></li><li><a href=\"/links?type&#61;workstep&amp;workbook&#61;705F6DB7-1B1A-45AA-B4AA-FCC7913A7981&amp;worksheet&#61;6120813F-E746-4DEA-9B0D-7DF00FC8FD45&amp;workstep&#61;0EE8F7B8-F80B-73F0-A8E1-478375BFC964\" rel=\"nofollow noopener noreferrer\">Cleaned</a><strong>**\u00a0</strong></li></ul><p>Identify transition periods with conductivity, flow, or DCS phase type signal(s). Combine the periods where the <a href=\"/links?type&#61;condition&amp;item&#61;1AE2A80B-C3BC-49E4-864A-CBAB981BE364\" rel=\"nofollow noopener noreferrer\">derivative</a> is positive and <a href=\"/links?type&#61;condition&amp;item&#61;71571FBC-F2A4-4E63-80B7-1FA32DFD57EC\" rel=\"nofollow noopener noreferrer\">flow is low</a> to identify the transitions.</p><ul><li><a href=\"/links?type&#61;workstep&amp;workbook&#61;705F6DB7-1B1A-45AA-B4AA-FCC7913A7981&amp;worksheet&#61;6120813F-E746-4DEA-9B0D-7DF00FC8FD45&amp;workstep&#61;0BD1E90E-C2B3-4C1A-9163-31216601CF7F\" rel=\"nofollow noopener noreferrer\">Transition Periods</a>\u00a0</li></ul><h4><strong>Calculate</strong></h4><h4>HETP</h4><p><img src=\"/api/annotations/550692B2-CE13-4B54-9BCA-53DC47B0AC2F/images/image_v4.png\"></p><p>Quantify the <strong>column efficiency</strong> by calculating the HETP using a moment analysis.</p><p>Done by applying eq.1-5 which integrates the feed flow over the transition periods to get the <a href=\"/links?type&#61;signal&amp;item&#61;B69ADD03-3BFE-42A6-904F-99AC55B23A55\" rel=\"nofollow noopener noreferrer\">volume</a> and then the calculating <a href=\"/links?type&#61;signal&amp;item&#61;EA7F8D4B-8261-46A0-BDF5-288DB3B98E6D\" rel=\"nofollow noopener noreferrer\">dC/dV</a> to get the \u00a0<a href=\"/links?type&#61;workstep&amp;workbook&#61;705F6DB7-1B1A-45AA-B4AA-FCC7913A7981&amp;worksheet&#61;6120813F-E746-4DEA-9B0D-7DF00FC8FD45&amp;workstep&#61;031E7D63-80B2-4492-AD6B-D50EEB650E17\" rel=\"nofollow noopener noreferrer\">moments</a> and <a href=\"/links?type&#61;workstep&amp;workbook&#61;705F6DB7-1B1A-45AA-B4AA-FCC7913A7981&amp;worksheet&#61;6120813F-E746-4DEA-9B0D-7DF00FC8FD45&amp;workstep&#61;BEF026D2-33BE-4B2A-B53C-32D880F6B984\" rel=\"nofollow noopener noreferrer\">variance</a>.</p><ul><li><a href=\"/links?type&#61;workstep&amp;workbook&#61;705F6DB7-1B1A-45AA-B4AA-FCC7913A7981&amp;worksheet&#61;6120813F-E746-4DEA-9B0D-7DF00FC8FD45&amp;workstep&#61;BC20614D-072D-45FC-956B-56C64A64B4B9\" rel=\"nofollow noopener noreferrer\">HETP</a></li></ul><h4>Asymmetry\u00a0</h4><p><img src=\"/api/annotations/550692B2-CE13-4B54-9BCA-53DC47B0AC2F/images/image_v5.png\"></p><p>Quantify the <strong>column integrity and pack quality</strong> by calculating peak asymmetry by finding the volume changes over the left and right sides of the dC/dV curve at 10% of max.</p><ul><li><a href=\"/links?type&#61;workstep&amp;workbook&#61;705F6DB7-1B1A-45AA-B4AA-FCC7913A7981&amp;worksheet&#61;6120813F-E746-4DEA-9B0D-7DF00FC8FD45&amp;workstep&#61;0EE77EBA-FF1B-FFA0-9945-51C1CDE949F6\" rel=\"nofollow noopener noreferrer\">Volume Change</a></li></ul><p>Using the change on volume over the left and right sides, calculate the asymmetry.\u00a0</p><ul><li><a href=\"/links?type&#61;workstep&amp;workbook&#61;705F6DB7-1B1A-45AA-B4AA-FCC7913A7981&amp;worksheet&#61;6120813F-E746-4DEA-9B0D-7DF00FC8FD45&amp;workstep&#61;BF9423A6-02CF-4570-83B7-6ECEAC3B57C2\" rel=\"nofollow noopener noreferrer\">Asymmetry</a></li></ul><h4><strong>Monitor</strong></h4><p>Set thresholds and monitor the HETP and Asymmetry in real time.</p><ul><li><a href=\"/links?type&#61;workstep&amp;workbook&#61;705F6DB7-1B1A-45AA-B4AA-FCC7913A7981&amp;worksheet&#61;6120813F-E746-4DEA-9B0D-7DF00FC8FD45&amp;workstep&#61;0EE14FFC-1F1F-6660-8BB5-409AE665616F\" rel=\"nofollow noopener noreferrer\">Deviations</a></li><li><a href=\"/links?type&#61;workstep&amp;workbook&#61;705F6DB7-1B1A-45AA-B4AA-FCC7913A7981&amp;worksheet&#61;6120813F-E746-4DEA-9B0D-7DF00FC8FD45&amp;workstep&#61;28E0891E-E725-4734-967E-FEAF0979D4E4\" rel=\"nofollow noopener noreferrer\">Summary Table</a></li></ul><p>\u00a0</p><p>\u00a0</p><p>\u00a0</p><p>\u00a0</p><p>\u00a0</p><p>\u00a0</p><p>\u00a0</p>",
        "DocumentBackup\u02c9-jPWuY9WzL6sLEmpYVGBOvvRkburuy3tFLazPSnGtwc\u02c92023-11-30T12:28:00Z": "<h1 style=\"text-align:center;\"><a href=\"/links?type&#61;workstep&amp;workbook&#61;705F6DB7-1B1A-45AA-B4AA-FCC7913A7981&amp;worksheet&#61;6120813F-E746-4DEA-9B0D-7DF00FC8FD45&amp;workstep&#61;0EE8F7B0-0909-F9D0-A8C8-AB63D79C7DC1\" rel=\"nofollow noopener noreferrer\"><strong>Transition Analysis</strong></a></h1><figure class=\"table\"><table class=\"ck-table-resized\"><colgroup><col style=\"width:46.43%;\" /><col style=\"width:53.57%;\" /></colgroup><tbody><tr><td><img src=\"/api/annotations/550692B2-CE13-4B54-9BCA-53DC47B0AC2F/images/image_v1.png\" alt=\"Leadership Insights in the Pharmaceutical Industry | CCL\"></td><td><strong>Reduced </strong>TA turnaround time by <strong>2-16hrs</strong> per chromatography cycle.\u00a0<br><strong>Monitor </strong>to prevent column re-pack and re-slurry (<strong>$100k&#43;</strong>/occurrence)</td></tr></tbody></table></figure><p>Calculate near <strong>real-time</strong> production-scale column HETP and Asymmetry during column transition periods to monitor for column integrity and consistent operations using the moment analysis technique.</p><h3><strong>Challenge</strong></h3><p>TA is essential to assessing column efficiency and integrity. Typical methods for performing the analysis require complex data post-processing well after the process has completed.\u00a0</p><h3><strong>Solution</strong></h3><p>Leverage Seeq to connect, clean, and contextualize data. Perform calculations in real-time. Eliminate the often delayed, tedious, and error-prone manual process. Identify drift and early signs of column degradation.\u00a0</p><h4><strong>Contextualize</strong></h4><p>Begin with the conductivity and flow rate signals. Clean and smooth signal as needed.\u00a0</p><ul><li><a href=\"/links?type&#61;workstep&amp;workbook&#61;705F6DB7-1B1A-45AA-B4AA-FCC7913A7981&amp;worksheet&#61;6120813F-E746-4DEA-9B0D-7DF00FC8FD45&amp;workstep&#61;24E82C7E-433A-4E9D-BCE1-1603447858A9\" rel=\"nofollow noopener noreferrer\">Raw Signals</a></li><li><a href=\"/links?type&#61;workstep&amp;workbook&#61;705F6DB7-1B1A-45AA-B4AA-FCC7913A7981&amp;worksheet&#61;6120813F-E746-4DEA-9B0D-7DF00FC8FD45&amp;workstep&#61;0EE8F7B8-F80B-73F0-A8E1-478375BFC964\" rel=\"nofollow noopener noreferrer\">Cleaned</a><strong>**\u00a0</strong></li></ul><p>Identify transition periods with conductivity, flow, or DCS phase type signal(s). Combine the periods where the <a href=\"/links?type&#61;condition&amp;item&#61;1AE2A80B-C3BC-49E4-864A-CBAB981BE364\" rel=\"nofollow noopener noreferrer\">derivative</a> is positive and <a href=\"/links?type&#61;condition&amp;item&#61;71571FBC-F2A4-4E63-80B7-1FA32DFD57EC\" rel=\"nofollow noopener noreferrer\">flow is low</a> to identify the transitions.</p><ul><li><a href=\"/links?type&#61;workstep&amp;workbook&#61;705F6DB7-1B1A-45AA-B4AA-FCC7913A7981&amp;worksheet&#61;6120813F-E746-4DEA-9B0D-7DF00FC8FD45&amp;workstep&#61;0EE8F7BE-F602-E8F0-97F8-4E445FC9985F\" rel=\"nofollow noopener noreferrer\">Transition Periods</a>\u00a0</li></ul><h4><strong>Calculate</strong></h4><h4>HETP</h4><p><img src=\"/api/annotations/550692B2-CE13-4B54-9BCA-53DC47B0AC2F/images/image_v4.png\"></p><p>Quantify the <strong>column efficiency</strong> by calculating the HETP using a moment analysis.</p><p>Done by applying eq.1-5 which integrates the feed flow over the transition periods to get the <a href=\"/links?type&#61;signal&amp;item&#61;B69ADD03-3BFE-42A6-904F-99AC55B23A55\" rel=\"nofollow noopener noreferrer\">volume</a> and then the calculating <a href=\"/links?type&#61;signal&amp;item&#61;EA7F8D4B-8261-46A0-BDF5-288DB3B98E6D\" rel=\"nofollow noopener noreferrer\">dC/dV</a> to get the \u00a0<a href=\"/links?type&#61;workstep&amp;workbook&#61;705F6DB7-1B1A-45AA-B4AA-FCC7913A7981&amp;worksheet&#61;6120813F-E746-4DEA-9B0D-7DF00FC8FD45&amp;workstep&#61;031E7D63-80B2-4492-AD6B-D50EEB650E17\" rel=\"nofollow noopener noreferrer\">moments</a> and <a href=\"/links?type&#61;workstep&amp;workbook&#61;705F6DB7-1B1A-45AA-B4AA-FCC7913A7981&amp;worksheet&#61;6120813F-E746-4DEA-9B0D-7DF00FC8FD45&amp;workstep&#61;BEF026D2-33BE-4B2A-B53C-32D880F6B984\" rel=\"nofollow noopener noreferrer\">variance</a>.</p><ul><li><a href=\"/links?type&#61;workstep&amp;workbook&#61;705F6DB7-1B1A-45AA-B4AA-FCC7913A7981&amp;worksheet&#61;6120813F-E746-4DEA-9B0D-7DF00FC8FD45&amp;workstep&#61;BC20614D-072D-45FC-956B-56C64A64B4B9\" rel=\"nofollow noopener noreferrer\">HETP</a></li></ul><h4>Asymmetry\u00a0</h4><p><img src=\"/api/annotations/550692B2-CE13-4B54-9BCA-53DC47B0AC2F/images/image_v5.png\"></p><p>Quantify the <strong>column integrity and pack quality</strong> by calculating peak asymmetry by finding the volume changes over the left and right sides of the dC/dV curve at 10% of max.</p><ul><li><a href=\"/links?type&#61;workstep&amp;workbook&#61;705F6DB7-1B1A-45AA-B4AA-FCC7913A7981&amp;worksheet&#61;6120813F-E746-4DEA-9B0D-7DF00FC8FD45&amp;workstep&#61;0EE77EBA-FF1B-FFA0-9945-51C1CDE949F6\" rel=\"nofollow noopener noreferrer\">Volume Change</a></li></ul><p>Using the change on volume over the left and right sides, calculate the asymmetry.\u00a0</p><ul><li><a href=\"/links?type&#61;workstep&amp;workbook&#61;705F6DB7-1B1A-45AA-B4AA-FCC7913A7981&amp;worksheet&#61;6120813F-E746-4DEA-9B0D-7DF00FC8FD45&amp;workstep&#61;BF9423A6-02CF-4570-83B7-6ECEAC3B57C2\" rel=\"nofollow noopener noreferrer\">Asymmetry</a></li></ul><h4><strong>Monitor</strong></h4><p>Set thresholds and monitor the HETP and Asymmetry in real time.</p><ul><li><a href=\"/links?type&#61;workstep&amp;workbook&#61;705F6DB7-1B1A-45AA-B4AA-FCC7913A7981&amp;worksheet&#61;6120813F-E746-4DEA-9B0D-7DF00FC8FD45&amp;workstep&#61;0EE14FFC-1F1F-6660-8BB5-409AE665616F\" rel=\"nofollow noopener noreferrer\">Deviations</a></li><li><a href=\"/links?type&#61;workstep&amp;workbook&#61;705F6DB7-1B1A-45AA-B4AA-FCC7913A7981&amp;worksheet&#61;6120813F-E746-4DEA-9B0D-7DF00FC8FD45&amp;workstep&#61;28E0891E-E725-4734-967E-FEAF0979D4E4\" rel=\"nofollow noopener noreferrer\">Summary Table</a></li></ul><p>\u00a0</p><p>\u00a0</p><p>\u00a0</p><p>\u00a0</p><p>\u00a0</p><p>\u00a0</p><p>\u00a0</p>",
        "Enabled": true,
        "ID": "550692B2-CE13-4B54-9BCA-53DC47B0AC2F",
        "Is CK Enabled": true,
        "Locked": false,
        "Name": "Transition Analysis",
        "Plain Text Document": "Transition AnalysisReduced TA turnaround time by 2-16hrs per chromatography cycle.\u00a0Monitor to prevent column re-pack and re-slurry ($100k&#43;/occurrence)Calculate near real-time production-scale column HETP and Asymmetry during column transition periods to monitor for column integrity and consistent operations using the moment analysis technique.ChallengeTA is essential to assessing column efficiency and integrity. Typical methods for performing the analysis require complex data post-processing well after the process has completed.\u00a0SolutionLeverage Seeq to connect, clean, and contextualize data. Perform calculations in real-time. Eliminate the often delayed, tedious, and error-prone manual process. Identify drift and early signs of column degradation.\u00a0ContextualizeBegin with the conductivity and flow rate signals. Clean and smooth signal as needed.\u00a0Raw SignalsCleaned**\u00a0Identify transition periods with conductivity, flow, or DCS phase type signal(s). Combine the periods where the derivative is positive and flow is low to identify the transitions.Transition Periods\u00a0CalculateHETPQuantify the column efficiency by calculating the HETP using a moment analysis.Done by applying eq.1-5 which integrates the feed flow over the transition periods to get the volume and then the calculating dC/dV to get the \u00a0moments and variance.HETPAsymmetry\u00a0Quantify the column integrity and pack quality by calculating peak asymmetry by finding the volume changes over the left and right sides of the dC/dV curve at 10% of max.Volume ChangeUsing the change on volume over the left and right sides, calculate the asymmetry.\u00a0AsymmetryMonitorSet thresholds and monitor the HETP and Asymmetry in real time.DeviationsSummary Table\u00a0\u00a0\u00a0\u00a0\u00a0\u00a0\u00a0",
        "Type": "Journal",
        "Unsearchable": false,
        "Updated At": "1701347371386554893"
    }
}