{
    "ID": "28E0891E-E725-4734-967E-FEAF0979D4E4",
    "Type": "Workstep",
    "Data": {
        "version": 50,
        "state": {
            "stores": {
                "sqAssetGroupStore": {
                    "id": "",
                    "assets": [],
                    "name": "",
                    "description": "",
                    "errors": [],
                    "isLoading": false,
                    "hasUnsavedChanges": false
                },
                "sqInvestigateStore": {
                    "item": {},
                    "activeTool": "overview",
                    "displayMode": "NEW",
                    "derivedDataPanelOpen": false
                },
                "sqPluginStore": {
                    "pluginState": {}
                },
                "sqDurationStore": {
                    "autoUpdate": {
                        "mode": "OFF",
                        "offset": -7423954,
                        "manualInterval": {
                            "value": 1,
                            "units": "min"
                        }
                    },
                    "displayRange": {
                        "start": 1675075147317,
                        "end": 1675251095620
                    },
                    "investigateRange": {
                        "start": 1674400431066,
                        "end": 1675258519574
                    }
                },
                "sqExploreFolderModalStore": {
                    "pageSize": 5
                },
                "sqExploreWorkbookModalStore": {
                    "pageSize": 5
                },
                "sqWorksheetStore": {
                    "tabsets": {
                        "sidebar": 2
                    },
                    "viewKey": "TABLE",
                    "returnViewKey": "TREND",
                    "selectedIdsForView": {},
                    "browsePanelCollapsed": false,
                    "displayWidth": 1467,
                    "displayHeight": 575,
                    "resizeEnabled": true,
                    "conditionToSeriesGrouping": {},
                    "capsuleGroupMode": false,
                    "showAssetSelectionWarnings": true
                },
                "sqSearchStore": {
                    "nameFilter": "",
                    "descriptionFilter": "",
                    "typeFilter": [],
                    "datasourceFilter": [],
                    "sortBy": "",
                    "isAdvancedMode": false,
                    "mode": "overview",
                    "currentAsset": "",
                    "selectAllChecked": false,
                    "selectedItemIds": []
                },
                "sqCompositeSearchStore": {
                    "originalParameters": [],
                    "advancedParametersCollapsed": true,
                    "isUpgradedUnionCondition": false,
                    "inclusiveA": true,
                    "inclusiveB": true
                },
                "sqConditionWithPropertiesStore": {
                    "originalParameters": [],
                    "advancedParametersCollapsed": true,
                    "properties": [
                        {
                            "stringSignal": "",
                            "propertyName": ""
                        },
                        {
                            "stringSignal": "",
                            "propertyName": ""
                        }
                    ]
                },
                "sqValueSearchStore": {
                    "originalParameters": [],
                    "advancedParametersCollapsed": true,
                    "inputSignal": {
                        "predicate": [
                            "name",
                            "a"
                        ]
                    },
                    "isSimple": true,
                    "useValidValues": false,
                    "isCleansing": false,
                    "simpleValue": null,
                    "simpleLowerValue": null,
                    "minDuration": {
                        "value": 0,
                        "units": "min"
                    },
                    "mergeDuration": {
                        "value": 0,
                        "units": "min"
                    },
                    "advancedEntryValue": null,
                    "advancedEntryLowerValue": null,
                    "advancedEntryDuration": {
                        "value": 0,
                        "units": "min"
                    },
                    "advancedExitValue": null,
                    "advancedExitDuration": {
                        "value": 0,
                        "units": "min"
                    },
                    "isMigratedDeviationSearch": false,
                    "version": "V3"
                },
                "sqItemPropertiesStore": {
                    "advancedParametersCollapsed": false
                },
                "sqManualSignalStore": {
                    "originalParameters": [],
                    "advancedParametersCollapsed": true,
                    "interpolationMethod": "Linear",
                    "maximumInterpolation": {
                        "value": "40",
                        "units": "h"
                    },
                    "samples": [],
                    "sort": {
                        "asc": false,
                        "property": "dateTime"
                    }
                },
                "sqFftStore": {
                    "originalParameters": [],
                    "advancedParametersCollapsed": true,
                    "signalToAggregate": {
                        "predicate": [
                            "name",
                            "signalToAggregate"
                        ]
                    },
                    "rateType": true,
                    "rate": {},
                    "outputUnits": "min",
                    "highPass": {},
                    "lowPass": {},
                    "useHighPass": false,
                    "useLowPass": false
                },
                "sqAggregationBinStore": {
                    "signalToAggregate": {
                        "predicate": [
                            "name",
                            "signalToAggregate"
                        ]
                    },
                    "mode": "by_y_value",
                    "includeEmptyBuckets": true,
                    "yValueSignal": "",
                    "stat": {
                        "key": null,
                        "timeUnits": "s"
                    },
                    "aggregationConfigs": [
                        {
                            "id": 1,
                            "mode": "by_y_value",
                            "capsuleMode": "intersect",
                            "yValueBinMode": "size",
                            "valid": false
                        }
                    ]
                },
                "sqSignalFromConditionStore": {
                    "originalParameters": [],
                    "advancedParametersCollapsed": true,
                    "inputItem": {
                        "predicate": [
                            "name",
                            "series"
                        ]
                    },
                    "condition": {
                        "predicate": [
                            "name",
                            "capsules"
                        ]
                    },
                    "interpolation": "DISCRETE",
                    "stat": {
                        "timeUnits": "s"
                    }
                },
                "sqPeriodicConditionStore": {
                    "originalParameters": [],
                    "advancedParametersCollapsed": true,
                    "timezone": "US/Eastern",
                    "frequencies": [],
                    "weekStart": "Day.Sunday",
                    "quarterStart": {
                        "month": "Month.January",
                        "day": 1
                    },
                    "shift": {
                        "offset": 8,
                        "duration": 8
                    },
                    "offset": {
                        "value": 0,
                        "units": "min"
                    }
                },
                "sqProfileSearchStore": {
                    "originalParameters": [],
                    "advancedParametersCollapsed": true,
                    "inputSignal": {
                        "predicate": [
                            "name",
                            "a"
                        ]
                    },
                    "similarity": 98,
                    "normalizeAmplitude": true,
                    "normalizeLocation": true,
                    "selectedRegion": {
                        "min": 0,
                        "max": 0
                    }
                },
                "sqPredictionPanelStore": {
                    "originalParameters": [],
                    "advancedParametersCollapsed": true,
                    "option": "linear",
                    "polynomialValue": 2,
                    "mustGoThroughZero": false,
                    "lambda": 0,
                    "windowStart": 1674989675394,
                    "windowEnd": 1675162475394,
                    "modelExpanded": false,
                    "regressionMethod": "OLS",
                    "variableSelection": 0.05,
                    "variableSelectionEnabled": false
                },
                "sqSignalSmoothingStore": {
                    "originalParameters": [],
                    "advancedParametersCollapsed": true,
                    "inputSignal": {
                        "predicate": [
                            "name",
                            "inputSignal"
                        ]
                    },
                    "algorithmSelectedValue": "seeq-agile",
                    "samplingRate": {},
                    "smoothingWindow": {},
                    "cutoff": {},
                    "polynomialFactor": 2,
                    "isSamplingRateAuto": true,
                    "isCutoffAuto": true,
                    "isTau": true,
                    "tau": {
                        "value": 10,
                        "units": "min"
                    },
                    "alpha": 0.9,
                    "isMigratedLowPassFilter": false
                },
                "sqDigitalFilterStore": {
                    "originalParameters": [],
                    "advancedParametersCollapsed": true,
                    "inputSignal": {
                        "predicate": [
                            "name",
                            "inputSignal"
                        ]
                    },
                    "cutoff": {},
                    "cutoff2": {},
                    "samplingRate": {},
                    "windowSize": {},
                    "isAutoSamplingRate": true,
                    "isAutoWindowSize": true
                },
                "sqTrendMetricStore": {
                    "items": [
                        {
                            "axisAlign": "A",
                            "axisAutoScale": true,
                            "lane": 1,
                            "rightAxis": false,
                            "dashStyle": "Solid",
                            "lineWidth": 1,
                            "autoDisabled": false,
                            "axisVisibility": true,
                            "yAxisConfig": {
                                "min": 0.5708446331482189,
                                "max": 1.4528034647343693
                            },
                            "yAxisMin": 0.625,
                            "yAxisMax": 1.3986480978825881,
                            "yAxisType": "linear",
                            "sampleDisplayOption": "line",
                            "id": "B6E75499-F7DE-467E-BDC8-77057BB021B7",
                            "name": "Asymmetry",
                            "selected": true,
                            "color": "#4055A3"
                        },
                        {
                            "axisAlign": "B",
                            "axisAutoScale": true,
                            "lane": 2,
                            "rightAxis": false,
                            "dashStyle": "Solid",
                            "lineWidth": 1,
                            "autoDisabled": false,
                            "axisVisibility": true,
                            "yAxisConfig": {
                                "min": 3.331362964956067,
                                "max": 3.335237936872033
                            },
                            "yAxisMin": 3.3316009018281,
                            "yAxisMax": 3.335,
                            "yAxisType": "linear",
                            "sampleDisplayOption": "line",
                            "id": "2E41612E-4316-4061-A022-57702E8112E4",
                            "name": "HETP",
                            "selected": true,
                            "color": "#068C45"
                        }
                    ]
                },
                "sqTrendTableStore": {
                    "items": []
                },
                "sqReferencePanelStore": {
                    "originalParameters": [],
                    "advancedParametersCollapsed": true,
                    "windowStart": 1674989675394,
                    "windowEnd": 1675162475394,
                    "griddingPeriod": {
                        "value": 5,
                        "units": "min"
                    },
                    "referenceStat": "",
                    "multiplier": 1,
                    "inputGroups": [
                        {
                            "inputSignal": {},
                            "inputCondition": {}
                        }
                    ]
                },
                "sqDisplayToolStore": {
                    "originalParameters": [],
                    "advancedParametersCollapsed": true,
                    "isScaled": true
                },
                "sqTrendScalarStore": {
                    "items": []
                },
                "sqTrendSeriesStore": {
                    "items": [],
                    "editingId": null,
                    "previewSeriesDefinition": {}
                },
                "sqImportDatafileStore": {
                    "uploadFilename": "",
                    "filename": "",
                    "keyColumnIndex": 1,
                    "keyColumnName": "",
                    "interpolationMethod": {
                        "text": "IMPORTS.INTERPOLATION.LINEAR",
                        "value": "Linear"
                    },
                    "validationMode": {
                        "text": "IMPORTS.VALIDATION_MODE_TYPES.FAIL",
                        "value": "Fail"
                    },
                    "fileOutputType": {
                        "text": "IMPORTS.FILE_OUTPUT_TYPES.REPLACE",
                        "value": "Replace"
                    },
                    "fieldDelimiter": {
                        "text": ",",
                        "value": "Comma"
                    },
                    "maxInterpolation": {
                        "value": 40,
                        "units": "h"
                    },
                    "namePrefix": "",
                    "nameSuffix": "",
                    "firstDataRow": 2,
                    "nameRow": 1,
                    "description": "",
                    "valueColumnOption": {
                        "text": "IMPORTS.VALUE_COLUMN.ALL",
                        "value": "All"
                    },
                    "valueUom": "",
                    "lenientDaylightSavings": false,
                    "itemType": {
                        "text": "IMPORTS.SIGNAL",
                        "value": "Signal"
                    },
                    "maxDuration": {
                        "value": 40,
                        "units": "h"
                    },
                    "endColumnName": "",
                    "conditionName": "",
                    "dayFirstDefault": {
                        "text": "IMPORTS.FIRST.MONTH",
                        "value": false
                    },
                    "originalParameters": [],
                    "advancedParametersCollapsed": true
                },
                "sqTrendCapsuleStore": {
                    "selectedCapsules": [],
                    "stitchDetailsSet": false,
                    "capsulesPerPage": 100,
                    "dataStatus": "itemDataPresent",
                    "warningCount": 0,
                    "warningLogs": [],
                    "timingInformation": "",
                    "meterInformation": "",
                    "editingId": null,
                    "previewCapsulesDefinition": {},
                    "items": []
                },
                "sqCapsuleGroupStore": {
                    "capsules": []
                },
                "sqCursorStore": {
                    "calendarCursors": [],
                    "capsuleCursors": [],
                    "showValues": true
                },
                "sqTrendCapsuleSetStore": {
                    "items": [
                        {
                            "autoDisabled": false,
                            "conditionLane": 1,
                            "id": "E7FA698A-21F1-487A-A957-979939E21B7B",
                            "name": "Transition Periods",
                            "selected": true,
                            "color": "#4055A3"
                        }
                    ]
                },
                "sqTrendStore": {
                    "view": "chain",
                    "isCompareMode": false,
                    "enabledColumns": {
                        "CAPSULES": {
                            "startTime": true,
                            "properties.Batch ID": true,
                            "properties.Product": true
                        },
                        "SERIES": {
                            "lane": true,
                            "asset": true
                        },
                        "CHART_CAPSULES": {
                            "properties.Batch ID": true,
                            "properties.Product": true
                        }
                    },
                    "propertyColumns": {
                        "CHART_CAPSULES": {
                            "properties.Batch ID": {
                                "key": "properties.Batch ID",
                                "uomKey": "propertiesUOM.Batch ID",
                                "propertyName": "Batch ID",
                                "style": "string"
                            },
                            "properties.Product": {
                                "key": "properties.Product",
                                "uomKey": "propertiesUOM.Product",
                                "propertyName": "Product",
                                "style": "string"
                            }
                        },
                        "CAPSULES": {
                            "properties.Batch ID": {
                                "key": "properties.Batch ID",
                                "uomKey": "propertiesUOM.Batch ID",
                                "propertyName": "Batch ID",
                                "style": "string"
                            },
                            "properties.Product": {
                                "key": "properties.Product",
                                "uomKey": "propertiesUOM.Product",
                                "propertyName": "Product",
                                "style": "string"
                            }
                        }
                    },
                    "selectedRegion": {
                        "min": 0,
                        "max": 0
                    },
                    "capsuleTimeOffsets": {
                        "lower": 0,
                        "upper": 0
                    },
                    "dataSummary": {
                        "type": "AUTO",
                        "value": 0,
                        "discreteUnits": {
                            "value": 0,
                            "units": "min"
                        },
                        "isSlider": true
                    },
                    "capsuleTimeColorMode": "signal",
                    "compareViewColorMode": "rainbow",
                    "capsulePreview": false,
                    "customizationMode": "off",
                    "dimDataOutsideCapsules": false,
                    "hideUnselectedItems": false,
                    "labelDisplayConfiguration": {
                        "name": "lane",
                        "asset": "off",
                        "assetPathLevels": 1,
                        "line": "lane",
                        "unitOfMeasure": "axis",
                        "custom": "off",
                        "customLabels": []
                    },
                    "showCapsuleLaneLabels": false,
                    "panelProps": {
                        "BOTTOM": {
                            "leftPanelWidth": 1480.2840576171875,
                            "height": "30%"
                        }
                    },
                    "panelSorters": {
                        "CAPSULES": {
                            "sortBy": "startTime",
                            "sortAsc": true
                        },
                        "CAPSULE_SERIES": {
                            "sortBy": "startTime",
                            "sortAsc": true
                        },
                        "SERIES": {
                            "sortBy": "lane",
                            "sortAsc": true
                        },
                        "INVESTIGATE_ITEMS": {
                            "sortBy": "name",
                            "sortAsc": true
                        }
                    },
                    "capsulePanelFilters": {},
                    "capsulePanelOffset": 0,
                    "capsulePanelMaxOffset": 0,
                    "capsulePanelHasNext": false,
                    "showGridlines": false,
                    "capsuleProperties": []
                },
                "sqTreemapStore": {
                    "parent": {},
                    "statistics": []
                },
                "sqExportExcelPanelStore": {
                    "name": "Transition Analysis Demo Draft",
                    "originalParameters": [],
                    "advancedParametersCollapsed": true,
                    "exportStatistics": true,
                    "exportData": true,
                    "timeRange": {
                        "start": 1674989675394,
                        "end": 1675162475394
                    },
                    "exportTimeZone": {
                        "name": "US/Eastern",
                        "displayName": "US/Eastern",
                        "offset": "-05:00",
                        "offsetMinutes": -300
                    },
                    "gridOption": "automatic",
                    "gridSize": {
                        "units": "min"
                    },
                    "gridOrigin": 1672549200000,
                    "gridOriginEnabled": false
                },
                "sqScatterPlotStore": {
                    "xSignal": null,
                    "ySignals": [],
                    "selector": {
                        "low": 0.5,
                        "high": 0.75
                    },
                    "selectedRegion": {
                        "x": {
                            "min": null,
                            "max": null
                        },
                        "ys": {}
                    },
                    "viewRegion": {
                        "x": {
                            "min": null,
                            "max": null
                        },
                        "ys": {}
                    },
                    "fxLines": [],
                    "colorConditionIds": [],
                    "colorByItemColor": false,
                    "colorRanges": [],
                    "plotMode": "DISPLAY_RANGE",
                    "plotView": "SCATTER_PLOT",
                    "connect": false,
                    "showTooltips": true,
                    "isMarkerSizeCustom": false,
                    "densityPlotData": [],
                    "numXBins": 40,
                    "numYBins": 20,
                    "xBinSize": 0,
                    "yBinSize": 0
                },
                "sqExportODataPanelStore": {
                    "name": "Transition Analysis Demo Draft",
                    "originalParameters": [],
                    "advancedParametersCollapsed": true,
                    "autoupdateTimeRange": false,
                    "timeRange": {
                        "start": 1674989675394,
                        "end": 1675162475394
                    },
                    "exportTimeZone": {
                        "name": "US/Eastern",
                        "displayName": "US/Eastern",
                        "offset": "-05:00",
                        "offsetMinutes": -300
                    },
                    "gridOption": "automatic",
                    "gridSize": {
                        "units": "min"
                    },
                    "gridOrigin": 1672549200000,
                    "gridOriginEnabled": false
                },
                "sqTableBuilderStore": {
                    "mode": "condition",
                    "headers": {
                        "condition": {
                            "type": "start",
                            "format": "lll"
                        },
                        "simple": {
                            "type": "startEnd",
                            "format": "lll"
                        }
                    },
                    "columns": {
                        "condition": [
                            {
                                "key": "name",
                                "headerTextAlign": "center",
                                "headerTextStyle": [
                                    "bold"
                                ],
                                "header": "Cycle Start Time",
                                "textStyle": [
                                    "bold"
                                ],
                                "backgroundColor": "#0070C0",
                                "textColor": "#ffffff",
                                "headerBackgroundColor": "#0070C0",
                                "headerTextColor": "#ffffff"
                            },
                            {
                                "key": "Batch ID",
                                "type": "capsuleProperty",
                                "style": "string",
                                "headerTextAlign": "center",
                                "headerTextStyle": [
                                    "bold"
                                ]
                            },
                            {
                                "key": "Duration",
                                "type": "capsuleProperty",
                                "headerTextAlign": "center",
                                "headerTextStyle": [
                                    "bold"
                                ]
                            },
                            {
                                "key": "Product",
                                "type": "capsuleProperty",
                                "style": "string",
                                "headerTextAlign": "center",
                                "headerTextStyle": [
                                    "bold"
                                ]
                            }
                        ],
                        "simple": [
                            {
                                "key": "name",
                                "accessor": "name",
                                "propertyName": "Name",
                                "style": "string",
                                "title": "NAME",
                                "shortTitle": "NAME",
                                "headerTextAlign": "center",
                                "headerTextStyle": [
                                    "bold"
                                ]
                            },
                            {
                                "key": "statistics.average",
                                "title": "STATISTICS.AVERAGE.LONG",
                                "shortTitle": "STATISTICS.AVERAGE.SHORT",
                                "style": "decimal",
                                "stat": "average()",
                                "invalidsFirst": true,
                                "columnSuffix": "Average",
                                "headerTextAlign": "center",
                                "headerTextStyle": [
                                    "bold"
                                ]
                            }
                        ]
                    },
                    "isTransposed": {
                        "condition": true,
                        "simple": false
                    },
                    "assetId": {},
                    "isHomogenizeUnits": {
                        "condition": false,
                        "simple": false
                    },
                    "itemFilters": {},
                    "itemSorts": {},
                    "isMigrating": false,
                    "chartView": {
                        "enabled": false,
                        "settings": {
                            "title": "",
                            "legend": true,
                            "dataLabels": true,
                            "categoryLabels": true,
                            "rows": [],
                            "columns": [],
                            "categoryColumns": [
                                0
                            ],
                            "showSettings": false,
                            "position": {
                                "x": 100,
                                "y": 100
                            }
                        }
                    }
                },
                "sqFormulaToolStore": {
                    "originalParameters": [],
                    "advancedParametersCollapsed": true,
                    "formula": "",
                    "parameters": [],
                    "navigationStack": [],
                    "helpShown": true
                },
                "sqManualConditionStore": {
                    "originalParameters": [],
                    "advancedParametersCollapsed": true
                },
                "sqScorecardStore": {
                    "metrics": []
                },
                "sqThresholdMetricStore": {
                    "originalParameters": [],
                    "advancedParametersCollapsed": true,
                    "processType": "Condition",
                    "aggregationOperator": {
                        "key": null,
                        "timeUnits": "s"
                    },
                    "duration": {},
                    "period": {},
                    "thresholds": {}
                },
                "sqScatterConditionStore": {
                    "originalParameters": [],
                    "advancedParametersCollapsed": true,
                    "isBounding": false,
                    "isCleansing": false,
                    "minDuration": {
                        "value": 0,
                        "units": "min"
                    },
                    "mergeDuration": {
                        "value": 0,
                        "units": "min"
                    }
                },
                "sqReportContentStore": {}
            }
        }
    }
}