{
    "Access Control": [
        {
            "ID": "0dff304d-a1e3-4c38-b710-81dfd08594d0",
            "Identity": {
                "Datasource Class": "OAuth 2.0",
                "Datasource ID": "9ecc7e74-4c32-436d-9af0-70d8aa99386b",
                "Datasource Name": "Seeq Azure SSO",
                "Email": "synjen.marrocco@seeq.com",
                "First Name": "Synjen",
                "ID": "107E8E60-F060-422D-9CA4-462E4AC989C8",
                "Is Admin": false,
                "Last Name": "Marrocco",
                "Name": "Synjen Marrocco",
                "Type": "User",
                "Username": "-jPWuY9WzL6sLEmpYVGBOvvRkburuy3tFLazPSnGtwc"
            },
            "Origin": null,
            "Permissions": {
                "Manage": true,
                "Read": true,
                "Write": true
            },
            "Redacted": false,
            "Role": "OWNER"
        },
        {
            "ID": "0ee14379-2860-eec0-a747-93c23882dbc9",
            "Identity": {
                "Datasource Class": "Auth",
                "Datasource ID": "Seeq",
                "Datasource Name": "Seeq",
                "ID": "3B804F82-9378-4C52-81D5-E7BD0AC5F076",
                "Name": "Partner Demo Access",
                "Type": "UserGroup"
            },
            "Origin": "EC7489B9-56B7-4F6F-9429-BD2145EEA8C2",
            "Permissions": {
                "Manage": false,
                "Read": true,
                "Write": true
            },
            "Redacted": false,
            "Role": null
        },
        {
            "ID": "0ee14379-2860-eec0-915e-405e74d7638c",
            "Identity": {
                "Datasource Class": "Auth",
                "Datasource ID": "Seeq",
                "Datasource Name": "Seeq",
                "ID": "72A9F0E9-1878-40F6-A368-D520591C6BFC",
                "Name": "Everyone",
                "Type": "UserGroup"
            },
            "Origin": "EC7489B9-56B7-4F6F-9429-BD2145EEA8C2",
            "Permissions": {
                "Manage": false,
                "Read": true,
                "Write": false
            },
            "Redacted": false,
            "Role": null
        },
        {
            "ID": "0ee14379-2860-eec0-9ebe-322f9f44ff75",
            "Identity": {
                "Datasource Class": "OAuth 2.0",
                "Datasource ID": "9ecc7e74-4c32-436d-9af0-70d8aa99386b",
                "Datasource Name": "Seeq Azure SSO",
                "Email": "shamus.cunningham@seeq.com",
                "First Name": "Shamus",
                "ID": "849F6252-B8A4-495C-B1B5-73CD38B8A066",
                "Is Admin": true,
                "Last Name": "Cunningham",
                "Name": "Shamus Cunningham",
                "Type": "User",
                "Username": "DMH0KFzkCvN1pJbDdJgkrUvR4vPhL0QTDxpDD1Oy_rk"
            },
            "Origin": "EC7489B9-56B7-4F6F-9429-BD2145EEA8C2",
            "Permissions": {
                "Manage": true,
                "Read": true,
                "Write": true
            },
            "Redacted": false,
            "Role": null
        },
        {
            "ID": "0ee14379-2860-eec0-9b7f-613b14e9571d",
            "Identity": {
                "Datasource Class": "OAuth 2.0",
                "Datasource ID": "9ecc7e74-4c32-436d-9af0-70d8aa99386b",
                "Datasource Name": "Seeq Azure SSO",
                "Email": "Joseph.Reckamp@seeq.com",
                "First Name": "Joe",
                "ID": "C9FD5B90-17F3-4CA7-8C37-CD9B7D9B85D2",
                "Is Admin": true,
                "Last Name": "Reckamp",
                "Name": "Joe Reckamp",
                "Type": "User",
                "Username": "DEg3Lh5pLS4-lG84EjGXXXdzxhd1450vkLgiu8he2l8"
            },
            "Origin": "EC7489B9-56B7-4F6F-9429-BD2145EEA8C2",
            "Permissions": {
                "Manage": true,
                "Read": true,
                "Write": true
            },
            "Redacted": false,
            "Role": null
        },
        {
            "ID": "0ee14379-2860-eec0-ab18-e38f1a5b685f",
            "Identity": {
                "Datasource Class": "Auth",
                "Datasource ID": "Seeq",
                "Datasource Name": "Seeq",
                "ID": "E4730C48-1672-447F-B48B-F77C95580062",
                "Name": "Seeq Internal",
                "Type": "UserGroup"
            },
            "Origin": "EC7489B9-56B7-4F6F-9429-BD2145EEA8C2",
            "Permissions": {
                "Manage": true,
                "Read": true,
                "Write": true
            },
            "Redacted": false,
            "Role": null
        }
    ],
    "Ancestors": [
        "__Corporate__",
        "E49ED507-46F8-41D9-A968-EBA66A0B4DFD",
        "EC7489B9-56B7-4F6F-9429-BD2145EEA8C2"
    ],
    "Archived": false,
    "Cache Enabled": false,
    "Created At": "1681930172083174266",
    "Enabled": true,
    "ID": "E55DFF43-A1C8-4354-AC51-08756A534A7E",
    "Locked": false,
    "Name": "Golden Profiles",
    "Original Server URL": "http://seeq-server",
    "Owner": {
        "Datasource Class": "OAuth 2.0",
        "Datasource ID": "9ecc7e74-4c32-436d-9af0-70d8aa99386b",
        "Datasource Name": "Seeq Azure SSO",
        "Email": "synjen.marrocco@seeq.com",
        "First Name": "Synjen",
        "ID": "107E8E60-F060-422D-9CA4-462E4AC989C8",
        "Is Admin": false,
        "Last Name": "Marrocco",
        "Name": "Synjen Marrocco",
        "Type": "User",
        "Username": "-jPWuY9WzL6sLEmpYVGBOvvRkburuy3tFLazPSnGtwc"
    },
    "Path": "Corporate folder >> Industry Use Cases >> Quality",
    "Search Folder ID": "EC7489B9-56B7-4F6F-9429-BD2145EEA8C2",
    "Type": "Workbook",
    "URL": "https://demo.seeq.dev/EC7489B9-56B7-4F6F-9429-BD2145EEA8C2/workbook/E55DFF43-A1C8-4354-AC51-08756A534A7E/worksheet/24EE028C-29B8-4B86-B318-142FA69AB574",
    "Unsearchable": false,
    "Updated At": "1731577942581432445",
    "Workbook Type": "Analysis",
    "Worksheets": [
        "24EE028C-29B8-4B86-B318-142FA69AB574",
        "97B4451D-670C-4D51-AE91-8065862C0E74"
    ],
    "workbookState": {
        "state": {
            "stores": {
                "sqAnnotationStore": {
                    "height": 485.3333740234375,
                    "id": "EF867280-7DEB-47E9-A787-72511BC924A3",
                    "isAnnotatesExpanded": false,
                    "isCkEnabled": true,
                    "isCommentsExpanded": false,
                    "isExpanded": false,
                    "width": 1144.3333282470703
                }
            }
        },
        "version": 1
    }
}