{
    "0EFA6A0B-4C9B-71B0-ADCE-2000B1F79638": {
        "Access Control": [
            {
                "ID": "0efa6a0b-4c9b-71b0-832f-2cb144107853",
                "Identity": {
                    "Datasource Class": "OAuth 2.0",
                    "Datasource ID": "9ecc7e74-4c32-436d-9af0-70d8aa99386b",
                    "Datasource Name": "Seeq Azure SSO",
                    "Email": "Joseph.Reckamp@seeq.com",
                    "First Name": "Joe",
                    "ID": "C9FD5B90-17F3-4CA7-8C37-CD9B7D9B85D2",
                    "Is Admin": true,
                    "Last Name": "Reckamp",
                    "Name": "Joe Reckamp",
                    "Type": "User",
                    "Username": "DEg3Lh5pLS4-lG84EjGXXXdzxhd1450vkLgiu8he2l8"
                },
                "Origin": null,
                "Permissions": {
                    "Manage": true,
                    "Read": true,
                    "Write": true
                },
                "Redacted": false,
                "Role": "OWNER"
            },
            {
                "ID": "0efa6a0b-4cc7-60d0-a44e-06a6b1da5301",
                "Identity": {
                    "Datasource Class": "OAuth 2.0",
                    "Datasource ID": "9ecc7e74-4c32-436d-9af0-70d8aa99386b",
                    "Datasource Name": "Seeq Azure SSO",
                    "Email": "Joseph.Reckamp@seeq.com",
                    "First Name": "Joe",
                    "ID": "C9FD5B90-17F3-4CA7-8C37-CD9B7D9B85D2",
                    "Is Admin": true,
                    "Last Name": "Reckamp",
                    "Name": "Joe Reckamp",
                    "Type": "User",
                    "Username": "DEg3Lh5pLS4-lG84EjGXXXdzxhd1450vkLgiu8he2l8"
                },
                "Origin": "905A3390-CCA6-489B-89A3-492EC9F7FF26",
                "Permissions": {
                    "Manage": true,
                    "Read": true,
                    "Write": true
                },
                "Redacted": false,
                "Role": null
            }
        ],
        "Ancestors": [
            "__Users__",
            "905A3390-CCA6-489B-89A3-492EC9F7FF26"
        ],
        "Archived": false,
        "Cache Enabled": false,
        "Created At": "1732039462987374025",
        "Enabled": true,
        "ID": "0EFA6A0B-4C9B-71B0-ADCE-2000B1F79638",
        "Locked": false,
        "Name": "DO NOT USE (Please!)",
        "Owner": {
            "Datasource Class": "OAuth 2.0",
            "Datasource ID": "9ecc7e74-4c32-436d-9af0-70d8aa99386b",
            "Datasource Name": "Seeq Azure SSO",
            "Email": "Joseph.Reckamp@seeq.com",
            "First Name": "Joe",
            "ID": "C9FD5B90-17F3-4CA7-8C37-CD9B7D9B85D2",
            "Is Admin": true,
            "Last Name": "Reckamp",
            "Name": "Joe Reckamp",
            "Type": "User",
            "Username": "DEg3Lh5pLS4-lG84EjGXXXdzxhd1450vkLgiu8he2l8"
        },
        "Type": "Folder",
        "Unsearchable": false,
        "Updated At": "1732135031904791904"
    },
    "0EFABFD0-FD24-F9D0-AF3B-F1DABCC59DF4": {
        "Archived": false,
        "Cache Enabled": false,
        "Cache ID": "0EFABFD0-FDC0-FDD0-9445-90A6592C3A53",
        "Data ID": "[00000000-0000-0000-0000-000000000000] {Signal} ID_Fan_Vibration",
        "Datasource Class": "Seeq Data Lab",
        "Datasource ID": "Seeq Data Lab",
        "Enabled": true,
        "ID": "0EFABFD0-FD24-F9D0-AF3B-F1DABCC59DF4",
        "Interpolation Method": "Linear",
        "Last Key Written": {
            "Unit Of Measure": "ns",
            "Value": 1580612400000000000
        },
        "Locked": false,
        "Maximum Interpolation": "40h",
        "Name": "ID_Fan_Vibration",
        "Source Value Unit Of Measure": "",
        "Storage Location": "FILE_SIGNAL_STORAGE",
        "Stored Series Cache Version": 1,
        "Type": "StoredSignal",
        "Unsearchable": false,
        "Value Unit Of Measure": ""
    },
    "0EFABFD0-FD27-60E0-A52B-70611E0C59AB": {
        "Archived": false,
        "Cache Enabled": false,
        "Cache ID": "0EFABFD0-FE22-E850-90E3-134968F95028",
        "Data ID": "[00000000-0000-0000-0000-000000000000] {Signal} ID_Fan_Motor_State",
        "Datasource Class": "Seeq Data Lab",
        "Datasource ID": "Seeq Data Lab",
        "Enabled": true,
        "ID": "0EFABFD0-FD27-60E0-A52B-70611E0C59AB",
        "Interpolation Method": "Linear",
        "Last Key Written": {
            "Unit Of Measure": "ns",
            "Value": 1580612400000000000
        },
        "Locked": false,
        "Maximum Interpolation": "40h",
        "Name": "ID_Fan_Motor_State",
        "Source Value Unit Of Measure": "string",
        "Storage Location": "FILE_SIGNAL_STORAGE",
        "Stored Series Cache Version": 1,
        "Type": "StoredSignal",
        "Unsearchable": false,
        "Value Unit Of Measure": "string"
    },
    "0EFABFD2-3861-64C0-A821-5E3697C519B4": {
        "Archived": false,
        "Cache Enabled": true,
        "Cache ID": "0EFABFD2-3866-62E0-9941-8042480B75B2",
        "Capsule ID Property": "start",
        "Capsule Property Units": {},
        "Data ID": "0EFABFD2-3861-64C0-A821-5E3697C519B4",
        "Datasource Class": "Seeq Calculations",
        "Datasource ID": "Seeq Calculations",
        "Enabled": true,
        "Formula": "$a.validValues() ~= \"off\"",
        "Formula Parameters": {
            "a": "0EFABFD0-FD27-60E0-A52B-70611E0C59AB"
        },
        "Formula Version": 31,
        "ID": "0EFABFD2-3861-64C0-A821-5E3697C519B4",
        "Locked": false,
        "Name": "off",
        "Scoped To": "0EFABFC2-FF04-FB00-B91B-B77D3908FF24",
        "Type": "CalculatedCondition",
        "UIConfig": {
            "advancedEntryDuration": {
                "units": "min",
                "value": 0
            },
            "advancedEntryLowerValue": null,
            "advancedEntryValue": null,
            "advancedExitDuration": {
                "units": "min",
                "value": 0
            },
            "advancedExitValue": null,
            "advancedParametersCollapsed": true,
            "configVersion": 11,
            "isCleansing": false,
            "isMigratedDeviationSearch": false,
            "isSimple": true,
            "mergeDuration": {
                "units": "min",
                "value": 0
            },
            "minDuration": {
                "units": "min",
                "value": 0
            },
            "simpleLowerValue": null,
            "simpleOperator": "~=",
            "simpleValue": "off",
            "type": "value-search",
            "useValidValues": true,
            "version": "V3"
        },
        "Unsearchable": false
    },
    "0EFABFD3-5414-6400-9E89-E92CDF93B1BB": {
        "Archived": false,
        "Cache Enabled": true,
        "Cache ID": "0EFABFD3-5416-FB10-9DFD-AA2FA25A4265",
        "Data ID": "0EFABFD3-5414-6400-9E89-E92CDF93B1BB",
        "Datasource Class": "Seeq Calculations",
        "Datasource ID": "Seeq Calculations",
        "Enabled": true,
        "Formula": "((1/($ifv.remove($off))).resample(1min)*0.5)^0.25",
        "Formula Parameters": {
            "ifv": "0EFABFD0-FD24-F9D0-AF3B-F1DABCC59DF4",
            "off": "0EFABFD2-3861-64C0-A821-5E3697C519B4"
        },
        "Formula Version": 31,
        "ID": "0EFABFD3-5414-6400-9E89-E92CDF93B1BB",
        "Interpolation Method": "Linear",
        "Locked": false,
        "Maximum Interpolation": {
            "Unit Of Measure": "min",
            "Value": 1
        },
        "Name": "inverse",
        "Scoped To": "0EFABFC2-FF04-FB00-B91B-B77D3908FF24",
        "Type": "CalculatedSignal",
        "UIConfig": {
            "advancedParametersCollapsed": true,
            "configVersion": 11,
            "localFormula": "",
            "tabTransitioning": false,
            "type": "formula"
        },
        "Unsearchable": false,
        "Value Unit Of Measure": ""
    },
    "0EFABFD7-3373-EC10-B17F-F9B1D90053D1": {
        "Archived": false,
        "Cache Enabled": true,
        "Cache ID": "0EFABFD7-3376-7320-92AF-160A65FA9089",
        "Capsule Property Units": {},
        "Data ID": "0EFABFD7-3373-EC10-B17F-F9B1D90053D1",
        "Datasource Class": "Seeq Calculations",
        "Datasource ID": "Seeq Calculations",
        "Enabled": true,
        "Formula": [
            "condition(306061000ms,",
            "  capsule(1580242140000ms, 1580548200000ms))"
        ],
        "Formula Parameters": {},
        "Formula Version": 31,
        "ID": "0EFABFD7-3373-EC10-B17F-F9B1D90053D1",
        "Locked": false,
        "Maximum Duration": {
            "Unit Of Measure": "ms",
            "Value": 306061000
        },
        "Name": "Custom Condition 6",
        "Scoped To": "0EFABFC2-FF04-FB00-B91B-B77D3908FF24",
        "Type": "CalculatedCondition",
        "UIConfig": {
            "color": "#00A2DD",
            "configVersion": 11,
            "isExecuting": false,
            "type": "manual-condition"
        },
        "Unsearchable": false
    },
    "0EFABFD8-1170-75E0-AC1D-FF03C69AE9B1": {
        "Archived": false,
        "Cache Enabled": true,
        "Cache ID": "0EFABFD8-1172-ECF0-ACC0-460D19BE7C6A",
        "Capsule Property Units": {},
        "Data ID": "0EFABFD8-1170-75E0-AC1D-FF03C69AE9B1",
        "Datasource Class": "Seeq Calculations",
        "Datasource ID": "Seeq Calculations",
        "Enabled": true,
        "Formula": [
            "condition(592441000ms,",
            "  capsule(1578465000000ms, 1579057440000ms))"
        ],
        "Formula Parameters": {},
        "Formula Version": 31,
        "ID": "0EFABFD8-1170-75E0-AC1D-FF03C69AE9B1",
        "Locked": false,
        "Maximum Duration": {
            "Unit Of Measure": "ms",
            "Value": 592441000
        },
        "Name": "Custom Condition 7",
        "Scoped To": "0EFABFC2-FF04-FB00-B91B-B77D3908FF24",
        "Type": "CalculatedCondition",
        "UIConfig": {
            "color": "#E1498E",
            "configVersion": 11,
            "isExecuting": false,
            "type": "manual-condition"
        },
        "Unsearchable": false
    },
    "0EFABFD8-E3E0-7700-AFBA-A7C3757F86C6": {
        "Archived": false,
        "Cache Enabled": true,
        "Cache ID": "0EFABFD8-E3E5-7520-A505-50CA05E4BDEF",
        "Capsule Property Units": {},
        "Data ID": "0EFABFD8-E3E0-7700-AFBA-A7C3757F86C6",
        "Datasource Class": "Seeq Calculations",
        "Datasource ID": "Seeq Calculations",
        "Enabled": true,
        "Formula": [
            "condition(250141000ms,",
            "  capsule(1577958180000ms, 1578208320000ms))"
        ],
        "Formula Parameters": {},
        "Formula Version": 31,
        "ID": "0EFABFD8-E3E0-7700-AFBA-A7C3757F86C6",
        "Locked": false,
        "Maximum Duration": {
            "Unit Of Measure": "ms",
            "Value": 250141000
        },
        "Name": "Custom Condition 8",
        "Scoped To": "0EFABFC2-FF04-FB00-B91B-B77D3908FF24",
        "Type": "CalculatedCondition",
        "UIConfig": {
            "color": "#996442",
            "configVersion": 11,
            "isExecuting": false,
            "type": "manual-condition"
        },
        "Unsearchable": false
    },
    "0EFABFD9-6C01-7120-9BCD-DA5D59A6D974": {
        "Archived": false,
        "Cache Enabled": true,
        "Cache ID": "0EFABFD9-6C08-6650-B781-CA4B6157CA7E",
        "Capsule Property Units": {},
        "Data ID": "0EFABFD9-6C01-7120-9BCD-DA5D59A6D974",
        "Datasource Class": "Seeq Calculations",
        "Datasource ID": "Seeq Calculations",
        "Enabled": true,
        "Formula": "combinewith($cc6,$cc7,$cc8)",
        "Formula Parameters": {
            "cc6": "0EFABFD7-3373-EC10-B17F-F9B1D90053D1",
            "cc7": "0EFABFD8-1170-75E0-AC1D-FF03C69AE9B1",
            "cc8": "0EFABFD8-E3E0-7700-AFBA-A7C3757F86C6"
        },
        "Formula Version": 31,
        "ID": "0EFABFD9-6C01-7120-9BCD-DA5D59A6D974",
        "Locked": false,
        "Maximum Duration": {
            "Unit Of Measure": "ms",
            "Value": 592441000
        },
        "Name": "condition",
        "Scoped To": "0EFABFC2-FF04-FB00-B91B-B77D3908FF24",
        "Type": "CalculatedCondition",
        "UIConfig": {
            "advancedParametersCollapsed": true,
            "configVersion": 11,
            "localFormula": "",
            "tabTransitioning": false,
            "type": "formula"
        },
        "Unsearchable": false
    },
    "0EFABFDA-0FAA-60B0-9638-C4D99AA376D7": {
        "Archived": false,
        "Cache Enabled": true,
        "Cache ID": "1EFABFDB-4506-6690-8408-F2F54E5EB3AC",
        "Data ID": "0EFABFDA-0FAA-60B0-9638-C4D99AA376D7",
        "Datasource Class": "Seeq Calculations",
        "Datasource ID": "Seeq Calculations",
        "Enabled": true,
        "Formula": [
            "$signal2 = $i.within($cc6).validvalues().setMaxInterpolation(90d) + 0.028",
            "$signal2"
        ],
        "Formula Parameters": {
            "c": "0EFABFD9-6C01-7120-9BCD-DA5D59A6D974",
            "cc6": "0EFABFD8-1170-75E0-AC1D-FF03C69AE9B1",
            "i": "0EFABFD3-5414-6400-9E89-E92CDF93B1BB"
        },
        "Formula Version": 31,
        "ID": "0EFABFDA-0FAA-60B0-9638-C4D99AA376D7",
        "Interpolation Method": "Linear",
        "Locked": false,
        "Maximum Interpolation": {
            "Unit Of Measure": "d",
            "Value": 90
        },
        "Name": "Formula 339",
        "Scoped To": "0EFABFC2-FF04-FB00-B91B-B77D3908FF24",
        "Type": "CalculatedSignal",
        "UIConfig": {
            "advancedParametersCollapsed": true,
            "configVersion": 11,
            "localFormula": "",
            "scopedTo": "0EFABFC2-FF04-FB00-B91B-B77D3908FF24",
            "tabTransitioning": false,
            "type": "formula"
        },
        "Unsearchable": false,
        "Value Unit Of Measure": ""
    },
    "0EFABFDA-DC2E-6000-B8A9-814810B79E77": {
        "Archived": false,
        "Cache Enabled": true,
        "Cache ID": "0EFABFDA-DC32-EE20-B5AC-2DB9A27D5666",
        "Data ID": "0EFABFDA-DC2E-6000-B8A9-814810B79E77",
        "Datasource Class": "Seeq Calculations",
        "Datasource ID": "Seeq Calculations",
        "Enabled": true,
        "Formula": [
            "$signal2 = $i.within($cc8).validvalues().setMaxInterpolation(90d) + 0.028",
            "$signal2"
        ],
        "Formula Parameters": {
            "c": "0EFABFD9-6C01-7120-9BCD-DA5D59A6D974",
            "cc8": "0EFABFD8-E3E0-7700-AFBA-A7C3757F86C6",
            "i": "0EFABFD3-5414-6400-9E89-E92CDF93B1BB"
        },
        "Formula Version": 31,
        "ID": "0EFABFDA-DC2E-6000-B8A9-814810B79E77",
        "Interpolation Method": "Linear",
        "Locked": false,
        "Maximum Interpolation": {
            "Unit Of Measure": "d",
            "Value": 90
        },
        "Name": "Formula 340",
        "Scoped To": "0EFABFC2-FF04-FB00-B91B-B77D3908FF24",
        "Type": "CalculatedSignal",
        "UIConfig": {
            "advancedParametersCollapsed": true,
            "configVersion": 11,
            "localFormula": "",
            "tabTransitioning": false,
            "type": "formula"
        },
        "Unsearchable": false,
        "Value Unit Of Measure": ""
    },
    "0EFABFDC-35DE-7180-9E6C-D423CB620380": {
        "Archived": false,
        "Cache Enabled": true,
        "Cache ID": "0EFABFDC-35E2-FFA0-9AAE-87BD3A60A9B5",
        "Data ID": "0EFABFDC-35DE-7180-9E6C-D423CB620380",
        "Datasource Class": "Seeq Calculations",
        "Datasource ID": "Seeq Calculations",
        "Enabled": true,
        "Formula": [
            "$signal2 = $i.within($cc6).validvalues().setMaxInterpolation(90d) + 0.032",
            "$signal2"
        ],
        "Formula Parameters": {
            "c": "0EFABFD9-6C01-7120-9BCD-DA5D59A6D974",
            "cc6": "0EFABFD7-3373-EC10-B17F-F9B1D90053D1",
            "i": "0EFABFD3-5414-6400-9E89-E92CDF93B1BB"
        },
        "Formula Version": 31,
        "ID": "0EFABFDC-35DE-7180-9E6C-D423CB620380",
        "Interpolation Method": "Linear",
        "Locked": false,
        "Maximum Interpolation": {
            "Unit Of Measure": "d",
            "Value": 90
        },
        "Name": "signal 2",
        "Scoped To": "0EFABFC2-FF04-FB00-B91B-B77D3908FF24",
        "Type": "CalculatedSignal",
        "UIConfig": {
            "advancedParametersCollapsed": true,
            "configVersion": 11,
            "localFormula": "",
            "tabTransitioning": false,
            "type": "formula"
        },
        "Unsearchable": false,
        "Value Unit Of Measure": ""
    },
    "0EFABFDC-CE74-F980-80A7-824A31F796D9": {
        "Archived": false,
        "Cache Enabled": true,
        "Cache ID": "0EFABFDC-CE79-77A0-B403-78B3049CDAB0",
        "Data ID": "0EFABFDC-CE74-F980-80A7-824A31F796D9",
        "Datasource Class": "Seeq Calculations",
        "Datasource ID": "Seeq Calculations",
        "Enabled": true,
        "Formula": "combinewith($s2,$f340,$f339)",
        "Formula Parameters": {
            "f339": "0EFABFDA-0FAA-60B0-9638-C4D99AA376D7",
            "f340": "0EFABFDA-DC2E-6000-B8A9-814810B79E77",
            "s2": "0EFABFDC-35DE-7180-9E6C-D423CB620380"
        },
        "Formula Version": 31,
        "ID": "0EFABFDC-CE74-F980-80A7-824A31F796D9",
        "Interpolation Method": "Linear",
        "Locked": false,
        "Maximum Interpolation": {
            "Unit Of Measure": "d",
            "Value": 90
        },
        "Name": "Formula 341",
        "Scoped To": "0EFABFC2-FF04-FB00-B91B-B77D3908FF24",
        "Type": "CalculatedSignal",
        "UIConfig": {
            "advancedParametersCollapsed": true,
            "configVersion": 11,
            "localFormula": "",
            "tabTransitioning": false,
            "type": "formula"
        },
        "Unsearchable": false,
        "Value Unit Of Measure": ""
    },
    "0EFABFDD-95E8-62A0-8B9B-852D955A88CA": {
        "Archived": false,
        "Cache Enabled": true,
        "Cache ID": "0EFABFDD-95EF-77D0-B6B2-B480FDB6D4A8",
        "Data ID": "0EFABFDD-95E8-62A0-8B9B-852D955A88CA",
        "Datasource Class": "Seeq Calculations",
        "Datasource ID": "Seeq Calculations",
        "Enabled": true,
        "Formula": "$i.splice($f341,$c).setcertain()",
        "Formula Parameters": {
            "c": "0EFABFD9-6C01-7120-9BCD-DA5D59A6D974",
            "f341": "0EFABFDC-CE74-F980-80A7-824A31F796D9",
            "i": "0EFABFD3-5414-6400-9E89-E92CDF93B1BB"
        },
        "Formula Version": 31,
        "ID": "0EFABFDD-95E8-62A0-8B9B-852D955A88CA",
        "Interpolation Method": "Linear",
        "Locked": false,
        "Maximum Interpolation": {
            "Unit Of Measure": "d",
            "Value": 90
        },
        "Name": "signal",
        "Scoped To": "0EFABFC2-FF04-FB00-B91B-B77D3908FF24",
        "Type": "CalculatedSignal",
        "UIConfig": {
            "advancedParametersCollapsed": true,
            "configVersion": 11,
            "localFormula": "",
            "scopedTo": "0EFABFC2-FF04-FB00-B91B-B77D3908FF24",
            "tabTransitioning": false,
            "type": "formula"
        },
        "Unsearchable": false,
        "Value Unit Of Measure": ""
    },
    "0EFABFE0-00AD-EED0-BDD6-7762BD0D038B": {
        "Archived": false,
        "Cache Enabled": true,
        "Cache ID": "0EFABFE0-00B2-ECF0-9ED7-C2336ACB9C17",
        "Capsule Property Units": {},
        "Data ID": "0EFABFE0-00AD-EED0-BDD6-7762BD0D038B",
        "Datasource Class": "Seeq Calculations",
        "Datasource ID": "Seeq Calculations",
        "Enabled": true,
        "Formula": [
            "condition(18518581000ms,",
            "  capsule(1577834580000ms, 1596353160000ms))"
        ],
        "Formula Parameters": {},
        "Formula Version": 31,
        "ID": "0EFABFE0-00AD-EED0-BDD6-7762BD0D038B",
        "Locked": false,
        "Maximum Duration": {
            "Unit Of Measure": "ms",
            "Value": 18518581000
        },
        "Name": "time",
        "Scoped To": "0EFABFC2-FF04-FB00-B91B-B77D3908FF24",
        "Type": "CalculatedCondition",
        "UIConfig": {
            "color": "#36937E",
            "configVersion": 11,
            "isExecuting": false,
            "type": "manual-condition"
        },
        "Unsearchable": false
    },
    "0EFABFE0-931B-6470-A6EE-652443AEE63C": {
        "Archived": false,
        "Cache Enabled": true,
        "Cache ID": "0EFABFE0-9320-6290-BC87-C2A02E9C378C",
        "Data ID": "0EFABFE0-931B-6470-A6EE-652443AEE63C",
        "Datasource Class": "Seeq Calculations",
        "Datasource ID": "Seeq Calculations",
        "Enabled": true,
        "Formula": "timesince($time,1h)",
        "Formula Parameters": {
            "time": "0EFABFE0-00AD-EED0-BDD6-7762BD0D038B"
        },
        "Formula Version": 31,
        "ID": "0EFABFE0-931B-6470-A6EE-652443AEE63C",
        "Interpolation Method": "Linear",
        "Locked": false,
        "Maximum Interpolation": {
            "Unit Of Measure": "h",
            "Value": 1
        },
        "Name": "time signal",
        "Scoped To": "0EFABFC2-FF04-FB00-B91B-B77D3908FF24",
        "Type": "CalculatedSignal",
        "UIConfig": {
            "advancedParametersCollapsed": true,
            "configVersion": 11,
            "localFormula": "",
            "tabTransitioning": false,
            "type": "formula"
        },
        "Unsearchable": false,
        "Value Unit Of Measure": "h"
    },
    "0EFABFE1-52DA-7310-B565-1AF0D3122908": {
        "Archived": false,
        "Cache Enabled": true,
        "Cache ID": "0EFABFE1-52DF-7130-93E4-C38A9BB741E1",
        "Data ID": "0EFABFE1-52DA-7310-B565-1AF0D3122908",
        "Datasource Class": "Seeq Calculations",
        "Datasource ID": "Seeq Calculations",
        "Enabled": true,
        "Formula": "1.2996+($ts*(-0.00035))",
        "Formula Parameters": {
            "ts": "0EFABFE0-931B-6470-A6EE-652443AEE63C"
        },
        "Formula Version": 31,
        "ID": "0EFABFE1-52DA-7310-B565-1AF0D3122908",
        "Interpolation Method": "Linear",
        "Locked": false,
        "Maximum Interpolation": {
            "Unit Of Measure": "h",
            "Value": 1
        },
        "Name": "Formula 344",
        "Scoped To": "0EFABFC2-FF04-FB00-B91B-B77D3908FF24",
        "Type": "CalculatedSignal",
        "UIConfig": {
            "advancedParametersCollapsed": true,
            "configVersion": 11,
            "localFormula": "",
            "tabTransitioning": false,
            "type": "formula"
        },
        "Unsearchable": false,
        "Value Unit Of Measure": "h"
    },
    "0EFABFE1-E5D0-6430-A487-0FD5C7103636": {
        "Archived": false,
        "Cache Enabled": true,
        "Cache ID": "0EFABFE1-E5D5-6250-B38B-7A92F88052EB",
        "Data ID": "0EFABFE1-E5D0-6430-A487-0FD5C7103636",
        "Datasource Class": "Seeq Calculations",
        "Datasource ID": "Seeq Calculations",
        "Enabled": true,
        "Formula": "(($s+$f344)*14).setUnits('klb/h')",
        "Formula Parameters": {
            "f344": "0EFABFE1-52DA-7310-B565-1AF0D3122908",
            "s": "0EFABFDD-95E8-62A0-8B9B-852D955A88CA"
        },
        "Formula Version": 31,
        "ID": "0EFABFE1-E5D0-6430-A487-0FD5C7103636",
        "Interpolation Method": "Linear",
        "Locked": false,
        "Maximum Interpolation": {
            "Unit Of Measure": "h",
            "Value": 1
        },
        "Name": "signal final",
        "Scoped To": "0EFABFC2-FF04-FB00-B91B-B77D3908FF24",
        "Type": "CalculatedSignal",
        "UIConfig": {
            "advancedParametersCollapsed": true,
            "configVersion": 11,
            "localFormula": "",
            "tabTransitioning": false,
            "type": "formula"
        },
        "Unsearchable": false,
        "Value Unit Of Measure": "klb/h"
    },
    "0EFABFE2-C6B5-E810-B128-56E301C5FC07": {
        "Archived": false,
        "Cache Enabled": true,
        "Cache ID": "0EFABFE2-C6B7-FF20-AB22-2C98246AD1B8",
        "Data ID": "0EFABFE2-C6B5-E810-B128-56E301C5FC07",
        "Datasource Class": "Seeq Calculations",
        "Datasource ID": "Seeq Calculations",
        "Enabled": true,
        "Formula": "$sf",
        "Formula Parameters": {
            "s": "0EFABFDD-95E8-62A0-8B9B-852D955A88CA",
            "sf": "0EFABFE1-E5D0-6430-A487-0FD5C7103636"
        },
        "Formula Version": 31,
        "ID": "0EFABFE2-C6B5-E810-B128-56E301C5FC07",
        "Interpolation Method": "Linear",
        "Locked": false,
        "Maximum Interpolation": {
            "Unit Of Measure": "h",
            "Value": 1
        },
        "Name": "Production Rate",
        "Scoped To": "0EFABFC2-FF04-FB00-B91B-B77D3908FF24",
        "Type": "CalculatedSignal",
        "UIConfig": {
            "advancedParametersCollapsed": true,
            "configVersion": 11,
            "localFormula": "",
            "tabTransitioning": false,
            "type": "formula"
        },
        "Unsearchable": false,
        "Value Unit Of Measure": "klb/h"
    },
    "0EFABFE5-47F5-EA90-9A33-B83D39C569CC": {
        "Archived": false,
        "Cache Enabled": true,
        "Cache ID": "0EFABFE5-47F8-71A0-9F78-6E40A65EE4C3",
        "Capsule Property Units": {},
        "Data ID": "0EFABFE5-47F5-EA90-9A33-B83D39C569CC",
        "Datasource Class": "Seeq Calculations",
        "Datasource ID": "Seeq Calculations",
        "Enabled": true,
        "Formula": [
            "condition(10514281000ms,",
            "  capsule(1577840400000ms, 1588354680000ms))"
        ],
        "Formula Parameters": {},
        "Formula Version": 31,
        "ID": "0EFABFE5-47F5-EA90-9A33-B83D39C569CC",
        "Locked": false,
        "Maximum Duration": {
            "Unit Of Measure": "ms",
            "Value": 10514281000
        },
        "Name": "Current Run",
        "Scoped To": "0EFABFC2-FF04-FB00-B91B-B77D3908FF24",
        "Type": "CalculatedCondition",
        "UIConfig": {
            "color": "#4055A3",
            "configVersion": 11,
            "isExecuting": false,
            "type": "manual-condition"
        },
        "Unsearchable": false
    },
    "0EFABFE6-8D02-E8D0-8C4E-1DD34B4A37A3": {
        "Archived": false,
        "Cache Enabled": true,
        "Cache ID": "0EFABFE6-8D04-FFE0-9E8B-340F30B61594",
        "Capsule ID Property": "start",
        "Capsule Property Units": {},
        "Data ID": "0EFABFE6-8D02-E8D0-8C4E-1DD34B4A37A3",
        "Datasource Class": "Seeq Calculations",
        "Datasource ID": "Seeq Calculations",
        "Enabled": true,
        "Formula": "$productionRate.isvalid()",
        "Formula Parameters": {
            "productionRate": "0EFABFE2-C6B5-E810-B128-56E301C5FC07"
        },
        "Formula Version": 31,
        "ID": "0EFABFE6-8D02-E8D0-8C4E-1DD34B4A37A3",
        "Locked": false,
        "Name": "Current Production Run Data",
        "Scoped To": "0EFABFC2-FF04-FB00-B91B-B77D3908FF24",
        "Type": "CalculatedCondition",
        "UIConfig": {
            "advancedParametersCollapsed": true,
            "configVersion": 11,
            "localFormula": "",
            "tabTransitioning": false,
            "type": "formula"
        },
        "Unsearchable": false
    },
    "0EFABFE7-7409-F9E0-A285-CCC4C1E113F1": {
        "Archived": false,
        "Cache Enabled": true,
        "Cache ID": "0EFABFE7-740E-E800-8639-0E3464ED3C7F",
        "Capsule Property Units": {},
        "Data ID": "0EFABFE7-7409-F9E0-A285-CCC4C1E113F1",
        "Datasource Class": "Seeq Calculations",
        "Datasource ID": "Seeq Calculations",
        "Enabled": true,
        "Formula": "$a.subtract($b)",
        "Formula Parameters": {
            "a": "0EFABFE5-47F5-EA90-9A33-B83D39C569CC",
            "b": "0EFABFE6-8D02-E8D0-8C4E-1DD34B4A37A3"
        },
        "Formula Version": 31,
        "ID": "0EFABFE7-7409-F9E0-A285-CCC4C1E113F1",
        "Locked": false,
        "Maximum Duration": {
            "Unit Of Measure": "ms",
            "Value": 10514281000
        },
        "Name": "Future",
        "Scoped To": "0EFABFC2-FF04-FB00-B91B-B77D3908FF24",
        "Type": "CalculatedCondition",
        "UIConfig": {
            "advancedParametersCollapsed": true,
            "configVersion": 11,
            "type": "composite-search"
        },
        "Unsearchable": false
    },
    "0EFABFE9-6615-F9E0-B0BE-43A937186267": {
        "Archived": false,
        "Cache Enabled": true,
        "Cache ID": "0EFABFE9-661A-E800-9BAF-07139D6FEE4D",
        "Data ID": "0EFABFE9-6615-F9E0-B0BE-43A937186267",
        "Datasource Class": "Seeq Calculations",
        "Datasource ID": "Seeq Calculations",
        "Enabled": true,
        "Formula": "timesince($cr,1h)",
        "Formula Parameters": {
            "cr": "0EFABFE5-47F5-EA90-9A33-B83D39C569CC"
        },
        "Formula Version": 31,
        "ID": "0EFABFE9-6615-F9E0-B0BE-43A937186267",
        "Interpolation Method": "Linear",
        "Locked": false,
        "Maximum Interpolation": {
            "Unit Of Measure": "h",
            "Value": 1
        },
        "Name": "Time Signal",
        "Scoped To": "0EFABFC2-FF04-FB00-B91B-B77D3908FF24",
        "Type": "CalculatedSignal",
        "UIConfig": {
            "advancedParametersCollapsed": true,
            "configVersion": 11,
            "localFormula": "",
            "tabTransitioning": false,
            "type": "formula"
        },
        "Unsearchable": false,
        "Value Unit Of Measure": "h"
    },
    "0EFABFEA-76D0-FF40-8C9F-A8CBD7AC5A4F": {
        "Archived": false,
        "Cache Enabled": true,
        "Cache ID": "0EFABFEA-76D5-FD60-88D3-5980DD03D65C",
        "Data ID": "0EFABFEA-76D0-FF40-8C9F-A8CBD7AC5A4F",
        "Datasource Class": "Seeq Calculations",
        "Datasource ID": "Seeq Calculations",
        "Enabled": true,
        "Formula": "$target.regressionModelOLS(group(capsule(\"2019-12-31T22:04:00.000Z\", \"2020-03-07T08:09:00.000Z\")), false, $a).predict($a)",
        "Formula Parameters": {
            "a": "0EFABFE9-6615-F9E0-B0BE-43A937186267",
            "target": "0EFABFE2-C6B5-E810-B128-56E301C5FC07"
        },
        "Formula Version": 31,
        "ID": "0EFABFEA-76D0-FF40-8C9F-A8CBD7AC5A4F",
        "Interpolation Method": "Linear",
        "Locked": false,
        "Maximum Interpolation": {
            "Unit Of Measure": "h",
            "Value": 1
        },
        "Name": "Predicted Production Rate",
        "Scoped To": "0EFABFC2-FF04-FB00-B91B-B77D3908FF24",
        "Type": "CalculatedSignal",
        "UIConfig": {
            "advancedParametersCollapsed": true,
            "color": "#D3AA4C",
            "configVersion": 11,
            "isRefreshRateEnabled": false,
            "lambda": 0,
            "modelExpanded": false,
            "mustGoThroughZero": false,
            "option": "linear",
            "polynomialValue": 2,
            "regressionMethod": "OLS",
            "type": "prediction",
            "variableSelection": 0.05,
            "variableSelectionEnabled": false,
            "windowEnd": 1583568540000,
            "windowStart": 1577829840000
        },
        "Unsearchable": false,
        "Value Unit Of Measure": "klb/h"
    },
    "0EFABFEB-7629-F9B0-8144-DA3C059C955A": {
        "Archived": false,
        "Cache Enabled": true,
        "Cache ID": "0EFABFEB-762E-77D0-8B32-2209876BEDA8",
        "Data ID": "0EFABFEB-7629-F9B0-8144-DA3C059C955A",
        "Datasource Class": "Seeq Calculations",
        "Datasource ID": "Seeq Calculations",
        "Enabled": true,
        "Formula": "$pr.validvalues().splice($ppr.validvalues(),$f).validValues().setMaxInterpolation(7d).max(12 klb/h)",
        "Formula Parameters": {
            "f": "0EFABFE7-7409-F9E0-A285-CCC4C1E113F1",
            "ppr": "0EFABFEA-76D0-FF40-8C9F-A8CBD7AC5A4F",
            "pr": "0EFABFE2-C6B5-E810-B128-56E301C5FC07"
        },
        "Formula Version": 31,
        "ID": "0EFABFEB-7629-F9B0-8144-DA3C059C955A",
        "Interpolation Method": "Linear",
        "Locked": false,
        "Maximum Interpolation": {
            "Unit Of Measure": "d",
            "Value": 7
        },
        "Name": "Base Case Production Rate with Future Projection",
        "Scoped To": "0EFABFC2-FF04-FB00-B91B-B77D3908FF24",
        "Type": "CalculatedSignal",
        "UIConfig": {
            "advancedParametersCollapsed": true,
            "configVersion": 11,
            "localFormula": "",
            "tabTransitioning": false,
            "type": "formula"
        },
        "Unsearchable": false,
        "Value Unit Of Measure": "klb/h"
    },
    "0EFABFED-CEDF-7580-9DA1-2BE151FF3121": {
        "Archived": false,
        "Cache Enabled": true,
        "Cache ID": "0EFABFED-CEE6-EAB0-A73D-690EE5BBB4C6",
        "Data ID": "0EFABFED-CEDF-7580-9DA1-2BE151FF3121",
        "Datasource Class": "Seeq Calculations",
        "Datasource ID": "Seeq Calculations",
        "Enabled": true,
        "Formula": "$bcpr.integral($cr)",
        "Formula Parameters": {
            "bcpr": "0EFABFEB-7629-F9B0-8144-DA3C059C955A",
            "cr": "0EFABFE5-47F5-EA90-9A33-B83D39C569CC"
        },
        "Formula Version": 31,
        "ID": "0EFABFED-CEDF-7580-9DA1-2BE151FF3121",
        "Interpolation Method": "Linear",
        "Locked": false,
        "Maximum Interpolation": {
            "Unit Of Measure": "d",
            "Value": 7
        },
        "Name": "Production Totalizer - Base Case",
        "Scoped To": "0EFABFC2-FF04-FB00-B91B-B77D3908FF24",
        "Type": "CalculatedSignal",
        "UIConfig": {
            "advancedParametersCollapsed": true,
            "configVersion": 11,
            "localFormula": "",
            "tabTransitioning": false,
            "type": "formula"
        },
        "Unsearchable": false,
        "Value Unit Of Measure": "klb"
    },
    "0EFABFED-F151-FB40-B010-AB16DBE70560": {
        "Archived": false,
        "Cache Enabled": true,
        "Cache ID": "0EFABFED-F22D-66E0-AEC7-29B9720D6570",
        "Data ID": "0EFABFED-F151-FB40-B010-AB16DBE70560",
        "Datasource Class": "Seeq Calculations",
        "Datasource ID": "Seeq Calculations",
        "Enabled": true,
        "Formula": "$bcpr.integral($cr)",
        "Formula Parameters": {
            "bcpr": "0EFABFEB-7629-F9B0-8144-DA3C059C955A",
            "cr": "0EFABFE5-47F5-EA90-9A33-B83D39C569CC"
        },
        "Formula Version": 31,
        "ID": "0EFABFED-F151-FB40-B010-AB16DBE70560",
        "Interpolation Method": "Linear",
        "Locked": false,
        "Maximum Interpolation": {
            "Unit Of Measure": "d",
            "Value": 7
        },
        "Name": "Production Totalizer - Base Case",
        "Scoped To": "0EFABFC2-FF04-FB00-B91B-B77D3908FF24",
        "Type": "CalculatedSignal",
        "UIConfig": {
            "advancedParametersCollapsed": true,
            "configVersion": 11,
            "localFormula": "",
            "tabTransitioning": false,
            "type": "formula"
        },
        "Unsearchable": false,
        "Value Unit Of Measure": "klb"
    },
    "0EFABFF2-02BD-FB50-A329-D4EDA84E178F": {
        "Archived": false,
        "Cache Enabled": true,
        "Cache ID": "0EFABFF2-02C2-F970-AC7C-8D3ACDD1E6CB",
        "Capsule ID Property": "start",
        "Capsule Property Units": {},
        "Data ID": "0EFABFF2-02BD-FB50-A329-D4EDA84E178F",
        "Datasource Class": "Seeq Calculations",
        "Datasource ID": "Seeq Calculations",
        "Enabled": true,
        "Formula": "$a.validValues() > 50000",
        "Formula Parameters": {
            "a": "0EFABFED-CEDF-7580-9DA1-2BE151FF3121"
        },
        "Formula Version": 31,
        "ID": "0EFABFF2-02BD-FB50-A329-D4EDA84E178F",
        "Locked": false,
        "Name": "Production Target met - Base Case",
        "Scoped To": "0EFABFC2-FF04-FB00-B91B-B77D3908FF24",
        "Type": "CalculatedCondition",
        "UIConfig": {
            "advancedEntryDuration": {
                "units": "min",
                "value": 0
            },
            "advancedEntryLowerValue": null,
            "advancedEntryValue": null,
            "advancedExitDuration": {
                "units": "min",
                "value": 0
            },
            "advancedExitValue": null,
            "advancedParametersCollapsed": true,
            "configVersion": 11,
            "isCleansing": false,
            "isMigratedDeviationSearch": false,
            "isSimple": true,
            "mergeDuration": {
                "units": "min",
                "value": 0
            },
            "minDuration": {
                "units": "min",
                "value": 0
            },
            "simpleLowerValue": null,
            "simpleOperator": ">",
            "simpleValue": "50000",
            "type": "value-search",
            "useValidValues": true,
            "version": "V3"
        },
        "Unsearchable": false
    },
    "0EFABFF6-D6B3-FF50-9EB0-309BA8063791": {
        "Archived": false,
        "Cache Enabled": true,
        "Cache ID": "0EFABFF6-D6BB-6480-858E-DC5C66F38071",
        "Data ID": "0EFABFF6-D6B3-FF50-9EB0-309BA8063791",
        "Datasource Class": "Seeq Calculations",
        "Datasource ID": "Seeq Calculations",
        "Enabled": true,
        "Formula": [
            "// Specify Order Size ",
            "$Order = 50000klb ",
            "// Calculate downtimes by rounding up the number of cycles that would be needed and then subtract the last downtime ",
            "($Order/$TotalProduced)",
            "   .within($currentRun.move(1sec))",
            "   .ceiling()-1"
        ],
        "Formula Parameters": {
            "currentrun": "0EFABFE6-8D02-E8D0-8C4E-1DD34B4A37A3",
            "totalproduced": "0EFABFED-CEDF-7580-9DA1-2BE151FF3121"
        },
        "Formula Version": 31,
        "ID": "0EFABFF6-D6B3-FF50-9EB0-309BA8063791",
        "Interpolation Method": "Step",
        "Locked": false,
        "Maximum Interpolation": {
            "Unit Of Measure": "d",
            "Value": 7
        },
        "Name": "Number of Required Downtimes",
        "Scoped To": "0EFABFC2-FF04-FB00-B91B-B77D3908FF24",
        "Type": "CalculatedSignal",
        "UIConfig": {
            "advancedParametersCollapsed": true,
            "configVersion": 11,
            "localFormula": "",
            "tabTransitioning": false,
            "type": "formula"
        },
        "Unsearchable": false,
        "Value Unit Of Measure": ""
    },
    "0EFABFFC-A229-F950-87B7-55E071ECFEDF": {
        "Archived": false,
        "Cache Enabled": true,
        "Cache ID": "0EFABFFC-A22E-7770-AC55-C4D80586033F",
        "Data ID": "0EFABFFC-A229-F950-87B7-55E071ECFEDF",
        "Datasource Class": "Seeq Calculations",
        "Datasource ID": "Seeq Calculations",
        "Enabled": true,
        "Formula": "timesince($cprd.removelongerthan(90d),1h)",
        "Formula Parameters": {
            "cprd": "0EFABFE6-8D02-E8D0-8C4E-1DD34B4A37A3"
        },
        "Formula Version": 31,
        "ID": "0EFABFFC-A229-F950-87B7-55E071ECFEDF",
        "Interpolation Method": "Linear",
        "Locked": false,
        "Maximum Interpolation": {
            "Unit Of Measure": "h",
            "Value": 1
        },
        "Name": "Time Elapsed in Current Run",
        "Scoped To": "0EFABFC2-FF04-FB00-B91B-B77D3908FF24",
        "Type": "CalculatedSignal",
        "UIConfig": {
            "advancedParametersCollapsed": true,
            "configVersion": 11,
            "localFormula": "",
            "tabTransitioning": false,
            "type": "formula"
        },
        "Unsearchable": false,
        "Value Unit Of Measure": "h"
    },
    "0EFABFFD-D1FE-7580-8734-4045F8081858": {
        "Archived": false,
        "Cache Enabled": true,
        "Cache ID": "0EFABFFD-D203-73A0-9406-D97C50ABFE63",
        "Data ID": "0EFABFFD-D1FE-7580-8734-4045F8081858",
        "Datasource Class": "Seeq Calculations",
        "Datasource ID": "Seeq Calculations",
        "Enabled": true,
        "Formula": "$totalProduction/$runTime",
        "Formula Parameters": {
            "runTime": "0EFABFFC-A229-F950-87B7-55E071ECFEDF",
            "totalProduction": "0EFABFED-CEDF-7580-9DA1-2BE151FF3121"
        },
        "Formula Version": 31,
        "ID": "0EFABFFD-D1FE-7580-8734-4045F8081858",
        "Interpolation Method": "Linear",
        "Locked": false,
        "Maximum Interpolation": {
            "Unit Of Measure": "h",
            "Value": 1
        },
        "Name": "Average Production Rate During Run Time",
        "Scoped To": "0EFABFC2-FF04-FB00-B91B-B77D3908FF24",
        "Type": "CalculatedSignal",
        "UIConfig": {
            "advancedParametersCollapsed": true,
            "configVersion": 11,
            "localFormula": "",
            "tabTransitioning": false,
            "type": "formula"
        },
        "Unsearchable": false,
        "Value Unit Of Measure": "klb/h"
    },
    "0EFABFFF-5D93-EE00-9741-9EE63AE06DDD": {
        "Archived": false,
        "Cache Enabled": true,
        "Cache ID": "0EFABFFF-5D9B-7330-A14D-D9FBD27BDC20",
        "Data ID": "0EFABFFF-5D93-EE00-9741-9EE63AE06DDD",
        "Datasource Class": "Seeq Calculations",
        "Datasource ID": "Seeq Calculations",
        "Enabled": true,
        "Formula": [
            "// Specify the Order Size ",
            "$Order = 50000klb ",
            "// Specify the Downtime Window ",
            "$Downtime = 12h ",
            "// Calculate the total time required ",
            "($NumofDowntime*$Downtime)+($Order/$AvgRate)"
        ],
        "Formula Parameters": {
            "AvgRate": "0EFABFFD-D1FE-7580-8734-4045F8081858",
            "NumofDowntime": "0EFABFF6-D6B3-FF50-9EB0-309BA8063791"
        },
        "Formula Version": 31,
        "ID": "0EFABFFF-5D93-EE00-9741-9EE63AE06DDD",
        "Interpolation Method": "Linear",
        "Locked": false,
        "Maximum Interpolation": {
            "Unit Of Measure": "h",
            "Value": 1
        },
        "Name": "Time to complete full order",
        "Scoped To": "0EFABFC2-FF04-FB00-B91B-B77D3908FF24",
        "Type": "CalculatedSignal",
        "UIConfig": {
            "advancedParametersCollapsed": true,
            "configVersion": 11,
            "localFormula": "",
            "tabTransitioning": false,
            "type": "formula"
        },
        "Unsearchable": false,
        "Value Unit Of Measure": "h"
    },
    "0EFAC003-1CC8-E840-98BA-055CDAC742D9": {
        "Archived": false,
        "Cache Enabled": true,
        "Cache ID": "0EFAC003-1CCD-6660-9900-2087BA20A882",
        "Data ID": "0EFAC003-1CC8-E840-98BA-055CDAC742D9",
        "Datasource Class": "Seeq Calculations",
        "Datasource ID": "Seeq Calculations",
        "Enabled": true,
        "Formula": "$series.aggregate(minValue(), $capsules.setMaximumDuration(90day), minKey(), 0s)",
        "Formula Parameters": {
            "capsules": "0EFABFE6-8D02-E8D0-8C4E-1DD34B4A37A3",
            "series": "0EFABFFF-5D93-EE00-9741-9EE63AE06DDD"
        },
        "Formula Version": 31,
        "ID": "0EFAC003-1CC8-E840-98BA-055CDAC742D9",
        "Interpolation Method": "None",
        "Locked": false,
        "Maximum Interpolation": {
            "Unit Of Measure": "s",
            "Value": 0
        },
        "Name": "Min Run Length",
        "Scoped To": "0EFABFC2-FF04-FB00-B91B-B77D3908FF24",
        "Type": "CalculatedSignal",
        "UIConfig": {
            "advancedParametersCollapsed": true,
            "configVersion": 11,
            "type": "signal-from-condition"
        },
        "Unsearchable": false,
        "Value Unit Of Measure": "h"
    },
    "0EFAC004-421F-FBB0-9CAF-D849EE0116D3": {
        "Archived": false,
        "Cache Enabled": true,
        "Cache ID": "0EFAC004-4227-60E0-8D42-53E4E6D4B439",
        "Capsule ID Property": "start",
        "Capsule Property Units": {},
        "Data ID": "0EFAC004-421F-FBB0-9CAF-D849EE0116D3",
        "Datasource Class": "Seeq Calculations",
        "Datasource ID": "Seeq Calculations",
        "Enabled": true,
        "Formula": [
            "$offset = 1472.4h",
            "$cprd.afterStart($offset)"
        ],
        "Formula Parameters": {
            "cprd": "0EFABFE6-8D02-E8D0-8C4E-1DD34B4A37A3"
        },
        "Formula Version": 31,
        "ID": "0EFAC004-421F-FBB0-9CAF-D849EE0116D3",
        "Locked": false,
        "Maximum Duration": {
            "Unit Of Measure": "h",
            "Value": 1472.4
        },
        "Name": "Complete Order Fulfillment Time - Best Case",
        "Scoped To": "0EFABFC2-FF04-FB00-B91B-B77D3908FF24",
        "Type": "CalculatedCondition",
        "UIConfig": {
            "advancedParametersCollapsed": true,
            "configVersion": 11,
            "localFormula": "",
            "tabTransitioning": false,
            "type": "formula"
        },
        "Unsearchable": false
    },
    "0EFAC007-8273-EE70-9D15-D9E0C093748F": {
        "Archived": false,
        "Cache Enabled": true,
        "Cache ID": "0EFAC007-8278-EC90-A161-420C98F13EBC",
        "Capsule ID Property": "start",
        "Capsule Property Units": {
            "Value": "h"
        },
        "Data ID": "0EFAC007-8273-EE70-9D15-D9E0C093748F",
        "Datasource Class": "Seeq Calculations",
        "Datasource ID": "Seeq Calculations",
        "Enabled": true,
        "Formula": "$mrl.toCapsules()",
        "Formula Parameters": {
            "mrl": "0EFAC003-1CC8-E840-98BA-055CDAC742D9"
        },
        "Formula Version": 31,
        "ID": "0EFAC007-8273-EE70-9D15-D9E0C093748F",
        "Locked": false,
        "Maximum Duration": {
            "Unit Of Measure": "s",
            "Value": 0
        },
        "Name": "Key of Min Run Length",
        "Scoped To": "0EFABFC2-FF04-FB00-B91B-B77D3908FF24",
        "Type": "CalculatedCondition",
        "UIConfig": {
            "advancedParametersCollapsed": true,
            "configVersion": 11,
            "localFormula": "",
            "tabTransitioning": false,
            "type": "formula"
        },
        "Unsearchable": false
    },
    "0EFAC008-DF27-77B0-A957-DB4CD9867449": {
        "Archived": false,
        "Cache Enabled": true,
        "Cache ID": "0EFAC008-DF2E-ECE0-B648-A395F8E505FB",
        "Data ID": "0EFAC008-DF27-77B0-A957-DB4CD9867449",
        "Datasource Class": "Seeq Calculations",
        "Datasource ID": "Seeq Calculations",
        "Enabled": true,
        "Formula": "$series.aggregate(average(), $capsules, middleKey(), 0s)",
        "Formula Parameters": {
            "capsules": "0EFAC007-8273-EE70-9D15-D9E0C093748F",
            "series": "0EFABFE2-C6B5-E810-B128-56E301C5FC07"
        },
        "Formula Version": 31,
        "ID": "0EFAC008-DF27-77B0-A957-DB4CD9867449",
        "Interpolation Method": "None",
        "Locked": false,
        "Maximum Interpolation": {
            "Unit Of Measure": "s",
            "Value": 0
        },
        "Name": "Production Rate Trigger for Shutdown",
        "Scoped To": "0EFABFC2-FF04-FB00-B91B-B77D3908FF24",
        "Type": "CalculatedSignal",
        "UIConfig": {
            "advancedParametersCollapsed": true,
            "configVersion": 11,
            "type": "signal-from-condition"
        },
        "Unsearchable": false,
        "Value Unit Of Measure": "klb/h"
    },
    "0EFAC00C-0D7C-FB80-8479-179F9C0C3CA1": {
        "Archived": false,
        "Cache Enabled": true,
        "Cache ID": "0EFAC00C-0D7F-6290-8A43-D19EBCADE0F0",
        "Capsule ID Property": "start",
        "Capsule Property Units": {},
        "Data ID": "0EFAC00C-0D7C-FB80-8479-179F9C0C3CA1",
        "Datasource Class": "Seeq Calculations",
        "Datasource ID": "Seeq Calculations",
        "Enabled": true,
        "Formula": [
            "periods(17093min, 17813min).move(5445min).intersect($coft)",
            "// Because minutes were used, a precise timestamp is not allowed and move had to be used to line up the periods with the start time"
        ],
        "Formula Parameters": {
            "coft": "0EFAC004-421F-FBB0-9CAF-D849EE0116D3"
        },
        "Formula Version": 31,
        "ID": "0EFAC00C-0D7C-FB80-8479-179F9C0C3CA1",
        "Locked": false,
        "Maximum Duration": {
            "Unit Of Measure": "min",
            "Value": 17153.0
        },
        "Name": "run times",
        "Scoped To": "0EFABFC2-FF04-FB00-B91B-B77D3908FF24",
        "Type": "CalculatedCondition",
        "UIConfig": {
            "advancedParametersCollapsed": true,
            "configVersion": 11,
            "localFormula": "",
            "tabTransitioning": false,
            "type": "formula"
        },
        "Unsearchable": false
    },
    "0EFAC00C-D6CE-ECE0-9127-C110B2A78560": {
        "Archived": false,
        "Cache Enabled": true,
        "Cache ID": "0EFAC00C-D6D3-FB00-9D1C-229823178024",
        "Capsule ID Property": "start",
        "Capsule Property Units": {},
        "Data ID": "0EFAC00C-D6CE-ECE0-9127-C110B2A78560",
        "Datasource Class": "Seeq Calculations",
        "Datasource ID": "Seeq Calculations",
        "Enabled": true,
        "Formula": "$coft.afterstart(17093min)",
        "Formula Parameters": {
            "coft": "0EFAC004-421F-FBB0-9CAF-D849EE0116D3"
        },
        "Formula Version": 31,
        "ID": "0EFAC00C-D6CE-ECE0-9127-C110B2A78560",
        "Locked": false,
        "Maximum Duration": {
            "Unit Of Measure": "min",
            "Value": 17093
        },
        "Name": "afterstart",
        "Scoped To": "0EFABFC2-FF04-FB00-B91B-B77D3908FF24",
        "Type": "CalculatedCondition",
        "UIConfig": {
            "advancedParametersCollapsed": true,
            "configVersion": 11,
            "localFormula": "",
            "tabTransitioning": false,
            "type": "formula"
        },
        "Unsearchable": false
    },
    "0EFAC00E-26D3-7500-8F06-C2595EB2ACDB": {
        "Archived": false,
        "Cache Enabled": true,
        "Cache ID": "0EFAC00E-26DA-EA30-870A-CACD740A9525",
        "Data ID": "0EFAC00E-26D3-7500-8F06-C2595EB2ACDB",
        "Datasource Class": "Seeq Calculations",
        "Datasource ID": "Seeq Calculations",
        "Enabled": true,
        "Formula": [
            "$trainingRange = $inputCondition.toGroup(capsule(\"2020-01-01T01:00:00.000Z\", \"2020-01-12T21:53:00.000Z\"), CapsuleBoundary.EnclosedBy)",
            "referenceTable(1min)",
            "  .addRows($inputSignal, $trainingRange)",
            "  .repeatOver($repeatOverCondition.fragment(), ReferenceTableStat.Average)"
        ],
        "Formula Parameters": {
            "inputCondition": "0EFAC00C-D6CE-ECE0-9127-C110B2A78560",
            "inputSignal": "0EFABFE2-C6B5-E810-B128-56E301C5FC07",
            "repeatOverCondition": "0EFAC00C-0D7C-FB80-8479-179F9C0C3CA1"
        },
        "Formula Version": 31,
        "ID": "0EFAC00E-26D3-7500-8F06-C2595EB2ACDB",
        "Interpolation Method": "Linear",
        "Locked": false,
        "Maximum Interpolation": {
            "Unit Of Measure": "min",
            "Value": 1
        },
        "Name": "Production Rate Reference Profile",
        "Scoped To": "0EFABFC2-FF04-FB00-B91B-B77D3908FF24",
        "Type": "CalculatedSignal",
        "UIConfig": {
            "configVersion": 11,
            "griddingPeriod": {
                "units": "min",
                "value": 1
            },
            "multiplier": 1,
            "referenceStat": "Average",
            "type": "reference",
            "windowEnd": 1578865980000,
            "windowStart": 1577840400000
        },
        "Unsearchable": false,
        "Value Unit Of Measure": "klb/h"
    },
    "0EFAC00F-F855-73C0-97A7-A2CC561F6437": {
        "Archived": false,
        "Cache Enabled": true,
        "Cache ID": "0EFAC00F-F85C-E8F0-9E26-565B1CA9FC01",
        "Capsule ID Property": "start",
        "Capsule Property Units": {},
        "Data ID": "0EFAC00F-F855-73C0-97A7-A2CC561F6437",
        "Datasource Class": "Seeq Calculations",
        "Datasource ID": "Seeq Calculations",
        "Enabled": true,
        "Formula": "$rt.afterEnd(12h).intersect($coft)",
        "Formula Parameters": {
            "coft": "0EFAC004-421F-FBB0-9CAF-D849EE0116D3",
            "rt": "0EFAC00C-0D7C-FB80-8479-179F9C0C3CA1"
        },
        "Formula Version": 31,
        "ID": "0EFAC00F-F855-73C0-97A7-A2CC561F6437",
        "Locked": false,
        "Maximum Duration": {
            "Unit Of Measure": "h",
            "Value": 12
        },
        "Name": "down times",
        "Scoped To": "0EFABFC2-FF04-FB00-B91B-B77D3908FF24",
        "Type": "CalculatedCondition",
        "UIConfig": {
            "advancedParametersCollapsed": true,
            "configVersion": 11,
            "localFormula": "",
            "tabTransitioning": false,
            "type": "formula"
        },
        "Unsearchable": false
    },
    "0EFAC010-D4D9-FDF0-B19D-CCD05925AF7B": {
        "Archived": false,
        "Cache Enabled": true,
        "Cache ID": "0EFAC010-D4DE-EC10-A6B1-AA67A5CD32E7",
        "Data ID": "0EFAC010-D4D9-FDF0-B19D-CCD05925AF7B",
        "Datasource Class": "Seeq Calculations",
        "Datasource ID": "Seeq Calculations",
        "Enabled": true,
        "Formula": [
            "$ProdRate.splice(0.tosignal(),$downtime).validvalues()",
            ".within($coft)"
        ],
        "Formula Parameters": {
            "ProdRate": "0EFAC00E-26D3-7500-8F06-C2595EB2ACDB",
            "coft": "0EFAC004-421F-FBB0-9CAF-D849EE0116D3",
            "downtime": "0EFAC00F-F855-73C0-97A7-A2CC561F6437",
            "pr": "0EFABFE2-C6B5-E810-B128-56E301C5FC07"
        },
        "Formula Version": 31,
        "ID": "0EFAC010-D4D9-FDF0-B19D-CCD05925AF7B",
        "Interpolation Method": "Linear",
        "Locked": false,
        "Maximum Interpolation": {
            "Unit Of Measure": "d",
            "Value": 1
        },
        "Name": "Alternative Case Production Rate",
        "Scoped To": "0EFABFC2-FF04-FB00-B91B-B77D3908FF24",
        "Type": "CalculatedSignal",
        "UIConfig": {
            "advancedParametersCollapsed": true,
            "configVersion": 11,
            "localFormula": "",
            "tabTransitioning": false,
            "type": "formula"
        },
        "Unsearchable": false,
        "Value Unit Of Measure": "klb/h"
    },
    "0EFAC017-B4FD-F930-8CA6-896465193A66": {
        "Archived": false,
        "Cache Enabled": true,
        "Cache ID": "0EFAC017-B502-7750-A862-E8C545D2AA5E",
        "Data ID": "0EFAC017-B4FD-F930-8CA6-896465193A66",
        "Datasource Class": "Seeq Calculations",
        "Datasource ID": "Seeq Calculations",
        "Enabled": true,
        "Formula": "$acpr.integral($cr)",
        "Formula Parameters": {
            "acpr": "0EFAC010-D4D9-FDF0-B19D-CCD05925AF7B",
            "cr": "0EFABFE5-47F5-EA90-9A33-B83D39C569CC"
        },
        "Formula Version": 31,
        "ID": "0EFAC017-B4FD-F930-8CA6-896465193A66",
        "Interpolation Method": "Linear",
        "Locked": false,
        "Maximum Interpolation": {
            "Unit Of Measure": "d",
            "Value": 1
        },
        "Name": "Production Totalizer - Alternative Case",
        "Scoped To": "0EFABFC2-FF04-FB00-B91B-B77D3908FF24",
        "Type": "CalculatedSignal",
        "UIConfig": {
            "advancedParametersCollapsed": true,
            "configVersion": 11,
            "localFormula": "",
            "tabTransitioning": false,
            "type": "formula"
        },
        "Unsearchable": false,
        "Value Unit Of Measure": "klb"
    },
    "0EFAC018-969C-75D0-9B5E-40E1FCD04429": {
        "Archived": false,
        "Cache Enabled": true,
        "Cache ID": "0EFAC018-969C-75D0-9D24-5A7A875509CB",
        "Data ID": "0EFAC018-969C-75D0-9B5E-40E1FCD04429",
        "Datasource Class": "Seeq Calculations",
        "Datasource ID": "Seeq Calculations",
        "Enabled": true,
        "Formula": "50000 klb",
        "Formula Parameters": {},
        "Formula Version": 31,
        "ID": "0EFAC018-969C-75D0-9B5E-40E1FCD04429",
        "Locked": false,
        "Name": "Production Target",
        "Scoped To": "0EFABFC2-FF04-FB00-B91B-B77D3908FF24",
        "Type": "CalculatedScalar",
        "UIConfig": {
            "advancedParametersCollapsed": true,
            "configVersion": 11,
            "localFormula": "",
            "tabTransitioning": false,
            "type": "formula"
        },
        "Unit Of Measure": "klb",
        "Unsearchable": false
    },
    "0EFAC01A-8BDC-EAD0-B00E-303E56B88497": {
        "Archived": false,
        "Cache Enabled": true,
        "Cache ID": "0EFAC01A-8BE1-E8F0-B061-25B25100D00F",
        "Capsule ID Property": "start",
        "Capsule Property Units": {},
        "Data ID": "0EFAC01A-8BDC-EAD0-B00E-303E56B88497",
        "Datasource Class": "Seeq Calculations",
        "Datasource ID": "Seeq Calculations",
        "Enabled": true,
        "Formula": "$a.afterEnd(0ns).join($b.beforeStart(0ns), 90day, false)",
        "Formula Parameters": {
            "a": "0EFAC004-421F-FBB0-9CAF-D849EE0116D3",
            "b": "0EFABFF2-02BD-FB50-A329-D4EDA84E178F"
        },
        "Formula Version": 31,
        "ID": "0EFAC01A-8BDC-EAD0-B00E-303E56B88497",
        "Locked": false,
        "Maximum Duration": {
            "Unit Of Measure": "d",
            "Value": 90
        },
        "Name": "Potential Time Savings with optimized maintenance strategy",
        "Scoped To": "0EFABFC2-FF04-FB00-B91B-B77D3908FF24",
        "Type": "CalculatedCondition",
        "UIConfig": {
            "advancedParametersCollapsed": true,
            "configVersion": 11,
            "type": "composite-search"
        },
        "Unsearchable": false
    },
    "905A3390-CCA6-489B-89A3-492EC9F7FF26": {
        "Access Control": [
            {
                "ID": "726694d8-3949-4a40-aa59-e01b172690cd",
                "Identity": {
                    "Datasource Class": "OAuth 2.0",
                    "Datasource ID": "9ecc7e74-4c32-436d-9af0-70d8aa99386b",
                    "Datasource Name": "Seeq Azure SSO",
                    "Email": "Joseph.Reckamp@seeq.com",
                    "First Name": "Joe",
                    "ID": "C9FD5B90-17F3-4CA7-8C37-CD9B7D9B85D2",
                    "Is Admin": true,
                    "Last Name": "Reckamp",
                    "Name": "Joe Reckamp",
                    "Type": "User",
                    "Username": "DEg3Lh5pLS4-lG84EjGXXXdzxhd1450vkLgiu8he2l8"
                },
                "Origin": null,
                "Permissions": {
                    "Manage": true,
                    "Read": true,
                    "Write": true
                },
                "Redacted": false,
                "Role": "OWNER"
            }
        ],
        "Ancestors": [
            "__Users__"
        ],
        "Archived": false,
        "Cache Enabled": false,
        "Created At": "1605736826077625600",
        "Enabled": true,
        "ID": "905A3390-CCA6-489B-89A3-492EC9F7FF26",
        "Locked": false,
        "Name": "Joseph Reckamp",
        "Owner": {
            "Datasource Class": "OAuth 2.0",
            "Datasource ID": "9ecc7e74-4c32-436d-9af0-70d8aa99386b",
            "Datasource Name": "Seeq Azure SSO",
            "Email": "Joseph.Reckamp@seeq.com",
            "First Name": "Joe",
            "ID": "C9FD5B90-17F3-4CA7-8C37-CD9B7D9B85D2",
            "Is Admin": true,
            "Last Name": "Reckamp",
            "Name": "Joe Reckamp",
            "Type": "User",
            "Username": "DEg3Lh5pLS4-lG84EjGXXXdzxhd1450vkLgiu8he2l8"
        },
        "Permission Inheritance Disabled": true,
        "Type": "Folder",
        "Unmodifiable": true,
        "Unsearchable": true,
        "Updated At": "1605736826077625600"
    }
}