{
    "Definition": {
        "Archived": false,
        "Cache Enabled": false,
        "Created At": "1732628511791739801",
        "Description": "&nbsp; By periodically shutting down to ensure all equipment is operating as best possible, the production unit was able to fulfill the order 10.5 days sooner (an 11% improvement on their typical fulfillment time) . In a high demand environment, this operational change has the ability to increase sales volumes",
        "Document": "<h2><strong>Run Length Optimization</strong></h2><figure class=\"table\"><table class=\"ck-table-resized\"><colgroup><col style=\"width:42.45%;\" /><col style=\"width:57.55%;\" /></colgroup><tbody><tr><td><img class=\"image_resized\" style=\"width:100%;\" src=\"/api/annotations/0EFABFC3-1379-E810-B808-3CB3A72066C5/images/image_v1.png\"></td><td><h4>\u00a0<span style=\"color:hsl(0,0%,0%);\"><i>By periodically shutting down to ensure all equipment is operating as best possible, the <strong>production unit was able to fulfill the order 10.5 days sooner (an 11% improvement on their typical fulfillment time)</strong>. In a high demand environment, this operational change has the <strong>ability to increase sales volumes and revenues by an equal percentage.</strong></i></span></h4></td></tr></tbody></table></figure><h4 style=\"text-align:right;\">\u00a0</h4><h4><strong>Problem Statement</strong></h4><p>Many manufacturing units hit process throughput constraints over the course of a run. These constraints are often reversible, but at the cost of shutting down to clean/maintain equipment. \u00a0</p><p>Assuming every production time period has associated downtime, predicting the right time to shutdown and clean equipment enables a unit to meet their production goals sooner. Meeting targets sooner translates into more production (&amp; $$) over time.\u00a0</p><p><a href=\"/links?type&#61;workstep&amp;workbook&#61;0EFABFC2-FF04-FB00-B91B-B77D3908FF24&amp;worksheet&#61;0EFABFC3-0323-6600-B0BC-B40589A17692&amp;workstep&#61;0EFAC01C-82AA-FF00-933A-06D19F0E266C\" rel=\"nofollow noopener noreferrer\">Optimizing run length to meet production target sooner</a></p><p><strong>Solution:</strong></p><p><a href=\"/links?type&#61;workstep&amp;workbook&#61;0EFABFC2-FF04-FB00-B91B-B77D3908FF24&amp;worksheet&#61;0EFABFC3-0323-6600-B0BC-B40589A17692&amp;workstep&#61;0EFABFF3-D719-F9C0-B3A8-8146AF559EB1\" rel=\"nofollow noopener noreferrer\">Predict future production rate and identify when the production target of 50,000 klb is met</a> <strong>if no downtime is scheduled during the run.</strong></p><p><a href=\"/links?type&#61;workstep&amp;workbook&#61;0EFABFC2-FF04-FB00-B91B-B77D3908FF24&amp;worksheet&#61;0EFABFC3-0323-6600-B0BC-B40589A17692&amp;workstep&#61;0EFABFFB-9D15-EA50-AAE8-ADEDA49BAC59\" rel=\"nofollow noopener noreferrer\">Calculate the number of downtimes</a> that would be required to fulfill the order quantity at any point in the production cycle.\u00a0</p><p><a href=\"/links?type&#61;workstep&amp;workbook&#61;0EFABFC2-FF04-FB00-B91B-B77D3908FF24&amp;worksheet&#61;0EFABFC3-0323-6600-B0BC-B40589A17692&amp;workstep&#61;0EFAC001-3870-FD10-B5B0-3B302006F9DC\" rel=\"nofollow noopener noreferrer\">Calculate the Average Production Rate</a> at each point during the current run time and the total run time (including downtimes) required to produce the given order quantity based on the number of required downtimes.</p><p><a href=\"/links?type&#61;workstep&amp;workbook&#61;0EFABFC2-FF04-FB00-B91B-B77D3908FF24&amp;worksheet&#61;0EFABFC3-0323-6600-B0BC-B40589A17692&amp;workstep&#61;0EFAC006-18F3-FF50-890A-59F4222DA822\" rel=\"nofollow noopener noreferrer\">Find the minimum run length required to show the full order fulfillment time</a>.\u00a0</p><p><a href=\"/links?type&#61;workstep&amp;workbook&#61;0EFABFC2-FF04-FB00-B91B-B77D3908FF24&amp;worksheet&#61;0EFABFC3-0323-6600-B0BC-B40589A17692&amp;workstep&#61;0EFAC00A-8C31-7770-B1FA-1E7436BEDBEA\" rel=\"nofollow noopener noreferrer\">Find the production rate at the point of minimum run length</a> to trigger proactive downtime.</p><p style=\"margin-left:0px;\"><a href=\"/links?type&#61;workstep&amp;workbook&#61;0EFABFC2-FF04-FB00-B91B-B77D3908FF24&amp;worksheet&#61;0EFABFC3-0323-6600-B0BC-B40589A17692&amp;workstep&#61;0EFAC013-87B3-EC80-86F6-A547F8ED91D8\" rel=\"nofollow noopener noreferrer\">Build a Reference Profile for the ideal production cycles</a> to monitor current operations against.</p><p style=\"margin-left:0px;\"><a href=\"/links?type&#61;workstep&amp;workbook&#61;0EFABFC2-FF04-FB00-B91B-B77D3908FF24&amp;worksheet&#61;0EFABFC3-0323-6600-B0BC-B40589A17692&amp;workstep&#61;0EFAC01C-82AA-FF00-933A-06D19F0E266C\" rel=\"nofollow noopener noreferrer\">Quantify the potential time savings</a> and monitor results.</p>",
        "DocumentBackup\u02c9DEg3Lh5pLS4-lG84EjGXXXdzxhd1450vkLgiu8he2l8\u02c92024-11-26T13:41:00Z": "",
        "DocumentBackup\u02c9DEg3Lh5pLS4-lG84EjGXXXdzxhd1450vkLgiu8he2l8\u02c92024-11-26T14:03:00Z": "<h2><strong>Run Length Optimization</strong></h2><figure class=\"table\"><table class=\"ck-table-resized\"><colgroup><col style=\"width:42.45%;\" /><col style=\"width:57.55%;\" /></colgroup><tbody><tr><td><img class=\"image_resized\" style=\"width:100%;\" src=\"/api/annotations/0EFABFC3-1379-E810-B808-3CB3A72066C5/images/image_v1.png\"></td><td><h4>\u00a0<span style=\"color:hsl(0,0%,0%);\"><i>By periodically shutting down to ensure all equipment is operating as best possible, the <strong>production unit was able to fulfill the order 10.5 days sooner (an 11% improvement on their typical fulfillment time)</strong>. In a high demand environment, this operational change has the <strong>ability to increase sales volumes and revenues by an equal percentage.</strong></i></span></h4></td></tr></tbody></table></figure><h4 style=\"text-align:right;\">\u00a0</h4><h4><strong>Problem Statement</strong></h4><p>Many manufacturing units hit process throughput constraints over the course of a run. These constraints are often reversible, but at the cost of shutting down to clean/maintain equipment. \u00a0</p><p>Assuming every production time period has associated downtime, predicting the right time to shutdown and clean equipment enables a unit to meet their production goals sooner. Meeting targets sooner translates into more production (&amp; $$) over time.\u00a0</p><p><a href=\"/links?type&#61;workstep&amp;workbook&#61;0EEA6545-8408-60B0-BC26-38EF1B63A68B&amp;worksheet&#61;0EEA6545-87A7-EC70-9BA7-A6438BC7D407&amp;workstep&#61;0EEBAE7F-C5B7-FD10-9A06-F6162FB8E1A1\" rel=\"nofollow noopener noreferrer\">Optimizing run length to meet production target sooner</a></p><p><strong>Solution:</strong></p><p><a href=\"/links?type&#61;workstep&amp;workbook&#61;0EEA6545-8408-60B0-BC26-38EF1B63A68B&amp;worksheet&#61;0EEA6545-87A7-EC70-9BA7-A6438BC7D407&amp;workstep&#61;0EEA65AC-9052-E890-9502-24D1F5E31CD6\" rel=\"nofollow noopener noreferrer\">Predict future production rate and identify when the production target of 50,000 klb is met</a> <strong>if no downtime is scheduled during the run.</strong></p><p><a href=\"/links?type&#61;workstep&amp;workbook&#61;0EEA6545-8408-60B0-BC26-38EF1B63A68B&amp;worksheet&#61;0EEA6545-87A7-EC70-9BA7-A6438BC7D407&amp;workstep&#61;0EEA65B5-76B5-6230-AE91-173E5F898172\" rel=\"nofollow noopener noreferrer\">Calculate the number of downtimes</a> that would be required to fulfill the order quantity at any point in the production cycle.\u00a0</p><p><a href=\"/links?type&#61;workstep&amp;workbook&#61;0EEA6545-8408-60B0-BC26-38EF1B63A68B&amp;worksheet&#61;0EEA6545-87A7-EC70-9BA7-A6438BC7D407&amp;workstep&#61;0EEA65BE-21EA-FD00-B360-D3EF7C3DE8E9\" rel=\"nofollow noopener noreferrer\">Calculate the Average Production Rate</a> at each point during the current run time and the total run time (including downtimes) required to produce the given order quantity based on the number of required downtimes.</p><p><a href=\"/links?type&#61;workstep&amp;workbook&#61;0EEA6545-8408-60B0-BC26-38EF1B63A68B&amp;worksheet&#61;0EEA6545-87A7-EC70-9BA7-A6438BC7D407&amp;workstep&#61;0EEA65F6-640C-F9D0-9BBD-A472A0623663\" rel=\"nofollow noopener noreferrer\">Find the minimum run length required to show the full order fulfillment time</a>.\u00a0</p><p><a href=\"/links?type&#61;workstep&amp;workbook&#61;0EEA6545-8408-60B0-BC26-38EF1B63A68B&amp;worksheet&#61;0EEA6545-87A7-EC70-9BA7-A6438BC7D407&amp;workstep&#61;0EEA6672-B9A9-FF60-B0AD-CC7346B53FDC\" rel=\"nofollow noopener noreferrer\">Find the production rate at the point of minimum run length</a> to trigger proactive downtime.</p><p style=\"margin-left:0px;\"><a href=\"/links?type&#61;workstep&amp;workbook&#61;0EEA6545-8408-60B0-BC26-38EF1B63A68B&amp;worksheet&#61;0EEA6545-87A7-EC70-9BA7-A6438BC7D407&amp;workstep&#61;0EEA667C-75C9-75C0-A2C2-B4DEE17D26B8\" rel=\"nofollow noopener noreferrer\">Build a Reference Profile for the ideal production cycles</a> to monitor current operations against.</p><p style=\"margin-left:0px;\"><a href=\"/links?type&#61;workstep&amp;workbook&#61;0EEA6545-8408-60B0-BC26-38EF1B63A68B&amp;worksheet&#61;0EEA66D6-0A5F-E8C0-B509-AA512B4D7771&amp;workstep&#61;0EEA671E-44F6-FDB0-BCE8-1F8801256683\" rel=\"nofollow noopener noreferrer\">Quantify the potential time savings and monitor results</a>.</p>",
        "DocumentBackup\u02c9DEg3Lh5pLS4-lG84EjGXXXdzxhd1450vkLgiu8he2l8\u02c92024-11-26T14:07:00Z": "<h2><strong>Run Length Optimization</strong></h2><figure class=\"table\"><table class=\"ck-table-resized\"><colgroup><col style=\"width:42.45%;\" /><col style=\"width:57.55%;\" /></colgroup><tbody><tr><td><img class=\"image_resized\" style=\"width:100%;\" src=\"/api/annotations/0EFABFC3-1379-E810-B808-3CB3A72066C5/images/image_v1.png\"></td><td><h4>\u00a0<span style=\"color:hsl(0,0%,0%);\"><i>By periodically shutting down to ensure all equipment is operating as best possible, the <strong>production unit was able to fulfill the order 10.5 days sooner (an 11% improvement on their typical fulfillment time)</strong>. In a high demand environment, this operational change has the <strong>ability to increase sales volumes and revenues by an equal percentage.</strong></i></span></h4></td></tr></tbody></table></figure><h4 style=\"text-align:right;\">\u00a0</h4><h4><strong>Problem Statement</strong></h4><p>Many manufacturing units hit process throughput constraints over the course of a run. These constraints are often reversible, but at the cost of shutting down to clean/maintain equipment. \u00a0</p><p>Assuming every production time period has associated downtime, predicting the right time to shutdown and clean equipment enables a unit to meet their production goals sooner. Meeting targets sooner translates into more production (&amp; $$) over time.\u00a0</p><p>Optimizing run length to meet production target sooner</p><p><strong>Solution:</strong></p><p><a href=\"/links?type&#61;workstep&amp;workbook&#61;0EFABFC2-FF04-FB00-B91B-B77D3908FF24&amp;worksheet&#61;0EFABFC3-0323-6600-B0BC-B40589A17692&amp;workstep&#61;0EFABFF3-D719-F9C0-B3A8-8146AF559EB1\" rel=\"nofollow noopener noreferrer\">Predict future production rate and identify when the production target of 50,000 klb is met</a> <strong>if no downtime is scheduled during the run.</strong></p><p><a href=\"/links?type&#61;workstep&amp;workbook&#61;0EFABFC2-FF04-FB00-B91B-B77D3908FF24&amp;worksheet&#61;0EFABFC3-0323-6600-B0BC-B40589A17692&amp;workstep&#61;0EFABFFB-9D15-EA50-AAE8-ADEDA49BAC59\" rel=\"nofollow noopener noreferrer\">Calculate the number of downtimes</a> that would be required to fulfill the order quantity at any point in the production cycle.\u00a0</p><p>Calculate the Average Production Rate at each point during the current run time and the total run time (including downtimes) required to produce the given order quantity based on the number of required downtimes.</p><p>Find the minimum run length required to show the full order fulfillment time.\u00a0</p><p>Find the production rate at the point of minimum run length to trigger proactive downtime.</p><p style=\"margin-left:0px;\">Build a Reference Profile for the ideal production cycles to monitor current operations against.</p><p style=\"margin-left:0px;\">Quantify the potential time savings and monitor results.</p>",
        "DocumentBackup\u02c9DEg3Lh5pLS4-lG84EjGXXXdzxhd1450vkLgiu8he2l8\u02c92024-11-26T14:09:00Z": "<h2><strong>Run Length Optimization</strong></h2><figure class=\"table\"><table class=\"ck-table-resized\"><colgroup><col style=\"width:42.45%;\" /><col style=\"width:57.55%;\" /></colgroup><tbody><tr><td><img class=\"image_resized\" style=\"width:100%;\" src=\"/api/annotations/0EFABFC3-1379-E810-B808-3CB3A72066C5/images/image_v1.png\"></td><td><h4>\u00a0<span style=\"color:hsl(0,0%,0%);\"><i>By periodically shutting down to ensure all equipment is operating as best possible, the <strong>production unit was able to fulfill the order 10.5 days sooner (an 11% improvement on their typical fulfillment time)</strong>. In a high demand environment, this operational change has the <strong>ability to increase sales volumes and revenues by an equal percentage.</strong></i></span></h4></td></tr></tbody></table></figure><h4 style=\"text-align:right;\">\u00a0</h4><h4><strong>Problem Statement</strong></h4><p>Many manufacturing units hit process throughput constraints over the course of a run. These constraints are often reversible, but at the cost of shutting down to clean/maintain equipment. \u00a0</p><p>Assuming every production time period has associated downtime, predicting the right time to shutdown and clean equipment enables a unit to meet their production goals sooner. Meeting targets sooner translates into more production (&amp; $$) over time.\u00a0</p><p>Optimizing run length to meet production target sooner</p><p><strong>Solution:</strong></p><p><a href=\"/links?type&#61;workstep&amp;workbook&#61;0EFABFC2-FF04-FB00-B91B-B77D3908FF24&amp;worksheet&#61;0EFABFC3-0323-6600-B0BC-B40589A17692&amp;workstep&#61;0EFABFF3-D719-F9C0-B3A8-8146AF559EB1\" rel=\"nofollow noopener noreferrer\">Predict future production rate and identify when the production target of 50,000 klb is met</a> <strong>if no downtime is scheduled during the run.</strong></p><p><a href=\"/links?type&#61;workstep&amp;workbook&#61;0EFABFC2-FF04-FB00-B91B-B77D3908FF24&amp;worksheet&#61;0EFABFC3-0323-6600-B0BC-B40589A17692&amp;workstep&#61;0EFABFFB-9D15-EA50-AAE8-ADEDA49BAC59\" rel=\"nofollow noopener noreferrer\">Calculate the number of downtimes</a> that would be required to fulfill the order quantity at any point in the production cycle.\u00a0</p><p><a href=\"/links?type&#61;workstep&amp;workbook&#61;0EFABFC2-FF04-FB00-B91B-B77D3908FF24&amp;worksheet&#61;0EFABFC3-0323-6600-B0BC-B40589A17692&amp;workstep&#61;0EFAC001-3870-FD10-B5B0-3B302006F9DC\" rel=\"nofollow noopener noreferrer\">Calculate the Average Production Rate</a> at each point during the current run time and the total run time (including downtimes) required to produce the given order quantity based on the number of required downtimes.</p><p>Find the minimum run length required to show the full order fulfillment time.\u00a0</p><p>Find the production rate at the point of minimum run length to trigger proactive downtime.</p><p style=\"margin-left:0px;\">Build a Reference Profile for the ideal production cycles to monitor current operations against.</p><p style=\"margin-left:0px;\">Quantify the potential time savings and monitor results.</p>",
        "DocumentBackup\u02c9DEg3Lh5pLS4-lG84EjGXXXdzxhd1450vkLgiu8he2l8\u02c92024-11-26T14:12:00Z": "<h2><strong>Run Length Optimization</strong></h2><figure class=\"table\"><table class=\"ck-table-resized\"><colgroup><col style=\"width:42.45%;\" /><col style=\"width:57.55%;\" /></colgroup><tbody><tr><td><img class=\"image_resized\" style=\"width:100%;\" src=\"/api/annotations/0EFABFC3-1379-E810-B808-3CB3A72066C5/images/image_v1.png\"></td><td><h4>\u00a0<span style=\"color:hsl(0,0%,0%);\"><i>By periodically shutting down to ensure all equipment is operating as best possible, the <strong>production unit was able to fulfill the order 10.5 days sooner (an 11% improvement on their typical fulfillment time)</strong>. In a high demand environment, this operational change has the <strong>ability to increase sales volumes and revenues by an equal percentage.</strong></i></span></h4></td></tr></tbody></table></figure><h4 style=\"text-align:right;\">\u00a0</h4><h4><strong>Problem Statement</strong></h4><p>Many manufacturing units hit process throughput constraints over the course of a run. These constraints are often reversible, but at the cost of shutting down to clean/maintain equipment. \u00a0</p><p>Assuming every production time period has associated downtime, predicting the right time to shutdown and clean equipment enables a unit to meet their production goals sooner. Meeting targets sooner translates into more production (&amp; $$) over time.\u00a0</p><p>Optimizing run length to meet production target sooner</p><p><strong>Solution:</strong></p><p><a href=\"/links?type&#61;workstep&amp;workbook&#61;0EFABFC2-FF04-FB00-B91B-B77D3908FF24&amp;worksheet&#61;0EFABFC3-0323-6600-B0BC-B40589A17692&amp;workstep&#61;0EFABFF3-D719-F9C0-B3A8-8146AF559EB1\" rel=\"nofollow noopener noreferrer\">Predict future production rate and identify when the production target of 50,000 klb is met</a> <strong>if no downtime is scheduled during the run.</strong></p><p><a href=\"/links?type&#61;workstep&amp;workbook&#61;0EFABFC2-FF04-FB00-B91B-B77D3908FF24&amp;worksheet&#61;0EFABFC3-0323-6600-B0BC-B40589A17692&amp;workstep&#61;0EFABFFB-9D15-EA50-AAE8-ADEDA49BAC59\" rel=\"nofollow noopener noreferrer\">Calculate the number of downtimes</a> that would be required to fulfill the order quantity at any point in the production cycle.\u00a0</p><p><a href=\"/links?type&#61;workstep&amp;workbook&#61;0EFABFC2-FF04-FB00-B91B-B77D3908FF24&amp;worksheet&#61;0EFABFC3-0323-6600-B0BC-B40589A17692&amp;workstep&#61;0EFAC001-3870-FD10-B5B0-3B302006F9DC\" rel=\"nofollow noopener noreferrer\">Calculate the Average Production Rate</a> at each point during the current run time and the total run time (including downtimes) required to produce the given order quantity based on the number of required downtimes.</p><p><a href=\"/links?type&#61;workstep&amp;workbook&#61;0EFABFC2-FF04-FB00-B91B-B77D3908FF24&amp;worksheet&#61;0EFABFC3-0323-6600-B0BC-B40589A17692&amp;workstep&#61;0EFAC006-18F3-FF50-890A-59F4222DA822\" rel=\"nofollow noopener noreferrer\">Find the minimum run length required to show the full order fulfillment time</a>.\u00a0</p><p>Find the production rate at the point of minimum run length to trigger proactive downtime.</p><p style=\"margin-left:0px;\">Build a Reference Profile for the ideal production cycles to monitor current operations against.</p><p style=\"margin-left:0px;\">Quantify the potential time savings and monitor results.</p>",
        "DocumentBackup\u02c9DEg3Lh5pLS4-lG84EjGXXXdzxhd1450vkLgiu8he2l8\u02c92024-11-26T14:13:00Z": "<h2><strong>Run Length Optimization</strong></h2><figure class=\"table\"><table class=\"ck-table-resized\"><colgroup><col style=\"width:42.45%;\" /><col style=\"width:57.55%;\" /></colgroup><tbody><tr><td><img class=\"image_resized\" style=\"width:100%;\" src=\"/api/annotations/0EFABFC3-1379-E810-B808-3CB3A72066C5/images/image_v1.png\"></td><td><h4>\u00a0<span style=\"color:hsl(0,0%,0%);\"><i>By periodically shutting down to ensure all equipment is operating as best possible, the <strong>production unit was able to fulfill the order 10.5 days sooner (an 11% improvement on their typical fulfillment time)</strong>. In a high demand environment, this operational change has the <strong>ability to increase sales volumes and revenues by an equal percentage.</strong></i></span></h4></td></tr></tbody></table></figure><h4 style=\"text-align:right;\">\u00a0</h4><h4><strong>Problem Statement</strong></h4><p>Many manufacturing units hit process throughput constraints over the course of a run. These constraints are often reversible, but at the cost of shutting down to clean/maintain equipment. \u00a0</p><p>Assuming every production time period has associated downtime, predicting the right time to shutdown and clean equipment enables a unit to meet their production goals sooner. Meeting targets sooner translates into more production (&amp; $$) over time.\u00a0</p><p>Optimizing run length to meet production target sooner</p><p><strong>Solution:</strong></p><p><a href=\"/links?type&#61;workstep&amp;workbook&#61;0EFABFC2-FF04-FB00-B91B-B77D3908FF24&amp;worksheet&#61;0EFABFC3-0323-6600-B0BC-B40589A17692&amp;workstep&#61;0EFABFF3-D719-F9C0-B3A8-8146AF559EB1\" rel=\"nofollow noopener noreferrer\">Predict future production rate and identify when the production target of 50,000 klb is met</a> <strong>if no downtime is scheduled during the run.</strong></p><p><a href=\"/links?type&#61;workstep&amp;workbook&#61;0EFABFC2-FF04-FB00-B91B-B77D3908FF24&amp;worksheet&#61;0EFABFC3-0323-6600-B0BC-B40589A17692&amp;workstep&#61;0EFABFFB-9D15-EA50-AAE8-ADEDA49BAC59\" rel=\"nofollow noopener noreferrer\">Calculate the number of downtimes</a> that would be required to fulfill the order quantity at any point in the production cycle.\u00a0</p><p><a href=\"/links?type&#61;workstep&amp;workbook&#61;0EFABFC2-FF04-FB00-B91B-B77D3908FF24&amp;worksheet&#61;0EFABFC3-0323-6600-B0BC-B40589A17692&amp;workstep&#61;0EFAC001-3870-FD10-B5B0-3B302006F9DC\" rel=\"nofollow noopener noreferrer\">Calculate the Average Production Rate</a> at each point during the current run time and the total run time (including downtimes) required to produce the given order quantity based on the number of required downtimes.</p><p><a href=\"/links?type&#61;workstep&amp;workbook&#61;0EFABFC2-FF04-FB00-B91B-B77D3908FF24&amp;worksheet&#61;0EFABFC3-0323-6600-B0BC-B40589A17692&amp;workstep&#61;0EFAC006-18F3-FF50-890A-59F4222DA822\" rel=\"nofollow noopener noreferrer\">Find the minimum run length required to show the full order fulfillment time</a>.\u00a0</p><p><a href=\"/links?type&#61;workstep&amp;workbook&#61;0EFABFC2-FF04-FB00-B91B-B77D3908FF24&amp;worksheet&#61;0EFABFC3-0323-6600-B0BC-B40589A17692&amp;workstep&#61;0EFAC00A-8C31-7770-B1FA-1E7436BEDBEA\" rel=\"nofollow noopener noreferrer\">Find the production rate at the point of minimum run length</a> to trigger proactive downtime.</p><p style=\"margin-left:0px;\">Build a Reference Profile for the ideal production cycles to monitor current operations against.</p><p style=\"margin-left:0px;\">Quantify the potential time savings and monitor results.</p>",
        "DocumentBackup\u02c9DEg3Lh5pLS4-lG84EjGXXXdzxhd1450vkLgiu8he2l8\u02c92024-11-26T14:18:00Z": "<h2><strong>Run Length Optimization</strong></h2><figure class=\"table\"><table class=\"ck-table-resized\"><colgroup><col style=\"width:42.45%;\" /><col style=\"width:57.55%;\" /></colgroup><tbody><tr><td><img class=\"image_resized\" style=\"width:100%;\" src=\"/api/annotations/0EFABFC3-1379-E810-B808-3CB3A72066C5/images/image_v1.png\"></td><td><h4>\u00a0<span style=\"color:hsl(0,0%,0%);\"><i>By periodically shutting down to ensure all equipment is operating as best possible, the <strong>production unit was able to fulfill the order 10.5 days sooner (an 11% improvement on their typical fulfillment time)</strong>. In a high demand environment, this operational change has the <strong>ability to increase sales volumes and revenues by an equal percentage.</strong></i></span></h4></td></tr></tbody></table></figure><h4 style=\"text-align:right;\">\u00a0</h4><h4><strong>Problem Statement</strong></h4><p>Many manufacturing units hit process throughput constraints over the course of a run. These constraints are often reversible, but at the cost of shutting down to clean/maintain equipment. \u00a0</p><p>Assuming every production time period has associated downtime, predicting the right time to shutdown and clean equipment enables a unit to meet their production goals sooner. Meeting targets sooner translates into more production (&amp; $$) over time.\u00a0</p><p>Optimizing run length to meet production target sooner</p><p><strong>Solution:</strong></p><p><a href=\"/links?type&#61;workstep&amp;workbook&#61;0EFABFC2-FF04-FB00-B91B-B77D3908FF24&amp;worksheet&#61;0EFABFC3-0323-6600-B0BC-B40589A17692&amp;workstep&#61;0EFABFF3-D719-F9C0-B3A8-8146AF559EB1\" rel=\"nofollow noopener noreferrer\">Predict future production rate and identify when the production target of 50,000 klb is met</a> <strong>if no downtime is scheduled during the run.</strong></p><p><a href=\"/links?type&#61;workstep&amp;workbook&#61;0EFABFC2-FF04-FB00-B91B-B77D3908FF24&amp;worksheet&#61;0EFABFC3-0323-6600-B0BC-B40589A17692&amp;workstep&#61;0EFABFFB-9D15-EA50-AAE8-ADEDA49BAC59\" rel=\"nofollow noopener noreferrer\">Calculate the number of downtimes</a> that would be required to fulfill the order quantity at any point in the production cycle.\u00a0</p><p><a href=\"/links?type&#61;workstep&amp;workbook&#61;0EFABFC2-FF04-FB00-B91B-B77D3908FF24&amp;worksheet&#61;0EFABFC3-0323-6600-B0BC-B40589A17692&amp;workstep&#61;0EFAC001-3870-FD10-B5B0-3B302006F9DC\" rel=\"nofollow noopener noreferrer\">Calculate the Average Production Rate</a> at each point during the current run time and the total run time (including downtimes) required to produce the given order quantity based on the number of required downtimes.</p><p><a href=\"/links?type&#61;workstep&amp;workbook&#61;0EFABFC2-FF04-FB00-B91B-B77D3908FF24&amp;worksheet&#61;0EFABFC3-0323-6600-B0BC-B40589A17692&amp;workstep&#61;0EFAC006-18F3-FF50-890A-59F4222DA822\" rel=\"nofollow noopener noreferrer\">Find the minimum run length required to show the full order fulfillment time</a>.\u00a0</p><p><a href=\"/links?type&#61;workstep&amp;workbook&#61;0EFABFC2-FF04-FB00-B91B-B77D3908FF24&amp;worksheet&#61;0EFABFC3-0323-6600-B0BC-B40589A17692&amp;workstep&#61;0EFAC00A-8C31-7770-B1FA-1E7436BEDBEA\" rel=\"nofollow noopener noreferrer\">Find the production rate at the point of minimum run length</a> to trigger proactive downtime.</p><p style=\"margin-left:0px;\"><a href=\"/links?type&#61;workstep&amp;workbook&#61;0EFABFC2-FF04-FB00-B91B-B77D3908FF24&amp;worksheet&#61;0EFABFC3-0323-6600-B0BC-B40589A17692&amp;workstep&#61;0EFAC013-87B3-EC80-86F6-A547F8ED91D8\" rel=\"nofollow noopener noreferrer\">Build a Reference Profile for the ideal production cycles</a> to monitor current operations against.</p><p style=\"margin-left:0px;\">Quantify the potential time savings and monitor results.</p>",
        "DocumentBackup\u02c9DEg3Lh5pLS4-lG84EjGXXXdzxhd1450vkLgiu8he2l8\u02c92024-11-26T14:22:00Z": "<h2><strong>Run Length Optimization</strong></h2><figure class=\"table\"><table class=\"ck-table-resized\"><colgroup><col style=\"width:42.45%;\" /><col style=\"width:57.55%;\" /></colgroup><tbody><tr><td><img class=\"image_resized\" style=\"width:100%;\" src=\"/api/annotations/0EFABFC3-1379-E810-B808-3CB3A72066C5/images/image_v1.png\"></td><td><h4>\u00a0<span style=\"color:hsl(0,0%,0%);\"><i>By periodically shutting down to ensure all equipment is operating as best possible, the <strong>production unit was able to fulfill the order 10.5 days sooner (an 11% improvement on their typical fulfillment time)</strong>. In a high demand environment, this operational change has the <strong>ability to increase sales volumes and revenues by an equal percentage.</strong></i></span></h4></td></tr></tbody></table></figure><h4 style=\"text-align:right;\">\u00a0</h4><h4><strong>Problem Statement</strong></h4><p>Many manufacturing units hit process throughput constraints over the course of a run. These constraints are often reversible, but at the cost of shutting down to clean/maintain equipment. \u00a0</p><p>Assuming every production time period has associated downtime, predicting the right time to shutdown and clean equipment enables a unit to meet their production goals sooner. Meeting targets sooner translates into more production (&amp; $$) over time.\u00a0</p><p>Optimizing run length to meet production target sooner</p><p><strong>Solution:</strong></p><p><a href=\"/links?type&#61;workstep&amp;workbook&#61;0EFABFC2-FF04-FB00-B91B-B77D3908FF24&amp;worksheet&#61;0EFABFC3-0323-6600-B0BC-B40589A17692&amp;workstep&#61;0EFABFF3-D719-F9C0-B3A8-8146AF559EB1\" rel=\"nofollow noopener noreferrer\">Predict future production rate and identify when the production target of 50,000 klb is met</a> <strong>if no downtime is scheduled during the run.</strong></p><p><a href=\"/links?type&#61;workstep&amp;workbook&#61;0EFABFC2-FF04-FB00-B91B-B77D3908FF24&amp;worksheet&#61;0EFABFC3-0323-6600-B0BC-B40589A17692&amp;workstep&#61;0EFABFFB-9D15-EA50-AAE8-ADEDA49BAC59\" rel=\"nofollow noopener noreferrer\">Calculate the number of downtimes</a> that would be required to fulfill the order quantity at any point in the production cycle.\u00a0</p><p><a href=\"/links?type&#61;workstep&amp;workbook&#61;0EFABFC2-FF04-FB00-B91B-B77D3908FF24&amp;worksheet&#61;0EFABFC3-0323-6600-B0BC-B40589A17692&amp;workstep&#61;0EFAC001-3870-FD10-B5B0-3B302006F9DC\" rel=\"nofollow noopener noreferrer\">Calculate the Average Production Rate</a> at each point during the current run time and the total run time (including downtimes) required to produce the given order quantity based on the number of required downtimes.</p><p><a href=\"/links?type&#61;workstep&amp;workbook&#61;0EFABFC2-FF04-FB00-B91B-B77D3908FF24&amp;worksheet&#61;0EFABFC3-0323-6600-B0BC-B40589A17692&amp;workstep&#61;0EFAC006-18F3-FF50-890A-59F4222DA822\" rel=\"nofollow noopener noreferrer\">Find the minimum run length required to show the full order fulfillment time</a>.\u00a0</p><p><a href=\"/links?type&#61;workstep&amp;workbook&#61;0EFABFC2-FF04-FB00-B91B-B77D3908FF24&amp;worksheet&#61;0EFABFC3-0323-6600-B0BC-B40589A17692&amp;workstep&#61;0EFAC00A-8C31-7770-B1FA-1E7436BEDBEA\" rel=\"nofollow noopener noreferrer\">Find the production rate at the point of minimum run length</a> to trigger proactive downtime.</p><p style=\"margin-left:0px;\"><a href=\"/links?type&#61;workstep&amp;workbook&#61;0EFABFC2-FF04-FB00-B91B-B77D3908FF24&amp;worksheet&#61;0EFABFC3-0323-6600-B0BC-B40589A17692&amp;workstep&#61;0EFAC013-87B3-EC80-86F6-A547F8ED91D8\" rel=\"nofollow noopener noreferrer\">Build a Reference Profile for the ideal production cycles</a> to monitor current operations against.</p><p style=\"margin-left:0px;\"><a href=\"/links?type&#61;workstep&amp;workbook&#61;0EFABFC2-FF04-FB00-B91B-B77D3908FF24&amp;worksheet&#61;0EFABFC3-0323-6600-B0BC-B40589A17692&amp;workstep&#61;0EFAC01C-82AA-FF00-933A-06D19F0E266C\" rel=\"nofollow noopener noreferrer\">Quantify the potential time savings</a> and monitor results.</p>",
        "Enabled": true,
        "ID": "0EFABFC3-1379-E810-B808-3CB3A72066C5",
        "Is CK Enabled": true,
        "Locked": false,
        "Name": "Run Length Optimization",
        "Plain Text Document": "Run Length Optimization\u00a0By periodically shutting down to ensure all equipment is operating as best possible, the production unit was able to fulfill the order 10.5 days sooner (an 11% improvement on their typical fulfillment time). In a high demand environment, this operational change has the ability to increase sales volumes and revenues by an equal percentage.\u00a0Problem StatementMany manufacturing units hit process throughput constraints over the course of a run. These constraints are often reversible, but at the cost of shutting down to clean/maintain equipment. \u00a0Assuming every production time period has associated downtime, predicting the right time to shutdown and clean equipment enables a unit to meet their production goals sooner. Meeting targets sooner translates into more production (&amp; $$) over time.\u00a0Optimizing run length to meet production target soonerSolution:Predict future production rate and identify when the production target of 50,000 klb is met if no downtime is scheduled during the run.Calculate the number of downtimes that would be required to fulfill the order quantity at any point in the production cycle.\u00a0Calculate the Average Production Rate at each point during the current run time and the total run time (including downtimes) required to produce the given order quantity based on the number of required downtimes.Find the minimum run length required to show the full order fulfillment time.\u00a0Find the production rate at the point of minimum run length to trigger proactive downtime.Build a Reference Profile for the ideal production cycles to monitor current operations against.Quantify the potential time savings and monitor results.",
        "Type": "Journal",
        "Unsearchable": false,
        "Updated At": "1732630964380445108"
    }
}