{
    "Definition": {
        "Archived": false,
        "Cache Enabled": false,
        "Created At": "1732631039800167541",
        "Description": "&nbsp; By periodically shutting down to ensure all equipment is operating as best possible, the production unit was able to fulfill the order 10.5 days sooner (an 11% improvement on their typical fulfillment time) . In a high demand environment, this operational change has the ability to increase sales volumes",
        "Document": "<h2><strong>Run Length Optimization</strong></h2><figure class=\"table\"><table class=\"ck-table-resized\"><colgroup><col style=\"width:42.45%;\" /><col style=\"width:57.55%;\" /></colgroup><tbody><tr><td><img class=\"image_resized\" style=\"width:100%;\" src=\"/api/annotations/0EFAC021-3FF1-7150-9636-CE6264D92DB0/images/image_v1.png\"></td><td><h4>\u00a0<span style=\"color:hsl(0,0%,0%);\"><i>By periodically shutting down to ensure all equipment is operating as best possible, the <strong>production unit was able to fulfill the order 10.5 days sooner (an 11% improvement on their typical fulfillment time)</strong>. In a high demand environment, this operational change has the <strong>ability to increase sales volumes and revenues by an equal percentage.</strong></i></span></h4></td></tr></tbody></table></figure><h4 style=\"text-align:right;\">\u00a0</h4><h4><strong>Problem Statement</strong></h4><p>Many manufacturing units hit process throughput constraints over the course of a run. These constraints are often reversible, but at the cost of shutting down to clean/maintain equipment. \u00a0</p><p>Assuming every production time period has associated downtime, predicting the right time to shutdown and clean equipment enables a unit to meet their production goals sooner. Meeting targets sooner translates into more production (&amp; $$) over time.\u00a0</p><p><a href=\"/links?type&#61;workstep&amp;workbook&#61;0EFABFC2-FF04-FB00-B91B-B77D3908FF24&amp;worksheet&#61;0EFAC021-3FB4-60C0-8D65-0C1D2F341811&amp;workstep&#61;0EFAC021-3FEE-EA40-A9DE-69CC1E2DDB38\" rel=\"nofollow noopener noreferrer\">Optimizing run length to meet production target sooner</a></p><p><strong>Solution:</strong></p><p><a href=\"/links?type&#61;workstep&amp;workbook&#61;0EFABFC2-FF04-FB00-B91B-B77D3908FF24&amp;worksheet&#61;0EFAC021-3FB4-60C0-8D65-0C1D2F341811&amp;workstep&#61;0EFAC021-3FE2-66F0-BA72-68B767C2808C\" rel=\"nofollow noopener noreferrer\">Predict future production rate and identify when the production target of 50,000 klb is met</a> <strong>if no downtime is scheduled during the run.</strong></p><ul><li><a href=\"/links?type&#61;condition&amp;item&#61;0EFABFE5-47F5-EA90-9A33-B83D39C569CC\" rel=\"nofollow noopener noreferrer\">Create a capsule for this run</a> - extend the capsule into the future far enough that it will capture the end of the run even with degrading production rates.</li><li><a href=\"/links?type&#61;signal&amp;item&#61;0EFABFE9-6615-F9E0-B0BE-43A937186267\" rel=\"nofollow noopener noreferrer\">Calculate the total time elapsed</a> since the beginning of the production run.</li><li><a href=\"/links?type&#61;signal&amp;item&#61;0EFABFEA-76D0-FF40-8C9F-A8CBD7AC5A4F\" rel=\"nofollow noopener noreferrer\">Create a predictive model</a> of the production rate based on the time signal.</li><li><a href=\"/links?type&#61;signal&amp;item&#61;0EFABFEB-7629-F9B0-8144-DA3C059C955A\" rel=\"nofollow noopener noreferrer\">Create a combined signal</a> of the Production Rate data that exists and the prediction for the future training.</li><li>Integrate the projected signal to <a href=\"/links?type&#61;signal&amp;item&#61;0EFABFED-CEDF-7580-9DA1-2BE151FF3121\" rel=\"nofollow noopener noreferrer\">create a production totalizer</a>.\u00a0</li><li><a href=\"/links?type&#61;workstep&amp;workbook&#61;0EFABFC2-FF04-FB00-B91B-B77D3908FF24&amp;worksheet&#61;0EFAC021-3FB4-60C0-8D65-0C1D2F341811&amp;workstep&#61;0EFAC021-3FE2-66F0-BA72-68B767C2808C\" rel=\"nofollow noopener noreferrer\">Identify</a> when 50,000 klb is produced.\u00a0</li></ul><p><a href=\"/links?type&#61;workstep&amp;workbook&#61;0EFABFC2-FF04-FB00-B91B-B77D3908FF24&amp;worksheet&#61;0EFAC021-3FB4-60C0-8D65-0C1D2F341811&amp;workstep&#61;0EFAC021-3FE4-EE00-B295-6B07E87DA6AA\" rel=\"nofollow noopener noreferrer\">Calculate the number of downtimes</a> that would be required to fulfill the order quantity at any point in the production cycle.\u00a0</p><ul><li>Create a capsule spanning the time over which <a href=\"/links?type&#61;condition&amp;item&#61;0EFABFE6-8D02-E8D0-8C4E-1DD34B4A37A3\" rel=\"nofollow noopener noreferrer\">production rate data exists for this run</a>.\u00a0</li><li><a href=\"/links?type&#61;signal&amp;item&#61;0EFABFED-CEDF-7580-9DA1-2BE151FF3121\" rel=\"nofollow noopener noreferrer\">Calculate a totalizer signal</a> for a given amount of product produced at any point during the run.\u00a0</li><li><a href=\"/links?type&#61;signal&amp;item&#61;0EFABFF6-D6B3-FF50-9EB0-309BA8063791\" rel=\"nofollow noopener noreferrer\">Calculate the number of downtimes</a> that would be required to fulfill the order quantity at any point in the production cycle.\u00a0</li></ul><p><a href=\"/links?type&#61;workstep&amp;workbook&#61;0EFABFC2-FF04-FB00-B91B-B77D3908FF24&amp;worksheet&#61;0EFAC021-3FB4-60C0-8D65-0C1D2F341811&amp;workstep&#61;0EFAC021-3FE4-EE00-B29F-8197B2B707A9\" rel=\"nofollow noopener noreferrer\">Calculate the Average Production Rate</a> at each point during the current run time and the total run time (including downtimes) required to produce the given order quantity based on the number of required downtimes.</p><ul><li><a href=\"/links?type&#61;signal&amp;item&#61;0EFABFFC-A229-F950-87B7-55E071ECFEDF\" rel=\"nofollow noopener noreferrer\">Calculate the total time elapsed</a> since the beginning of the production run.\u00a0</li><li><a href=\"/links?type&#61;signal&amp;item&#61;0EFABFFD-D1FE-7580-8734-4045F8081858\" rel=\"nofollow noopener noreferrer\">Calculate the Average Production Rate</a> at each point during the current run time.</li><li><a href=\"/links?type&#61;signal&amp;item&#61;0EFABFFF-5D93-EE00-9741-9EE63AE06DDD\" rel=\"nofollow noopener noreferrer\">Calculate the total run time (including downtimes) required to produce the given order quantity</a> based on the number of required downtimes.\u00a0</li></ul><p><a href=\"/links?type&#61;workstep&amp;workbook&#61;0EFABFC2-FF04-FB00-B91B-B77D3908FF24&amp;worksheet&#61;0EFAC021-3FB4-60C0-8D65-0C1D2F341811&amp;workstep&#61;0EFAC021-3FE7-7510-ABF7-AEAEC950BBC4\" rel=\"nofollow noopener noreferrer\">Find the minimum run length required to show the full order fulfillment time</a>.\u00a0</p><p><a href=\"/links?type&#61;workstep&amp;workbook&#61;0EFABFC2-FF04-FB00-B91B-B77D3908FF24&amp;worksheet&#61;0EFAC021-3FB4-60C0-8D65-0C1D2F341811&amp;workstep&#61;0EFAC021-3FE9-EC20-9C91-0E0B9896FC82\" rel=\"nofollow noopener noreferrer\">Find the production rate at the point of minimum run length</a> to trigger proactive downtime.</p><p style=\"margin-left:0px;\"><a href=\"/links?type&#61;workstep&amp;workbook&#61;0EFABFC2-FF04-FB00-B91B-B77D3908FF24&amp;worksheet&#61;0EFAC021-3FB4-60C0-8D65-0C1D2F341811&amp;workstep&#61;0EFAC021-3FEC-7330-B957-DE25FA76A0B6\" rel=\"nofollow noopener noreferrer\">Build a Reference Profile for the ideal production cycles</a> to monitor current operations against.</p><p style=\"margin-left:0px;\"><a href=\"/links?type&#61;workstep&amp;workbook&#61;0EFABFC2-FF04-FB00-B91B-B77D3908FF24&amp;worksheet&#61;0EFAC021-3FB4-60C0-8D65-0C1D2F341811&amp;workstep&#61;0EFAC021-3FEE-EA40-A9DE-69CC1E2DDB38\" rel=\"nofollow noopener noreferrer\">Quantify the potential time savings</a> and monitor results.</p>",
        "DocumentBackup\u02c9DEg3Lh5pLS4-lG84EjGXXXdzxhd1450vkLgiu8he2l8\u02c92024-11-26T14:23:00Z": "<h2><strong>Run Length Optimization</strong></h2>\n<figure class=\"table\">\n <table class=\"ck-table-resized\"><colgroup><col style=\"width:42.45%;\" /><col style=\"width:57.55%;\" /></colgroup><tbody><tr><td><img class=\"image_resized\" style=\"width:100%;\" src=\"/api/annotations/0EFAC021-3FF1-7150-9636-CE6264D92DB0/images/image_v1.png\"></td><td>\n     <h4>\u00a0<span style=\"color:hsl(0,0%,0%);\"><i>By periodically shutting down to ensure all equipment is operating as best possible, the <strong>production unit was able to fulfill the order 10.5 days sooner (an 11% improvement on their typical fulfillment time)</strong>. In a high demand environment, this operational change has the <strong>ability to increase sales volumes and revenues by an equal percentage.</strong></i></span></h4></td></tr></tbody></table>\n</figure>\n<h4 style=\"text-align:right;\">\u00a0</h4>\n<h4><strong>Problem Statement</strong></h4>\n<p>Many manufacturing units hit process throughput constraints over the course of a run. These constraints are often reversible, but at the cost of shutting down to clean/maintain equipment. \u00a0</p>\n<p>Assuming every production time period has associated downtime, predicting the right time to shutdown and clean equipment enables a unit to meet their production goals sooner. Meeting targets sooner translates into more production (&amp; $$) over time.\u00a0</p>\n<p><a href=\"/links?type&#61;workstep&amp;workbook&#61;0EFABFC2-FF04-FB00-B91B-B77D3908FF24&amp;worksheet&#61;0EFAC021-3FB4-60C0-8D65-0C1D2F341811&amp;workstep&#61;0EFAC021-3FEE-EA40-A9DE-69CC1E2DDB38\" rel=\"nofollow noopener noreferrer\">Optimizing run length to meet production target sooner</a></p>\n<p><strong>Solution:</strong></p>\n<p><a href=\"/links?type&#61;workstep&amp;workbook&#61;0EFABFC2-FF04-FB00-B91B-B77D3908FF24&amp;worksheet&#61;0EFAC021-3FB4-60C0-8D65-0C1D2F341811&amp;workstep&#61;0EFAC021-3FE2-66F0-BA72-68B767C2808C\" rel=\"nofollow noopener noreferrer\">Predict future production rate and identify when the production target of 50,000 klb is met</a> <strong>if no downtime is scheduled during the run.</strong></p>\n<p><a href=\"/links?type&#61;workstep&amp;workbook&#61;0EFABFC2-FF04-FB00-B91B-B77D3908FF24&amp;worksheet&#61;0EFAC021-3FB4-60C0-8D65-0C1D2F341811&amp;workstep&#61;0EFAC021-3FE4-EE00-B295-6B07E87DA6AA\" rel=\"nofollow noopener noreferrer\">Calculate the number of downtimes</a> that would be required to fulfill the order quantity at any point in the production cycle.\u00a0</p>\n<p><a href=\"/links?type&#61;workstep&amp;workbook&#61;0EFABFC2-FF04-FB00-B91B-B77D3908FF24&amp;worksheet&#61;0EFAC021-3FB4-60C0-8D65-0C1D2F341811&amp;workstep&#61;0EFAC021-3FE4-EE00-B29F-8197B2B707A9\" rel=\"nofollow noopener noreferrer\">Calculate the Average Production Rate</a> at each point during the current run time and the total run time (including downtimes) required to produce the given order quantity based on the number of required downtimes.</p>\n<p><a href=\"/links?type&#61;workstep&amp;workbook&#61;0EFABFC2-FF04-FB00-B91B-B77D3908FF24&amp;worksheet&#61;0EFAC021-3FB4-60C0-8D65-0C1D2F341811&amp;workstep&#61;0EFAC021-3FE7-7510-ABF7-AEAEC950BBC4\" rel=\"nofollow noopener noreferrer\">Find the minimum run length required to show the full order fulfillment time</a>.\u00a0</p>\n<p><a href=\"/links?type&#61;workstep&amp;workbook&#61;0EFABFC2-FF04-FB00-B91B-B77D3908FF24&amp;worksheet&#61;0EFAC021-3FB4-60C0-8D65-0C1D2F341811&amp;workstep&#61;0EFAC021-3FE9-EC20-9C91-0E0B9896FC82\" rel=\"nofollow noopener noreferrer\">Find the production rate at the point of minimum run length</a> to trigger proactive downtime.</p>\n<p style=\"margin-left:0px;\"><a href=\"/links?type&#61;workstep&amp;workbook&#61;0EFABFC2-FF04-FB00-B91B-B77D3908FF24&amp;worksheet&#61;0EFAC021-3FB4-60C0-8D65-0C1D2F341811&amp;workstep&#61;0EFAC021-3FEC-7330-B957-DE25FA76A0B6\" rel=\"nofollow noopener noreferrer\">Build a Reference Profile for the ideal production cycles</a> to monitor current operations against.</p>\n<p style=\"margin-left:0px;\"><a href=\"/links?type&#61;workstep&amp;workbook&#61;0EFABFC2-FF04-FB00-B91B-B77D3908FF24&amp;worksheet&#61;0EFAC021-3FB4-60C0-8D65-0C1D2F341811&amp;workstep&#61;0EFAC021-3FEE-EA40-A9DE-69CC1E2DDB38\" rel=\"nofollow noopener noreferrer\">Quantify the potential time savings</a> and monitor results.</p>",
        "DocumentBackup\u02c9DEg3Lh5pLS4-lG84EjGXXXdzxhd1450vkLgiu8he2l8\u02c92024-11-26T14:24:00Z": "<h2><strong>Run Length Optimization</strong></h2><figure class=\"table\"><table class=\"ck-table-resized\"><colgroup><col style=\"width:42.45%;\" /><col style=\"width:57.55%;\" /></colgroup><tbody><tr><td><img class=\"image_resized\" style=\"width:100%;\" src=\"/api/annotations/0EFAC021-3FF1-7150-9636-CE6264D92DB0/images/image_v1.png\"></td><td><h4>\u00a0<span style=\"color:hsl(0,0%,0%);\"><i>By periodically shutting down to ensure all equipment is operating as best possible, the <strong>production unit was able to fulfill the order 10.5 days sooner (an 11% improvement on their typical fulfillment time)</strong>. In a high demand environment, this operational change has the <strong>ability to increase sales volumes and revenues by an equal percentage.</strong></i></span></h4></td></tr></tbody></table></figure><h4 style=\"text-align:right;\">\u00a0</h4><h4><strong>Problem Statement</strong></h4><p>Many manufacturing units hit process throughput constraints over the course of a run. These constraints are often reversible, but at the cost of shutting down to clean/maintain equipment. \u00a0</p><p>Assuming every production time period has associated downtime, predicting the right time to shutdown and clean equipment enables a unit to meet their production goals sooner. Meeting targets sooner translates into more production (&amp; $$) over time.\u00a0</p><p><a href=\"/links?type&#61;workstep&amp;workbook&#61;0EFABFC2-FF04-FB00-B91B-B77D3908FF24&amp;worksheet&#61;0EFAC021-3FB4-60C0-8D65-0C1D2F341811&amp;workstep&#61;0EFAC021-3FEE-EA40-A9DE-69CC1E2DDB38\" rel=\"nofollow noopener noreferrer\">Optimizing run length to meet production target sooner</a></p><p><strong>Solution:</strong></p><p><a href=\"/links?type&#61;workstep&amp;workbook&#61;0EFABFC2-FF04-FB00-B91B-B77D3908FF24&amp;worksheet&#61;0EFAC021-3FB4-60C0-8D65-0C1D2F341811&amp;workstep&#61;0EFAC021-3FE2-66F0-BA72-68B767C2808C\" rel=\"nofollow noopener noreferrer\">Predict future production rate and identify when the production target of 50,000 klb is met</a> <strong>if no downtime is scheduled during the run.</strong></p><ul><li><a href=\"/links?type&#61;workstep&amp;workbook&#61;0EEA6545-8408-60B0-BC26-38EF1B63A68B&amp;worksheet&#61;0EEA66D6-0A5F-E8C0-B509-AA512B4D7771&amp;workstep&#61;0EEA66E2-FF34-66F0-A8A1-1754A937FC61\" rel=\"nofollow noopener noreferrer\">Create a capsule for this run</a> - extend the capsule into the future far enough that it will capture the end of the run even with degrading production rates.</li><li><a href=\"/links?type&#61;workstep&amp;workbook&#61;0EEA6545-8408-60B0-BC26-38EF1B63A68B&amp;worksheet&#61;0EEA66D6-0A5F-E8C0-B509-AA512B4D7771&amp;workstep&#61;0EEA66E2-9E57-7120-A5E3-88BD2EEC5772\" rel=\"nofollow noopener noreferrer\">Calculate the total time elapsed</a> since the beginning of the production run.</li><li><a href=\"/links?type&#61;workstep&amp;workbook&#61;0EEA6545-8408-60B0-BC26-38EF1B63A68B&amp;worksheet&#61;0EEA66D6-0A5F-E8C0-B509-AA512B4D7771&amp;workstep&#61;0EEA66E1-0B31-E810-9C8D-86867736C7DD\" rel=\"nofollow noopener noreferrer\">Create a predictive model</a> of the production rate based on the time signal.</li><li><a href=\"/links?type&#61;workstep&amp;workbook&#61;0EEA6545-8408-60B0-BC26-38EF1B63A68B&amp;worksheet&#61;0EEA66D6-0A5F-E8C0-B509-AA512B4D7771&amp;workstep&#61;0EEA66DE-FD16-EE30-8ED9-D47DAB157718\" rel=\"nofollow noopener noreferrer\">Create a combined signal</a> of the Production Rate data that exists and the prediction for the future training.</li><li>Integrate the projected signal to <a href=\"/links?type&#61;workstep&amp;workbook&#61;0EEA6545-8408-60B0-BC26-38EF1B63A68B&amp;worksheet&#61;0EEA66D6-0A5F-E8C0-B509-AA512B4D7771&amp;workstep&#61;0EEA66DD-A60F-FF20-83F6-DD9CE446EDA2\" rel=\"nofollow noopener noreferrer\">create a production totalizer.</a>\u00a0</li><li><a href=\"/links?type&#61;workstep&amp;workbook&#61;0EEA6545-8408-60B0-BC26-38EF1B63A68B&amp;worksheet&#61;0EEA66D6-0A5F-E8C0-B509-AA512B4D7771&amp;workstep&#61;0EEA66D6-0A77-FF60-940E-B161B427978B\" rel=\"nofollow noopener noreferrer\">Identify</a> when 50,000 klb is produced.\u00a0</li></ul><p><a href=\"/links?type&#61;workstep&amp;workbook&#61;0EFABFC2-FF04-FB00-B91B-B77D3908FF24&amp;worksheet&#61;0EFAC021-3FB4-60C0-8D65-0C1D2F341811&amp;workstep&#61;0EFAC021-3FE4-EE00-B295-6B07E87DA6AA\" rel=\"nofollow noopener noreferrer\">Calculate the number of downtimes</a> that would be required to fulfill the order quantity at any point in the production cycle.\u00a0</p><p><a href=\"/links?type&#61;workstep&amp;workbook&#61;0EFABFC2-FF04-FB00-B91B-B77D3908FF24&amp;worksheet&#61;0EFAC021-3FB4-60C0-8D65-0C1D2F341811&amp;workstep&#61;0EFAC021-3FE4-EE00-B29F-8197B2B707A9\" rel=\"nofollow noopener noreferrer\">Calculate the Average Production Rate</a> at each point during the current run time and the total run time (including downtimes) required to produce the given order quantity based on the number of required downtimes.</p><p><a href=\"/links?type&#61;workstep&amp;workbook&#61;0EFABFC2-FF04-FB00-B91B-B77D3908FF24&amp;worksheet&#61;0EFAC021-3FB4-60C0-8D65-0C1D2F341811&amp;workstep&#61;0EFAC021-3FE7-7510-ABF7-AEAEC950BBC4\" rel=\"nofollow noopener noreferrer\">Find the minimum run length required to show the full order fulfillment time</a>.\u00a0</p><p><a href=\"/links?type&#61;workstep&amp;workbook&#61;0EFABFC2-FF04-FB00-B91B-B77D3908FF24&amp;worksheet&#61;0EFAC021-3FB4-60C0-8D65-0C1D2F341811&amp;workstep&#61;0EFAC021-3FE9-EC20-9C91-0E0B9896FC82\" rel=\"nofollow noopener noreferrer\">Find the production rate at the point of minimum run length</a> to trigger proactive downtime.</p><p style=\"margin-left:0px;\"><a href=\"/links?type&#61;workstep&amp;workbook&#61;0EFABFC2-FF04-FB00-B91B-B77D3908FF24&amp;worksheet&#61;0EFAC021-3FB4-60C0-8D65-0C1D2F341811&amp;workstep&#61;0EFAC021-3FEC-7330-B957-DE25FA76A0B6\" rel=\"nofollow noopener noreferrer\">Build a Reference Profile for the ideal production cycles</a> to monitor current operations against.</p><p style=\"margin-left:0px;\"><a href=\"/links?type&#61;workstep&amp;workbook&#61;0EFABFC2-FF04-FB00-B91B-B77D3908FF24&amp;worksheet&#61;0EFAC021-3FB4-60C0-8D65-0C1D2F341811&amp;workstep&#61;0EFAC021-3FEE-EA40-A9DE-69CC1E2DDB38\" rel=\"nofollow noopener noreferrer\">Quantify the potential time savings</a> and monitor results.</p>",
        "DocumentBackup\u02c9DEg3Lh5pLS4-lG84EjGXXXdzxhd1450vkLgiu8he2l8\u02c92024-11-26T14:25:00Z": "<h2><strong>Run Length Optimization</strong></h2><figure class=\"table\"><table class=\"ck-table-resized\"><colgroup><col style=\"width:42.45%;\" /><col style=\"width:57.55%;\" /></colgroup><tbody><tr><td><img class=\"image_resized\" style=\"width:100%;\" src=\"/api/annotations/0EFAC021-3FF1-7150-9636-CE6264D92DB0/images/image_v1.png\"></td><td><h4>\u00a0<span style=\"color:hsl(0,0%,0%);\"><i>By periodically shutting down to ensure all equipment is operating as best possible, the <strong>production unit was able to fulfill the order 10.5 days sooner (an 11% improvement on their typical fulfillment time)</strong>. In a high demand environment, this operational change has the <strong>ability to increase sales volumes and revenues by an equal percentage.</strong></i></span></h4></td></tr></tbody></table></figure><h4 style=\"text-align:right;\">\u00a0</h4><h4><strong>Problem Statement</strong></h4><p>Many manufacturing units hit process throughput constraints over the course of a run. These constraints are often reversible, but at the cost of shutting down to clean/maintain equipment. \u00a0</p><p>Assuming every production time period has associated downtime, predicting the right time to shutdown and clean equipment enables a unit to meet their production goals sooner. Meeting targets sooner translates into more production (&amp; $$) over time.\u00a0</p><p><a href=\"/links?type&#61;workstep&amp;workbook&#61;0EFABFC2-FF04-FB00-B91B-B77D3908FF24&amp;worksheet&#61;0EFAC021-3FB4-60C0-8D65-0C1D2F341811&amp;workstep&#61;0EFAC021-3FEE-EA40-A9DE-69CC1E2DDB38\" rel=\"nofollow noopener noreferrer\">Optimizing run length to meet production target sooner</a></p><p><strong>Solution:</strong></p><p><a href=\"/links?type&#61;workstep&amp;workbook&#61;0EFABFC2-FF04-FB00-B91B-B77D3908FF24&amp;worksheet&#61;0EFAC021-3FB4-60C0-8D65-0C1D2F341811&amp;workstep&#61;0EFAC021-3FE2-66F0-BA72-68B767C2808C\" rel=\"nofollow noopener noreferrer\">Predict future production rate and identify when the production target of 50,000 klb is met</a> <strong>if no downtime is scheduled during the run.</strong></p><ul><li>Create a capsule for this run - extend the capsule into the future far enough that it will capture the end of the run even with degrading production rates.</li><li>Calculate the total time elapsed since the beginning of the production run.</li><li>Create a predictive model of the production rate based on the time signal.</li><li><a href=\"/links?type&#61;signal&amp;item&#61;0EFABFEB-7629-F9B0-8144-DA3C059C955A\" rel=\"nofollow noopener noreferrer\">Create a combined signal</a> of the Production Rate data that exists and the prediction for the future training.</li><li>Integrate the projected signal to <a href=\"/links?type&#61;signal&amp;item&#61;0EFABFED-CEDF-7580-9DA1-2BE151FF3121\" rel=\"nofollow noopener noreferrer\">create a production totalizer</a>.\u00a0</li><li><a href=\"/links?type&#61;workstep&amp;workbook&#61;0EFABFC2-FF04-FB00-B91B-B77D3908FF24&amp;worksheet&#61;0EFAC021-3FB4-60C0-8D65-0C1D2F341811&amp;workstep&#61;0EFAC021-3FE2-66F0-BA72-68B767C2808C\" rel=\"nofollow noopener noreferrer\">Identify</a> when 50,000 klb is produced.\u00a0</li></ul><p><a href=\"/links?type&#61;workstep&amp;workbook&#61;0EFABFC2-FF04-FB00-B91B-B77D3908FF24&amp;worksheet&#61;0EFAC021-3FB4-60C0-8D65-0C1D2F341811&amp;workstep&#61;0EFAC021-3FE4-EE00-B295-6B07E87DA6AA\" rel=\"nofollow noopener noreferrer\">Calculate the number of downtimes</a> that would be required to fulfill the order quantity at any point in the production cycle.\u00a0</p><p><a href=\"/links?type&#61;workstep&amp;workbook&#61;0EFABFC2-FF04-FB00-B91B-B77D3908FF24&amp;worksheet&#61;0EFAC021-3FB4-60C0-8D65-0C1D2F341811&amp;workstep&#61;0EFAC021-3FE4-EE00-B29F-8197B2B707A9\" rel=\"nofollow noopener noreferrer\">Calculate the Average Production Rate</a> at each point during the current run time and the total run time (including downtimes) required to produce the given order quantity based on the number of required downtimes.</p><p><a href=\"/links?type&#61;workstep&amp;workbook&#61;0EFABFC2-FF04-FB00-B91B-B77D3908FF24&amp;worksheet&#61;0EFAC021-3FB4-60C0-8D65-0C1D2F341811&amp;workstep&#61;0EFAC021-3FE7-7510-ABF7-AEAEC950BBC4\" rel=\"nofollow noopener noreferrer\">Find the minimum run length required to show the full order fulfillment time</a>.\u00a0</p><p><a href=\"/links?type&#61;workstep&amp;workbook&#61;0EFABFC2-FF04-FB00-B91B-B77D3908FF24&amp;worksheet&#61;0EFAC021-3FB4-60C0-8D65-0C1D2F341811&amp;workstep&#61;0EFAC021-3FE9-EC20-9C91-0E0B9896FC82\" rel=\"nofollow noopener noreferrer\">Find the production rate at the point of minimum run length</a> to trigger proactive downtime.</p><p style=\"margin-left:0px;\"><a href=\"/links?type&#61;workstep&amp;workbook&#61;0EFABFC2-FF04-FB00-B91B-B77D3908FF24&amp;worksheet&#61;0EFAC021-3FB4-60C0-8D65-0C1D2F341811&amp;workstep&#61;0EFAC021-3FEC-7330-B957-DE25FA76A0B6\" rel=\"nofollow noopener noreferrer\">Build a Reference Profile for the ideal production cycles</a> to monitor current operations against.</p><p style=\"margin-left:0px;\"><a href=\"/links?type&#61;workstep&amp;workbook&#61;0EFABFC2-FF04-FB00-B91B-B77D3908FF24&amp;worksheet&#61;0EFAC021-3FB4-60C0-8D65-0C1D2F341811&amp;workstep&#61;0EFAC021-3FEE-EA40-A9DE-69CC1E2DDB38\" rel=\"nofollow noopener noreferrer\">Quantify the potential time savings</a> and monitor results.</p>",
        "DocumentBackup\u02c9DEg3Lh5pLS4-lG84EjGXXXdzxhd1450vkLgiu8he2l8\u02c92024-11-26T14:26:00Z": "<h2><strong>Run Length Optimization</strong></h2><figure class=\"table\"><table class=\"ck-table-resized\"><colgroup><col style=\"width:42.45%;\" /><col style=\"width:57.55%;\" /></colgroup><tbody><tr><td><img class=\"image_resized\" style=\"width:100%;\" src=\"/api/annotations/0EFAC021-3FF1-7150-9636-CE6264D92DB0/images/image_v1.png\"></td><td><h4>\u00a0<span style=\"color:hsl(0,0%,0%);\"><i>By periodically shutting down to ensure all equipment is operating as best possible, the <strong>production unit was able to fulfill the order 10.5 days sooner (an 11% improvement on their typical fulfillment time)</strong>. In a high demand environment, this operational change has the <strong>ability to increase sales volumes and revenues by an equal percentage.</strong></i></span></h4></td></tr></tbody></table></figure><h4 style=\"text-align:right;\">\u00a0</h4><h4><strong>Problem Statement</strong></h4><p>Many manufacturing units hit process throughput constraints over the course of a run. These constraints are often reversible, but at the cost of shutting down to clean/maintain equipment. \u00a0</p><p>Assuming every production time period has associated downtime, predicting the right time to shutdown and clean equipment enables a unit to meet their production goals sooner. Meeting targets sooner translates into more production (&amp; $$) over time.\u00a0</p><p><a href=\"/links?type&#61;workstep&amp;workbook&#61;0EFABFC2-FF04-FB00-B91B-B77D3908FF24&amp;worksheet&#61;0EFAC021-3FB4-60C0-8D65-0C1D2F341811&amp;workstep&#61;0EFAC021-3FEE-EA40-A9DE-69CC1E2DDB38\" rel=\"nofollow noopener noreferrer\">Optimizing run length to meet production target sooner</a></p><p><strong>Solution:</strong></p><p><a href=\"/links?type&#61;workstep&amp;workbook&#61;0EFABFC2-FF04-FB00-B91B-B77D3908FF24&amp;worksheet&#61;0EFAC021-3FB4-60C0-8D65-0C1D2F341811&amp;workstep&#61;0EFAC021-3FE2-66F0-BA72-68B767C2808C\" rel=\"nofollow noopener noreferrer\">Predict future production rate and identify when the production target of 50,000 klb is met</a> <strong>if no downtime is scheduled during the run.</strong></p><ul><li><a href=\"/links?type&#61;condition&amp;item&#61;0EFABFE5-47F5-EA90-9A33-B83D39C569CC\" rel=\"nofollow noopener noreferrer\">Create a capsule for this run</a> - extend the capsule into the future far enough that it will capture the end of the run even with degrading production rates.</li><li><a href=\"/links?type&#61;signal&amp;item&#61;0EFABFE9-6615-F9E0-B0BE-43A937186267\" rel=\"nofollow noopener noreferrer\">Calculate the total time elapsed</a> since the beginning of the production run.</li><li><a href=\"/links?type&#61;signal&amp;item&#61;0EFABFEA-76D0-FF40-8C9F-A8CBD7AC5A4F\" rel=\"nofollow noopener noreferrer\">Create a predictive model</a> of the production rate based on the time signal.</li><li><a href=\"/links?type&#61;signal&amp;item&#61;0EFABFEB-7629-F9B0-8144-DA3C059C955A\" rel=\"nofollow noopener noreferrer\">Create a combined signal</a> of the Production Rate data that exists and the prediction for the future training.</li><li>Integrate the projected signal to <a href=\"/links?type&#61;signal&amp;item&#61;0EFABFED-CEDF-7580-9DA1-2BE151FF3121\" rel=\"nofollow noopener noreferrer\">create a production totalizer</a>.\u00a0</li><li><a href=\"/links?type&#61;workstep&amp;workbook&#61;0EFABFC2-FF04-FB00-B91B-B77D3908FF24&amp;worksheet&#61;0EFAC021-3FB4-60C0-8D65-0C1D2F341811&amp;workstep&#61;0EFAC021-3FE2-66F0-BA72-68B767C2808C\" rel=\"nofollow noopener noreferrer\">Identify</a> when 50,000 klb is produced.\u00a0</li></ul><p><a href=\"/links?type&#61;workstep&amp;workbook&#61;0EFABFC2-FF04-FB00-B91B-B77D3908FF24&amp;worksheet&#61;0EFAC021-3FB4-60C0-8D65-0C1D2F341811&amp;workstep&#61;0EFAC021-3FE4-EE00-B295-6B07E87DA6AA\" rel=\"nofollow noopener noreferrer\">Calculate the number of downtimes</a> that would be required to fulfill the order quantity at any point in the production cycle.\u00a0</p><ul><li><a href=\"/links?type&#61;workstep&amp;workbook&#61;0EEA6545-8408-60B0-BC26-38EF1B63A68B&amp;worksheet&#61;0EEA66D6-0A5F-E8C0-B509-AA512B4D7771&amp;workstep&#61;0EEA66FB-9149-EAA0-B949-24359800D5DC\" rel=\"nofollow noopener noreferrer\">Create a capsule</a> spanning the time over which production rate data exists for this run.\u00a0</li><li><a href=\"/links?type&#61;workstep&amp;workbook&#61;0EEA6545-8408-60B0-BC26-38EF1B63A68B&amp;worksheet&#61;0EEA66D6-0A5F-E8C0-B509-AA512B4D7771&amp;workstep&#61;0EEA66FA-8033-FFF0-90BB-68619BBC77BF\" rel=\"nofollow noopener noreferrer\">Calculate a totalizer signal </a>for a given amount of product produced at any point during the run.\u00a0</li><li><a href=\"/links?type&#61;workstep&amp;workbook&#61;0EEA6545-8408-60B0-BC26-38EF1B63A68B&amp;worksheet&#61;0EEA66D6-0A5F-E8C0-B509-AA512B4D7771&amp;workstep&#61;0EEA66D6-0A7A-6670-BA9C-D2AC3D9938D9\" rel=\"nofollow noopener noreferrer\">Calculate the number of downtimes</a> that would be required to fulfill the order quantity at any point in the production cycle.\u00a0</li></ul><p><a href=\"/links?type&#61;workstep&amp;workbook&#61;0EFABFC2-FF04-FB00-B91B-B77D3908FF24&amp;worksheet&#61;0EFAC021-3FB4-60C0-8D65-0C1D2F341811&amp;workstep&#61;0EFAC021-3FE4-EE00-B29F-8197B2B707A9\" rel=\"nofollow noopener noreferrer\">Calculate the Average Production Rate</a> at each point during the current run time and the total run time (including downtimes) required to produce the given order quantity based on the number of required downtimes.</p><p><a href=\"/links?type&#61;workstep&amp;workbook&#61;0EFABFC2-FF04-FB00-B91B-B77D3908FF24&amp;worksheet&#61;0EFAC021-3FB4-60C0-8D65-0C1D2F341811&amp;workstep&#61;0EFAC021-3FE7-7510-ABF7-AEAEC950BBC4\" rel=\"nofollow noopener noreferrer\">Find the minimum run length required to show the full order fulfillment time</a>.\u00a0</p><p><a href=\"/links?type&#61;workstep&amp;workbook&#61;0EFABFC2-FF04-FB00-B91B-B77D3908FF24&amp;worksheet&#61;0EFAC021-3FB4-60C0-8D65-0C1D2F341811&amp;workstep&#61;0EFAC021-3FE9-EC20-9C91-0E0B9896FC82\" rel=\"nofollow noopener noreferrer\">Find the production rate at the point of minimum run length</a> to trigger proactive downtime.</p><p style=\"margin-left:0px;\"><a href=\"/links?type&#61;workstep&amp;workbook&#61;0EFABFC2-FF04-FB00-B91B-B77D3908FF24&amp;worksheet&#61;0EFAC021-3FB4-60C0-8D65-0C1D2F341811&amp;workstep&#61;0EFAC021-3FEC-7330-B957-DE25FA76A0B6\" rel=\"nofollow noopener noreferrer\">Build a Reference Profile for the ideal production cycles</a> to monitor current operations against.</p><p style=\"margin-left:0px;\"><a href=\"/links?type&#61;workstep&amp;workbook&#61;0EFABFC2-FF04-FB00-B91B-B77D3908FF24&amp;worksheet&#61;0EFAC021-3FB4-60C0-8D65-0C1D2F341811&amp;workstep&#61;0EFAC021-3FEE-EA40-A9DE-69CC1E2DDB38\" rel=\"nofollow noopener noreferrer\">Quantify the potential time savings</a> and monitor results.</p>",
        "DocumentBackup\u02c9DEg3Lh5pLS4-lG84EjGXXXdzxhd1450vkLgiu8he2l8\u02c92024-11-26T14:58:00Z": "<h2><strong>Run Length Optimization</strong></h2><figure class=\"table\"><table class=\"ck-table-resized\"><colgroup><col style=\"width:42.45%;\" /><col style=\"width:57.55%;\" /></colgroup><tbody><tr><td><img class=\"image_resized\" style=\"width:100%;\" src=\"/api/annotations/0EFAC021-3FF1-7150-9636-CE6264D92DB0/images/image_v1.png\"></td><td><h4>\u00a0<span style=\"color:hsl(0,0%,0%);\"><i>By periodically shutting down to ensure all equipment is operating as best possible, the <strong>production unit was able to fulfill the order 10.5 days sooner (an 11% improvement on their typical fulfillment time)</strong>. In a high demand environment, this operational change has the <strong>ability to increase sales volumes and revenues by an equal percentage.</strong></i></span></h4></td></tr></tbody></table></figure><h4 style=\"text-align:right;\">\u00a0</h4><h4><strong>Problem Statement</strong></h4><p>Many manufacturing units hit process throughput constraints over the course of a run. These constraints are often reversible, but at the cost of shutting down to clean/maintain equipment. \u00a0</p><p>Assuming every production time period has associated downtime, predicting the right time to shutdown and clean equipment enables a unit to meet their production goals sooner. Meeting targets sooner translates into more production (&amp; $$) over time.\u00a0</p><p><a href=\"/links?type&#61;workstep&amp;workbook&#61;0EFABFC2-FF04-FB00-B91B-B77D3908FF24&amp;worksheet&#61;0EFAC021-3FB4-60C0-8D65-0C1D2F341811&amp;workstep&#61;0EFAC021-3FEE-EA40-A9DE-69CC1E2DDB38\" rel=\"nofollow noopener noreferrer\">Optimizing run length to meet production target sooner</a></p><p><strong>Solution:</strong></p><p><a href=\"/links?type&#61;workstep&amp;workbook&#61;0EFABFC2-FF04-FB00-B91B-B77D3908FF24&amp;worksheet&#61;0EFAC021-3FB4-60C0-8D65-0C1D2F341811&amp;workstep&#61;0EFAC021-3FE2-66F0-BA72-68B767C2808C\" rel=\"nofollow noopener noreferrer\">Predict future production rate and identify when the production target of 50,000 klb is met</a> <strong>if no downtime is scheduled during the run.</strong></p><ul><li><a href=\"/links?type&#61;condition&amp;item&#61;0EFABFE5-47F5-EA90-9A33-B83D39C569CC\" rel=\"nofollow noopener noreferrer\">Create a capsule for this run</a> - extend the capsule into the future far enough that it will capture the end of the run even with degrading production rates.</li><li><a href=\"/links?type&#61;signal&amp;item&#61;0EFABFE9-6615-F9E0-B0BE-43A937186267\" rel=\"nofollow noopener noreferrer\">Calculate the total time elapsed</a> since the beginning of the production run.</li><li><a href=\"/links?type&#61;signal&amp;item&#61;0EFABFEA-76D0-FF40-8C9F-A8CBD7AC5A4F\" rel=\"nofollow noopener noreferrer\">Create a predictive model</a> of the production rate based on the time signal.</li><li><a href=\"/links?type&#61;signal&amp;item&#61;0EFABFEB-7629-F9B0-8144-DA3C059C955A\" rel=\"nofollow noopener noreferrer\">Create a combined signal</a> of the Production Rate data that exists and the prediction for the future training.</li><li>Integrate the projected signal to <a href=\"/links?type&#61;signal&amp;item&#61;0EFABFED-CEDF-7580-9DA1-2BE151FF3121\" rel=\"nofollow noopener noreferrer\">create a production totalizer</a>.\u00a0</li><li><a href=\"/links?type&#61;workstep&amp;workbook&#61;0EFABFC2-FF04-FB00-B91B-B77D3908FF24&amp;worksheet&#61;0EFAC021-3FB4-60C0-8D65-0C1D2F341811&amp;workstep&#61;0EFAC021-3FE2-66F0-BA72-68B767C2808C\" rel=\"nofollow noopener noreferrer\">Identify</a> when 50,000 klb is produced.\u00a0</li></ul><p><a href=\"/links?type&#61;workstep&amp;workbook&#61;0EFABFC2-FF04-FB00-B91B-B77D3908FF24&amp;worksheet&#61;0EFAC021-3FB4-60C0-8D65-0C1D2F341811&amp;workstep&#61;0EFAC021-3FE4-EE00-B295-6B07E87DA6AA\" rel=\"nofollow noopener noreferrer\">Calculate the number of downtimes</a> that would be required to fulfill the order quantity at any point in the production cycle.\u00a0</p><ul><li>Create a capsule spanning the time over which production rate data exists for this run.\u00a0</li><li><a href=\"/links?type&#61;signal&amp;item&#61;0EFABFED-CEDF-7580-9DA1-2BE151FF3121\" rel=\"nofollow noopener noreferrer\">Calculate a totalizer signal</a> for a given amount of product produced at any point during the run.\u00a0</li><li><a href=\"/links?type&#61;signal&amp;item&#61;0EFABFF6-D6B3-FF50-9EB0-309BA8063791\" rel=\"nofollow noopener noreferrer\">Calculate the number of downtimes</a> that would be required to fulfill the order quantity at any point in the production cycle.\u00a0</li></ul><p><a href=\"/links?type&#61;workstep&amp;workbook&#61;0EFABFC2-FF04-FB00-B91B-B77D3908FF24&amp;worksheet&#61;0EFAC021-3FB4-60C0-8D65-0C1D2F341811&amp;workstep&#61;0EFAC021-3FE4-EE00-B29F-8197B2B707A9\" rel=\"nofollow noopener noreferrer\">Calculate the Average Production Rate</a> at each point during the current run time and the total run time (including downtimes) required to produce the given order quantity based on the number of required downtimes.</p><p><a href=\"/links?type&#61;workstep&amp;workbook&#61;0EFABFC2-FF04-FB00-B91B-B77D3908FF24&amp;worksheet&#61;0EFAC021-3FB4-60C0-8D65-0C1D2F341811&amp;workstep&#61;0EFAC021-3FE7-7510-ABF7-AEAEC950BBC4\" rel=\"nofollow noopener noreferrer\">Find the minimum run length required to show the full order fulfillment time</a>.\u00a0</p><p><a href=\"/links?type&#61;workstep&amp;workbook&#61;0EFABFC2-FF04-FB00-B91B-B77D3908FF24&amp;worksheet&#61;0EFAC021-3FB4-60C0-8D65-0C1D2F341811&amp;workstep&#61;0EFAC021-3FE9-EC20-9C91-0E0B9896FC82\" rel=\"nofollow noopener noreferrer\">Find the production rate at the point of minimum run length</a> to trigger proactive downtime.</p><p style=\"margin-left:0px;\"><a href=\"/links?type&#61;workstep&amp;workbook&#61;0EFABFC2-FF04-FB00-B91B-B77D3908FF24&amp;worksheet&#61;0EFAC021-3FB4-60C0-8D65-0C1D2F341811&amp;workstep&#61;0EFAC021-3FEC-7330-B957-DE25FA76A0B6\" rel=\"nofollow noopener noreferrer\">Build a Reference Profile for the ideal production cycles</a> to monitor current operations against.</p><p style=\"margin-left:0px;\"><a href=\"/links?type&#61;workstep&amp;workbook&#61;0EFABFC2-FF04-FB00-B91B-B77D3908FF24&amp;worksheet&#61;0EFAC021-3FB4-60C0-8D65-0C1D2F341811&amp;workstep&#61;0EFAC021-3FEE-EA40-A9DE-69CC1E2DDB38\" rel=\"nofollow noopener noreferrer\">Quantify the potential time savings</a> and monitor results.</p>",
        "DocumentBackup\u02c9DEg3Lh5pLS4-lG84EjGXXXdzxhd1450vkLgiu8he2l8\u02c92024-11-26T14:59:00Z": "<h2><strong>Run Length Optimization</strong></h2><figure class=\"table\"><table class=\"ck-table-resized\"><colgroup><col style=\"width:42.45%;\" /><col style=\"width:57.55%;\" /></colgroup><tbody><tr><td><img class=\"image_resized\" style=\"width:100%;\" src=\"/api/annotations/0EFAC021-3FF1-7150-9636-CE6264D92DB0/images/image_v1.png\"></td><td><h4>\u00a0<span style=\"color:hsl(0,0%,0%);\"><i>By periodically shutting down to ensure all equipment is operating as best possible, the <strong>production unit was able to fulfill the order 10.5 days sooner (an 11% improvement on their typical fulfillment time)</strong>. In a high demand environment, this operational change has the <strong>ability to increase sales volumes and revenues by an equal percentage.</strong></i></span></h4></td></tr></tbody></table></figure><h4 style=\"text-align:right;\">\u00a0</h4><h4><strong>Problem Statement</strong></h4><p>Many manufacturing units hit process throughput constraints over the course of a run. These constraints are often reversible, but at the cost of shutting down to clean/maintain equipment. \u00a0</p><p>Assuming every production time period has associated downtime, predicting the right time to shutdown and clean equipment enables a unit to meet their production goals sooner. Meeting targets sooner translates into more production (&amp; $$) over time.\u00a0</p><p><a href=\"/links?type&#61;workstep&amp;workbook&#61;0EFABFC2-FF04-FB00-B91B-B77D3908FF24&amp;worksheet&#61;0EFAC021-3FB4-60C0-8D65-0C1D2F341811&amp;workstep&#61;0EFAC021-3FEE-EA40-A9DE-69CC1E2DDB38\" rel=\"nofollow noopener noreferrer\">Optimizing run length to meet production target sooner</a></p><p><strong>Solution:</strong></p><p><a href=\"/links?type&#61;workstep&amp;workbook&#61;0EFABFC2-FF04-FB00-B91B-B77D3908FF24&amp;worksheet&#61;0EFAC021-3FB4-60C0-8D65-0C1D2F341811&amp;workstep&#61;0EFAC021-3FE2-66F0-BA72-68B767C2808C\" rel=\"nofollow noopener noreferrer\">Predict future production rate and identify when the production target of 50,000 klb is met</a> <strong>if no downtime is scheduled during the run.</strong></p><ul><li><a href=\"/links?type&#61;condition&amp;item&#61;0EFABFE5-47F5-EA90-9A33-B83D39C569CC\" rel=\"nofollow noopener noreferrer\">Create a capsule for this run</a> - extend the capsule into the future far enough that it will capture the end of the run even with degrading production rates.</li><li><a href=\"/links?type&#61;signal&amp;item&#61;0EFABFE9-6615-F9E0-B0BE-43A937186267\" rel=\"nofollow noopener noreferrer\">Calculate the total time elapsed</a> since the beginning of the production run.</li><li><a href=\"/links?type&#61;signal&amp;item&#61;0EFABFEA-76D0-FF40-8C9F-A8CBD7AC5A4F\" rel=\"nofollow noopener noreferrer\">Create a predictive model</a> of the production rate based on the time signal.</li><li><a href=\"/links?type&#61;signal&amp;item&#61;0EFABFEB-7629-F9B0-8144-DA3C059C955A\" rel=\"nofollow noopener noreferrer\">Create a combined signal</a> of the Production Rate data that exists and the prediction for the future training.</li><li>Integrate the projected signal to <a href=\"/links?type&#61;signal&amp;item&#61;0EFABFED-CEDF-7580-9DA1-2BE151FF3121\" rel=\"nofollow noopener noreferrer\">create a production totalizer</a>.\u00a0</li><li><a href=\"/links?type&#61;workstep&amp;workbook&#61;0EFABFC2-FF04-FB00-B91B-B77D3908FF24&amp;worksheet&#61;0EFAC021-3FB4-60C0-8D65-0C1D2F341811&amp;workstep&#61;0EFAC021-3FE2-66F0-BA72-68B767C2808C\" rel=\"nofollow noopener noreferrer\">Identify</a> when 50,000 klb is produced.\u00a0</li></ul><p><a href=\"/links?type&#61;workstep&amp;workbook&#61;0EFABFC2-FF04-FB00-B91B-B77D3908FF24&amp;worksheet&#61;0EFAC021-3FB4-60C0-8D65-0C1D2F341811&amp;workstep&#61;0EFAC021-3FE4-EE00-B295-6B07E87DA6AA\" rel=\"nofollow noopener noreferrer\">Calculate the number of downtimes</a> that would be required to fulfill the order quantity at any point in the production cycle.\u00a0</p><ul><li>Create a capsule spanning the time over which <a href=\"/links?type&#61;condition&amp;item&#61;0EFABFE6-8D02-E8D0-8C4E-1DD34B4A37A3\" rel=\"nofollow noopener noreferrer\">production rate data exists for this run</a>.\u00a0</li><li><a href=\"/links?type&#61;signal&amp;item&#61;0EFABFED-CEDF-7580-9DA1-2BE151FF3121\" rel=\"nofollow noopener noreferrer\">Calculate a totalizer signal</a> for a given amount of product produced at any point during the run.\u00a0</li><li><a href=\"/links?type&#61;signal&amp;item&#61;0EFABFF6-D6B3-FF50-9EB0-309BA8063791\" rel=\"nofollow noopener noreferrer\">Calculate the number of downtimes</a> that would be required to fulfill the order quantity at any point in the production cycle.\u00a0</li></ul><p><a href=\"/links?type&#61;workstep&amp;workbook&#61;0EFABFC2-FF04-FB00-B91B-B77D3908FF24&amp;worksheet&#61;0EFAC021-3FB4-60C0-8D65-0C1D2F341811&amp;workstep&#61;0EFAC021-3FE4-EE00-B29F-8197B2B707A9\" rel=\"nofollow noopener noreferrer\">Calculate the Average Production Rate</a> at each point during the current run time and the total run time (including downtimes) required to produce the given order quantity based on the number of required downtimes.</p><ul><li><a href=\"/links?type&#61;workstep&amp;workbook&#61;0EEA6545-8408-60B0-BC26-38EF1B63A68B&amp;worksheet&#61;0EEA66D6-0A5F-E8C0-B509-AA512B4D7771&amp;workstep&#61;0EEA66FF-A1BF-7160-AE62-DE4B426FD342\" rel=\"nofollow noopener noreferrer\">Calculate the total time elapsed</a> since the beginning of the production run.\u00a0</li><li><a href=\"/links?type&#61;workstep&amp;workbook&#61;0EEA6545-8408-60B0-BC26-38EF1B63A68B&amp;worksheet&#61;0EEA66D6-0A5F-E8C0-B509-AA512B4D7771&amp;workstep&#61;0EEA6713-DBC7-6420-A5BE-9A2D87874E6E\" rel=\"nofollow noopener noreferrer\">Calculate the Average Production Rate</a> at each point during the current run time.</li><li><a href=\"/links?type&#61;workstep&amp;workbook&#61;0EEA6545-8408-60B0-BC26-38EF1B63A68B&amp;worksheet&#61;0EEA66D6-0A5F-E8C0-B509-AA512B4D7771&amp;workstep&#61;0EEA66D6-0A7A-6670-9BDB-FBC26878D412\" rel=\"nofollow noopener noreferrer\">Calculate the total run time (including downtimes) required to produce the given order quantity</a> based on the number of required downtimes.\u00a0</li></ul><p><a href=\"/links?type&#61;workstep&amp;workbook&#61;0EFABFC2-FF04-FB00-B91B-B77D3908FF24&amp;worksheet&#61;0EFAC021-3FB4-60C0-8D65-0C1D2F341811&amp;workstep&#61;0EFAC021-3FE7-7510-ABF7-AEAEC950BBC4\" rel=\"nofollow noopener noreferrer\">Find the minimum run length required to show the full order fulfillment time</a>.\u00a0</p><p><a href=\"/links?type&#61;workstep&amp;workbook&#61;0EFABFC2-FF04-FB00-B91B-B77D3908FF24&amp;worksheet&#61;0EFAC021-3FB4-60C0-8D65-0C1D2F341811&amp;workstep&#61;0EFAC021-3FE9-EC20-9C91-0E0B9896FC82\" rel=\"nofollow noopener noreferrer\">Find the production rate at the point of minimum run length</a> to trigger proactive downtime.</p><p style=\"margin-left:0px;\"><a href=\"/links?type&#61;workstep&amp;workbook&#61;0EFABFC2-FF04-FB00-B91B-B77D3908FF24&amp;worksheet&#61;0EFAC021-3FB4-60C0-8D65-0C1D2F341811&amp;workstep&#61;0EFAC021-3FEC-7330-B957-DE25FA76A0B6\" rel=\"nofollow noopener noreferrer\">Build a Reference Profile for the ideal production cycles</a> to monitor current operations against.</p><p style=\"margin-left:0px;\"><a href=\"/links?type&#61;workstep&amp;workbook&#61;0EFABFC2-FF04-FB00-B91B-B77D3908FF24&amp;worksheet&#61;0EFAC021-3FB4-60C0-8D65-0C1D2F341811&amp;workstep&#61;0EFAC021-3FEE-EA40-A9DE-69CC1E2DDB38\" rel=\"nofollow noopener noreferrer\">Quantify the potential time savings</a> and monitor results.</p>",
        "DocumentBackup\u02c9DEg3Lh5pLS4-lG84EjGXXXdzxhd1450vkLgiu8he2l8\u02c92024-11-26T15:00:00Z": "<h2><strong>Run Length Optimization</strong></h2><figure class=\"table\"><table class=\"ck-table-resized\"><colgroup><col style=\"width:42.45%;\" /><col style=\"width:57.55%;\" /></colgroup><tbody><tr><td><img class=\"image_resized\" style=\"width:100%;\" src=\"/api/annotations/0EFAC021-3FF1-7150-9636-CE6264D92DB0/images/image_v1.png\"></td><td><h4>\u00a0<span style=\"color:hsl(0,0%,0%);\"><i>By periodically shutting down to ensure all equipment is operating as best possible, the <strong>production unit was able to fulfill the order 10.5 days sooner (an 11% improvement on their typical fulfillment time)</strong>. In a high demand environment, this operational change has the <strong>ability to increase sales volumes and revenues by an equal percentage.</strong></i></span></h4></td></tr></tbody></table></figure><h4 style=\"text-align:right;\">\u00a0</h4><h4><strong>Problem Statement</strong></h4><p>Many manufacturing units hit process throughput constraints over the course of a run. These constraints are often reversible, but at the cost of shutting down to clean/maintain equipment. \u00a0</p><p>Assuming every production time period has associated downtime, predicting the right time to shutdown and clean equipment enables a unit to meet their production goals sooner. Meeting targets sooner translates into more production (&amp; $$) over time.\u00a0</p><p><a href=\"/links?type&#61;workstep&amp;workbook&#61;0EFABFC2-FF04-FB00-B91B-B77D3908FF24&amp;worksheet&#61;0EFAC021-3FB4-60C0-8D65-0C1D2F341811&amp;workstep&#61;0EFAC021-3FEE-EA40-A9DE-69CC1E2DDB38\" rel=\"nofollow noopener noreferrer\">Optimizing run length to meet production target sooner</a></p><p><strong>Solution:</strong></p><p><a href=\"/links?type&#61;workstep&amp;workbook&#61;0EFABFC2-FF04-FB00-B91B-B77D3908FF24&amp;worksheet&#61;0EFAC021-3FB4-60C0-8D65-0C1D2F341811&amp;workstep&#61;0EFAC021-3FE2-66F0-BA72-68B767C2808C\" rel=\"nofollow noopener noreferrer\">Predict future production rate and identify when the production target of 50,000 klb is met</a> <strong>if no downtime is scheduled during the run.</strong></p><ul><li><a href=\"/links?type&#61;condition&amp;item&#61;0EFABFE5-47F5-EA90-9A33-B83D39C569CC\" rel=\"nofollow noopener noreferrer\">Create a capsule for this run</a> - extend the capsule into the future far enough that it will capture the end of the run even with degrading production rates.</li><li><a href=\"/links?type&#61;signal&amp;item&#61;0EFABFE9-6615-F9E0-B0BE-43A937186267\" rel=\"nofollow noopener noreferrer\">Calculate the total time elapsed</a> since the beginning of the production run.</li><li><a href=\"/links?type&#61;signal&amp;item&#61;0EFABFEA-76D0-FF40-8C9F-A8CBD7AC5A4F\" rel=\"nofollow noopener noreferrer\">Create a predictive model</a> of the production rate based on the time signal.</li><li><a href=\"/links?type&#61;signal&amp;item&#61;0EFABFEB-7629-F9B0-8144-DA3C059C955A\" rel=\"nofollow noopener noreferrer\">Create a combined signal</a> of the Production Rate data that exists and the prediction for the future training.</li><li>Integrate the projected signal to <a href=\"/links?type&#61;signal&amp;item&#61;0EFABFED-CEDF-7580-9DA1-2BE151FF3121\" rel=\"nofollow noopener noreferrer\">create a production totalizer</a>.\u00a0</li><li><a href=\"/links?type&#61;workstep&amp;workbook&#61;0EFABFC2-FF04-FB00-B91B-B77D3908FF24&amp;worksheet&#61;0EFAC021-3FB4-60C0-8D65-0C1D2F341811&amp;workstep&#61;0EFAC021-3FE2-66F0-BA72-68B767C2808C\" rel=\"nofollow noopener noreferrer\">Identify</a> when 50,000 klb is produced.\u00a0</li></ul><p><a href=\"/links?type&#61;workstep&amp;workbook&#61;0EFABFC2-FF04-FB00-B91B-B77D3908FF24&amp;worksheet&#61;0EFAC021-3FB4-60C0-8D65-0C1D2F341811&amp;workstep&#61;0EFAC021-3FE4-EE00-B295-6B07E87DA6AA\" rel=\"nofollow noopener noreferrer\">Calculate the number of downtimes</a> that would be required to fulfill the order quantity at any point in the production cycle.\u00a0</p><ul><li>Create a capsule spanning the time over which <a href=\"/links?type&#61;condition&amp;item&#61;0EFABFE6-8D02-E8D0-8C4E-1DD34B4A37A3\" rel=\"nofollow noopener noreferrer\">production rate data exists for this run</a>.\u00a0</li><li><a href=\"/links?type&#61;signal&amp;item&#61;0EFABFED-CEDF-7580-9DA1-2BE151FF3121\" rel=\"nofollow noopener noreferrer\">Calculate a totalizer signal</a> for a given amount of product produced at any point during the run.\u00a0</li><li><a href=\"/links?type&#61;signal&amp;item&#61;0EFABFF6-D6B3-FF50-9EB0-309BA8063791\" rel=\"nofollow noopener noreferrer\">Calculate the number of downtimes</a> that would be required to fulfill the order quantity at any point in the production cycle.\u00a0</li></ul><p><a href=\"/links?type&#61;workstep&amp;workbook&#61;0EFABFC2-FF04-FB00-B91B-B77D3908FF24&amp;worksheet&#61;0EFAC021-3FB4-60C0-8D65-0C1D2F341811&amp;workstep&#61;0EFAC021-3FE4-EE00-B29F-8197B2B707A9\" rel=\"nofollow noopener noreferrer\">Calculate the Average Production Rate</a> at each point during the current run time and the total run time (including downtimes) required to produce the given order quantity based on the number of required downtimes.</p><ul><li>Calculate the total time elapsed since the beginning of the production run.\u00a0</li><li>Calculate the Average Production Rate at each point during the current run time.</li><li><a href=\"/links?type&#61;workstep&amp;workbook&#61;0EEA6545-8408-60B0-BC26-38EF1B63A68B&amp;worksheet&#61;0EEA66D6-0A5F-E8C0-B509-AA512B4D7771&amp;workstep&#61;0EEA66D6-0A7A-6670-9BDB-FBC26878D412\" rel=\"nofollow noopener noreferrer\">Calculate the total run time (including downtimes) required to produce the given order quantity</a> based on the number of required downtimes.\u00a0</li></ul><p><a href=\"/links?type&#61;workstep&amp;workbook&#61;0EFABFC2-FF04-FB00-B91B-B77D3908FF24&amp;worksheet&#61;0EFAC021-3FB4-60C0-8D65-0C1D2F341811&amp;workstep&#61;0EFAC021-3FE7-7510-ABF7-AEAEC950BBC4\" rel=\"nofollow noopener noreferrer\">Find the minimum run length required to show the full order fulfillment time</a>.\u00a0</p><p><a href=\"/links?type&#61;workstep&amp;workbook&#61;0EFABFC2-FF04-FB00-B91B-B77D3908FF24&amp;worksheet&#61;0EFAC021-3FB4-60C0-8D65-0C1D2F341811&amp;workstep&#61;0EFAC021-3FE9-EC20-9C91-0E0B9896FC82\" rel=\"nofollow noopener noreferrer\">Find the production rate at the point of minimum run length</a> to trigger proactive downtime.</p><p style=\"margin-left:0px;\"><a href=\"/links?type&#61;workstep&amp;workbook&#61;0EFABFC2-FF04-FB00-B91B-B77D3908FF24&amp;worksheet&#61;0EFAC021-3FB4-60C0-8D65-0C1D2F341811&amp;workstep&#61;0EFAC021-3FEC-7330-B957-DE25FA76A0B6\" rel=\"nofollow noopener noreferrer\">Build a Reference Profile for the ideal production cycles</a> to monitor current operations against.</p><p style=\"margin-left:0px;\"><a href=\"/links?type&#61;workstep&amp;workbook&#61;0EFABFC2-FF04-FB00-B91B-B77D3908FF24&amp;worksheet&#61;0EFAC021-3FB4-60C0-8D65-0C1D2F341811&amp;workstep&#61;0EFAC021-3FEE-EA40-A9DE-69CC1E2DDB38\" rel=\"nofollow noopener noreferrer\">Quantify the potential time savings</a> and monitor results.</p>",
        "DocumentBackup\u02c9system\u02c92024-11-26T14:23:00Z": "<h2><strong>Run Length Optimization</strong></h2><figure class=\"table\"><table class=\"ck-table-resized\"><colgroup><col style=\"width:42.45%;\" /><col style=\"width:57.55%;\" /></colgroup><tbody><tr><td><img class=\"image_resized\" style=\"width:100%;\" src=\"/api/annotations/0EFAC021-3FF1-7150-9636-CE6264D92DB0/images/image_v1.png\"></td><td><h4>\u00a0<span style=\"color:hsl(0,0%,0%);\"><i>By periodically shutting down to ensure all equipment is operating as best possible, the <strong>production unit was able to fulfill the order 10.5 days sooner (an 11% improvement on their typical fulfillment time)</strong>. In a high demand environment, this operational change has the <strong>ability to increase sales volumes and revenues by an equal percentage.</strong></i></span></h4></td></tr></tbody></table></figure><h4 style=\"text-align:right;\">\u00a0</h4><h4><strong>Problem Statement</strong></h4><p>Many manufacturing units hit process throughput constraints over the course of a run. These constraints are often reversible, but at the cost of shutting down to clean/maintain equipment. \u00a0</p><p>Assuming every production time period has associated downtime, predicting the right time to shutdown and clean equipment enables a unit to meet their production goals sooner. Meeting targets sooner translates into more production (&amp; $$) over time.\u00a0</p><p><a href=\"/links?type&#61;workstep&amp;workbook&#61;0EFABFC2-FF04-FB00-B91B-B77D3908FF24&amp;worksheet&#61;0EFABFC3-0323-6600-B0BC-B40589A17692&amp;workstep&#61;0EFAC01C-82AA-FF00-933A-06D19F0E266C\" rel=\"nofollow noopener noreferrer\">Optimizing run length to meet production target sooner</a></p><p><strong>Solution:</strong></p><p><a href=\"/links?type&#61;workstep&amp;workbook&#61;0EFABFC2-FF04-FB00-B91B-B77D3908FF24&amp;worksheet&#61;0EFABFC3-0323-6600-B0BC-B40589A17692&amp;workstep&#61;0EFABFF3-D719-F9C0-B3A8-8146AF559EB1\" rel=\"nofollow noopener noreferrer\">Predict future production rate and identify when the production target of 50,000 klb is met</a> <strong>if no downtime is scheduled during the run.</strong></p><p><a href=\"/links?type&#61;workstep&amp;workbook&#61;0EFABFC2-FF04-FB00-B91B-B77D3908FF24&amp;worksheet&#61;0EFABFC3-0323-6600-B0BC-B40589A17692&amp;workstep&#61;0EFABFFB-9D15-EA50-AAE8-ADEDA49BAC59\" rel=\"nofollow noopener noreferrer\">Calculate the number of downtimes</a> that would be required to fulfill the order quantity at any point in the production cycle.\u00a0</p><p><a href=\"/links?type&#61;workstep&amp;workbook&#61;0EFABFC2-FF04-FB00-B91B-B77D3908FF24&amp;worksheet&#61;0EFABFC3-0323-6600-B0BC-B40589A17692&amp;workstep&#61;0EFAC001-3870-FD10-B5B0-3B302006F9DC\" rel=\"nofollow noopener noreferrer\">Calculate the Average Production Rate</a> at each point during the current run time and the total run time (including downtimes) required to produce the given order quantity based on the number of required downtimes.</p><p><a href=\"/links?type&#61;workstep&amp;workbook&#61;0EFABFC2-FF04-FB00-B91B-B77D3908FF24&amp;worksheet&#61;0EFABFC3-0323-6600-B0BC-B40589A17692&amp;workstep&#61;0EFAC006-18F3-FF50-890A-59F4222DA822\" rel=\"nofollow noopener noreferrer\">Find the minimum run length required to show the full order fulfillment time</a>.\u00a0</p><p><a href=\"/links?type&#61;workstep&amp;workbook&#61;0EFABFC2-FF04-FB00-B91B-B77D3908FF24&amp;worksheet&#61;0EFABFC3-0323-6600-B0BC-B40589A17692&amp;workstep&#61;0EFAC00A-8C31-7770-B1FA-1E7436BEDBEA\" rel=\"nofollow noopener noreferrer\">Find the production rate at the point of minimum run length</a> to trigger proactive downtime.</p><p style=\"margin-left:0px;\"><a href=\"/links?type&#61;workstep&amp;workbook&#61;0EFABFC2-FF04-FB00-B91B-B77D3908FF24&amp;worksheet&#61;0EFABFC3-0323-6600-B0BC-B40589A17692&amp;workstep&#61;0EFAC013-87B3-EC80-86F6-A547F8ED91D8\" rel=\"nofollow noopener noreferrer\">Build a Reference Profile for the ideal production cycles</a> to monitor current operations against.</p><p style=\"margin-left:0px;\"><a href=\"/links?type&#61;workstep&amp;workbook&#61;0EFABFC2-FF04-FB00-B91B-B77D3908FF24&amp;worksheet&#61;0EFABFC3-0323-6600-B0BC-B40589A17692&amp;workstep&#61;0EFAC01C-82AA-FF00-933A-06D19F0E266C\" rel=\"nofollow noopener noreferrer\">Quantify the potential time savings</a> and monitor results.</p>",
        "Enabled": true,
        "ID": "0EFAC021-3FF1-7150-9636-CE6264D92DB0",
        "Is CK Enabled": true,
        "Locked": false,
        "Name": "Run Length Optimization",
        "Plain Text Document": "Run Length Optimization\u00a0By periodically shutting down to ensure all equipment is operating as best possible, the production unit was able to fulfill the order 10.5 days sooner (an 11% improvement on their typical fulfillment time). In a high demand environment, this operational change has the ability to increase sales volumes and revenues by an equal percentage.\u00a0Problem StatementMany manufacturing units hit process throughput constraints over the course of a run. These constraints are often reversible, but at the cost of shutting down to clean/maintain equipment. \u00a0Assuming every production time period has associated downtime, predicting the right time to shutdown and clean equipment enables a unit to meet their production goals sooner. Meeting targets sooner translates into more production (&amp; $$) over time.\u00a0Optimizing run length to meet production target soonerSolution:Predict future production rate and identify when the production target of 50,000 klb is met if no downtime is scheduled during the run.Create a capsule for this run - extend the capsule into the future far enough that it will capture the end of the run even with degrading production rates.Calculate the total time elapsed since the beginning of the production run.Create a predictive model of the production rate based on the time signal.Create a combined signal of the Production Rate data that exists and the prediction for the future training.Integrate the projected signal to create a production totalizer.\u00a0Identify when 50,000 klb is produced.\u00a0Calculate the number of downtimes that would be required to fulfill the order quantity at any point in the production cycle.\u00a0Create a capsule spanning the time over which production rate data exists for this run.\u00a0Calculate a totalizer signal for a given amount of product produced at any point during the run.\u00a0Calculate the number of downtimes that would be required to fulfill the order quantity at any point in the production cycle.\u00a0Calculate the Average Production Rate at each point during the current run time and the total run time (including downtimes) required to produce the given order quantity based on the number of required downtimes.Calculate the total time elapsed since the beginning of the production run.\u00a0Calculate the Average Production Rate at each point during the current run time.Calculate the total run time (including downtimes) required to produce the given order quantity based on the number of required downtimes.\u00a0Find the minimum run length required to show the full order fulfillment time.\u00a0Find the production rate at the point of minimum run length to trigger proactive downtime.Build a Reference Profile for the ideal production cycles to monitor current operations against.Quantify the potential time savings and monitor results.",
        "Type": "Journal",
        "Unsearchable": false,
        "Updated At": "1732633229451123608"
    }
}