{
    "Archived": false,
    "Cache Enabled": false,
    "Created At": "1732631039692207448",
    "Enabled": true,
    "ID": "0EFAC021-3FB4-60C0-8D65-0C1D2F341811",
    "Locked": false,
    "Unsearchable": false,
    "Updated At": "1732633124037983308",
    "Name": "Run Length Optimization Extended Demo",
    "Type": "Worksheet",
    "Annotation ID": "0EFAC021-3FF1-7150-9636-CE6264D92DB0",
    "Current Workstep ID": "0EFAC021-3FEE-EA40-A9DE-69CC1E2DDB38",
    "URL": "https://demo.seeq.dev/0EFA6A0B-4C9B-71B0-ADCE-2000B1F79638/workbook/0EFABFC2-FF04-FB00-B91B-B77D3908FF24/worksheet/0EFAC021-3FB4-60C0-8D65-0C1D2F341811"
}