{
    "Archived": false,
    "Cache Enabled": false,
    "Created At": "1732628510048055923",
    "Enabled": true,
    "ID": "0EFABFC3-0323-6600-B0BC-B40589A17692",
    "Locked": false,
    "Unsearchable": false,
    "Updated At": "1732630912497651468",
    "Name": "Run Length Optimization Demo",
    "Type": "Worksheet",
    "Annotation ID": "0EFABFC3-1379-E810-B808-3CB3A72066C5",
    "Current Workstep ID": "0EFAC01C-82AA-FF00-933A-06D19F0E266C",
    "URL": "https://demo.seeq.dev/0EFA6A0B-4C9B-71B0-ADCE-2000B1F79638/workbook/0EFABFC2-FF04-FB00-B91B-B77D3908FF24/worksheet/0EFABFC3-0323-6600-B0BC-B40589A17692"
}