{
    "Definition": {
        "Archived": false,
        "Cache Enabled": false,
        "Created At": "1701876316895729427",
        "Description": "&nbsp; A Major Renewables Operator used Seeq to monitor soiling losses across all solar farms and take action when losses exceeded maintenance costs. Objective Solar plants consisting of axis tracking panels are subject to tracker equipment failures or inaccuracies. All solar plants are subject to panel soiling losses. Developing a",
        "Document": "<h1><strong>Solar Axis Tracking/Soiling Loss Calculation</strong></h1><figure class=\"table\" style=\"width:100%;\"><table class=\"ck-table-resized\" style=\"border-color:hsl(0, 0%, 100%);border-style:solid;\"><colgroup><col style=\"width:38.31%;\" /><col style=\"width:61.69%;\" /></colgroup><tbody><tr><td style=\"border-color:hsl(0, 0%, 100%);border-style:solid;\">\u00a0</td><td style=\"border-color:hsl(0, 0%, 100%);border-style:solid;\"><h4><i><strong>A Major Renewables Operator </strong>used Seeq to monitor soiling losses across all solar farms and take action when losses exceeded maintenance costs.</i></h4></td></tr></tbody></table></figure><h4><strong>Objective</strong></h4><p>Solar plants consisting of axis tracking panels are subject to tracker equipment failures or inaccuracies. All solar plants are subject to panel soiling losses. Developing a model of expected power output based on meteorology data allows for the estimation of losses related to tracker faults or soiling. This allows the engineers monitoring the plant to make informed decisions about when panels should be cleaned off, or if the tracker control module/motors need maintenance or optimization.\u00a0</p><h4>\u00a0</h4><h4><strong>Analysis Steps:</strong></h4><p><a href=\"/links?type&#61;workstep&amp;workbook&#61;0EE944BA-280C-6470-BDA4-408461642755&amp;worksheet&#61;0EE944BA-7145-6650-8CDC-26A716B882D4&amp;workstep&#61;0EEA9C50-BF74-7530-91C9-5D1B2243BD2E\" rel=\"nofollow noopener noreferrer\">starting point</a></p><p><i>Do It! </i>Find when the sun is shining using <a href=\"/links?type&#61;condition&amp;item&#61;0EEA9C76-6B24-E810-A2F2-A65F43A7E64C\" rel=\"nofollow noopener noreferrer\">value search (limit greater than 75)</a></p><p>Create a training condition when the<a href=\"/links?type&#61;condition&amp;item&#61;0EEA9C8F-4B7B-EEA0-ADFE-90E386819A24\" rel=\"nofollow noopener noreferrer\"> sun is shining and tracker deviations are low</a></p><p>Develop a <a href=\"/links?type&#61;signal&amp;item&#61;0EEAA531-5F0E-73A0-BACC-42045CDA10F5\" rel=\"nofollow noopener noreferrer\">Power Model</a> when panels were clean and trackers were close to setpoint</p><p>Determine the <a href=\"/links?type&#61;signal&amp;item&#61;0EEAA5A7-7153-6080-B468-E27D12C49DC3\" rel=\"nofollow noopener noreferrer\">difference between model and actual power output</a></p><p><a href=\"/links?type&#61;workstep&amp;workbook&#61;0EE944BA-280C-6470-BDA4-408461642755&amp;worksheet&#61;0EE944BA-7145-6650-8CDC-26A716B882D4&amp;workstep&#61;0EEAA750-28C5-71B0-9CB0-D1C298A54683\" rel=\"nofollow noopener noreferrer\">Totalize lost power due to Soiling/axis tracking issues</a></p><p>Build a <a href=\"/links?type&#61;workstep&amp;workbook&#61;0EE944BA-280C-6470-BDA4-408461642755&amp;worksheet&#61;0EE944BA-7145-6650-8CDC-26A716B882D4&amp;workstep&#61;0EEAA787-22DD-FDB0-BE36-3EC4F40B1F84\" rel=\"nofollow noopener noreferrer\">table of lost revenue due to soiling and axis tracking issues</a> to determine when maintenance should be performed</p><p>\u00a0</p><p>\u00a0</p>",
        "DocumentBackup\u02c98tDOnRtvJ_0fJzBE2zXbzNqYmvH92F9UQ36NuzvSPeQ\u02c92024-01-03T20:41:00Z": "<h1><strong>Solar Axis Tracking/Soiling Loss Calculation</strong></h1><p>\u00a0</p><h4><strong>Objective</strong></h4><p>When Monitoring a solar plant, optimization of assets is vital because any loss in the system directly contributes to lost revenue. Solar plants consisting of axis tracking panels are subject to tracker equipment failures or inaccuracies, and all plants are subject to panel soiling. Developing a model of expected power output based on meteorology data allows for the estimation of losses related to tracker faults or soiling. This allows the engineers monitoring the plant to make informed decisions about when panels should be cleaned off, or if the tracker control module/motors need maintenance or optimization.\u00a0</p><h4>\u00a0</h4><h4><strong>Analysis Steps:</strong></h4><p><a href=\"/links?type&#61;workstep&amp;workbook&#61;0EE944BA-280C-6470-BDA4-408461642755&amp;worksheet&#61;0EE944BA-7145-6650-8CDC-26A716B882D4&amp;workstep&#61;0EEA9C50-BF74-7530-91C9-5D1B2243BD2E\" rel=\"nofollow noopener noreferrer\">starting point</a></p><p><i>Do It! </i>Find when the sun is shining using <a href=\"/links?type&#61;condition&amp;item&#61;0EEA9C76-6B24-E810-A2F2-A65F43A7E64C\" rel=\"nofollow noopener noreferrer\">value search (limit greater than 75)</a></p><p>Create a training condition when the<a href=\"/links?type&#61;condition&amp;item&#61;0EEA9C8F-4B7B-EEA0-ADFE-90E386819A24\" rel=\"nofollow noopener noreferrer\"> sun is shining and tracker deviations are low</a></p><p><strong>Develop a </strong><a href=\"/links?type&#61;signal&amp;item&#61;0EEAA531-5F0E-73A0-BACC-42045CDA10F5\" rel=\"nofollow noopener noreferrer\"><strong>Power Model</strong></a><strong> </strong>when panels were clean and trackers were close to setpoint</p><p>Determine the <a href=\"/links?type&#61;signal&amp;item&#61;0EEAA5A7-7153-6080-B468-E27D12C49DC3\" rel=\"nofollow noopener noreferrer\">difference between model and actual power output</a></p><p><a href=\"/links?type&#61;workstep&amp;workbook&#61;0EE944BA-280C-6470-BDA4-408461642755&amp;worksheet&#61;0EE944BA-7145-6650-8CDC-26A716B882D4&amp;workstep&#61;0EEAA750-28C5-71B0-9CB0-D1C298A54683\" rel=\"nofollow noopener noreferrer\">Totalize lost power due to Soiling/axis tracking issues</a></p><p>Build a <a href=\"/links?type&#61;workstep&amp;workbook&#61;0EE944BA-280C-6470-BDA4-408461642755&amp;worksheet&#61;0EE944BA-7145-6650-8CDC-26A716B882D4&amp;workstep&#61;0EEAA787-22DD-FDB0-BE36-3EC4F40B1F84\" rel=\"nofollow noopener noreferrer\">table of lost revenue due to soiling and axis tracking issues</a> to determine when maintenance should be performed</p><p>\u00a0</p><p>\u00a0</p>",
        "DocumentBackup\u02c98tDOnRtvJ_0fJzBE2zXbzNqYmvH92F9UQ36NuzvSPeQ\u02c92024-01-03T20:46:00Z": "<h1><strong>Solar Axis Tracking/Soiling Loss Calculation</strong></h1><figure class=\"table\" style=\"width:100%;\"><table class=\"ck-table-resized\" style=\"border-color:hsl(0, 0%, 100%);border-style:solid;\"><colgroup><col style=\"width:38.31%;\" /><col style=\"width:61.69%;\" /></colgroup><tbody><tr><td style=\"border-color:hsl(0, 0%, 100%);border-style:solid;\"><img src=\"/api/annotations/0EE944BA-8B4E-66F0-9818-866877A8160E/images/image_v1.png\"></td><td style=\"border-color:hsl(0, 0%, 100%);border-style:solid;\"><h4><i><strong>British Sugar </strong>used Seeq to monitor vibration across pulp driers to quickly and easily identify anomalous vibration measurements.</i></h4><p><a target=\"_blank\" href=\"https://engage.seeq.com/public-customer-stories/reliability/british-sugar-identfies-advanced-analytics-opportunities-within-the-sugar-industry?w&#61;5c106\" rel=\"nofollow noopener noreferrer\">Public Customer Stories | seeq.com</a></p></td></tr></tbody></table></figure><h4><strong>Objective</strong></h4><p>When Monitoring a solar plant, optimization of assets is vital because any loss in the system directly contributes to lost revenue. Solar plants consisting of axis tracking panels are subject to tracker equipment failures or inaccuracies, and all plants are subject to panel soiling. Developing a model of expected power output based on meteorology data allows for the estimation of losses related to tracker faults or soiling. This allows the engineers monitoring the plant to make informed decisions about when panels should be cleaned off, or if the tracker control module/motors need maintenance or optimization.\u00a0</p><h4>\u00a0</h4><h4><strong>Analysis Steps:</strong></h4><p><a href=\"/links?type&#61;workstep&amp;workbook&#61;0EE944BA-280C-6470-BDA4-408461642755&amp;worksheet&#61;0EE944BA-7145-6650-8CDC-26A716B882D4&amp;workstep&#61;0EEA9C50-BF74-7530-91C9-5D1B2243BD2E\" rel=\"nofollow noopener noreferrer\">starting point</a></p><p><i>Do It! </i>Find when the sun is shining using <a href=\"/links?type&#61;condition&amp;item&#61;0EEA9C76-6B24-E810-A2F2-A65F43A7E64C\" rel=\"nofollow noopener noreferrer\">value search (limit greater than 75)</a></p><p>Create a training condition when the<a href=\"/links?type&#61;condition&amp;item&#61;0EEA9C8F-4B7B-EEA0-ADFE-90E386819A24\" rel=\"nofollow noopener noreferrer\"> sun is shining and tracker deviations are low</a></p><p><strong>Develop a </strong><a href=\"/links?type&#61;signal&amp;item&#61;0EEAA531-5F0E-73A0-BACC-42045CDA10F5\" rel=\"nofollow noopener noreferrer\"><strong>Power Model</strong></a><strong> </strong>when panels were clean and trackers were close to setpoint</p><p>Determine the <a href=\"/links?type&#61;signal&amp;item&#61;0EEAA5A7-7153-6080-B468-E27D12C49DC3\" rel=\"nofollow noopener noreferrer\">difference between model and actual power output</a></p><p><a href=\"/links?type&#61;workstep&amp;workbook&#61;0EE944BA-280C-6470-BDA4-408461642755&amp;worksheet&#61;0EE944BA-7145-6650-8CDC-26A716B882D4&amp;workstep&#61;0EEAA750-28C5-71B0-9CB0-D1C298A54683\" rel=\"nofollow noopener noreferrer\">Totalize lost power due to Soiling/axis tracking issues</a></p><p>Build a <a href=\"/links?type&#61;workstep&amp;workbook&#61;0EE944BA-280C-6470-BDA4-408461642755&amp;worksheet&#61;0EE944BA-7145-6650-8CDC-26A716B882D4&amp;workstep&#61;0EEAA787-22DD-FDB0-BE36-3EC4F40B1F84\" rel=\"nofollow noopener noreferrer\">table of lost revenue due to soiling and axis tracking issues</a> to determine when maintenance should be performed</p><p>\u00a0</p><p>\u00a0</p>",
        "DocumentBackup\u02c98tDOnRtvJ_0fJzBE2zXbzNqYmvH92F9UQ36NuzvSPeQ\u02c92024-01-03T20:47:00Z": "<h1><strong>Solar Axis Tracking/Soiling Loss Calculation</strong></h1><figure class=\"table\" style=\"width:100%;\"><table class=\"ck-table-resized\" style=\"border-color:hsl(0, 0%, 100%);border-style:solid;\"><colgroup><col style=\"width:38.31%;\" /><col style=\"width:61.69%;\" /></colgroup><tbody><tr><td style=\"border-color:hsl(0, 0%, 100%);border-style:solid;\">\u00a0</td><td style=\"border-color:hsl(0, 0%, 100%);border-style:solid;\"><h4><i><strong>British Sugar </strong>used Seeq to monitor vibration across pulp driers to quickly and easily identify anomalous vibration measurements.</i></h4><p>\u00a0</p></td></tr></tbody></table></figure><h4><strong>Objective</strong></h4><p>When Monitoring a solar plant, optimization of assets is vital because any loss in the system directly contributes to lost revenue. Solar plants consisting of axis tracking panels are subject to tracker equipment failures or inaccuracies, and all plants are subject to panel soiling. Developing a model of expected power output based on meteorology data allows for the estimation of losses related to tracker faults or soiling. This allows the engineers monitoring the plant to make informed decisions about when panels should be cleaned off, or if the tracker control module/motors need maintenance or optimization.\u00a0</p><h4>\u00a0</h4><h4><strong>Analysis Steps:</strong></h4><p><a href=\"/links?type&#61;workstep&amp;workbook&#61;0EE944BA-280C-6470-BDA4-408461642755&amp;worksheet&#61;0EE944BA-7145-6650-8CDC-26A716B882D4&amp;workstep&#61;0EEA9C50-BF74-7530-91C9-5D1B2243BD2E\" rel=\"nofollow noopener noreferrer\">starting point</a></p><p><i>Do It! </i>Find when the sun is shining using <a href=\"/links?type&#61;condition&amp;item&#61;0EEA9C76-6B24-E810-A2F2-A65F43A7E64C\" rel=\"nofollow noopener noreferrer\">value search (limit greater than 75)</a></p><p>Create a training condition when the<a href=\"/links?type&#61;condition&amp;item&#61;0EEA9C8F-4B7B-EEA0-ADFE-90E386819A24\" rel=\"nofollow noopener noreferrer\"> sun is shining and tracker deviations are low</a></p><p><strong>Develop a </strong><a href=\"/links?type&#61;signal&amp;item&#61;0EEAA531-5F0E-73A0-BACC-42045CDA10F5\" rel=\"nofollow noopener noreferrer\"><strong>Power Model</strong></a><strong> </strong>when panels were clean and trackers were close to setpoint</p><p>Determine the <a href=\"/links?type&#61;signal&amp;item&#61;0EEAA5A7-7153-6080-B468-E27D12C49DC3\" rel=\"nofollow noopener noreferrer\">difference between model and actual power output</a></p><p><a href=\"/links?type&#61;workstep&amp;workbook&#61;0EE944BA-280C-6470-BDA4-408461642755&amp;worksheet&#61;0EE944BA-7145-6650-8CDC-26A716B882D4&amp;workstep&#61;0EEAA750-28C5-71B0-9CB0-D1C298A54683\" rel=\"nofollow noopener noreferrer\">Totalize lost power due to Soiling/axis tracking issues</a></p><p>Build a <a href=\"/links?type&#61;workstep&amp;workbook&#61;0EE944BA-280C-6470-BDA4-408461642755&amp;worksheet&#61;0EE944BA-7145-6650-8CDC-26A716B882D4&amp;workstep&#61;0EEAA787-22DD-FDB0-BE36-3EC4F40B1F84\" rel=\"nofollow noopener noreferrer\">table of lost revenue due to soiling and axis tracking issues</a> to determine when maintenance should be performed</p><p>\u00a0</p><p>\u00a0</p>",
        "DocumentBackup\u02c98tDOnRtvJ_0fJzBE2zXbzNqYmvH92F9UQ36NuzvSPeQ\u02c92024-01-03T20:48:00Z": "<h1><strong>Solar Axis Tracking/Soiling Loss Calculation</strong></h1><figure class=\"table\" style=\"width:100%;\"><table class=\"ck-table-resized\" style=\"border-color:hsl(0, 0%, 100%);border-style:solid;\"><colgroup><col style=\"width:38.31%;\" /><col style=\"width:61.69%;\" /></colgroup><tbody><tr><td style=\"border-color:hsl(0, 0%, 100%);border-style:solid;\">\u00a0</td><td style=\"border-color:hsl(0, 0%, 100%);border-style:solid;\"><h4><i><strong>A Major Renewables \u00a0</strong>used Seeq to monitor vibration across pulp driers to quickly and easily identify anomalous vibration measurements.</i></h4></td></tr></tbody></table></figure><h4><strong>Objective</strong></h4><p>When Monitoring a solar plant, optimization of assets is vital because any loss in the system directly contributes to lost revenue. Solar plants consisting of axis tracking panels are subject to tracker equipment failures or inaccuracies, and all plants are subject to panel soiling. Developing a model of expected power output based on meteorology data allows for the estimation of losses related to tracker faults or soiling. This allows the engineers monitoring the plant to make informed decisions about when panels should be cleaned off, or if the tracker control module/motors need maintenance or optimization.\u00a0</p><h4>\u00a0</h4><h4><strong>Analysis Steps:</strong></h4><p><a href=\"/links?type&#61;workstep&amp;workbook&#61;0EE944BA-280C-6470-BDA4-408461642755&amp;worksheet&#61;0EE944BA-7145-6650-8CDC-26A716B882D4&amp;workstep&#61;0EEA9C50-BF74-7530-91C9-5D1B2243BD2E\" rel=\"nofollow noopener noreferrer\">starting point</a></p><p><i>Do It! </i>Find when the sun is shining using <a href=\"/links?type&#61;condition&amp;item&#61;0EEA9C76-6B24-E810-A2F2-A65F43A7E64C\" rel=\"nofollow noopener noreferrer\">value search (limit greater than 75)</a></p><p>Create a training condition when the<a href=\"/links?type&#61;condition&amp;item&#61;0EEA9C8F-4B7B-EEA0-ADFE-90E386819A24\" rel=\"nofollow noopener noreferrer\"> sun is shining and tracker deviations are low</a></p><p><strong>Develop a </strong><a href=\"/links?type&#61;signal&amp;item&#61;0EEAA531-5F0E-73A0-BACC-42045CDA10F5\" rel=\"nofollow noopener noreferrer\"><strong>Power Model</strong></a><strong> </strong>when panels were clean and trackers were close to setpoint</p><p>Determine the <a href=\"/links?type&#61;signal&amp;item&#61;0EEAA5A7-7153-6080-B468-E27D12C49DC3\" rel=\"nofollow noopener noreferrer\">difference between model and actual power output</a></p><p><a href=\"/links?type&#61;workstep&amp;workbook&#61;0EE944BA-280C-6470-BDA4-408461642755&amp;worksheet&#61;0EE944BA-7145-6650-8CDC-26A716B882D4&amp;workstep&#61;0EEAA750-28C5-71B0-9CB0-D1C298A54683\" rel=\"nofollow noopener noreferrer\">Totalize lost power due to Soiling/axis tracking issues</a></p><p>Build a <a href=\"/links?type&#61;workstep&amp;workbook&#61;0EE944BA-280C-6470-BDA4-408461642755&amp;worksheet&#61;0EE944BA-7145-6650-8CDC-26A716B882D4&amp;workstep&#61;0EEAA787-22DD-FDB0-BE36-3EC4F40B1F84\" rel=\"nofollow noopener noreferrer\">table of lost revenue due to soiling and axis tracking issues</a> to determine when maintenance should be performed</p><p>\u00a0</p><p>\u00a0</p>",
        "DocumentBackup\u02c98tDOnRtvJ_0fJzBE2zXbzNqYmvH92F9UQ36NuzvSPeQ\u02c92024-01-03T20:49:00Z": "<h1><strong>Solar Axis Tracking/Soiling Loss Calculation</strong></h1><figure class=\"table\" style=\"width:100%;\"><table class=\"ck-table-resized\" style=\"border-color:hsl(0, 0%, 100%);border-style:solid;\"><colgroup><col style=\"width:38.31%;\" /><col style=\"width:61.69%;\" /></colgroup><tbody><tr><td style=\"border-color:hsl(0, 0%, 100%);border-style:solid;\">\u00a0</td><td style=\"border-color:hsl(0, 0%, 100%);border-style:solid;\"><h4><i><strong>A Major Renewables Operator </strong>used Seeq to monitor soiling losses across all solar farms and .</i></h4></td></tr></tbody></table></figure><h4><strong>Objective</strong></h4><p>When Monitoring a solar plant, optimization of assets is vital because any loss in the system directly contributes to lost revenue. Solar plants consisting of axis tracking panels are subject to tracker equipment failures or inaccuracies, and all plants are subject to panel soiling. Developing a model of expected power output based on meteorology data allows for the estimation of losses related to tracker faults or soiling. This allows the engineers monitoring the plant to make informed decisions about when panels should be cleaned off, or if the tracker control module/motors need maintenance or optimization.\u00a0</p><h4>\u00a0</h4><h4><strong>Analysis Steps:</strong></h4><p><a href=\"/links?type&#61;workstep&amp;workbook&#61;0EE944BA-280C-6470-BDA4-408461642755&amp;worksheet&#61;0EE944BA-7145-6650-8CDC-26A716B882D4&amp;workstep&#61;0EEA9C50-BF74-7530-91C9-5D1B2243BD2E\" rel=\"nofollow noopener noreferrer\">starting point</a></p><p><i>Do It! </i>Find when the sun is shining using <a href=\"/links?type&#61;condition&amp;item&#61;0EEA9C76-6B24-E810-A2F2-A65F43A7E64C\" rel=\"nofollow noopener noreferrer\">value search (limit greater than 75)</a></p><p>Create a training condition when the<a href=\"/links?type&#61;condition&amp;item&#61;0EEA9C8F-4B7B-EEA0-ADFE-90E386819A24\" rel=\"nofollow noopener noreferrer\"> sun is shining and tracker deviations are low</a></p><p><strong>Develop a </strong><a href=\"/links?type&#61;signal&amp;item&#61;0EEAA531-5F0E-73A0-BACC-42045CDA10F5\" rel=\"nofollow noopener noreferrer\"><strong>Power Model</strong></a><strong> </strong>when panels were clean and trackers were close to setpoint</p><p>Determine the <a href=\"/links?type&#61;signal&amp;item&#61;0EEAA5A7-7153-6080-B468-E27D12C49DC3\" rel=\"nofollow noopener noreferrer\">difference between model and actual power output</a></p><p><a href=\"/links?type&#61;workstep&amp;workbook&#61;0EE944BA-280C-6470-BDA4-408461642755&amp;worksheet&#61;0EE944BA-7145-6650-8CDC-26A716B882D4&amp;workstep&#61;0EEAA750-28C5-71B0-9CB0-D1C298A54683\" rel=\"nofollow noopener noreferrer\">Totalize lost power due to Soiling/axis tracking issues</a></p><p>Build a <a href=\"/links?type&#61;workstep&amp;workbook&#61;0EE944BA-280C-6470-BDA4-408461642755&amp;worksheet&#61;0EE944BA-7145-6650-8CDC-26A716B882D4&amp;workstep&#61;0EEAA787-22DD-FDB0-BE36-3EC4F40B1F84\" rel=\"nofollow noopener noreferrer\">table of lost revenue due to soiling and axis tracking issues</a> to determine when maintenance should be performed</p><p>\u00a0</p><p>\u00a0</p>",
        "DocumentBackup\u02c98tDOnRtvJ_0fJzBE2zXbzNqYmvH92F9UQ36NuzvSPeQ\u02c92024-01-03T20:50:00Z": "<h1><strong>Solar Axis Tracking/Soiling Loss Calculation</strong></h1><figure class=\"table\" style=\"width:100%;\"><table class=\"ck-table-resized\" style=\"border-color:hsl(0, 0%, 100%);border-style:solid;\"><colgroup><col style=\"width:38.31%;\" /><col style=\"width:61.69%;\" /></colgroup><tbody><tr><td style=\"border-color:hsl(0, 0%, 100%);border-style:solid;\">\u00a0</td><td style=\"border-color:hsl(0, 0%, 100%);border-style:solid;\"><h4><i><strong>A Major Renewables Operator </strong>used Seeq to monitor soiling losses across all solar farms and take action when losses exceeded maintenance costs.</i></h4></td></tr></tbody></table></figure><h4><strong>Objective</strong></h4><p>When Monitoring a solar plant, optimization of assets is vital because any loss in the system directly contributes to lost revenue. Solar plants consisting of axis tracking panels are subject to tracker equipment failures or inaccuracies, and all plants are subject to panel soiling. Developing a model of expected power output based on meteorology data allows for the estimation of losses related to tracker faults or soiling. This allows the engineers monitoring the plant to make informed decisions about when panels should be cleaned off, or if the tracker control module/motors need maintenance or optimization.\u00a0</p><h4>\u00a0</h4><h4><strong>Analysis Steps:</strong></h4><p><a href=\"/links?type&#61;workstep&amp;workbook&#61;0EE944BA-280C-6470-BDA4-408461642755&amp;worksheet&#61;0EE944BA-7145-6650-8CDC-26A716B882D4&amp;workstep&#61;0EEA9C50-BF74-7530-91C9-5D1B2243BD2E\" rel=\"nofollow noopener noreferrer\">starting point</a></p><p><i>Do It! </i>Find when the sun is shining using <a href=\"/links?type&#61;condition&amp;item&#61;0EEA9C76-6B24-E810-A2F2-A65F43A7E64C\" rel=\"nofollow noopener noreferrer\">value search (limit greater than 75)</a></p><p>Create a training condition when the<a href=\"/links?type&#61;condition&amp;item&#61;0EEA9C8F-4B7B-EEA0-ADFE-90E386819A24\" rel=\"nofollow noopener noreferrer\"> sun is shining and tracker deviations are low</a></p><p>Develop a <a href=\"/links?type&#61;signal&amp;item&#61;0EEAA531-5F0E-73A0-BACC-42045CDA10F5\" rel=\"nofollow noopener noreferrer\">Power Model</a> when panels were clean and trackers were close to setpoint</p><p>Determine the <a href=\"/links?type&#61;signal&amp;item&#61;0EEAA5A7-7153-6080-B468-E27D12C49DC3\" rel=\"nofollow noopener noreferrer\">difference between model and actual power output</a></p><p><a href=\"/links?type&#61;workstep&amp;workbook&#61;0EE944BA-280C-6470-BDA4-408461642755&amp;worksheet&#61;0EE944BA-7145-6650-8CDC-26A716B882D4&amp;workstep&#61;0EEAA750-28C5-71B0-9CB0-D1C298A54683\" rel=\"nofollow noopener noreferrer\">Totalize lost power due to Soiling/axis tracking issues</a></p><p>Build a <a href=\"/links?type&#61;workstep&amp;workbook&#61;0EE944BA-280C-6470-BDA4-408461642755&amp;worksheet&#61;0EE944BA-7145-6650-8CDC-26A716B882D4&amp;workstep&#61;0EEAA787-22DD-FDB0-BE36-3EC4F40B1F84\" rel=\"nofollow noopener noreferrer\">table of lost revenue due to soiling and axis tracking issues</a> to determine when maintenance should be performed</p><p>\u00a0</p><p>\u00a0</p>",
        "DocumentBackup\u02c98tDOnRtvJ_0fJzBE2zXbzNqYmvH92F9UQ36NuzvSPeQ\u02c92024-01-03T20:51:00Z": "<h1><strong>Solar Axis Tracking/Soiling Loss Calculation</strong></h1><figure class=\"table\" style=\"width:100%;\"><table class=\"ck-table-resized\" style=\"border-color:hsl(0, 0%, 100%);border-style:solid;\"><colgroup><col style=\"width:38.31%;\" /><col style=\"width:61.69%;\" /></colgroup><tbody><tr><td style=\"border-color:hsl(0, 0%, 100%);border-style:solid;\">\u00a0</td><td style=\"border-color:hsl(0, 0%, 100%);border-style:solid;\"><h4><i><strong>A Major Renewables Operator </strong>used Seeq to monitor soiling losses across all solar farms and take action when losses exceeded maintenance costs.</i></h4></td></tr></tbody></table></figure><h4><strong>Objective</strong></h4><p><strong>S</strong></p><p>When Monitoring a solar plant, optimization of assets is vital because any loss in the system directly contributes to lost revenue. Solar plants consisting of axis tracking panels are subject to tracker equipment failures or inaccuracies, and all plants are subject to panel soiling. Developing a model of expected power output based on meteorology data allows for the estimation of losses related to tracker faults or soiling. This allows the engineers monitoring the plant to make informed decisions about when panels should be cleaned off, or if the tracker control module/motors need maintenance or optimization.\u00a0</p><h4>\u00a0</h4><h4><strong>Analysis Steps:</strong></h4><p><a href=\"/links?type&#61;workstep&amp;workbook&#61;0EE944BA-280C-6470-BDA4-408461642755&amp;worksheet&#61;0EE944BA-7145-6650-8CDC-26A716B882D4&amp;workstep&#61;0EEA9C50-BF74-7530-91C9-5D1B2243BD2E\" rel=\"nofollow noopener noreferrer\">starting point</a></p><p><i>Do It! </i>Find when the sun is shining using <a href=\"/links?type&#61;condition&amp;item&#61;0EEA9C76-6B24-E810-A2F2-A65F43A7E64C\" rel=\"nofollow noopener noreferrer\">value search (limit greater than 75)</a></p><p>Create a training condition when the<a href=\"/links?type&#61;condition&amp;item&#61;0EEA9C8F-4B7B-EEA0-ADFE-90E386819A24\" rel=\"nofollow noopener noreferrer\"> sun is shining and tracker deviations are low</a></p><p>Develop a <a href=\"/links?type&#61;signal&amp;item&#61;0EEAA531-5F0E-73A0-BACC-42045CDA10F5\" rel=\"nofollow noopener noreferrer\">Power Model</a> when panels were clean and trackers were close to setpoint</p><p>Determine the <a href=\"/links?type&#61;signal&amp;item&#61;0EEAA5A7-7153-6080-B468-E27D12C49DC3\" rel=\"nofollow noopener noreferrer\">difference between model and actual power output</a></p><p><a href=\"/links?type&#61;workstep&amp;workbook&#61;0EE944BA-280C-6470-BDA4-408461642755&amp;worksheet&#61;0EE944BA-7145-6650-8CDC-26A716B882D4&amp;workstep&#61;0EEAA750-28C5-71B0-9CB0-D1C298A54683\" rel=\"nofollow noopener noreferrer\">Totalize lost power due to Soiling/axis tracking issues</a></p><p>Build a <a href=\"/links?type&#61;workstep&amp;workbook&#61;0EE944BA-280C-6470-BDA4-408461642755&amp;worksheet&#61;0EE944BA-7145-6650-8CDC-26A716B882D4&amp;workstep&#61;0EEAA787-22DD-FDB0-BE36-3EC4F40B1F84\" rel=\"nofollow noopener noreferrer\">table of lost revenue due to soiling and axis tracking issues</a> to determine when maintenance should be performed</p><p>\u00a0</p><p>\u00a0</p>",
        "DocumentBackup\u02c98tDOnRtvJ_0fJzBE2zXbzNqYmvH92F9UQ36NuzvSPeQ\u02c92024-01-03T21:02:00Z": "<h1><strong>Solar Axis Tracking/Soiling Loss Calculation</strong></h1><figure class=\"table\" style=\"width:100%;\"><table class=\"ck-table-resized\" style=\"border-color:hsl(0, 0%, 100%);border-style:solid;\"><colgroup><col style=\"width:38.31%;\" /><col style=\"width:61.69%;\" /></colgroup><tbody><tr><td style=\"border-color:hsl(0, 0%, 100%);border-style:solid;\">\u00a0</td><td style=\"border-color:hsl(0, 0%, 100%);border-style:solid;\"><h4><i><strong>A Major Renewables Operator </strong>used Seeq to monitor soiling losses across all solar farms and take action when losses exceeded maintenance costs.</i></h4></td></tr></tbody></table></figure><h4><strong>Objective</strong></h4><p><strong>A Major contri</strong></p><p>When Monitoring a solar plant, optimization of assets is vital because any loss in the system directly contributes to lost revenue. Solar plants consisting of axis tracking panels are subject to tracker equipment failures or inaccuracies, and all plants are subject to panel soiling. Developing a model of expected power output based on meteorology data allows for the estimation of losses related to tracker faults or soiling. This allows the engineers monitoring the plant to make informed decisions about when panels should be cleaned off, or if the tracker control module/motors need maintenance or optimization.\u00a0</p><h4>\u00a0</h4><h4><strong>Analysis Steps:</strong></h4><p><a href=\"/links?type&#61;workstep&amp;workbook&#61;0EE944BA-280C-6470-BDA4-408461642755&amp;worksheet&#61;0EE944BA-7145-6650-8CDC-26A716B882D4&amp;workstep&#61;0EEA9C50-BF74-7530-91C9-5D1B2243BD2E\" rel=\"nofollow noopener noreferrer\">starting point</a></p><p><i>Do It! </i>Find when the sun is shining using <a href=\"/links?type&#61;condition&amp;item&#61;0EEA9C76-6B24-E810-A2F2-A65F43A7E64C\" rel=\"nofollow noopener noreferrer\">value search (limit greater than 75)</a></p><p>Create a training condition when the<a href=\"/links?type&#61;condition&amp;item&#61;0EEA9C8F-4B7B-EEA0-ADFE-90E386819A24\" rel=\"nofollow noopener noreferrer\"> sun is shining and tracker deviations are low</a></p><p>Develop a <a href=\"/links?type&#61;signal&amp;item&#61;0EEAA531-5F0E-73A0-BACC-42045CDA10F5\" rel=\"nofollow noopener noreferrer\">Power Model</a> when panels were clean and trackers were close to setpoint</p><p>Determine the <a href=\"/links?type&#61;signal&amp;item&#61;0EEAA5A7-7153-6080-B468-E27D12C49DC3\" rel=\"nofollow noopener noreferrer\">difference between model and actual power output</a></p><p><a href=\"/links?type&#61;workstep&amp;workbook&#61;0EE944BA-280C-6470-BDA4-408461642755&amp;worksheet&#61;0EE944BA-7145-6650-8CDC-26A716B882D4&amp;workstep&#61;0EEAA750-28C5-71B0-9CB0-D1C298A54683\" rel=\"nofollow noopener noreferrer\">Totalize lost power due to Soiling/axis tracking issues</a></p><p>Build a <a href=\"/links?type&#61;workstep&amp;workbook&#61;0EE944BA-280C-6470-BDA4-408461642755&amp;worksheet&#61;0EE944BA-7145-6650-8CDC-26A716B882D4&amp;workstep&#61;0EEAA787-22DD-FDB0-BE36-3EC4F40B1F84\" rel=\"nofollow noopener noreferrer\">table of lost revenue due to soiling and axis tracking issues</a> to determine when maintenance should be performed</p><p>\u00a0</p><p>\u00a0</p>",
        "DocumentBackup\u02c98tDOnRtvJ_0fJzBE2zXbzNqYmvH92F9UQ36NuzvSPeQ\u02c92024-01-03T21:03:00Z": "<h1><strong>Solar Axis Tracking/Soiling Loss Calculation</strong></h1><figure class=\"table\" style=\"width:100%;\"><table class=\"ck-table-resized\" style=\"border-color:hsl(0, 0%, 100%);border-style:solid;\"><colgroup><col style=\"width:38.31%;\" /><col style=\"width:61.69%;\" /></colgroup><tbody><tr><td style=\"border-color:hsl(0, 0%, 100%);border-style:solid;\">\u00a0</td><td style=\"border-color:hsl(0, 0%, 100%);border-style:solid;\"><h4><i><strong>A Major Renewables Operator </strong>used Seeq to monitor soiling losses across all solar farms and take action when losses exceeded maintenance costs.</i></h4></td></tr></tbody></table></figure><h4><strong>Objective</strong></h4><p><strong>A Major contributor to lost revenue at Solar Generation sites</strong></p><p>. Solar plants consisting of axis tracking panels are subject to tracker equipment failures or inaccuracies, and all plants are subject to panel soiling. Developing a model of expected power output based on meteorology data allows for the estimation of losses related to tracker faults or soiling. This allows the engineers monitoring the plant to make informed decisions about when panels should be cleaned off, or if the tracker control module/motors need maintenance or optimization.\u00a0</p><h4>\u00a0</h4><h4><strong>Analysis Steps:</strong></h4><p><a href=\"/links?type&#61;workstep&amp;workbook&#61;0EE944BA-280C-6470-BDA4-408461642755&amp;worksheet&#61;0EE944BA-7145-6650-8CDC-26A716B882D4&amp;workstep&#61;0EEA9C50-BF74-7530-91C9-5D1B2243BD2E\" rel=\"nofollow noopener noreferrer\">starting point</a></p><p><i>Do It! </i>Find when the sun is shining using <a href=\"/links?type&#61;condition&amp;item&#61;0EEA9C76-6B24-E810-A2F2-A65F43A7E64C\" rel=\"nofollow noopener noreferrer\">value search (limit greater than 75)</a></p><p>Create a training condition when the<a href=\"/links?type&#61;condition&amp;item&#61;0EEA9C8F-4B7B-EEA0-ADFE-90E386819A24\" rel=\"nofollow noopener noreferrer\"> sun is shining and tracker deviations are low</a></p><p>Develop a <a href=\"/links?type&#61;signal&amp;item&#61;0EEAA531-5F0E-73A0-BACC-42045CDA10F5\" rel=\"nofollow noopener noreferrer\">Power Model</a> when panels were clean and trackers were close to setpoint</p><p>Determine the <a href=\"/links?type&#61;signal&amp;item&#61;0EEAA5A7-7153-6080-B468-E27D12C49DC3\" rel=\"nofollow noopener noreferrer\">difference between model and actual power output</a></p><p><a href=\"/links?type&#61;workstep&amp;workbook&#61;0EE944BA-280C-6470-BDA4-408461642755&amp;worksheet&#61;0EE944BA-7145-6650-8CDC-26A716B882D4&amp;workstep&#61;0EEAA750-28C5-71B0-9CB0-D1C298A54683\" rel=\"nofollow noopener noreferrer\">Totalize lost power due to Soiling/axis tracking issues</a></p><p>Build a <a href=\"/links?type&#61;workstep&amp;workbook&#61;0EE944BA-280C-6470-BDA4-408461642755&amp;worksheet&#61;0EE944BA-7145-6650-8CDC-26A716B882D4&amp;workstep&#61;0EEAA787-22DD-FDB0-BE36-3EC4F40B1F84\" rel=\"nofollow noopener noreferrer\">table of lost revenue due to soiling and axis tracking issues</a> to determine when maintenance should be performed</p><p>\u00a0</p><p>\u00a0</p>",
        "DocumentBackup\u02c98tDOnRtvJ_0fJzBE2zXbzNqYmvH92F9UQ36NuzvSPeQ\u02c92024-01-03T21:04:00Z": "<h1><strong>Solar Axis Tracking/Soiling Loss Calculation</strong></h1><figure class=\"table\" style=\"width:100%;\"><table class=\"ck-table-resized\" style=\"border-color:hsl(0, 0%, 100%);border-style:solid;\"><colgroup><col style=\"width:38.31%;\" /><col style=\"width:61.69%;\" /></colgroup><tbody><tr><td style=\"border-color:hsl(0, 0%, 100%);border-style:solid;\">\u00a0</td><td style=\"border-color:hsl(0, 0%, 100%);border-style:solid;\"><h4><i><strong>A Major Renewables Operator </strong>used Seeq to monitor soiling losses across all solar farms and take action when losses exceeded maintenance costs.</i></h4></td></tr></tbody></table></figure><h4><strong>Objective</strong></h4><p>Solar plants consisting of axis tracking panels are subject to tracker equipment failures or inaccuracies. All solar favili and all plants are subject to panel soiling. Developing a model of expected power output based on meteorology data allows for the estimation of losses related to tracker faults or soiling. This allows the engineers monitoring the plant to make informed decisions about when panels should be cleaned off, or if the tracker control module/motors need maintenance or optimization.\u00a0</p><h4>\u00a0</h4><h4><strong>Analysis Steps:</strong></h4><p><a href=\"/links?type&#61;workstep&amp;workbook&#61;0EE944BA-280C-6470-BDA4-408461642755&amp;worksheet&#61;0EE944BA-7145-6650-8CDC-26A716B882D4&amp;workstep&#61;0EEA9C50-BF74-7530-91C9-5D1B2243BD2E\" rel=\"nofollow noopener noreferrer\">starting point</a></p><p><i>Do It! </i>Find when the sun is shining using <a href=\"/links?type&#61;condition&amp;item&#61;0EEA9C76-6B24-E810-A2F2-A65F43A7E64C\" rel=\"nofollow noopener noreferrer\">value search (limit greater than 75)</a></p><p>Create a training condition when the<a href=\"/links?type&#61;condition&amp;item&#61;0EEA9C8F-4B7B-EEA0-ADFE-90E386819A24\" rel=\"nofollow noopener noreferrer\"> sun is shining and tracker deviations are low</a></p><p>Develop a <a href=\"/links?type&#61;signal&amp;item&#61;0EEAA531-5F0E-73A0-BACC-42045CDA10F5\" rel=\"nofollow noopener noreferrer\">Power Model</a> when panels were clean and trackers were close to setpoint</p><p>Determine the <a href=\"/links?type&#61;signal&amp;item&#61;0EEAA5A7-7153-6080-B468-E27D12C49DC3\" rel=\"nofollow noopener noreferrer\">difference between model and actual power output</a></p><p><a href=\"/links?type&#61;workstep&amp;workbook&#61;0EE944BA-280C-6470-BDA4-408461642755&amp;worksheet&#61;0EE944BA-7145-6650-8CDC-26A716B882D4&amp;workstep&#61;0EEAA750-28C5-71B0-9CB0-D1C298A54683\" rel=\"nofollow noopener noreferrer\">Totalize lost power due to Soiling/axis tracking issues</a></p><p>Build a <a href=\"/links?type&#61;workstep&amp;workbook&#61;0EE944BA-280C-6470-BDA4-408461642755&amp;worksheet&#61;0EE944BA-7145-6650-8CDC-26A716B882D4&amp;workstep&#61;0EEAA787-22DD-FDB0-BE36-3EC4F40B1F84\" rel=\"nofollow noopener noreferrer\">table of lost revenue due to soiling and axis tracking issues</a> to determine when maintenance should be performed</p><p>\u00a0</p><p>\u00a0</p>",
        "Enabled": true,
        "Froala Backup": "<h1><strong>Solar Axis Tracking/Soiling Loss Calculation</strong></h1><p>\u00a0</p><h4><strong>Summary</strong></h4><p>When Monitoring a solar plant, optimization of assets is vital because any loss in the system directly contributes to lost revenue. Solar plants consisting of axis tracking panels are subject to tracker equipment failures or inaccuracies, and all plants are subject to panel soiling. Developing a model of expected power output based on meteorology data allows for the estimation of losses related to tracker faults or soiling. This allows the engineers monitoring the plant to make informed decisions about when panels should be cleaned off, or if the tracker control module/motors need maintenance or optimization.\u00a0</p><h4><strong>Tags Used</strong></h4><p>\u00a0</p><figure class=\"table\"><table><colgroup><col style=\"width:50%;\" /><col style=\"width:50%;\" /></colgroup><tbody><tr><td><a href=\"/links?type&#61;signal&amp;item&#61;00000000-0000-0000-0000-000000000093\" rel=\"nofollow noopener noreferrer\">Irradiation 1-Axis Tracking</a></td><td>Meteorology Measurement</td></tr><tr><td><a href=\"/links?type&#61;signal&amp;item&#61;00000000-0000-0000-0000-000000000231\" rel=\"nofollow noopener noreferrer\">Power Output Block 1</a></td><td>Single Block Output</td></tr><tr><td><a href=\"/links?type&#61;signal&amp;item&#61;00000000-0000-0000-0000-000000000092\" rel=\"nofollow noopener noreferrer\">Tracker Angle SP</a></td><td>Tracker information (if available)</td></tr><tr><td><a href=\"/links?type&#61;signal&amp;item&#61;00000000-0000-0000-0000-000000000058\" rel=\"nofollow noopener noreferrer\">Tracker 1 Angle</a></td><td>Tracker information (if available)</td></tr><tr><td><a href=\"/links?type&#61;signal&amp;item&#61;00000000-0000-0000-0000-000000000108\" rel=\"nofollow noopener noreferrer\">Tracker 2 Angle</a></td><td>Tracker information (if available)</td></tr></tbody></table></figure><h4>.................................................................</h4><h4><strong>Analysis Steps:</strong></h4><p><a href=\"/links?type&#61;workstep&amp;workbook&#61;0EE944BA-280C-6470-BDA4-408461642755&amp;worksheet&#61;0EE944BA-7145-6650-8CDC-26A716B882D4&amp;workstep&#61;0EE944BA-75EA-75C0-AE77-AAF5E22FF259\" rel=\"nofollow noopener noreferrer\"><strong>starting point</strong></a></p><p><strong>Step 1: Identify Training Periods </strong><a target=\"_blank\" href=\"https://explore.seeq.com/links?type&#61;workstep&amp;workbook&#61;0EE944BA-280C-6470-BDA4-408461642755&amp;worksheet&#61;0EE944BA-7145-6650-8CDC-26A716B882D4&amp;workstep&#61;0EE944BA-776C-71A0-BD42-C3CC247EFFA9\" rel=\"nofollow noopener noreferrer\"><strong>(</strong></a><a href=\"/links?type&#61;workstep&amp;workbook&#61;0EE944BA-280C-6470-BDA4-408461642755&amp;worksheet&#61;0EE944BA-7145-6650-8CDC-26A716B882D4&amp;workstep&#61;0EE944BA-79C7-6210-94D5-F3F88A4914B6\" rel=\"nofollow noopener noreferrer\"><strong>workstep</strong></a><a target=\"_blank\" href=\"https://explore.seeq.com/links?type&#61;workstep&amp;workbook&#61;0EE944BA-280C-6470-BDA4-408461642755&amp;worksheet&#61;0EE944BA-7145-6650-8CDC-26A716B882D4&amp;workstep&#61;0EE944BA-776C-71A0-BD42-C3CC247EFFA9\" rel=\"nofollow noopener noreferrer\"><strong>)</strong></a>\u00a0</p><ul><li>Use <a href=\"/links?type&#61;workstep&amp;workbook&#61;0EE944BA-280C-6470-BDA4-408461642755&amp;worksheet&#61;0EE944BA-7145-6650-8CDC-26A716B882D4&amp;workstep&#61;0EE944BA-76D4-FBC0-9C09-489A43BC9BCE\" rel=\"nofollow noopener noreferrer\">Value Search</a> to determine when the sun is shining\u00a0</li><li>Looking through the data, determine a solar block that has minimal tracker deviations (Tracker angles are close to set-point angle) and a period of time when the solar panels are not soiled. In this case Block 1 will be used. Bring the Tracker data, Power output data for Block 1, and meteorology data onto the screen. (<a href=\"/links?type&#61;workstep&amp;workbook&#61;0EE944BA-280C-6470-BDA4-408461642755&amp;worksheet&#61;0EE944BA-7145-6650-8CDC-26A716B882D4&amp;workstep&#61;0EE944BA-7720-66B0-8DF2-EF2A5D09BAA4\" rel=\"nofollow noopener noreferrer\">workstep</a>)</li><li>\u00a0Identify periods when each tracker was deviating by more than 1 degree from the set-point. <a target=\"_blank\" href=\"https://explore.seeq.com/links?type&#61;workstep&amp;workbook&#61;0EE944BA-280C-6470-BDA4-408461642755&amp;worksheet&#61;0EE944BA-7145-6650-8CDC-26A716B882D4&amp;workstep&#61;0EE944BA-7638-77C0-AD13-3F47643C0411\" rel=\"nofollow noopener noreferrer\">(</a><a href=\"/links?type&#61;condition&amp;item&#61;00000000-0000-0000-0000-000000000149\" rel=\"nofollow noopener noreferrer\">workstep</a><a target=\"_blank\" href=\"https://explore.seeq.com/links?type&#61;workstep&amp;workbook&#61;0EE944BA-280C-6470-BDA4-408461642755&amp;worksheet&#61;0EE944BA-7145-6650-8CDC-26A716B882D4&amp;workstep&#61;0EE944BA-7638-77C0-AD13-3F47643C0411\" rel=\"nofollow noopener noreferrer\">)</a>\u00a0</li><li>Create a condition of periods for training when the sun is shining and the trackers are not deviating. <a href=\"/links?type&#61;workstep&amp;workbook&#61;0EE944BA-280C-6470-BDA4-408461642755&amp;worksheet&#61;0EE944BA-7145-6650-8CDC-26A716B882D4&amp;workstep&#61;0EE944BA-7684-62B0-8602-662518FDAAFC\" rel=\"nofollow noopener noreferrer\">(workstep)</a></li></ul><p><strong>Step 2: Develop a Power Model</strong><a href=\"/links?type&#61;workstep&amp;workbook&#61;0EE944BA-280C-6470-BDA4-408461642755&amp;worksheet&#61;0EE944BA-7145-6650-8CDC-26A716B882D4&amp;workstep&#61;0EE944BA-7A34-FFE0-934E-7B9C267536CA\" rel=\"nofollow noopener noreferrer\"><strong>\u00a0(workstep)</strong></a></p><ul><li>\u00a0Develop a model based on a time when the panels were clean and the trackers were close to set-point. <a href=\"/links?type&#61;workstep&amp;workbook&#61;0EE944BA-280C-6470-BDA4-408461642755&amp;worksheet&#61;0EE944BA-7145-6650-8CDC-26A716B882D4&amp;workstep&#61;0EE944BA-77B5-7580-8ED8-66457B4ABAA0\" rel=\"nofollow noopener noreferrer\">(workstep)</a></li></ul><p><strong>Step 3: Calculate Monetary Losses\u00a0(</strong><a href=\"/links?type&#61;workstep&amp;workbook&#61;0EE944BA-280C-6470-BDA4-408461642755&amp;worksheet&#61;0EE944BA-7145-6650-8CDC-26A716B882D4&amp;workstep&#61;0EE944BA-7901-6600-A9BD-B835468DD169\" rel=\"nofollow noopener noreferrer\"><strong>workstep</strong></a><strong>)</strong></p><ul><li><strong>\u00a0</strong>Determine the difference between the modeled theoretical power and actual power output <a href=\"/links?type&#61;workstep&amp;workbook&#61;0EE944BA-280C-6470-BDA4-408461642755&amp;worksheet&#61;0EE944BA-7145-6650-8CDC-26A716B882D4&amp;workstep&#61;0EE944BA-7854-6090-833B-D9A6A81B0EA7\" rel=\"nofollow noopener noreferrer\">(</a><a href=\"/links?type&#61;workstep&amp;workbook&#61;0EE944BA-280C-6470-BDA4-408461642755&amp;worksheet&#61;0EE944BA-7145-6650-8CDC-26A716B882D4&amp;workstep&#61;0EE944BA-7951-FF10-8A0E-3A4D3C569C90\" rel=\"nofollow noopener noreferrer\">workstep</a>)</li><li>Totalize Daily Lost Power and lost power due to Tracking/Soiling (<a href=\"/links?type&#61;workstep&amp;workbook&#61;0EE944BA-280C-6470-BDA4-408461642755&amp;worksheet&#61;0EE944BA-7145-6650-8CDC-26A716B882D4&amp;workstep&#61;0EE944BA-78AE-75E0-8E47-6CFC7915E7D0\" rel=\"nofollow noopener noreferrer\">workstep</a>)</li><li>Using contract or market price, determine the revenue lost due to soiling/axis tracking faults (<a href=\"/links?type&#61;workstep&amp;workbook&#61;0EE944BA-280C-6470-BDA4-408461642755&amp;worksheet&#61;0EE944BA-7145-6650-8CDC-26A716B882D4&amp;workstep&#61;0EE944BA-7808-75A0-BE24-B054C574580B\" rel=\"nofollow noopener noreferrer\">workstep</a>)</li></ul><p>\u00a0</p>",
        "ID": "0EE944BA-8B4E-66F0-9818-866877A8160E",
        "Is CK Enabled": true,
        "Locked": false,
        "Name": "Solar Axis Tracking/Soiling Loss Calculation",
        "Plain Text Document": "Solar Axis Tracking/Soiling Loss Calculation\u00a0A Major Renewables Operator used Seeq to monitor soiling losses across all solar farms and take action when losses exceeded maintenance costs.ObjectiveSolar plants consisting of axis tracking panels are subject to tracker equipment failures or inaccuracies. All solar plants are subject to panel soiling losses. Developing a model of expected power output based on meteorology data allows for the estimation of losses related to tracker faults or soiling. This allows the engineers monitoring the plant to make informed decisions about when panels should be cleaned off, or if the tracker control module/motors need maintenance or optimization.\u00a0\u00a0Analysis Steps:starting pointDo It! Find when the sun is shining using value search (limit greater than 75)Create a training condition when the sun is shining and tracker deviations are lowDevelop a Power Model when panels were clean and trackers were close to setpointDetermine the difference between model and actual power outputTotalize lost power due to Soiling/axis tracking issuesBuild a table of lost revenue due to soiling and axis tracking issues to determine when maintenance should be performed\u00a0\u00a0",
        "Type": "Journal",
        "Unsearchable": false,
        "Updated At": "1704315852859394532"
    }
}