{
    "Definition": {
        "Archived": false,
        "Cache Enabled": false,
        "Created At": "1701876316611715939",
        "Description": "&nbsp; Summary Solar plants consisting of axis tracking panels are subject to tracker equipment failures or inaccuracies. All solar plants are subject to panel soiling losses. Developing a model of expected power output based on meteorology data allows for the estimation of losses related to tracker faults or soiling. This",
        "Document": "<h2><strong>Solar Axis Tracking/Soiling Loss Calculation</strong></h2><p>\u00a0</p><h4><strong>Summary</strong></h4><p>Solar plants consisting of axis tracking panels are subject to tracker equipment failures or inaccuracies. All solar plants are subject to panel soiling losses. Developing a model of expected power output based on meteorology data allows for the estimation of losses related to tracker faults or soiling. This allows the engineers monitoring the plant to make informed decisions about when panels should be cleaned off, or if the tracker control module/motors need maintenance or optimization.\u00a0</p><h4><strong>Analysis Steps:</strong></h4><p><a href=\"/links?type&#61;workstep&amp;workbook&#61;0EE944BA-280C-6470-BDA4-408461642755&amp;worksheet&#61;0EE944BA-7145-6650-8CDC-26A716B882D4&amp;workstep&#61;0EEA9C50-BF74-7530-91C9-5D1B2243BD2E\" rel=\"nofollow noopener noreferrer\">starting point</a></p><p>Identify Training Periods:</p><ul><li>Find when the sun is shining using <a href=\"/links?type&#61;condition&amp;item&#61;0EEA9C76-6B24-E810-A2F2-A65F43A7E64C\" rel=\"nofollow noopener noreferrer\">value search (limit greater than 75)</a></li><li>Identify When the trackers are <a href=\"/links?type&#61;condition&amp;item&#61;0EEA9C81-AFDA-FD50-B8D8-6EB99D146D23\" rel=\"nofollow noopener noreferrer\">deviating by more than 2 degrees from setpoint</a></li><li>Create a training condition when the<a href=\"/links?type&#61;condition&amp;item&#61;0EEA9C8F-4B7B-EEA0-ADFE-90E386819A24\" rel=\"nofollow noopener noreferrer\"> sun is shining and tracker deviations are low</a></li></ul><p>Develop a <a href=\"/links?type&#61;signal&amp;item&#61;0EEAA531-5F0E-73A0-BACC-42045CDA10F5\" rel=\"nofollow noopener noreferrer\">Power Model</a> when panels were clean and trackers were close to setpoint</p><ul><li>Determine the <a href=\"/links?type&#61;signal&amp;item&#61;0EEAA5A7-7153-6080-B468-E27D12C49DC3\" rel=\"nofollow noopener noreferrer\">difference between model and actual power output</a></li></ul><p>Build a table indicating losses and resultant lost revenue</p><ul><li><a href=\"/links?type&#61;workstep&amp;workbook&#61;0EE944BA-280C-6470-BDA4-408461642755&amp;worksheet&#61;0EE944BA-7145-6650-8CDC-26A716B882D4&amp;workstep&#61;0EEAA750-28C5-71B0-9CB0-D1C298A54683\" rel=\"nofollow noopener noreferrer\">Totalize lost power due to Soiling/axis tracking issues</a></li><li><a href=\"/links?type&#61;workstep&amp;workbook&#61;0EE944BA-280C-6470-BDA4-408461642755&amp;worksheet&#61;0EE944BA-7A39-EE00-B48E-DB19CB927F0C&amp;workstep&#61;0EEAA7E2-5A0C-FB00-BD7A-7CBEC124268F\" rel=\"nofollow noopener noreferrer\">Convert lost power to revenue</a></li><li>Display results in a table</li></ul><p>\u00a0</p><p>\u00a0</p><p>\u00a0</p>",
        "DocumentBackup\u02c98tDOnRtvJ_0fJzBE2zXbzNqYmvH92F9UQ36NuzvSPeQ\u02c92024-01-03T21:13:00Z": "<h2><strong>Solar Axis Tracking/Soiling Loss Calculation</strong></h2><p>\u00a0</p><h4><strong>Summary</strong></h4><p>When Monitoring a solar plant, optimization of assets is vital because any loss in the system directly contributes to lost revenue. Solar plants consisting of axis tracking panels are subject to tracker equipment failures or inaccuracies, and all plants are subject to panel soiling. Developing a model of expected power output based on meteorology data allows for the estimation of losses related to tracker faults or soiling. This allows the engineers monitoring the plant to make informed decisions about when panels should be cleaned off, or if the tracker control module/motors need maintenance or optimization.\u00a0</p><h4><strong>Analysis Steps:</strong></h4><p><a href=\"/links?type&#61;workstep&amp;workbook&#61;0EE944BA-280C-6470-BDA4-408461642755&amp;worksheet&#61;0EE944BA-7145-6650-8CDC-26A716B882D4&amp;workstep&#61;0EEA9C50-BF74-7530-91C9-5D1B2243BD2E\" rel=\"nofollow noopener noreferrer\">starting point</a></p><p>I</p><p><i>Do It! </i>Find when the sun is shining using <a href=\"/links?type&#61;condition&amp;item&#61;0EEA9C76-6B24-E810-A2F2-A65F43A7E64C\" rel=\"nofollow noopener noreferrer\">value search (limit greater than 75)</a></p><p>Create a training condition when the<a href=\"/links?type&#61;condition&amp;item&#61;0EEA9C8F-4B7B-EEA0-ADFE-90E386819A24\" rel=\"nofollow noopener noreferrer\"> sun is shining and tracker deviations are low</a></p><p>Develop a <a href=\"/links?type&#61;signal&amp;item&#61;0EEAA531-5F0E-73A0-BACC-42045CDA10F5\" rel=\"nofollow noopener noreferrer\">Power Model</a> when panels were clean and trackers were close to setpoint</p><p>Determine the <a href=\"/links?type&#61;signal&amp;item&#61;0EEAA5A7-7153-6080-B468-E27D12C49DC3\" rel=\"nofollow noopener noreferrer\">difference between model and actual power output</a></p><p><a href=\"/links?type&#61;workstep&amp;workbook&#61;0EE944BA-280C-6470-BDA4-408461642755&amp;worksheet&#61;0EE944BA-7145-6650-8CDC-26A716B882D4&amp;workstep&#61;0EEAA750-28C5-71B0-9CB0-D1C298A54683\" rel=\"nofollow noopener noreferrer\">Totalize lost power due to Soiling/axis tracking issues</a></p><p>Build a <a href=\"/links?type&#61;workstep&amp;workbook&#61;0EE944BA-280C-6470-BDA4-408461642755&amp;worksheet&#61;0EE944BA-7145-6650-8CDC-26A716B882D4&amp;workstep&#61;0EEAA787-22DD-FDB0-BE36-3EC4F40B1F84\" rel=\"nofollow noopener noreferrer\">table of lost revenue due to soiling and axis tracking issues</a> to determine when maintenance should be performed</p><p><strong>Step 1</strong>. Use <a href=\"/links?type&#61;workstep&amp;workbook&#61;0EE944BA-280C-6470-BDA4-408461642755&amp;worksheet&#61;0EE944BA-7A39-EE00-B48E-DB19CB927F0C&amp;workstep&#61;0EEA9C4D-F965-66C0-9669-33789347C658\" rel=\"nofollow noopener noreferrer\">Value Search</a> to determine when the sun is shining (<a href=\"/links?type&#61;workstep&amp;workbook&#61;0EE944BA-280C-6470-BDA4-408461642755&amp;worksheet&#61;0EE944BA-7A39-EE00-B48E-DB19CB927F0C&amp;workstep&#61;0EEA9C4D-FA4F-ECC0-80E3-E30115F4C8E5\" rel=\"nofollow noopener noreferrer\">workstep</a>)</p><p><strong>Step 2</strong>. Looking through the data, determine a solar block that has minimal tracker deviations (Tracker angles are close to set-point angle) and a period of time when the solar panels are not soiled. In this case Block 1 will be used. Bring the Tracker data, Power output data for Block 1, and meteorology data onto the screen. (<a href=\"/links?type&#61;workstep&amp;workbook&#61;0EE944BA-280C-6470-BDA4-408461642755&amp;worksheet&#61;0EE944BA-7A39-EE00-B48E-DB19CB927F0C&amp;workstep&#61;0EEA9C4D-F371-FFC0-B033-B540246FB055\" rel=\"nofollow noopener noreferrer\">workstep</a>)</p><p><strong>Step 3</strong>. Identify periods when each tracker was deviating by more than 1 degree from the set-point. <a href=\"/links?type&#61;workstep&amp;workbook&#61;0EE944BA-280C-6470-BDA4-408461642755&amp;worksheet&#61;0EE944BA-7A39-EE00-B48E-DB19CB927F0C&amp;workstep&#61;0EEA9C4D-F271-EA30-8032-BAC4EDA0F54A\" rel=\"nofollow noopener noreferrer\">(workstep)</a></p><p><strong>Step 4</strong>. Create a condition of periods for training when the sun is shining and the trackers are not deviating. <a href=\"/links?type&#61;workstep&amp;workbook&#61;0EE944BA-280C-6470-BDA4-408461642755&amp;worksheet&#61;0EE944BA-7A39-EE00-B48E-DB19CB927F0C&amp;workstep&#61;0EEA9C4D-F69C-E880-BC18-62454099B8D9\" rel=\"nofollow noopener noreferrer\">(workstep)</a></p><p><strong>Step 5.</strong> Develop a model based on a time when the panels were clean and the trackers were close to set-point. <a href=\"/links?type&#61;workstep&amp;workbook&#61;0EE944BA-280C-6470-BDA4-408461642755&amp;worksheet&#61;0EE944BA-7A39-EE00-B48E-DB19CB927F0C&amp;workstep&#61;0EEA9C4D-F790-EAC0-AA9A-59E27AD32930\" rel=\"nofollow noopener noreferrer\">(workstep)</a></p><p><strong>Step 6.\u00a0</strong>Determine the difference between the modeled theoretical power and actual power output <a href=\"/links?type&#61;workstep&amp;workbook&#61;0EE944BA-280C-6470-BDA4-408461642755&amp;worksheet&#61;0EE944BA-7A39-EE00-B48E-DB19CB927F0C&amp;workstep&#61;0EEA9C4D-F87B-60C0-A285-7CF3BDD37637\" rel=\"nofollow noopener noreferrer\">(workstep)</a></p><p><strong>Step 7.\u00a0</strong>Totalize Daily Lost Power and lost power due to Tracking/Soiling (<a href=\"/links?type&#61;workstep&amp;workbook&#61;0EE944BA-280C-6470-BDA4-408461642755&amp;worksheet&#61;0EE944BA-7A39-EE00-B48E-DB19CB927F0C&amp;workstep&#61;0EEA9C4D-F46F-EE40-9189-F46E01691512\" rel=\"nofollow noopener noreferrer\">workstep</a>)</p><p><strong>Step 8.\u00a0</strong>Using contract or market price, determine the revenue lost due to soiling/axis tracking faults (<a href=\"/links?type&#61;workstep&amp;workbook&#61;0EE944BA-280C-6470-BDA4-408461642755&amp;worksheet&#61;0EE944BA-7A39-EE00-B48E-DB19CB927F0C&amp;workstep&#61;0EEA9C4D-F17F-FF00-A35F-69848114057C\" rel=\"nofollow noopener noreferrer\">workstep</a>)</p><p>\u00a0</p>",
        "DocumentBackup\u02c98tDOnRtvJ_0fJzBE2zXbzNqYmvH92F9UQ36NuzvSPeQ\u02c92024-01-03T21:14:00Z": "<h2><strong>Solar Axis Tracking/Soiling Loss Calculation</strong></h2><p>\u00a0</p><h4><strong>Summary</strong></h4><p>When Monitoring a solar plant, optimization of assets is vital because any loss in the system directly contributes to lost revenue. Solar plants consisting of axis tracking panels are subject to tracker equipment failures or inaccuracies, and all plants are subject to panel soiling. Developing a model of expected power output based on meteorology data allows for the estimation of losses related to tracker faults or soiling. This allows the engineers monitoring the plant to make informed decisions about when panels should be cleaned off, or if the tracker control module/motors need maintenance or optimization.\u00a0</p><h4><strong>Analysis Steps:</strong></h4><p><a href=\"/links?type&#61;workstep&amp;workbook&#61;0EE944BA-280C-6470-BDA4-408461642755&amp;worksheet&#61;0EE944BA-7145-6650-8CDC-26A716B882D4&amp;workstep&#61;0EEA9C50-BF74-7530-91C9-5D1B2243BD2E\" rel=\"nofollow noopener noreferrer\">starting point</a></p><p>Identify Training Periods:</p><ul><li>Find when the sun is shining using <a href=\"/links?type&#61;condition&amp;item&#61;0EEA9C76-6B24-E810-A2F2-A65F43A7E64C\" rel=\"nofollow noopener noreferrer\">value search (limit greater than 75)</a></li><li>Identify When\u00a0</li><li>Create a training condition when the<a href=\"/links?type&#61;condition&amp;item&#61;0EEA9C8F-4B7B-EEA0-ADFE-90E386819A24\" rel=\"nofollow noopener noreferrer\"> sun is shining and tracker deviations are low</a></li></ul><p>Develop a <a href=\"/links?type&#61;signal&amp;item&#61;0EEAA531-5F0E-73A0-BACC-42045CDA10F5\" rel=\"nofollow noopener noreferrer\">Power Model</a> when panels were clean and trackers were close to setpoint</p><p>Determine the <a href=\"/links?type&#61;signal&amp;item&#61;0EEAA5A7-7153-6080-B468-E27D12C49DC3\" rel=\"nofollow noopener noreferrer\">difference between model and actual power output</a></p><p><a href=\"/links?type&#61;workstep&amp;workbook&#61;0EE944BA-280C-6470-BDA4-408461642755&amp;worksheet&#61;0EE944BA-7145-6650-8CDC-26A716B882D4&amp;workstep&#61;0EEAA750-28C5-71B0-9CB0-D1C298A54683\" rel=\"nofollow noopener noreferrer\">Totalize lost power due to Soiling/axis tracking issues</a></p><p>Build a <a href=\"/links?type&#61;workstep&amp;workbook&#61;0EE944BA-280C-6470-BDA4-408461642755&amp;worksheet&#61;0EE944BA-7145-6650-8CDC-26A716B882D4&amp;workstep&#61;0EEAA787-22DD-FDB0-BE36-3EC4F40B1F84\" rel=\"nofollow noopener noreferrer\">table of lost revenue due to soiling and axis tracking issues</a> to determine when maintenance should be performed</p><p><strong>Step 1</strong>. Use <a href=\"/links?type&#61;workstep&amp;workbook&#61;0EE944BA-280C-6470-BDA4-408461642755&amp;worksheet&#61;0EE944BA-7A39-EE00-B48E-DB19CB927F0C&amp;workstep&#61;0EEA9C4D-F965-66C0-9669-33789347C658\" rel=\"nofollow noopener noreferrer\">Value Search</a> to determine when the sun is shining (<a href=\"/links?type&#61;workstep&amp;workbook&#61;0EE944BA-280C-6470-BDA4-408461642755&amp;worksheet&#61;0EE944BA-7A39-EE00-B48E-DB19CB927F0C&amp;workstep&#61;0EEA9C4D-FA4F-ECC0-80E3-E30115F4C8E5\" rel=\"nofollow noopener noreferrer\">workstep</a>)</p><p><strong>Step 2</strong>. Looking through the data, determine a solar block that has minimal tracker deviations (Tracker angles are close to set-point angle) and a period of time when the solar panels are not soiled. In this case Block 1 will be used. Bring the Tracker data, Power output data for Block 1, and meteorology data onto the screen. (<a href=\"/links?type&#61;workstep&amp;workbook&#61;0EE944BA-280C-6470-BDA4-408461642755&amp;worksheet&#61;0EE944BA-7A39-EE00-B48E-DB19CB927F0C&amp;workstep&#61;0EEA9C4D-F371-FFC0-B033-B540246FB055\" rel=\"nofollow noopener noreferrer\">workstep</a>)</p><p><strong>Step 3</strong>. Identify periods when each tracker was deviating by more than 1 degree from the set-point. <a href=\"/links?type&#61;workstep&amp;workbook&#61;0EE944BA-280C-6470-BDA4-408461642755&amp;worksheet&#61;0EE944BA-7A39-EE00-B48E-DB19CB927F0C&amp;workstep&#61;0EEA9C4D-F271-EA30-8032-BAC4EDA0F54A\" rel=\"nofollow noopener noreferrer\">(workstep)</a></p><p><strong>Step 4</strong>. Create a condition of periods for training when the sun is shining and the trackers are not deviating. <a href=\"/links?type&#61;workstep&amp;workbook&#61;0EE944BA-280C-6470-BDA4-408461642755&amp;worksheet&#61;0EE944BA-7A39-EE00-B48E-DB19CB927F0C&amp;workstep&#61;0EEA9C4D-F69C-E880-BC18-62454099B8D9\" rel=\"nofollow noopener noreferrer\">(workstep)</a></p><p><strong>Step 5.</strong> Develop a model based on a time when the panels were clean and the trackers were close to set-point. <a href=\"/links?type&#61;workstep&amp;workbook&#61;0EE944BA-280C-6470-BDA4-408461642755&amp;worksheet&#61;0EE944BA-7A39-EE00-B48E-DB19CB927F0C&amp;workstep&#61;0EEA9C4D-F790-EAC0-AA9A-59E27AD32930\" rel=\"nofollow noopener noreferrer\">(workstep)</a></p><p><strong>Step 6.\u00a0</strong>Determine the difference between the modeled theoretical power and actual power output <a href=\"/links?type&#61;workstep&amp;workbook&#61;0EE944BA-280C-6470-BDA4-408461642755&amp;worksheet&#61;0EE944BA-7A39-EE00-B48E-DB19CB927F0C&amp;workstep&#61;0EEA9C4D-F87B-60C0-A285-7CF3BDD37637\" rel=\"nofollow noopener noreferrer\">(workstep)</a></p><p><strong>Step 7.\u00a0</strong>Totalize Daily Lost Power and lost power due to Tracking/Soiling (<a href=\"/links?type&#61;workstep&amp;workbook&#61;0EE944BA-280C-6470-BDA4-408461642755&amp;worksheet&#61;0EE944BA-7A39-EE00-B48E-DB19CB927F0C&amp;workstep&#61;0EEA9C4D-F46F-EE40-9189-F46E01691512\" rel=\"nofollow noopener noreferrer\">workstep</a>)</p><p><strong>Step 8.\u00a0</strong>Using contract or market price, determine the revenue lost due to soiling/axis tracking faults (<a href=\"/links?type&#61;workstep&amp;workbook&#61;0EE944BA-280C-6470-BDA4-408461642755&amp;worksheet&#61;0EE944BA-7A39-EE00-B48E-DB19CB927F0C&amp;workstep&#61;0EEA9C4D-F17F-FF00-A35F-69848114057C\" rel=\"nofollow noopener noreferrer\">workstep</a>)</p><p>\u00a0</p>",
        "DocumentBackup\u02c98tDOnRtvJ_0fJzBE2zXbzNqYmvH92F9UQ36NuzvSPeQ\u02c92024-01-03T21:15:00Z": "<h2><strong>Solar Axis Tracking/Soiling Loss Calculation</strong></h2><p>\u00a0</p><h4><strong>Summary</strong></h4><p>When Monitoring a solar plant, optimization of assets is vital because any loss in the system directly contributes to lost revenue. Solar plants consisting of axis tracking panels are subject to tracker equipment failures or inaccuracies, and all plants are subject to panel soiling. Developing a model of expected power output based on meteorology data allows for the estimation of losses related to tracker faults or soiling. This allows the engineers monitoring the plant to make informed decisions about when panels should be cleaned off, or if the tracker control module/motors need maintenance or optimization.\u00a0</p><h4><strong>Analysis Steps:</strong></h4><p><a href=\"/links?type&#61;workstep&amp;workbook&#61;0EE944BA-280C-6470-BDA4-408461642755&amp;worksheet&#61;0EE944BA-7145-6650-8CDC-26A716B882D4&amp;workstep&#61;0EEA9C50-BF74-7530-91C9-5D1B2243BD2E\" rel=\"nofollow noopener noreferrer\">starting point</a></p><p>Identify Training Periods:</p><ul><li>Find when the sun is shining using <a href=\"/links?type&#61;condition&amp;item&#61;0EEA9C76-6B24-E810-A2F2-A65F43A7E64C\" rel=\"nofollow noopener noreferrer\">value search (limit greater than 75)</a></li><li>Identify When the trackers are <a href=\"/links?type&#61;condition&amp;item&#61;0EEA9C81-AFDA-FD50-B8D8-6EB99D146D23\" rel=\"nofollow noopener noreferrer\">deviating by more than 2 degrees from setpoint</a></li><li>Create a training condition when the<a href=\"/links?type&#61;condition&amp;item&#61;0EEA9C8F-4B7B-EEA0-ADFE-90E386819A24\" rel=\"nofollow noopener noreferrer\"> sun is shining and tracker deviations are low</a></li></ul><p>Develop a <a href=\"/links?type&#61;signal&amp;item&#61;0EEAA531-5F0E-73A0-BACC-42045CDA10F5\" rel=\"nofollow noopener noreferrer\">Power Model</a> when panels were clean and trackers were close to setpoint</p><ul><li>Determine the <a href=\"/links?type&#61;signal&amp;item&#61;0EEAA5A7-7153-6080-B468-E27D12C49DC3\" rel=\"nofollow noopener noreferrer\">difference between model and actual power output</a></li></ul><p><a href=\"/links?type&#61;workstep&amp;workbook&#61;0EE944BA-280C-6470-BDA4-408461642755&amp;worksheet&#61;0EE944BA-7145-6650-8CDC-26A716B882D4&amp;workstep&#61;0EEAA750-28C5-71B0-9CB0-D1C298A54683\" rel=\"nofollow noopener noreferrer\">Totalize lost power due to Soiling/axis tracking issues</a></p><p>Build a <a href=\"/links?type&#61;workstep&amp;workbook&#61;0EE944BA-280C-6470-BDA4-408461642755&amp;worksheet&#61;0EE944BA-7145-6650-8CDC-26A716B882D4&amp;workstep&#61;0EEAA787-22DD-FDB0-BE36-3EC4F40B1F84\" rel=\"nofollow noopener noreferrer\">table of lost revenue due to soiling and axis tracking issues</a> to determine when maintenance should be performed</p><p><strong>Step 1</strong>. Use <a href=\"/links?type&#61;workstep&amp;workbook&#61;0EE944BA-280C-6470-BDA4-408461642755&amp;worksheet&#61;0EE944BA-7A39-EE00-B48E-DB19CB927F0C&amp;workstep&#61;0EEA9C4D-F965-66C0-9669-33789347C658\" rel=\"nofollow noopener noreferrer\">Value Search</a> to determine when the sun is shining (<a href=\"/links?type&#61;workstep&amp;workbook&#61;0EE944BA-280C-6470-BDA4-408461642755&amp;worksheet&#61;0EE944BA-7A39-EE00-B48E-DB19CB927F0C&amp;workstep&#61;0EEA9C4D-FA4F-ECC0-80E3-E30115F4C8E5\" rel=\"nofollow noopener noreferrer\">workstep</a>)</p><p><strong>Step 2</strong>. Looking through the data, determine a solar block that has minimal tracker deviations (Tracker angles are close to set-point angle) and a period of time when the solar panels are not soiled. In this case Block 1 will be used. Bring the Tracker data, Power output data for Block 1, and meteorology data onto the screen. (<a href=\"/links?type&#61;workstep&amp;workbook&#61;0EE944BA-280C-6470-BDA4-408461642755&amp;worksheet&#61;0EE944BA-7A39-EE00-B48E-DB19CB927F0C&amp;workstep&#61;0EEA9C4D-F371-FFC0-B033-B540246FB055\" rel=\"nofollow noopener noreferrer\">workstep</a>)</p><p><strong>Step 3</strong>. Identify periods when each tracker was deviating by more than 1 degree from the set-point. <a href=\"/links?type&#61;workstep&amp;workbook&#61;0EE944BA-280C-6470-BDA4-408461642755&amp;worksheet&#61;0EE944BA-7A39-EE00-B48E-DB19CB927F0C&amp;workstep&#61;0EEA9C4D-F271-EA30-8032-BAC4EDA0F54A\" rel=\"nofollow noopener noreferrer\">(workstep)</a></p><p><strong>Step 4</strong>. Create a condition of periods for training when the sun is shining and the trackers are not deviating. <a href=\"/links?type&#61;workstep&amp;workbook&#61;0EE944BA-280C-6470-BDA4-408461642755&amp;worksheet&#61;0EE944BA-7A39-EE00-B48E-DB19CB927F0C&amp;workstep&#61;0EEA9C4D-F69C-E880-BC18-62454099B8D9\" rel=\"nofollow noopener noreferrer\">(workstep)</a></p><p><strong>Step 5.</strong> Develop a model based on a time when the panels were clean and the trackers were close to set-point. <a href=\"/links?type&#61;workstep&amp;workbook&#61;0EE944BA-280C-6470-BDA4-408461642755&amp;worksheet&#61;0EE944BA-7A39-EE00-B48E-DB19CB927F0C&amp;workstep&#61;0EEA9C4D-F790-EAC0-AA9A-59E27AD32930\" rel=\"nofollow noopener noreferrer\">(workstep)</a></p><p><strong>Step 6.\u00a0</strong>Determine the difference between the modeled theoretical power and actual power output <a href=\"/links?type&#61;workstep&amp;workbook&#61;0EE944BA-280C-6470-BDA4-408461642755&amp;worksheet&#61;0EE944BA-7A39-EE00-B48E-DB19CB927F0C&amp;workstep&#61;0EEA9C4D-F87B-60C0-A285-7CF3BDD37637\" rel=\"nofollow noopener noreferrer\">(workstep)</a></p><p><strong>Step 7.\u00a0</strong>Totalize Daily Lost Power and lost power due to Tracking/Soiling (<a href=\"/links?type&#61;workstep&amp;workbook&#61;0EE944BA-280C-6470-BDA4-408461642755&amp;worksheet&#61;0EE944BA-7A39-EE00-B48E-DB19CB927F0C&amp;workstep&#61;0EEA9C4D-F46F-EE40-9189-F46E01691512\" rel=\"nofollow noopener noreferrer\">workstep</a>)</p><p><strong>Step 8.\u00a0</strong>Using contract or market price, determine the revenue lost due to soiling/axis tracking faults (<a href=\"/links?type&#61;workstep&amp;workbook&#61;0EE944BA-280C-6470-BDA4-408461642755&amp;worksheet&#61;0EE944BA-7A39-EE00-B48E-DB19CB927F0C&amp;workstep&#61;0EEA9C4D-F17F-FF00-A35F-69848114057C\" rel=\"nofollow noopener noreferrer\">workstep</a>)</p><p>\u00a0</p>",
        "DocumentBackup\u02c98tDOnRtvJ_0fJzBE2zXbzNqYmvH92F9UQ36NuzvSPeQ\u02c92024-01-03T21:16:00Z": "<h2><strong>Solar Axis Tracking/Soiling Loss Calculation</strong></h2><p>\u00a0</p><h4><strong>Summary</strong></h4><p>When Monitoring a solar plant, optimization of assets is vital because any loss in the system directly contributes to lost revenue. Solar plants consisting of axis tracking panels are subject to tracker equipment failures or inaccuracies, and all plants are subject to panel soiling. Developing a model of expected power output based on meteorology data allows for the estimation of losses related to tracker faults or soiling. This allows the engineers monitoring the plant to make informed decisions about when panels should be cleaned off, or if the tracker control module/motors need maintenance or optimization.\u00a0</p><h4><strong>Analysis Steps:</strong></h4><p><a href=\"/links?type&#61;workstep&amp;workbook&#61;0EE944BA-280C-6470-BDA4-408461642755&amp;worksheet&#61;0EE944BA-7145-6650-8CDC-26A716B882D4&amp;workstep&#61;0EEA9C50-BF74-7530-91C9-5D1B2243BD2E\" rel=\"nofollow noopener noreferrer\">starting point</a></p><p>Identify Training Periods:</p><ul><li>Find when the sun is shining using <a href=\"/links?type&#61;condition&amp;item&#61;0EEA9C76-6B24-E810-A2F2-A65F43A7E64C\" rel=\"nofollow noopener noreferrer\">value search (limit greater than 75)</a></li><li>Identify When the trackers are <a href=\"/links?type&#61;condition&amp;item&#61;0EEA9C81-AFDA-FD50-B8D8-6EB99D146D23\" rel=\"nofollow noopener noreferrer\">deviating by more than 2 degrees from setpoint</a></li><li>Create a training condition when the<a href=\"/links?type&#61;condition&amp;item&#61;0EEA9C8F-4B7B-EEA0-ADFE-90E386819A24\" rel=\"nofollow noopener noreferrer\"> sun is shining and tracker deviations are low</a></li></ul><p>Develop a <a href=\"/links?type&#61;signal&amp;item&#61;0EEAA531-5F0E-73A0-BACC-42045CDA10F5\" rel=\"nofollow noopener noreferrer\">Power Model</a> when panels were clean and trackers were close to setpoint</p><ul><li>Determine the <a href=\"/links?type&#61;signal&amp;item&#61;0EEAA5A7-7153-6080-B468-E27D12C49DC3\" rel=\"nofollow noopener noreferrer\">difference between model and actual power output</a></li></ul><p>\u00a0</p><p><a href=\"/links?type&#61;workstep&amp;workbook&#61;0EE944BA-280C-6470-BDA4-408461642755&amp;worksheet&#61;0EE944BA-7145-6650-8CDC-26A716B882D4&amp;workstep&#61;0EEAA750-28C5-71B0-9CB0-D1C298A54683\" rel=\"nofollow noopener noreferrer\">Totalize lost power due to Soiling/axis tracking issues</a></p><p>Build a <a href=\"/links?type&#61;workstep&amp;workbook&#61;0EE944BA-280C-6470-BDA4-408461642755&amp;worksheet&#61;0EE944BA-7145-6650-8CDC-26A716B882D4&amp;workstep&#61;0EEAA787-22DD-FDB0-BE36-3EC4F40B1F84\" rel=\"nofollow noopener noreferrer\">table of lost revenue due to soiling and axis tracking issues</a> to determine when maintenance should be performed</p><p><strong>Step 1</strong>. Use <a href=\"/links?type&#61;workstep&amp;workbook&#61;0EE944BA-280C-6470-BDA4-408461642755&amp;worksheet&#61;0EE944BA-7A39-EE00-B48E-DB19CB927F0C&amp;workstep&#61;0EEA9C4D-F965-66C0-9669-33789347C658\" rel=\"nofollow noopener noreferrer\">Value Search</a> to determine when the sun is shining (<a href=\"/links?type&#61;workstep&amp;workbook&#61;0EE944BA-280C-6470-BDA4-408461642755&amp;worksheet&#61;0EE944BA-7A39-EE00-B48E-DB19CB927F0C&amp;workstep&#61;0EEA9C4D-FA4F-ECC0-80E3-E30115F4C8E5\" rel=\"nofollow noopener noreferrer\">workstep</a>)</p><p><strong>Step 2</strong>. Looking through the data, determine a solar block that has minimal tracker deviations (Tracker angles are close to set-point angle) and a period of time when the solar panels are not soiled. In this case Block 1 will be used. Bring the Tracker data, Power output data for Block 1, and meteorology data onto the screen. (<a href=\"/links?type&#61;workstep&amp;workbook&#61;0EE944BA-280C-6470-BDA4-408461642755&amp;worksheet&#61;0EE944BA-7A39-EE00-B48E-DB19CB927F0C&amp;workstep&#61;0EEA9C4D-F371-FFC0-B033-B540246FB055\" rel=\"nofollow noopener noreferrer\">workstep</a>)</p><p><strong>Step 3</strong>. Identify periods when each tracker was deviating by more than 1 degree from the set-point. <a href=\"/links?type&#61;workstep&amp;workbook&#61;0EE944BA-280C-6470-BDA4-408461642755&amp;worksheet&#61;0EE944BA-7A39-EE00-B48E-DB19CB927F0C&amp;workstep&#61;0EEA9C4D-F271-EA30-8032-BAC4EDA0F54A\" rel=\"nofollow noopener noreferrer\">(workstep)</a></p><p><strong>Step 4</strong>. Create a condition of periods for training when the sun is shining and the trackers are not deviating. <a href=\"/links?type&#61;workstep&amp;workbook&#61;0EE944BA-280C-6470-BDA4-408461642755&amp;worksheet&#61;0EE944BA-7A39-EE00-B48E-DB19CB927F0C&amp;workstep&#61;0EEA9C4D-F69C-E880-BC18-62454099B8D9\" rel=\"nofollow noopener noreferrer\">(workstep)</a></p><p><strong>Step 5.</strong> Develop a model based on a time when the panels were clean and the trackers were close to set-point. <a href=\"/links?type&#61;workstep&amp;workbook&#61;0EE944BA-280C-6470-BDA4-408461642755&amp;worksheet&#61;0EE944BA-7A39-EE00-B48E-DB19CB927F0C&amp;workstep&#61;0EEA9C4D-F790-EAC0-AA9A-59E27AD32930\" rel=\"nofollow noopener noreferrer\">(workstep)</a></p><p><strong>Step 6.\u00a0</strong>Determine the difference between the modeled theoretical power and actual power output <a href=\"/links?type&#61;workstep&amp;workbook&#61;0EE944BA-280C-6470-BDA4-408461642755&amp;worksheet&#61;0EE944BA-7A39-EE00-B48E-DB19CB927F0C&amp;workstep&#61;0EEA9C4D-F87B-60C0-A285-7CF3BDD37637\" rel=\"nofollow noopener noreferrer\">(workstep)</a></p><p><strong>Step 7.\u00a0</strong>Totalize Daily Lost Power and lost power due to Tracking/Soiling (<a href=\"/links?type&#61;workstep&amp;workbook&#61;0EE944BA-280C-6470-BDA4-408461642755&amp;worksheet&#61;0EE944BA-7A39-EE00-B48E-DB19CB927F0C&amp;workstep&#61;0EEA9C4D-F46F-EE40-9189-F46E01691512\" rel=\"nofollow noopener noreferrer\">workstep</a>)</p><p><strong>Step 8.\u00a0</strong>Using contract or market price, determine the revenue lost due to soiling/axis tracking faults (<a href=\"/links?type&#61;workstep&amp;workbook&#61;0EE944BA-280C-6470-BDA4-408461642755&amp;worksheet&#61;0EE944BA-7A39-EE00-B48E-DB19CB927F0C&amp;workstep&#61;0EEA9C4D-F17F-FF00-A35F-69848114057C\" rel=\"nofollow noopener noreferrer\">workstep</a>)</p><p>\u00a0</p>",
        "DocumentBackup\u02c98tDOnRtvJ_0fJzBE2zXbzNqYmvH92F9UQ36NuzvSPeQ\u02c92024-01-03T21:17:00Z": "<h2><strong>Solar Axis Tracking/Soiling Loss Calculation</strong></h2><p>\u00a0</p><h4><strong>Summary</strong></h4><p>When Monitoring a solar plant, optimization of assets is vital because any loss in the system directly contributes to lost revenue. Solar plants consisting of axis tracking panels are subject to tracker equipment failures or inaccuracies, and all plants are subject to panel soiling. Developing a model of expected power output based on meteorology data allows for the estimation of losses related to tracker faults or soiling. This allows the engineers monitoring the plant to make informed decisions about when panels should be cleaned off, or if the tracker control module/motors need maintenance or optimization.\u00a0</p><h4><strong>Analysis Steps:</strong></h4><p><a href=\"/links?type&#61;workstep&amp;workbook&#61;0EE944BA-280C-6470-BDA4-408461642755&amp;worksheet&#61;0EE944BA-7145-6650-8CDC-26A716B882D4&amp;workstep&#61;0EEA9C50-BF74-7530-91C9-5D1B2243BD2E\" rel=\"nofollow noopener noreferrer\">starting point</a></p><p>Identify Training Periods:</p><ul><li>Find when the sun is shining using <a href=\"/links?type&#61;condition&amp;item&#61;0EEA9C76-6B24-E810-A2F2-A65F43A7E64C\" rel=\"nofollow noopener noreferrer\">value search (limit greater than 75)</a></li><li>Identify When the trackers are <a href=\"/links?type&#61;condition&amp;item&#61;0EEA9C81-AFDA-FD50-B8D8-6EB99D146D23\" rel=\"nofollow noopener noreferrer\">deviating by more than 2 degrees from setpoint</a></li><li>Create a training condition when the<a href=\"/links?type&#61;condition&amp;item&#61;0EEA9C8F-4B7B-EEA0-ADFE-90E386819A24\" rel=\"nofollow noopener noreferrer\"> sun is shining and tracker deviations are low</a></li></ul><p>Develop a <a href=\"/links?type&#61;signal&amp;item&#61;0EEAA531-5F0E-73A0-BACC-42045CDA10F5\" rel=\"nofollow noopener noreferrer\">Power Model</a> when panels were clean and trackers were close to setpoint</p><ul><li>Determine the <a href=\"/links?type&#61;signal&amp;item&#61;0EEAA5A7-7153-6080-B468-E27D12C49DC3\" rel=\"nofollow noopener noreferrer\">difference between model and actual power output</a></li></ul><p>Build a table\u00a0</p><p><a href=\"/links?type&#61;workstep&amp;workbook&#61;0EE944BA-280C-6470-BDA4-408461642755&amp;worksheet&#61;0EE944BA-7145-6650-8CDC-26A716B882D4&amp;workstep&#61;0EEAA750-28C5-71B0-9CB0-D1C298A54683\" rel=\"nofollow noopener noreferrer\">Totalize lost power due to Soiling/axis tracking issues</a></p><p>Build a <a href=\"/links?type&#61;workstep&amp;workbook&#61;0EE944BA-280C-6470-BDA4-408461642755&amp;worksheet&#61;0EE944BA-7145-6650-8CDC-26A716B882D4&amp;workstep&#61;0EEAA787-22DD-FDB0-BE36-3EC4F40B1F84\" rel=\"nofollow noopener noreferrer\">table of lost revenue due to soiling and axis tracking issues</a> to determine when maintenance should be performed</p><p><strong>Step 1</strong>. Use <a href=\"/links?type&#61;workstep&amp;workbook&#61;0EE944BA-280C-6470-BDA4-408461642755&amp;worksheet&#61;0EE944BA-7A39-EE00-B48E-DB19CB927F0C&amp;workstep&#61;0EEA9C4D-F965-66C0-9669-33789347C658\" rel=\"nofollow noopener noreferrer\">Value Search</a> to determine when the sun is shining (<a href=\"/links?type&#61;workstep&amp;workbook&#61;0EE944BA-280C-6470-BDA4-408461642755&amp;worksheet&#61;0EE944BA-7A39-EE00-B48E-DB19CB927F0C&amp;workstep&#61;0EEA9C4D-FA4F-ECC0-80E3-E30115F4C8E5\" rel=\"nofollow noopener noreferrer\">workstep</a>)</p><p><strong>Step 2</strong>. Looking through the data, determine a solar block that has minimal tracker deviations (Tracker angles are close to set-point angle) and a period of time when the solar panels are not soiled. In this case Block 1 will be used. Bring the Tracker data, Power output data for Block 1, and meteorology data onto the screen. (<a href=\"/links?type&#61;workstep&amp;workbook&#61;0EE944BA-280C-6470-BDA4-408461642755&amp;worksheet&#61;0EE944BA-7A39-EE00-B48E-DB19CB927F0C&amp;workstep&#61;0EEA9C4D-F371-FFC0-B033-B540246FB055\" rel=\"nofollow noopener noreferrer\">workstep</a>)</p><p><strong>Step 3</strong>. Identify periods when each tracker was deviating by more than 1 degree from the set-point. <a href=\"/links?type&#61;workstep&amp;workbook&#61;0EE944BA-280C-6470-BDA4-408461642755&amp;worksheet&#61;0EE944BA-7A39-EE00-B48E-DB19CB927F0C&amp;workstep&#61;0EEA9C4D-F271-EA30-8032-BAC4EDA0F54A\" rel=\"nofollow noopener noreferrer\">(workstep)</a></p><p><strong>Step 4</strong>. Create a condition of periods for training when the sun is shining and the trackers are not deviating. <a href=\"/links?type&#61;workstep&amp;workbook&#61;0EE944BA-280C-6470-BDA4-408461642755&amp;worksheet&#61;0EE944BA-7A39-EE00-B48E-DB19CB927F0C&amp;workstep&#61;0EEA9C4D-F69C-E880-BC18-62454099B8D9\" rel=\"nofollow noopener noreferrer\">(workstep)</a></p><p><strong>Step 5.</strong> Develop a model based on a time when the panels were clean and the trackers were close to set-point. <a href=\"/links?type&#61;workstep&amp;workbook&#61;0EE944BA-280C-6470-BDA4-408461642755&amp;worksheet&#61;0EE944BA-7A39-EE00-B48E-DB19CB927F0C&amp;workstep&#61;0EEA9C4D-F790-EAC0-AA9A-59E27AD32930\" rel=\"nofollow noopener noreferrer\">(workstep)</a></p><p><strong>Step 6.\u00a0</strong>Determine the difference between the modeled theoretical power and actual power output <a href=\"/links?type&#61;workstep&amp;workbook&#61;0EE944BA-280C-6470-BDA4-408461642755&amp;worksheet&#61;0EE944BA-7A39-EE00-B48E-DB19CB927F0C&amp;workstep&#61;0EEA9C4D-F87B-60C0-A285-7CF3BDD37637\" rel=\"nofollow noopener noreferrer\">(workstep)</a></p><p><strong>Step 7.\u00a0</strong>Totalize Daily Lost Power and lost power due to Tracking/Soiling (<a href=\"/links?type&#61;workstep&amp;workbook&#61;0EE944BA-280C-6470-BDA4-408461642755&amp;worksheet&#61;0EE944BA-7A39-EE00-B48E-DB19CB927F0C&amp;workstep&#61;0EEA9C4D-F46F-EE40-9189-F46E01691512\" rel=\"nofollow noopener noreferrer\">workstep</a>)</p><p><strong>Step 8.\u00a0</strong>Using contract or market price, determine the revenue lost due to soiling/axis tracking faults (<a href=\"/links?type&#61;workstep&amp;workbook&#61;0EE944BA-280C-6470-BDA4-408461642755&amp;worksheet&#61;0EE944BA-7A39-EE00-B48E-DB19CB927F0C&amp;workstep&#61;0EEA9C4D-F17F-FF00-A35F-69848114057C\" rel=\"nofollow noopener noreferrer\">workstep</a>)</p><p>\u00a0</p>",
        "DocumentBackup\u02c98tDOnRtvJ_0fJzBE2zXbzNqYmvH92F9UQ36NuzvSPeQ\u02c92024-01-03T21:18:00Z": "<h2><strong>Solar Axis Tracking/Soiling Loss Calculation</strong></h2><p>\u00a0</p><h4><strong>Summary</strong></h4><p>When Monitoring a solar plant, optimization of assets is vital because any loss in the system directly contributes to lost revenue. Solar plants consisting of axis tracking panels are subject to tracker equipment failures or inaccuracies, and all plants are subject to panel soiling. Developing a model of expected power output based on meteorology data allows for the estimation of losses related to tracker faults or soiling. This allows the engineers monitoring the plant to make informed decisions about when panels should be cleaned off, or if the tracker control module/motors need maintenance or optimization.\u00a0</p><h4><strong>Analysis Steps:</strong></h4><p><a href=\"/links?type&#61;workstep&amp;workbook&#61;0EE944BA-280C-6470-BDA4-408461642755&amp;worksheet&#61;0EE944BA-7145-6650-8CDC-26A716B882D4&amp;workstep&#61;0EEA9C50-BF74-7530-91C9-5D1B2243BD2E\" rel=\"nofollow noopener noreferrer\">starting point</a></p><p>Identify Training Periods:</p><ul><li>Find when the sun is shining using <a href=\"/links?type&#61;condition&amp;item&#61;0EEA9C76-6B24-E810-A2F2-A65F43A7E64C\" rel=\"nofollow noopener noreferrer\">value search (limit greater than 75)</a></li><li>Identify When the trackers are <a href=\"/links?type&#61;condition&amp;item&#61;0EEA9C81-AFDA-FD50-B8D8-6EB99D146D23\" rel=\"nofollow noopener noreferrer\">deviating by more than 2 degrees from setpoint</a></li><li>Create a training condition when the<a href=\"/links?type&#61;condition&amp;item&#61;0EEA9C8F-4B7B-EEA0-ADFE-90E386819A24\" rel=\"nofollow noopener noreferrer\"> sun is shining and tracker deviations are low</a></li></ul><p>Develop a <a href=\"/links?type&#61;signal&amp;item&#61;0EEAA531-5F0E-73A0-BACC-42045CDA10F5\" rel=\"nofollow noopener noreferrer\">Power Model</a> when panels were clean and trackers were close to setpoint</p><ul><li>Determine the <a href=\"/links?type&#61;signal&amp;item&#61;0EEAA5A7-7153-6080-B468-E27D12C49DC3\" rel=\"nofollow noopener noreferrer\">difference between model and actual power output</a></li></ul><p>Build a table of\u00a0</p><p><a href=\"/links?type&#61;workstep&amp;workbook&#61;0EE944BA-280C-6470-BDA4-408461642755&amp;worksheet&#61;0EE944BA-7145-6650-8CDC-26A716B882D4&amp;workstep&#61;0EEAA750-28C5-71B0-9CB0-D1C298A54683\" rel=\"nofollow noopener noreferrer\">Totalize lost power due to Soiling/axis tracking issues</a></p><p>Build a <a href=\"/links?type&#61;workstep&amp;workbook&#61;0EE944BA-280C-6470-BDA4-408461642755&amp;worksheet&#61;0EE944BA-7145-6650-8CDC-26A716B882D4&amp;workstep&#61;0EEAA787-22DD-FDB0-BE36-3EC4F40B1F84\" rel=\"nofollow noopener noreferrer\">table of lost revenue due to soiling and axis tracking issues</a> to determine when maintenance should be performed</p><p><strong>Step 1</strong>. Use <a href=\"/links?type&#61;workstep&amp;workbook&#61;0EE944BA-280C-6470-BDA4-408461642755&amp;worksheet&#61;0EE944BA-7A39-EE00-B48E-DB19CB927F0C&amp;workstep&#61;0EEA9C4D-F965-66C0-9669-33789347C658\" rel=\"nofollow noopener noreferrer\">Value Search</a> to determine when the sun is shining (<a href=\"/links?type&#61;workstep&amp;workbook&#61;0EE944BA-280C-6470-BDA4-408461642755&amp;worksheet&#61;0EE944BA-7A39-EE00-B48E-DB19CB927F0C&amp;workstep&#61;0EEA9C4D-FA4F-ECC0-80E3-E30115F4C8E5\" rel=\"nofollow noopener noreferrer\">workstep</a>)</p><p><strong>Step 2</strong>. Looking through the data, determine a solar block that has minimal tracker deviations (Tracker angles are close to set-point angle) and a period of time when the solar panels are not soiled. In this case Block 1 will be used. Bring the Tracker data, Power output data for Block 1, and meteorology data onto the screen. (<a href=\"/links?type&#61;workstep&amp;workbook&#61;0EE944BA-280C-6470-BDA4-408461642755&amp;worksheet&#61;0EE944BA-7A39-EE00-B48E-DB19CB927F0C&amp;workstep&#61;0EEA9C4D-F371-FFC0-B033-B540246FB055\" rel=\"nofollow noopener noreferrer\">workstep</a>)</p><p><strong>Step 3</strong>. Identify periods when each tracker was deviating by more than 1 degree from the set-point. <a href=\"/links?type&#61;workstep&amp;workbook&#61;0EE944BA-280C-6470-BDA4-408461642755&amp;worksheet&#61;0EE944BA-7A39-EE00-B48E-DB19CB927F0C&amp;workstep&#61;0EEA9C4D-F271-EA30-8032-BAC4EDA0F54A\" rel=\"nofollow noopener noreferrer\">(workstep)</a></p><p><strong>Step 4</strong>. Create a condition of periods for training when the sun is shining and the trackers are not deviating. <a href=\"/links?type&#61;workstep&amp;workbook&#61;0EE944BA-280C-6470-BDA4-408461642755&amp;worksheet&#61;0EE944BA-7A39-EE00-B48E-DB19CB927F0C&amp;workstep&#61;0EEA9C4D-F69C-E880-BC18-62454099B8D9\" rel=\"nofollow noopener noreferrer\">(workstep)</a></p><p><strong>Step 5.</strong> Develop a model based on a time when the panels were clean and the trackers were close to set-point. <a href=\"/links?type&#61;workstep&amp;workbook&#61;0EE944BA-280C-6470-BDA4-408461642755&amp;worksheet&#61;0EE944BA-7A39-EE00-B48E-DB19CB927F0C&amp;workstep&#61;0EEA9C4D-F790-EAC0-AA9A-59E27AD32930\" rel=\"nofollow noopener noreferrer\">(workstep)</a></p><p><strong>Step 6.\u00a0</strong>Determine the difference between the modeled theoretical power and actual power output <a href=\"/links?type&#61;workstep&amp;workbook&#61;0EE944BA-280C-6470-BDA4-408461642755&amp;worksheet&#61;0EE944BA-7A39-EE00-B48E-DB19CB927F0C&amp;workstep&#61;0EEA9C4D-F87B-60C0-A285-7CF3BDD37637\" rel=\"nofollow noopener noreferrer\">(workstep)</a></p><p><strong>Step 7.\u00a0</strong>Totalize Daily Lost Power and lost power due to Tracking/Soiling (<a href=\"/links?type&#61;workstep&amp;workbook&#61;0EE944BA-280C-6470-BDA4-408461642755&amp;worksheet&#61;0EE944BA-7A39-EE00-B48E-DB19CB927F0C&amp;workstep&#61;0EEA9C4D-F46F-EE40-9189-F46E01691512\" rel=\"nofollow noopener noreferrer\">workstep</a>)</p><p><strong>Step 8.\u00a0</strong>Using contract or market price, determine the revenue lost due to soiling/axis tracking faults (<a href=\"/links?type&#61;workstep&amp;workbook&#61;0EE944BA-280C-6470-BDA4-408461642755&amp;worksheet&#61;0EE944BA-7A39-EE00-B48E-DB19CB927F0C&amp;workstep&#61;0EEA9C4D-F17F-FF00-A35F-69848114057C\" rel=\"nofollow noopener noreferrer\">workstep</a>)</p><p>\u00a0</p>",
        "DocumentBackup\u02c98tDOnRtvJ_0fJzBE2zXbzNqYmvH92F9UQ36NuzvSPeQ\u02c92024-01-03T21:20:00Z": "<h2><strong>Solar Axis Tracking/Soiling Loss Calculation</strong></h2><p>\u00a0</p><h4><strong>Summary</strong></h4><p>When Monitoring a solar plant, optimization of assets is vital because any loss in the system directly contributes to lost revenue. Solar plants consisting of axis tracking panels are subject to tracker equipment failures or inaccuracies, and all plants are subject to panel soiling. Developing a model of expected power output based on meteorology data allows for the estimation of losses related to tracker faults or soiling. This allows the engineers monitoring the plant to make informed decisions about when panels should be cleaned off, or if the tracker control module/motors need maintenance or optimization.\u00a0</p><h4><strong>Analysis Steps:</strong></h4><p><a href=\"/links?type&#61;workstep&amp;workbook&#61;0EE944BA-280C-6470-BDA4-408461642755&amp;worksheet&#61;0EE944BA-7145-6650-8CDC-26A716B882D4&amp;workstep&#61;0EEA9C50-BF74-7530-91C9-5D1B2243BD2E\" rel=\"nofollow noopener noreferrer\">starting point</a></p><p>Identify Training Periods:</p><ul><li>Find when the sun is shining using <a href=\"/links?type&#61;condition&amp;item&#61;0EEA9C76-6B24-E810-A2F2-A65F43A7E64C\" rel=\"nofollow noopener noreferrer\">value search (limit greater than 75)</a></li><li>Identify When the trackers are <a href=\"/links?type&#61;condition&amp;item&#61;0EEA9C81-AFDA-FD50-B8D8-6EB99D146D23\" rel=\"nofollow noopener noreferrer\">deviating by more than 2 degrees from setpoint</a></li><li>Create a training condition when the<a href=\"/links?type&#61;condition&amp;item&#61;0EEA9C8F-4B7B-EEA0-ADFE-90E386819A24\" rel=\"nofollow noopener noreferrer\"> sun is shining and tracker deviations are low</a></li></ul><p>Develop a <a href=\"/links?type&#61;signal&amp;item&#61;0EEAA531-5F0E-73A0-BACC-42045CDA10F5\" rel=\"nofollow noopener noreferrer\">Power Model</a> when panels were clean and trackers were close to setpoint</p><ul><li>Determine the <a href=\"/links?type&#61;signal&amp;item&#61;0EEAA5A7-7153-6080-B468-E27D12C49DC3\" rel=\"nofollow noopener noreferrer\">difference between model and actual power output</a></li></ul><p>Build a table indicating losses and resultant lost revenue</p><ul><li><a href=\"/links?type&#61;workstep&amp;workbook&#61;0EE944BA-280C-6470-BDA4-408461642755&amp;worksheet&#61;0EE944BA-7145-6650-8CDC-26A716B882D4&amp;workstep&#61;0EEAA750-28C5-71B0-9CB0-D1C298A54683\" rel=\"nofollow noopener noreferrer\">Totalize lost power due to Soiling/axis tracking issues</a></li><li>\u00a0</li></ul><p>Build a <a href=\"/links?type&#61;workstep&amp;workbook&#61;0EE944BA-280C-6470-BDA4-408461642755&amp;worksheet&#61;0EE944BA-7145-6650-8CDC-26A716B882D4&amp;workstep&#61;0EEAA787-22DD-FDB0-BE36-3EC4F40B1F84\" rel=\"nofollow noopener noreferrer\">table of lost revenue due to soiling and axis tracking issues</a> to determine when maintenance should be performed</p><p>\u00a0</p><p>\u00a0</p>",
        "DocumentBackup\u02c98tDOnRtvJ_0fJzBE2zXbzNqYmvH92F9UQ36NuzvSPeQ\u02c92024-01-03T21:21:00Z": "<h2><strong>Solar Axis Tracking/Soiling Loss Calculation</strong></h2><p>\u00a0</p><h4><strong>Summary</strong></h4><p>When Monitoring a solar plant, optimization of assets is vital because any loss in the system directly contributes to lost revenue. Solar plants consisting of axis tracking panels are subject to tracker equipment failures or inaccuracies, and all plants are subject to panel soiling. Developing a model of expected power output based on meteorology data allows for the estimation of losses related to tracker faults or soiling. This allows the engineers monitoring the plant to make informed decisions about when panels should be cleaned off, or if the tracker control module/motors need maintenance or optimization.\u00a0</p><h4><strong>Analysis Steps:</strong></h4><p><a href=\"/links?type&#61;workstep&amp;workbook&#61;0EE944BA-280C-6470-BDA4-408461642755&amp;worksheet&#61;0EE944BA-7145-6650-8CDC-26A716B882D4&amp;workstep&#61;0EEA9C50-BF74-7530-91C9-5D1B2243BD2E\" rel=\"nofollow noopener noreferrer\">starting point</a></p><p>Identify Training Periods:</p><ul><li>Find when the sun is shining using <a href=\"/links?type&#61;condition&amp;item&#61;0EEA9C76-6B24-E810-A2F2-A65F43A7E64C\" rel=\"nofollow noopener noreferrer\">value search (limit greater than 75)</a></li><li>Identify When the trackers are <a href=\"/links?type&#61;condition&amp;item&#61;0EEA9C81-AFDA-FD50-B8D8-6EB99D146D23\" rel=\"nofollow noopener noreferrer\">deviating by more than 2 degrees from setpoint</a></li><li>Create a training condition when the<a href=\"/links?type&#61;condition&amp;item&#61;0EEA9C8F-4B7B-EEA0-ADFE-90E386819A24\" rel=\"nofollow noopener noreferrer\"> sun is shining and tracker deviations are low</a></li></ul><p>Develop a <a href=\"/links?type&#61;signal&amp;item&#61;0EEAA531-5F0E-73A0-BACC-42045CDA10F5\" rel=\"nofollow noopener noreferrer\">Power Model</a> when panels were clean and trackers were close to setpoint</p><ul><li>Determine the <a href=\"/links?type&#61;signal&amp;item&#61;0EEAA5A7-7153-6080-B468-E27D12C49DC3\" rel=\"nofollow noopener noreferrer\">difference between model and actual power output</a></li></ul><p>Build a table indicating losses and resultant lost revenue</p><ul><li><a href=\"/links?type&#61;workstep&amp;workbook&#61;0EE944BA-280C-6470-BDA4-408461642755&amp;worksheet&#61;0EE944BA-7145-6650-8CDC-26A716B882D4&amp;workstep&#61;0EEAA750-28C5-71B0-9CB0-D1C298A54683\" rel=\"nofollow noopener noreferrer\">Totalize lost power due to Soiling/axis tracking issues</a></li><li>Convert lost power to reve</li></ul><p>Build a <a href=\"/links?type&#61;workstep&amp;workbook&#61;0EE944BA-280C-6470-BDA4-408461642755&amp;worksheet&#61;0EE944BA-7145-6650-8CDC-26A716B882D4&amp;workstep&#61;0EEAA787-22DD-FDB0-BE36-3EC4F40B1F84\" rel=\"nofollow noopener noreferrer\">table of lost revenue due to soiling and axis tracking issues</a> to determine when maintenance should be performed</p><p>\u00a0</p><p>\u00a0</p>",
        "DocumentBackup\u02c98tDOnRtvJ_0fJzBE2zXbzNqYmvH92F9UQ36NuzvSPeQ\u02c92024-01-03T21:22:00Z": "<h2><strong>Solar Axis Tracking/Soiling Loss Calculation</strong></h2><p>\u00a0</p><h4><strong>Summary</strong></h4><p>When Monitoring a solar plant, optimization of assets is vital because any loss in the system directly contributes to lost revenue. Solar plants consisting of axis tracking panels are subject to tracker equipment failures or inaccuracies, and all plants are subject to panel soiling. Developing a model of expected power output based on meteorology data allows for the estimation of losses related to tracker faults or soiling. This allows the engineers monitoring the plant to make informed decisions about when panels should be cleaned off, or if the tracker control module/motors need maintenance or optimization.\u00a0</p><h4><strong>Analysis Steps:</strong></h4><p><a href=\"/links?type&#61;workstep&amp;workbook&#61;0EE944BA-280C-6470-BDA4-408461642755&amp;worksheet&#61;0EE944BA-7145-6650-8CDC-26A716B882D4&amp;workstep&#61;0EEA9C50-BF74-7530-91C9-5D1B2243BD2E\" rel=\"nofollow noopener noreferrer\">starting point</a></p><p>Identify Training Periods:</p><ul><li>Find when the sun is shining using <a href=\"/links?type&#61;condition&amp;item&#61;0EEA9C76-6B24-E810-A2F2-A65F43A7E64C\" rel=\"nofollow noopener noreferrer\">value search (limit greater than 75)</a></li><li>Identify When the trackers are <a href=\"/links?type&#61;condition&amp;item&#61;0EEA9C81-AFDA-FD50-B8D8-6EB99D146D23\" rel=\"nofollow noopener noreferrer\">deviating by more than 2 degrees from setpoint</a></li><li>Create a training condition when the<a href=\"/links?type&#61;condition&amp;item&#61;0EEA9C8F-4B7B-EEA0-ADFE-90E386819A24\" rel=\"nofollow noopener noreferrer\"> sun is shining and tracker deviations are low</a></li></ul><p>Develop a <a href=\"/links?type&#61;signal&amp;item&#61;0EEAA531-5F0E-73A0-BACC-42045CDA10F5\" rel=\"nofollow noopener noreferrer\">Power Model</a> when panels were clean and trackers were close to setpoint</p><ul><li>Determine the <a href=\"/links?type&#61;signal&amp;item&#61;0EEAA5A7-7153-6080-B468-E27D12C49DC3\" rel=\"nofollow noopener noreferrer\">difference between model and actual power output</a></li></ul><p>Build a table indicating losses and resultant lost revenue</p><ul><li><a href=\"/links?type&#61;workstep&amp;workbook&#61;0EE944BA-280C-6470-BDA4-408461642755&amp;worksheet&#61;0EE944BA-7145-6650-8CDC-26A716B882D4&amp;workstep&#61;0EEAA750-28C5-71B0-9CB0-D1C298A54683\" rel=\"nofollow noopener noreferrer\">Totalize lost power due to Soiling/axis tracking issues</a></li><li><a href=\"/links?type&#61;workstep&amp;workbook&#61;0EE944BA-280C-6470-BDA4-408461642755&amp;worksheet&#61;0EE944BA-7A39-EE00-B48E-DB19CB927F0C&amp;workstep&#61;0EEAA7E2-5A0C-FB00-BD7A-7CBEC124268F\" rel=\"nofollow noopener noreferrer\">Convert lost power to revenue</a></li><li><a href=\"/links?type&#61;workstep&amp;workbook&#61;0EE944BA-280C-6470-BDA4-408461642755&amp;worksheet&#61;0EE944BA-7A39-EE00-B48E-DB19CB927F0C&amp;workstep&#61;0EEAA787-22DD-FDB0-BE36-3EC4F40B1F84\" rel=\"nofollow noopener noreferrer\">Display results in a table</a></li></ul><p>\u00a0</p><p>\u00a0</p><p>\u00a0</p>",
        "DocumentBackup\u02c9DEg3Lh5pLS4-lG84EjGXXXdzxhd1450vkLgiu8he2l8\u02c92024-01-03T21:22:00Z": "<h2><strong>Solar Axis Tracking/Soiling Loss Calculation</strong></h2><p>\u00a0</p><h4><strong>Summary</strong></h4><p>Solar plants consisting of axis tracking panels are subject to tracker equipment failures or inaccuracies. All solar plants are subject to panel soiling losses. Developing a model of expected power output based on meteorology data allows for the estimation of losses related to tracker faults or soiling. This allows the engineers monitoring the plant to make informed decisions about when panels should be cleaned off, or if the tracker control module/motors need maintenance or optimization.\u00a0</p><h4><strong>Analysis Steps:</strong></h4><p><a href=\"/links?type&#61;workstep&amp;workbook&#61;0EE944BA-280C-6470-BDA4-408461642755&amp;worksheet&#61;0EE944BA-7145-6650-8CDC-26A716B882D4&amp;workstep&#61;0EEA9C50-BF74-7530-91C9-5D1B2243BD2E\" rel=\"nofollow noopener noreferrer\">starting point</a></p><p>Identify Training Periods:</p><ul><li>Find when the sun is shining using <a href=\"/links?type&#61;condition&amp;item&#61;0EEA9C76-6B24-E810-A2F2-A65F43A7E64C\" rel=\"nofollow noopener noreferrer\">value search (limit greater than 75)</a></li><li>Identify When the trackers are <a href=\"/links?type&#61;condition&amp;item&#61;0EEA9C81-AFDA-FD50-B8D8-6EB99D146D23\" rel=\"nofollow noopener noreferrer\">deviating by more than 2 degrees from setpoint</a></li><li>Create a training condition when the<a href=\"/links?type&#61;condition&amp;item&#61;0EEA9C8F-4B7B-EEA0-ADFE-90E386819A24\" rel=\"nofollow noopener noreferrer\"> sun is shining and tracker deviations are low</a></li></ul><p>Develop a <a href=\"/links?type&#61;signal&amp;item&#61;0EEAA531-5F0E-73A0-BACC-42045CDA10F5\" rel=\"nofollow noopener noreferrer\">Power Model</a> when panels were clean and trackers were close to setpoint</p><ul><li>Determine the <a href=\"/links?type&#61;signal&amp;item&#61;0EEAA5A7-7153-6080-B468-E27D12C49DC3\" rel=\"nofollow noopener noreferrer\">difference between model and actual power output</a></li></ul><p>Build a table indicating losses and resultant lost revenue</p><ul><li><a href=\"/links?type&#61;workstep&amp;workbook&#61;0EE944BA-280C-6470-BDA4-408461642755&amp;worksheet&#61;0EE944BA-7145-6650-8CDC-26A716B882D4&amp;workstep&#61;0EEAA750-28C5-71B0-9CB0-D1C298A54683\" rel=\"nofollow noopener noreferrer\">Totalize lost power due to Soiling/axis tracking issues</a></li><li><a href=\"/links?type&#61;workstep&amp;workbook&#61;0EE944BA-280C-6470-BDA4-408461642755&amp;worksheet&#61;0EE944BA-7A39-EE00-B48E-DB19CB927F0C&amp;workstep&#61;0EEAA7E2-5A0C-FB00-BD7A-7CBEC124268F\" rel=\"nofollow noopener noreferrer\">Convert lost power to revenue</a></li><li><a href=\"/links?type&#61;workstep&amp;workbook&#61;0EE944BA-280C-6470-BDA4-408461642755&amp;worksheet&#61;0EE944BA-7A39-EE00-B48E-DB19CB927F0C&amp;workstep&#61;0EEAA787-22DD-FDB0-BE36-3EC4F40B1F84\" rel=\"nofollow noopener noreferrer\">Display results in a table</a></li></ul><p>\u00a0</p><p>\u00a0</p><p>\u00a0</p>",
        "Enabled": true,
        "Froala Backup": "<h2><strong>Solar Axis Tracking/Soiling Loss Calculation</strong></h2><p>\u00a0</p><h4><strong>Summary</strong></h4><p>When Monitoring a solar plant, optimization of assets is vital because any loss in the system directly contributes to lost revenue. Solar plants consisting of axis tracking panels are subject to tracker equipment failures or inaccuracies, and all plants are subject to panel soiling. Developing a model of expected power output based on meteorology data allows for the estimation of losses related to tracker faults or soiling. This allows the engineers monitoring the plant to make informed decisions about when panels should be cleaned off, or if the tracker control module/motors need maintenance or optimization.\u00a0</p><h4><strong>Tags Used</strong></h4><p>\u00a0</p><figure class=\"table\"><table><colgroup><col style=\"width:50%;\" /><col style=\"width:50%;\" /></colgroup><tbody><tr><td><a href=\"/links?type&#61;signal&amp;item&#61;00000000-0000-0000-0000-000000000093\" rel=\"nofollow noopener noreferrer\">Irradiation 1-Axis Tracking</a></td><td>Meteorology Measurement</td></tr><tr><td><a href=\"/links?type&#61;signal&amp;item&#61;00000000-0000-0000-0000-000000000231\" rel=\"nofollow noopener noreferrer\">Power Output Block 1</a></td><td>Single Block Output</td></tr><tr><td><a href=\"/links?type&#61;signal&amp;item&#61;00000000-0000-0000-0000-000000000092\" rel=\"nofollow noopener noreferrer\">Tracker Angle SP</a></td><td>Tracker information (if available)</td></tr><tr><td><a href=\"/links?type&#61;signal&amp;item&#61;00000000-0000-0000-0000-000000000058\" rel=\"nofollow noopener noreferrer\">Tracker 1 Angle</a></td><td>Tracker information (if available)</td></tr><tr><td><a href=\"/links?type&#61;signal&amp;item&#61;00000000-0000-0000-0000-000000000108\" rel=\"nofollow noopener noreferrer\">Tracker 2 Angle</a></td><td>Tracker information (if available)</td></tr></tbody></table></figure><h4>.................................................................</h4><h4><strong>Analysis Steps:</strong></h4><p><a href=\"/links?type&#61;workstep&amp;workbook&#61;0EE944BA-280C-6470-BDA4-408461642755&amp;worksheet&#61;0EE944BA-7A39-EE00-B48E-DB19CB927F0C&amp;workstep&#61;0EE944BA-7D6B-FBF0-B8BC-21880F43762D\" rel=\"nofollow noopener noreferrer\">starting point</a></p><p><strong>Step 1</strong>. Use <a href=\"/links?type&#61;workstep&amp;workbook&#61;0EE944BA-280C-6470-BDA4-408461642755&amp;worksheet&#61;0EE944BA-7A39-EE00-B48E-DB19CB927F0C&amp;workstep&#61;0EE944BA-7C68-FF50-8AEC-48AA629BE58A\" rel=\"nofollow noopener noreferrer\">Value Search</a> to determine when the sun is shining (<a href=\"/links?type&#61;workstep&amp;workbook&#61;0EE944BA-280C-6470-BDA4-408461642755&amp;worksheet&#61;0EE944BA-7A39-EE00-B48E-DB19CB927F0C&amp;workstep&#61;0EE944BA-7DB0-71B0-8297-D87AD7295182\" rel=\"nofollow noopener noreferrer\">workstep</a>)</p><p><strong>Step 2</strong>. Looking through the data, determine a solar block that has minimal tracker deviations (Tracker angles are close to set-point angle) and a period of time when the solar panels are not soiled. In this case Block 1 will be used. Bring the Tracker data, Power output data for Block 1, and meteorology data onto the screen. (<a href=\"/links?type&#61;workstep&amp;workbook&#61;0EE944BA-280C-6470-BDA4-408461642755&amp;worksheet&#61;0EE944BA-7A39-EE00-B48E-DB19CB927F0C&amp;workstep&#61;0EE944BA-7F5B-75A0-984A-79685AA5A38C\" rel=\"nofollow noopener noreferrer\">workstep</a>)</p><p><strong>Step 3</strong>. Identify periods when each tracker was deviating by more than 1 degree from the set-point. <a href=\"/links?type&#61;workstep&amp;workbook&#61;0EE944BA-280C-6470-BDA4-408461642755&amp;worksheet&#61;0EE944BA-7A39-EE00-B48E-DB19CB927F0C&amp;workstep&#61;0EE944BA-7E00-EAC0-AC87-A99341D60108\" rel=\"nofollow noopener noreferrer\">(workstep)</a></p><p><strong>Step 4</strong>. Create a condition of periods for training when the sun is shining and the trackers are not deviating. <a href=\"/links?type&#61;workstep&amp;workbook&#61;0EE944BA-280C-6470-BDA4-408461642755&amp;worksheet&#61;0EE944BA-7A39-EE00-B48E-DB19CB927F0C&amp;workstep&#61;0EE944BA-7E51-73D0-8156-2AAA2763EFE6\" rel=\"nofollow noopener noreferrer\">(workstep)</a></p><p><strong>Step 5.</strong> Develop a model based on a time when the panels were clean and the trackers were close to set-point. <a href=\"/links?type&#61;workstep&amp;workbook&#61;0EE944BA-280C-6470-BDA4-408461642755&amp;worksheet&#61;0EE944BA-7A39-EE00-B48E-DB19CB927F0C&amp;workstep&#61;0EE944BA-7E9A-77B0-8F64-D08754FF2CF5\" rel=\"nofollow noopener noreferrer\">(workstep)</a></p><p><strong>Step 6.\u00a0</strong>Determine the difference between the modeled theoretical power and actual power output <a href=\"/links?type&#61;workstep&amp;workbook&#61;0EE944BA-280C-6470-BDA4-408461642755&amp;worksheet&#61;0EE944BA-7A39-EE00-B48E-DB19CB927F0C&amp;workstep&#61;0EE944BA-7EE8-F9B0-8A0D-DABA4BBC256A\" rel=\"nofollow noopener noreferrer\">(workstep)</a></p><p><strong>Step 7.\u00a0</strong>Totalize Daily Lost Power and lost power due to Tracking/Soiling (<a href=\"/links?type&#61;workstep&amp;workbook&#61;0EE944BA-280C-6470-BDA4-408461642755&amp;worksheet&#61;0EE944BA-7A39-EE00-B48E-DB19CB927F0C&amp;workstep&#61;0EE944BA-7CC8-62C0-9E3D-7A41901CC35B\" rel=\"nofollow noopener noreferrer\">workstep</a>)</p><p><strong>Step 8.\u00a0</strong>Using contract or market price, determine the revenue lost due to soiling/axis tracking faults (<a href=\"/links?type&#61;workstep&amp;workbook&#61;0EE944BA-280C-6470-BDA4-408461642755&amp;worksheet&#61;0EE944BA-7A39-EE00-B48E-DB19CB927F0C&amp;workstep&#61;0EE944BA-7D1D-F9F0-A5E2-1CD51E0F3DBA\" rel=\"nofollow noopener noreferrer\">workstep</a>)</p><p>\u00a0</p>",
        "ID": "0EE944BA-8899-7130-904E-81208D38502A",
        "Is CK Enabled": true,
        "Locked": false,
        "Name": "Solar Axis Tracking/Soiling Loss Calculation",
        "Plain Text Document": "Solar Axis Tracking/Soiling Loss Calculation\u00a0SummarySolar plants consisting of axis tracking panels are subject to tracker equipment failures or inaccuracies. All solar plants are subject to panel soiling losses. Developing a model of expected power output based on meteorology data allows for the estimation of losses related to tracker faults or soiling. This allows the engineers monitoring the plant to make informed decisions about when panels should be cleaned off, or if the tracker control module/motors need maintenance or optimization.\u00a0Analysis Steps:starting pointIdentify Training Periods:Find when the sun is shining using value search (limit greater than 75)Identify When the trackers are deviating by more than 2 degrees from setpointCreate a training condition when the sun is shining and tracker deviations are lowDevelop a Power Model when panels were clean and trackers were close to setpointDetermine the difference between model and actual power outputBuild a table indicating losses and resultant lost revenueTotalize lost power due to Soiling/axis tracking issuesConvert lost power to revenueDisplay results in a table\u00a0\u00a0\u00a0",
        "Type": "Journal",
        "Unsearchable": false,
        "Updated At": "1731001009993998470"
    }
}