{
    "Access Control": [
        {
            "ID": "0eeaa7ea-5b38-7170-ab1f-36f40b909e3c",
            "Identity": {
                "Datasource Class": "Auth",
                "Datasource ID": "Seeq",
                "Datasource Name": "Seeq",
                "ID": "3B804F82-9378-4C52-81D5-E7BD0AC5F076",
                "Name": "Partner Demo Access",
                "Type": "UserGroup"
            },
            "Origin": "EC7489B9-56B7-4F6F-9429-BD2145EEA8C2",
            "Permissions": {
                "Manage": false,
                "Read": true,
                "Write": true
            },
            "Redacted": false,
            "Role": null
        },
        {
            "ID": "0ee944ba-280c-6470-bd33-18c73dc47a18",
            "Identity": {
                "Datasource Class": "OAuth 2.0",
                "Datasource ID": "9ecc7e74-4c32-436d-9af0-70d8aa99386b",
                "Datasource Name": "Seeq Azure SSO",
                "Email": "sean.tropsa@seeq.com",
                "First Name": "Sean",
                "ID": "61D513D5-AAE8-4A4C-B516-6F1745E7E445",
                "Is Admin": true,
                "Last Name": "Tropsa",
                "Name": "Sean Tropsa",
                "Type": "User",
                "Username": "8tDOnRtvJ_0fJzBE2zXbzNqYmvH92F9UQ36NuzvSPeQ"
            },
            "Origin": null,
            "Permissions": {
                "Manage": true,
                "Read": true,
                "Write": true
            },
            "Redacted": false,
            "Role": "OWNER"
        },
        {
            "ID": "0eeaa7ea-5b38-7170-8e31-0c70b314a1a4",
            "Identity": {
                "Datasource Class": "Auth",
                "Datasource ID": "Seeq",
                "Datasource Name": "Seeq",
                "ID": "72A9F0E9-1878-40F6-A368-D520591C6BFC",
                "Name": "Everyone",
                "Type": "UserGroup"
            },
            "Origin": "EC7489B9-56B7-4F6F-9429-BD2145EEA8C2",
            "Permissions": {
                "Manage": false,
                "Read": true,
                "Write": false
            },
            "Redacted": false,
            "Role": null
        },
        {
            "ID": "0eeaa7ea-5b38-7170-9262-90a83a1eef37",
            "Identity": {
                "Datasource Class": "OAuth 2.0",
                "Datasource ID": "9ecc7e74-4c32-436d-9af0-70d8aa99386b",
                "Datasource Name": "Seeq Azure SSO",
                "Email": "shamus.cunningham@seeq.com",
                "First Name": "Shamus",
                "ID": "849F6252-B8A4-495C-B1B5-73CD38B8A066",
                "Is Admin": true,
                "Last Name": "Cunningham",
                "Name": "Shamus Cunningham",
                "Type": "User",
                "Username": "DMH0KFzkCvN1pJbDdJgkrUvR4vPhL0QTDxpDD1Oy_rk"
            },
            "Origin": "EC7489B9-56B7-4F6F-9429-BD2145EEA8C2",
            "Permissions": {
                "Manage": true,
                "Read": true,
                "Write": true
            },
            "Redacted": false,
            "Role": null
        },
        {
            "ID": "0eeaa7ea-5b38-7170-9110-5fc03c9897ef",
            "Identity": {
                "Datasource Class": "OAuth 2.0",
                "Datasource ID": "9ecc7e74-4c32-436d-9af0-70d8aa99386b",
                "Datasource Name": "Seeq Azure SSO",
                "Email": "Joseph.Reckamp@seeq.com",
                "First Name": "Joe",
                "ID": "C9FD5B90-17F3-4CA7-8C37-CD9B7D9B85D2",
                "Is Admin": true,
                "Last Name": "Reckamp",
                "Name": "Joe Reckamp",
                "Type": "User",
                "Username": "DEg3Lh5pLS4-lG84EjGXXXdzxhd1450vkLgiu8he2l8"
            },
            "Origin": "EC7489B9-56B7-4F6F-9429-BD2145EEA8C2",
            "Permissions": {
                "Manage": true,
                "Read": true,
                "Write": true
            },
            "Redacted": false,
            "Role": null
        },
        {
            "ID": "0eeaa7ea-5b38-7170-ab48-e5487152e6e8",
            "Identity": {
                "Datasource Class": "Auth",
                "Datasource ID": "Seeq",
                "Datasource Name": "Seeq",
                "ID": "E4730C48-1672-447F-B48B-F77C95580062",
                "Name": "Seeq Internal",
                "Type": "UserGroup"
            },
            "Origin": "EC7489B9-56B7-4F6F-9429-BD2145EEA8C2",
            "Permissions": {
                "Manage": true,
                "Read": true,
                "Write": true
            },
            "Redacted": false,
            "Role": null
        }
    ],
    "Ancestors": [
        "__Corporate__",
        "E49ED507-46F8-41D9-A968-EBA66A0B4DFD",
        "EC7489B9-56B7-4F6F-9429-BD2145EEA8C2"
    ],
    "Archived": false,
    "Cache Enabled": false,
    "Created At": "1701876306487981555",
    "Enabled": true,
    "ID": "0EE944BA-280C-6470-BDA4-408461642755",
    "Locked": false,
    "Name": "Promotional - Solar: Axis Tracking or Soiling Loss Calculations",
    "Original Server URL": "http://seeq-server",
    "Owner": {
        "Datasource Class": "OAuth 2.0",
        "Datasource ID": "9ecc7e74-4c32-436d-9af0-70d8aa99386b",
        "Datasource Name": "Seeq Azure SSO",
        "Email": "sean.tropsa@seeq.com",
        "First Name": "Sean",
        "ID": "61D513D5-AAE8-4A4C-B516-6F1745E7E445",
        "Is Admin": true,
        "Last Name": "Tropsa",
        "Name": "Sean Tropsa",
        "Type": "User",
        "Username": "8tDOnRtvJ_0fJzBE2zXbzNqYmvH92F9UQ36NuzvSPeQ"
    },
    "Path": "Corporate folder >> Industry Use Cases >> Quality",
    "Search Folder ID": "EC7489B9-56B7-4F6F-9429-BD2145EEA8C2",
    "Type": "Workbook",
    "URL": "https://demo.seeq.dev/EC7489B9-56B7-4F6F-9429-BD2145EEA8C2/workbook/0EE944BA-280C-6470-BDA4-408461642755/worksheet/0EE944BA-7145-6650-8CDC-26A716B882D4",
    "Unsearchable": false,
    "Updated At": "1731001001390411391",
    "Workbook Type": "Analysis",
    "Worksheets": [
        "0EE944BA-7145-6650-8CDC-26A716B882D4",
        "0EE944BA-7A39-EE00-B48E-DB19CB927F0C"
    ],
    "workbookState": {
        "state": {
            "stores": {
                "sqAnnotationStore": {
                    "height": 0,
                    "id": "0EE944BA-8899-7130-904E-81208D38502A",
                    "isAnnotatesExpanded": false,
                    "isCkEnabled": true,
                    "isCommentsExpanded": false,
                    "isExpanded": false,
                    "width": 0
                }
            }
        },
        "version": 1
    }
}