{
    "00887102-5667-45F1-B1E1-A61BFE4570DA": {
        "Archived": false,
        "Asset": "Reactor 1",
        "Cache Enabled": false,
        "Data ID": "[00000000-0000-0000-0000-000000000000] {Asset} Sample Assets >> Batch Products >> Product 1 >> Site 1 >> Reactor 1",
        "Datasource Class": "Seeq Data Lab",
        "Datasource ID": "Seeq Data Lab",
        "Enabled": true,
        "ID": "00887102-5667-45F1-B1E1-A61BFE4570DA",
        "Locked": false,
        "Name": "Reactor 1",
        "Old Asset Format": false,
        "Parent ID": "94636F8A-33F9-4640-976D-BFBE96F7A147",
        "Path": "Sample Assets >> Batch Products >> Product 1 >> Site 1",
        "Sync Token": "2023-09-14T16:59:36.953891",
        "Template": "Sample Assets",
        "Type": "Asset",
        "Unsearchable": false
    },
    "0625915A-0EDC-46E8-B63D-91481AA77B31": {
        "Archived": false,
        "Cache Enabled": false,
        "Cache ID": "C4336EA8-1B5B-4D52-AD5B-09C33AE6AA1A",
        "Data ID": "[Tag] BatchDemo_Reactor 3_Batch ID.sim.ts.csv",
        "Datasource Class": "Time Series CSV Files",
        "Datasource ID": "trainingData",
        "Enabled": true,
        "ID": "0625915A-0EDC-46E8-B63D-91481AA77B31",
        "Interpolation Method": "Step",
        "Key Unit Of Measure": "ns",
        "Locked": false,
        "Maximum Interpolation": "2min",
        "Name": "BatchDemo_Reactor 3_Batch ID",
        "Source Maximum Interpolation": "2min",
        "Source Value Unit Of Measure": "string",
        "Stored Series Cache Version": 1,
        "Sync Token": "2023-02-16T00:00:00.365541947Z",
        "Type": "StoredSignal",
        "Unsearchable": false,
        "Value Unit Of Measure": "string"
    },
    "066BF501-71FF-41CA-8DFD-E56AE234F965": {
        "Archived": false,
        "Asset": "Reactor 3",
        "Cache Enabled": false,
        "Cache ID": "1EF64E7A-F480-6AA0-B307-8C6BBA3CBEBC",
        "Data ID": "[00000000-0000-0000-0000-000000000000] {Signal} Sample Assets >> Batch Products >> Product 1 >> Site 1 >> Reactor 3 >> Drug Substance Potency",
        "Datasource Class": "Seeq Data Lab",
        "Datasource ID": "Seeq Data Lab",
        "Enabled": true,
        "Formula": "$signal.validValues().toStep(7d)",
        "Formula Parameters": {
            "signal": "50F40B8B-F746-4691-BF98-EB561011EAAE"
        },
        "Formula Version": 31,
        "ID": "066BF501-71FF-41CA-8DFD-E56AE234F965",
        "Interpolation Method": "Step",
        "Key Unit Of Measure": "ns",
        "Locked": false,
        "Maximum Interpolation": {
            "Unit Of Measure": "d",
            "Value": 7
        },
        "Name": "Drug Substance Potency",
        "Parent ID": "E31E45EA-498C-458B-B097-461893C61016",
        "Path": "Sample Assets >> Batch Products >> Product 1 >> Site 1",
        "Sync Token": "2023-09-14T16:59:36.953891",
        "Template": "Sample Assets",
        "Type": "CalculatedSignal",
        "UIConfig": {
            "advancedParametersCollapsed": true,
            "configVersion": 11,
            "helpShown": true,
            "helpView": "documentation",
            "localFormula": "",
            "tabTransitioning": false,
            "type": "formula"
        },
        "Unsearchable": false,
        "Value Unit Of Measure": "%"
    },
    "0AE41C22-39D2-4710-BB30-B877BA5D6B1C": {
        "Archived": false,
        "Cache Enabled": false,
        "Cache ID": "35F88811-78BD-4160-A5EA-8CAE54265302",
        "Data ID": "[Tag] BatchDemo_Reactor 3_Product.sim.ts.csv",
        "Datasource Class": "Time Series CSV Files",
        "Datasource ID": "trainingData",
        "Enabled": true,
        "ID": "0AE41C22-39D2-4710-BB30-B877BA5D6B1C",
        "Interpolation Method": "Step",
        "Key Unit Of Measure": "ns",
        "Locked": false,
        "Maximum Interpolation": "2min",
        "Name": "BatchDemo_Reactor 3_Product",
        "Source Maximum Interpolation": "2min",
        "Source Value Unit Of Measure": "string",
        "Stored Series Cache Version": 1,
        "Sync Token": "2023-02-16T00:00:00.365541947Z",
        "Type": "StoredSignal",
        "Unsearchable": false,
        "Value Unit Of Measure": "string"
    },
    "0EFA6A0B-4C9B-71B0-ADCE-2000B1F79638": {
        "Access Control": [
            {
                "ID": "0efa6a0b-4c9b-71b0-832f-2cb144107853",
                "Identity": {
                    "Datasource Class": "OAuth 2.0",
                    "Datasource ID": "9ecc7e74-4c32-436d-9af0-70d8aa99386b",
                    "Datasource Name": "Seeq Azure SSO",
                    "Email": "Joseph.Reckamp@seeq.com",
                    "First Name": "Joe",
                    "ID": "C9FD5B90-17F3-4CA7-8C37-CD9B7D9B85D2",
                    "Is Admin": true,
                    "Last Name": "Reckamp",
                    "Name": "Joe Reckamp",
                    "Type": "User",
                    "Username": "DEg3Lh5pLS4-lG84EjGXXXdzxhd1450vkLgiu8he2l8"
                },
                "Origin": null,
                "Permissions": {
                    "Manage": true,
                    "Read": true,
                    "Write": true
                },
                "Redacted": false,
                "Role": "OWNER"
            },
            {
                "ID": "0efa6a0b-4cc7-60d0-a44e-06a6b1da5301",
                "Identity": {
                    "Datasource Class": "OAuth 2.0",
                    "Datasource ID": "9ecc7e74-4c32-436d-9af0-70d8aa99386b",
                    "Datasource Name": "Seeq Azure SSO",
                    "Email": "Joseph.Reckamp@seeq.com",
                    "First Name": "Joe",
                    "ID": "C9FD5B90-17F3-4CA7-8C37-CD9B7D9B85D2",
                    "Is Admin": true,
                    "Last Name": "Reckamp",
                    "Name": "Joe Reckamp",
                    "Type": "User",
                    "Username": "DEg3Lh5pLS4-lG84EjGXXXdzxhd1450vkLgiu8he2l8"
                },
                "Origin": "905A3390-CCA6-489B-89A3-492EC9F7FF26",
                "Permissions": {
                    "Manage": true,
                    "Read": true,
                    "Write": true
                },
                "Redacted": false,
                "Role": null
            }
        ],
        "Ancestors": [
            "__Users__",
            "905A3390-CCA6-489B-89A3-492EC9F7FF26"
        ],
        "Archived": false,
        "Cache Enabled": false,
        "Created At": "1732039462987374025",
        "Enabled": true,
        "ID": "0EFA6A0B-4C9B-71B0-ADCE-2000B1F79638",
        "Locked": false,
        "Name": "DO NOT USE (Please!)",
        "Owner": {
            "Datasource Class": "OAuth 2.0",
            "Datasource ID": "9ecc7e74-4c32-436d-9af0-70d8aa99386b",
            "Datasource Name": "Seeq Azure SSO",
            "Email": "Joseph.Reckamp@seeq.com",
            "First Name": "Joe",
            "ID": "C9FD5B90-17F3-4CA7-8C37-CD9B7D9B85D2",
            "Is Admin": true,
            "Last Name": "Reckamp",
            "Name": "Joe Reckamp",
            "Type": "User",
            "Username": "DEg3Lh5pLS4-lG84EjGXXXdzxhd1450vkLgiu8he2l8"
        },
        "Type": "Folder",
        "Unsearchable": false,
        "Updated At": "1732135031904791904"
    },
    "0EFA73E0-D833-FBD0-A71B-F45F59AB5AC2": {
        "Archived": false,
        "Cache Enabled": true,
        "Cache ID": "1EFAC28C-ABC7-6640-A67E-4D8BB5E653B9",
        "Capsule ID Property": "start",
        "Capsule Property Units": {
            "Batch ID": "string",
            "Operation": "string",
            "Potency": "%",
            "Product": "string"
        },
        "Data ID": "0EFA73E0-D833-FBD0-A71B-F45F59AB5AC2",
        "Datasource Class": "Seeq Calculations",
        "Datasource ID": "Seeq Calculations",
        "Enabled": true,
        "Formula": [
            "$property1Condition = $property1Signal.toCondition(\"Batch ID\")",
            "$property2Condition = $property2Signal.toCondition(\"Operation\")",
            "$property3Condition = $property3Signal.toCondition(\"Product\")",
            "$property4Condition = $property4Signal.toCondition(\"Potency\")",
            "combineWith($property1Condition, $property2Condition, $property3Condition, $property4Condition).fragment(keepProperties())"
        ],
        "Formula Parameters": {
            "property1Signal": "394C1CB3-4F11-464B-9389-DCC21914E59A",
            "property2Signal": "0EFAC28C-0B59-6650-B152-980D63869702",
            "property3Signal": "9B801C22-5C32-49BD-9B77-4D4373DB8580",
            "property4Signal": "42A3AAB7-18F8-42B2-BF96-F2802AD2338B"
        },
        "Formula Version": 31,
        "ID": "0EFA73E0-D833-FBD0-A71B-F45F59AB5AC2",
        "Locked": false,
        "Name": "Reactor Operations",
        "Scoped To": "0EFA73DB-1880-75E0-A034-DFFA9E819A3A",
        "Type": "CalculatedCondition",
        "UIConfig": {
            "advancedParametersCollapsed": true,
            "configVersion": 11,
            "properties": [
                {
                    "propertyName": "Batch ID",
                    "stringSignal": {
                        "cached": false,
                        "datasource": {
                            "datasourceClass": "Seeq Data Lab",
                            "datasourceId": "Seeq Data Lab",
                            "id": "E311DFB9-21E9-4285-AB2F-FE40725CDF54",
                            "isArchived": false,
                            "isRedacted": false,
                            "name": "Seeq Data Lab",
                            "type": "Datasource"
                        },
                        "effectivePermissions": {
                            "manage": true,
                            "read": true,
                            "write": true
                        },
                        "fingerprint": "0EE6D071-E1EF-ECD0-B8C1-6ED277F447D1",
                        "id": "394C1CB3-4F11-464B-9389-DCC21914E59A",
                        "isArchived": false,
                        "isRedacted": false,
                        "itemType": "seriesDisplayType",
                        "name": "Batch ID",
                        "signalMetadata": {
                            "interpolationMethod": "Step",
                            "keyUnitOfMeasure": "ns",
                            "maxInterpolation": {
                                "uom": "d",
                                "value": 7
                            },
                            "valueUnitOfMeasure": "string"
                        },
                        "type": "CalculatedSignal"
                    }
                },
                {
                    "propertyName": "Operation",
                    "stringSignal": {
                        "cached": true,
                        "datasource": {
                            "datasourceClass": "Seeq Calculations",
                            "datasourceId": "Seeq Calculations",
                            "id": "6556D2A2-5A5C-455A-B4F6-47BDD05764E0",
                            "isArchived": false,
                            "isRedacted": false,
                            "name": "Seeq Calculations",
                            "type": "Datasource"
                        },
                        "effectivePermissions": {
                            "manage": true,
                            "read": true,
                            "write": true
                        },
                        "fingerprint": "0EFAC28C-0B6A-77C0-BC9D-8959FBB2EE0C",
                        "id": "0EFAC28C-0B59-6650-B152-980D63869702",
                        "isArchived": false,
                        "isRedacted": false,
                        "itemType": "seriesDisplayType",
                        "name": "Operations",
                        "scopedTo": "0EFA73DB-1880-75E0-A034-DFFA9E819A3A",
                        "signalMetadata": {
                            "interpolationMethod": "Step",
                            "maxInterpolation": {
                                "uom": "d",
                                "value": 7
                            },
                            "valueUnitOfMeasure": "string"
                        },
                        "type": "CalculatedSignal"
                    }
                },
                {
                    "propertyName": "Product",
                    "stringSignal": {
                        "cached": false,
                        "datasource": {
                            "datasourceClass": "Seeq Data Lab",
                            "datasourceId": "Seeq Data Lab",
                            "id": "E311DFB9-21E9-4285-AB2F-FE40725CDF54",
                            "isArchived": false,
                            "isRedacted": false,
                            "name": "Seeq Data Lab",
                            "type": "Datasource"
                        },
                        "effectivePermissions": {
                            "manage": true,
                            "read": true,
                            "write": true
                        },
                        "fingerprint": "0EE6D05D-64A4-6640-A7EC-EDB151B1D2C0",
                        "id": "9B801C22-5C32-49BD-9B77-4D4373DB8580",
                        "isArchived": false,
                        "isRedacted": false,
                        "itemType": "seriesDisplayType",
                        "name": "Product",
                        "signalMetadata": {
                            "interpolationMethod": "Step",
                            "keyUnitOfMeasure": "ns",
                            "maxInterpolation": {
                                "uom": "d",
                                "value": 7
                            },
                            "valueUnitOfMeasure": "string"
                        },
                        "type": "CalculatedSignal"
                    }
                },
                {
                    "propertyName": "Potency",
                    "stringSignal": {
                        "cached": false,
                        "datasource": {
                            "datasourceClass": "Seeq Data Lab",
                            "datasourceId": "Seeq Data Lab",
                            "id": "E311DFB9-21E9-4285-AB2F-FE40725CDF54",
                            "isArchived": false,
                            "isRedacted": false,
                            "name": "Seeq Data Lab",
                            "type": "Datasource"
                        },
                        "effectivePermissions": {
                            "manage": true,
                            "read": true,
                            "write": true
                        },
                        "fingerprint": "0EE6D06E-558D-66A0-9E04-FCEBFA611022",
                        "id": "42A3AAB7-18F8-42B2-BF96-F2802AD2338B",
                        "isArchived": false,
                        "isRedacted": false,
                        "itemType": "seriesDisplayType",
                        "name": "Drug Substance Potency",
                        "signalMetadata": {
                            "interpolationMethod": "Step",
                            "keyUnitOfMeasure": "ns",
                            "maxInterpolation": {
                                "uom": "d",
                                "value": 7
                            },
                            "valueUnitOfMeasure": "%"
                        },
                        "type": "CalculatedSignal"
                    }
                }
            ],
            "scopedTo": "0EFA73DB-1880-75E0-A034-DFFA9E819A3A",
            "type": "condition-with-properties"
        },
        "Unsearchable": false
    },
    "0EFA73E6-6057-77A0-AA5E-17FC8EA53F33": {
        "Archived": false,
        "Cache Enabled": true,
        "Cache ID": "1EFAC28C-ABCB-6220-9F43-D8A58F5DF64B",
        "Capsule ID Property": "start",
        "Capsule Property Units": {
            "Batch ID": "string",
            "Operation": "string",
            "Potency": "%",
            "Product": "string"
        },
        "Data ID": "0EFA73E6-6057-77A0-AA5E-17FC8EA53F33",
        "Datasource Class": "Seeq Calculations",
        "Datasource ID": "Seeq Calculations",
        "Enabled": true,
        "Formula": [
            "//Filter operation property",
            "$operations.keep('Operation', isMatch('Process'))"
        ],
        "Formula Parameters": {
            "operations": "0EFA73E0-D833-FBD0-A71B-F45F59AB5AC2"
        },
        "Formula Version": 31,
        "ID": "0EFA73E6-6057-77A0-AA5E-17FC8EA53F33",
        "Locked": false,
        "Name": "Reactor Process",
        "Scoped To": "0EFA73DB-1880-75E0-A034-DFFA9E819A3A",
        "Type": "CalculatedCondition",
        "UIConfig": {
            "advancedParametersCollapsed": true,
            "configVersion": 11,
            "localFormula": "",
            "tabTransitioning": false,
            "type": "formula"
        },
        "Unsearchable": false
    },
    "0EFA73E7-6FAE-75E0-9158-A5BCA49C0FBC": {
        "Archived": false,
        "Cache Enabled": true,
        "Cache ID": "1EFAC28C-ABCB-66A0-B6D8-710AB673A916",
        "Capsule ID Property": "start",
        "Capsule Property Units": {
            "Batch ID": "string",
            "Operation": "string",
            "Potency": "%",
            "Product": "string"
        },
        "Data ID": "0EFA73E7-6FAE-75E0-9158-A5BCA49C0FBC",
        "Datasource Class": "Seeq Calculations",
        "Datasource ID": "Seeq Calculations",
        "Enabled": true,
        "Formula": [
            "//Filter for high DS potency",
            "//Remove long duration batches",
            "$process.keep('Potency', isGreaterThan(98.3)) ",
            ".removeLongerThan(7hr)"
        ],
        "Formula Parameters": {
            "process": "0EFA73E6-6057-77A0-AA5E-17FC8EA53F33"
        },
        "Formula Version": 31,
        "ID": "0EFA73E7-6FAE-75E0-9158-A5BCA49C0FBC",
        "Locked": false,
        "Maximum Duration": {
            "Unit Of Measure": "h",
            "Value": 7
        },
        "Name": "Training",
        "Scoped To": "0EFA73DB-1880-75E0-A034-DFFA9E819A3A",
        "Type": "CalculatedCondition",
        "UIConfig": {
            "advancedParametersCollapsed": true,
            "configVersion": 11,
            "localFormula": "",
            "tabTransitioning": false,
            "type": "formula"
        },
        "Unsearchable": false
    },
    "0EFA73EA-4594-7720-B27A-AAE98DC6DFE5": {
        "Archived": false,
        "Cache Enabled": true,
        "Cache ID": "1EFAC28C-ABCB-6A40-A69E-B2A67CE72C3F",
        "Data ID": "0EFA73EA-4594-7720-B27A-AAE98DC6DFE5",
        "Datasource Class": "Seeq Calculations",
        "Datasource ID": "Seeq Calculations",
        "Enabled": true,
        "Formula": [
            "$trainingRange = $inputCondition.toGroup(capsule(\"2023-02-09T08:42:00.000Z\", \"2023-02-21T08:42:00.000Z\"), CapsuleBoundary.EnclosedBy)",
            "referenceTable(5min)",
            "  .addRows($inputSignal, $trainingRange)",
            "  .repeatOver($repeatOverCondition.setMaximumDuration(40h).fragment(), ReferenceTableStat.StdDev, 3)"
        ],
        "Formula Parameters": {
            "inputCondition": "0EFA73E7-6FAE-75E0-9158-A5BCA49C0FBC",
            "inputSignal": "565C84AD-E0B1-49FB-813A-A31DA75FBA2B",
            "repeatOverCondition": "0EFA73E6-6057-77A0-AA5E-17FC8EA53F33"
        },
        "Formula Version": 31,
        "ID": "0EFA73EA-4594-7720-B27A-AAE98DC6DFE5",
        "Interpolation Method": "Linear",
        "Locked": false,
        "Maximum Interpolation": {
            "Unit Of Measure": "min",
            "Value": 5
        },
        "Name": "Upper Control Limit",
        "Scoped To": "0EFA73DB-1880-75E0-A034-DFFA9E819A3A",
        "Type": "CalculatedSignal",
        "UIConfig": {
            "configVersion": 11,
            "griddingPeriod": {
                "units": "min",
                "value": 5
            },
            "maximumDuration": {
                "units": "h",
                "value": 40
            },
            "multiplier": "3",
            "referenceStat": "StdDev",
            "type": "reference",
            "windowEnd": 1676968920000,
            "windowStart": 1675932120000
        },
        "Unsearchable": false,
        "Value Unit Of Measure": "g/L"
    },
    "0EFA73EA-FDD6-FDB0-BD64-36A77A2D89D7": {
        "Archived": false,
        "Cache Enabled": true,
        "Cache ID": "1EFAC28C-ABCC-6360-AFE3-AB51C8CE100F",
        "Data ID": "0EFA73EA-FDD6-FDB0-BD64-36A77A2D89D7",
        "Datasource Class": "Seeq Calculations",
        "Datasource ID": "Seeq Calculations",
        "Enabled": true,
        "Formula": [
            "$trainingRange = $inputCondition.toGroup(capsule(\"2023-02-09T08:42:00.000Z\", \"2023-02-21T08:42:00.000Z\"), CapsuleBoundary.EnclosedBy)",
            "referenceTable(5min)",
            "  .addRows($inputSignal, $trainingRange)",
            "  .repeatOver($repeatOverCondition.setMaximumDuration(40h).fragment(), ReferenceTableStat.StdDev, -3)"
        ],
        "Formula Parameters": {
            "inputCondition": "0EFA73E7-6FAE-75E0-9158-A5BCA49C0FBC",
            "inputSignal": "565C84AD-E0B1-49FB-813A-A31DA75FBA2B",
            "repeatOverCondition": "0EFA73E6-6057-77A0-AA5E-17FC8EA53F33"
        },
        "Formula Version": 31,
        "ID": "0EFA73EA-FDD6-FDB0-BD64-36A77A2D89D7",
        "Interpolation Method": "Linear",
        "Locked": false,
        "Maximum Interpolation": {
            "Unit Of Measure": "min",
            "Value": 5
        },
        "Name": "Lower Control Limit",
        "Scoped To": "0EFA73DB-1880-75E0-A034-DFFA9E819A3A",
        "Type": "CalculatedSignal",
        "UIConfig": {
            "configVersion": 11,
            "griddingPeriod": {
                "units": "min",
                "value": 5
            },
            "maximumDuration": {
                "units": "h",
                "value": 40
            },
            "multiplier": "-3",
            "referenceStat": "StdDev",
            "scopedTo": "0EFA73DB-1880-75E0-A034-DFFA9E819A3A",
            "type": "reference",
            "windowEnd": 1676968920000,
            "windowStart": 1675932120000
        },
        "Unsearchable": false,
        "Value Unit Of Measure": "g/L"
    },
    "0EFA73ED-BAC0-7730-B43C-F1DB7C95D331": {
        "Archived": false,
        "Cache Enabled": true,
        "Cache ID": "1EFAC28C-AD8B-6130-96EF-A96BD937CC89",
        "Capsule ID Property": "start",
        "Capsule Property Units": {
            "Batch ID": "string",
            "Operation": "string",
            "Potency": "%",
            "Product": "string"
        },
        "Data ID": "0EFA73ED-BAC0-7730-B43C-F1DB7C95D331",
        "Datasource Class": "Seeq Calculations",
        "Datasource ID": "Seeq Calculations",
        "Enabled": true,
        "Formula": [
            "$property1Condition = $property1Signal.toCondition(\"Batch ID\")",
            "$property2Condition = $property2Signal.toCondition(\"Operation\")",
            "$property3Condition = $property3Signal.toCondition(\"Product\")",
            "$property4Condition = $property4Signal.toCondition(\"Potency\")",
            "combineWith($property1Condition, $property2Condition, $property3Condition, $property4Condition).fragment(keepProperties())"
        ],
        "Formula Parameters": {
            "property1Signal": "9306368F-7AE7-46A6-8BB2-6348907F7A98",
            "property2Signal": "0EFAC28C-5684-E8F0-8BF3-C3ED01435F60",
            "property3Signal": "4331C046-AFDF-4E31-9961-4E08F0FA37F4",
            "property4Signal": "066BF501-71FF-41CA-8DFD-E56AE234F965"
        },
        "Formula Version": 31,
        "ID": "0EFA73ED-BAC0-7730-B43C-F1DB7C95D331",
        "Locked": false,
        "Name": "Reactor Operations",
        "Scoped To": "0EFA73DB-1880-75E0-A034-DFFA9E819A3A",
        "Swap Key": "00887102-5667-45f1-b1e1-a61bfe4570da|e31e45ea-498c-458b-b097-461893c61016",
        "Swap Source ID": "0EFA73E0-D833-FBD0-A71B-F45F59AB5AC2",
        "Type": "CalculatedCondition",
        "UIConfig": {
            "advancedParametersCollapsed": true,
            "configVersion": 11,
            "properties": [
                {
                    "propertyName": "Batch ID",
                    "stringSignal": {
                        "cached": false,
                        "datasource": {
                            "datasourceClass": "Seeq Data Lab",
                            "datasourceId": "Seeq Data Lab",
                            "id": "E311DFB9-21E9-4285-AB2F-FE40725CDF54",
                            "isArchived": false,
                            "isRedacted": false,
                            "name": "Seeq Data Lab",
                            "type": "Datasource"
                        },
                        "effectivePermissions": {
                            "manage": true,
                            "read": true,
                            "write": true
                        },
                        "fingerprint": "0EE6D071-E1EF-ECD0-B8C1-6ED277F447D1",
                        "id": "394C1CB3-4F11-464B-9389-DCC21914E59A",
                        "isArchived": false,
                        "isRedacted": false,
                        "itemType": "seriesDisplayType",
                        "name": "Batch ID",
                        "signalMetadata": {
                            "interpolationMethod": "Step",
                            "keyUnitOfMeasure": "ns",
                            "maxInterpolation": {
                                "uom": "d",
                                "value": 7
                            },
                            "valueUnitOfMeasure": "string"
                        },
                        "type": "CalculatedSignal"
                    }
                },
                {
                    "propertyName": "Operation",
                    "stringSignal": {
                        "cached": true,
                        "datasource": {
                            "datasourceClass": "Seeq Calculations",
                            "datasourceId": "Seeq Calculations",
                            "id": "6556D2A2-5A5C-455A-B4F6-47BDD05764E0",
                            "isArchived": false,
                            "isRedacted": false,
                            "name": "Seeq Calculations",
                            "type": "Datasource"
                        },
                        "effectivePermissions": {
                            "manage": true,
                            "read": true,
                            "write": true
                        },
                        "fingerprint": "0EFAC28C-0B6A-77C0-BC9D-8959FBB2EE0C",
                        "id": "0EFAC28C-0B59-6650-B152-980D63869702",
                        "isArchived": false,
                        "isRedacted": false,
                        "itemType": "seriesDisplayType",
                        "name": "Operations",
                        "scopedTo": "0EFA73DB-1880-75E0-A034-DFFA9E819A3A",
                        "signalMetadata": {
                            "interpolationMethod": "Step",
                            "maxInterpolation": {
                                "uom": "d",
                                "value": 7
                            },
                            "valueUnitOfMeasure": "string"
                        },
                        "type": "CalculatedSignal"
                    }
                },
                {
                    "propertyName": "Product",
                    "stringSignal": {
                        "cached": false,
                        "datasource": {
                            "datasourceClass": "Seeq Data Lab",
                            "datasourceId": "Seeq Data Lab",
                            "id": "E311DFB9-21E9-4285-AB2F-FE40725CDF54",
                            "isArchived": false,
                            "isRedacted": false,
                            "name": "Seeq Data Lab",
                            "type": "Datasource"
                        },
                        "effectivePermissions": {
                            "manage": true,
                            "read": true,
                            "write": true
                        },
                        "fingerprint": "0EE6D05D-64A4-6640-A7EC-EDB151B1D2C0",
                        "id": "9B801C22-5C32-49BD-9B77-4D4373DB8580",
                        "isArchived": false,
                        "isRedacted": false,
                        "itemType": "seriesDisplayType",
                        "name": "Product",
                        "signalMetadata": {
                            "interpolationMethod": "Step",
                            "keyUnitOfMeasure": "ns",
                            "maxInterpolation": {
                                "uom": "d",
                                "value": 7
                            },
                            "valueUnitOfMeasure": "string"
                        },
                        "type": "CalculatedSignal"
                    }
                },
                {
                    "propertyName": "Potency",
                    "stringSignal": {
                        "cached": false,
                        "datasource": {
                            "datasourceClass": "Seeq Data Lab",
                            "datasourceId": "Seeq Data Lab",
                            "id": "E311DFB9-21E9-4285-AB2F-FE40725CDF54",
                            "isArchived": false,
                            "isRedacted": false,
                            "name": "Seeq Data Lab",
                            "type": "Datasource"
                        },
                        "effectivePermissions": {
                            "manage": true,
                            "read": true,
                            "write": true
                        },
                        "fingerprint": "0EE6D06E-558D-66A0-9E04-FCEBFA611022",
                        "id": "42A3AAB7-18F8-42B2-BF96-F2802AD2338B",
                        "isArchived": false,
                        "isRedacted": false,
                        "itemType": "seriesDisplayType",
                        "name": "Drug Substance Potency",
                        "signalMetadata": {
                            "interpolationMethod": "Step",
                            "keyUnitOfMeasure": "ns",
                            "maxInterpolation": {
                                "uom": "d",
                                "value": 7
                            },
                            "valueUnitOfMeasure": "%"
                        },
                        "type": "CalculatedSignal"
                    }
                }
            ],
            "scopedTo": "0EFA73DB-1880-75E0-A034-DFFA9E819A3A",
            "type": "condition-with-properties"
        },
        "Unsearchable": true
    },
    "0EFA73ED-BB9E-F9E0-B13C-AE88AAEAAC53": {
        "Archived": false,
        "Cache Enabled": true,
        "Cache ID": "1EFAC28C-AD8B-6EC0-87D5-EC9E7947571D",
        "Capsule ID Property": "start",
        "Capsule Property Units": {
            "Batch ID": "string",
            "Operation": "string",
            "Potency": "%",
            "Product": "string"
        },
        "Data ID": "0EFA73ED-BB9E-F9E0-B13C-AE88AAEAAC53",
        "Datasource Class": "Seeq Calculations",
        "Datasource ID": "Seeq Calculations",
        "Enabled": true,
        "Formula": [
            "//Filter operation property",
            "$operations.keep('Operation', isMatch('Process'))"
        ],
        "Formula Parameters": {
            "operations": "0EFA73ED-BAC0-7730-B43C-F1DB7C95D331"
        },
        "Formula Version": 31,
        "ID": "0EFA73ED-BB9E-F9E0-B13C-AE88AAEAAC53",
        "Locked": false,
        "Name": "Reactor Process",
        "Scoped To": "0EFA73DB-1880-75E0-A034-DFFA9E819A3A",
        "Swap Key": "00887102-5667-45f1-b1e1-a61bfe4570da|e31e45ea-498c-458b-b097-461893c61016",
        "Swap Source ID": "0EFA73E6-6057-77A0-AA5E-17FC8EA53F33",
        "Type": "CalculatedCondition",
        "UIConfig": {
            "advancedParametersCollapsed": true,
            "configVersion": 11,
            "localFormula": "",
            "tabTransitioning": false,
            "type": "formula"
        },
        "Unsearchable": true
    },
    "0EFA73ED-BBE2-FFA0-8468-9AFDE615290E": {
        "Archived": false,
        "Cache Enabled": true,
        "Cache ID": "1EFAC28C-AD8C-6AD0-B3FE-C495B1EE48D9",
        "Capsule ID Property": "start",
        "Capsule Property Units": {
            "Batch ID": "string",
            "Operation": "string",
            "Potency": "%",
            "Product": "string"
        },
        "Data ID": "0EFA73ED-BBE2-FFA0-8468-9AFDE615290E",
        "Datasource Class": "Seeq Calculations",
        "Datasource ID": "Seeq Calculations",
        "Enabled": true,
        "Formula": [
            "//Filter for high DS potency",
            "//Remove long duration batches",
            "$process.keep('Potency', isGreaterThan(98.3)) ",
            ".removeLongerThan(7hr)"
        ],
        "Formula Parameters": {
            "process": "0EFA73ED-BB9E-F9E0-B13C-AE88AAEAAC53"
        },
        "Formula Version": 31,
        "ID": "0EFA73ED-BBE2-FFA0-8468-9AFDE615290E",
        "Locked": false,
        "Maximum Duration": {
            "Unit Of Measure": "h",
            "Value": 7
        },
        "Name": "Training",
        "Scoped To": "0EFA73DB-1880-75E0-A034-DFFA9E819A3A",
        "Swap Key": "00887102-5667-45f1-b1e1-a61bfe4570da|e31e45ea-498c-458b-b097-461893c61016",
        "Swap Source ID": "0EFA73E7-6FAE-75E0-9158-A5BCA49C0FBC",
        "Type": "CalculatedCondition",
        "UIConfig": {
            "advancedParametersCollapsed": true,
            "configVersion": 11,
            "localFormula": "",
            "tabTransitioning": false,
            "type": "formula"
        },
        "Unsearchable": true
    },
    "0EFA73ED-BC2C-7380-94D3-A4B09DD2D96D": {
        "Archived": false,
        "Cache Enabled": true,
        "Cache ID": "1EFAC28C-AD8C-6F30-9AFF-33F0C100000D",
        "Data ID": "0EFA73ED-BC2C-7380-94D3-A4B09DD2D96D",
        "Datasource Class": "Seeq Calculations",
        "Datasource ID": "Seeq Calculations",
        "Enabled": true,
        "Formula": [
            "$trainingRange = $inputCondition.toGroup(capsule(\"2023-02-09T08:42:00.000Z\", \"2023-02-21T08:42:00.000Z\"), CapsuleBoundary.EnclosedBy)",
            "referenceTable(5min)",
            "  .addRows($inputSignal, $trainingRange)",
            "  .repeatOver($repeatOverCondition.setMaximumDuration(40h).fragment(), ReferenceTableStat.StdDev, 3)"
        ],
        "Formula Parameters": {
            "inputCondition": "0EFA73ED-BBE2-FFA0-8468-9AFDE615290E",
            "inputSignal": "A7D0674A-DFED-463B-8C22-ED8769C89214",
            "repeatOverCondition": "0EFA73ED-BB9E-F9E0-B13C-AE88AAEAAC53"
        },
        "Formula Version": 31,
        "ID": "0EFA73ED-BC2C-7380-94D3-A4B09DD2D96D",
        "Interpolation Method": "Linear",
        "Locked": false,
        "Maximum Interpolation": {
            "Unit Of Measure": "min",
            "Value": 5
        },
        "Name": "Upper Control Limit",
        "Scoped To": "0EFA73DB-1880-75E0-A034-DFFA9E819A3A",
        "Swap Key": "00887102-5667-45f1-b1e1-a61bfe4570da|e31e45ea-498c-458b-b097-461893c61016",
        "Swap Source ID": "0EFA73EA-4594-7720-B27A-AAE98DC6DFE5",
        "Type": "CalculatedSignal",
        "UIConfig": {
            "configVersion": 11,
            "griddingPeriod": {
                "units": "min",
                "value": 5
            },
            "maximumDuration": {
                "units": "h",
                "value": 40
            },
            "multiplier": "3",
            "referenceStat": "StdDev",
            "type": "reference",
            "windowEnd": 1676968920000,
            "windowStart": 1675932120000
        },
        "Unsearchable": true,
        "Value Unit Of Measure": "g/L"
    },
    "0EFA73ED-BE5D-FBE0-9FDC-F90F76437A82": {
        "Archived": false,
        "Cache Enabled": true,
        "Cache ID": "1EFAC28C-AD8D-6390-BDA0-44ACA8978FC7",
        "Data ID": "0EFA73ED-BE5D-FBE0-9FDC-F90F76437A82",
        "Datasource Class": "Seeq Calculations",
        "Datasource ID": "Seeq Calculations",
        "Enabled": true,
        "Formula": [
            "$trainingRange = $inputCondition.toGroup(capsule(\"2023-02-09T08:42:00.000Z\", \"2023-02-21T08:42:00.000Z\"), CapsuleBoundary.EnclosedBy)",
            "referenceTable(5min)",
            "  .addRows($inputSignal, $trainingRange)",
            "  .repeatOver($repeatOverCondition.setMaximumDuration(40h).fragment(), ReferenceTableStat.StdDev, -3)"
        ],
        "Formula Parameters": {
            "inputCondition": "0EFA73ED-BBE2-FFA0-8468-9AFDE615290E",
            "inputSignal": "A7D0674A-DFED-463B-8C22-ED8769C89214",
            "repeatOverCondition": "0EFA73ED-BB9E-F9E0-B13C-AE88AAEAAC53"
        },
        "Formula Version": 31,
        "ID": "0EFA73ED-BE5D-FBE0-9FDC-F90F76437A82",
        "Interpolation Method": "Linear",
        "Locked": false,
        "Maximum Interpolation": {
            "Unit Of Measure": "min",
            "Value": 5
        },
        "Name": "Lower Control Limit",
        "Scoped To": "0EFA73DB-1880-75E0-A034-DFFA9E819A3A",
        "Swap Key": "00887102-5667-45f1-b1e1-a61bfe4570da|e31e45ea-498c-458b-b097-461893c61016",
        "Swap Source ID": "0EFA73EA-FDD6-FDB0-BD64-36A77A2D89D7",
        "Type": "CalculatedSignal",
        "UIConfig": {
            "configVersion": 11,
            "griddingPeriod": {
                "units": "min",
                "value": 5
            },
            "maximumDuration": {
                "units": "h",
                "value": 40
            },
            "multiplier": "-3",
            "referenceStat": "StdDev",
            "scopedTo": "0EFA73DB-1880-75E0-A034-DFFA9E819A3A",
            "type": "reference",
            "windowEnd": 1676968920000,
            "windowStart": 1675932120000
        },
        "Unsearchable": true,
        "Value Unit Of Measure": "g/L"
    },
    "0EFA73EF-F5FB-ECD0-B120-63D629773C54": {
        "Archived": false,
        "Cache Enabled": true,
        "Cache ID": "1EFAC28C-ABCC-6740-ADA2-F5E8083D5C1F",
        "Capsule ID Property": "start",
        "Capsule Property Units": {},
        "Data ID": "0EFA73EF-F5FB-ECD0-B120-63D629773C54",
        "Datasource Class": "Seeq Calculations",
        "Datasource ID": "Seeq Calculations",
        "Enabled": true,
        "Formula": [
            "($a < $c or $a > $b)",
            ".merge(0min)",
            ".removeShorterThan(2min)"
        ],
        "Formula Parameters": {
            "a": "565C84AD-E0B1-49FB-813A-A31DA75FBA2B",
            "b": "0EFA73EA-4594-7720-B27A-AAE98DC6DFE5",
            "c": "0EFA73EA-FDD6-FDB0-BD64-36A77A2D89D7"
        },
        "Formula Version": 31,
        "ID": "0EFA73EF-F5FB-ECD0-B120-63D629773C54",
        "Locked": false,
        "Name": "Deviation",
        "Scoped To": "0EFA73DB-1880-75E0-A034-DFFA9E819A3A",
        "Type": "CalculatedCondition",
        "UIConfig": {
            "advancedEntryDuration": {
                "units": "min",
                "value": 0
            },
            "advancedEntryLowerValue": null,
            "advancedEntryValue": null,
            "advancedExitDuration": {
                "units": "min",
                "value": 0
            },
            "advancedExitValue": null,
            "advancedParametersCollapsed": true,
            "configVersion": 11,
            "isCleansing": true,
            "isMigratedDeviationSearch": false,
            "isSimple": true,
            "mergeDuration": {
                "units": "min",
                "value": 0
            },
            "minDuration": {
                "units": "min",
                "valid": true,
                "value": 2
            },
            "simpleLowerValue": "0EFA73EA-FDD6-FDB0-BD64-36A77A2D89D7",
            "simpleLowerValueInclusivity": "<",
            "simpleOperator": "<>",
            "simpleUpperValueInclusivity": ">",
            "simpleValue": "0EFA73EA-4594-7720-B27A-AAE98DC6DFE5",
            "type": "value-search",
            "useValidValues": false,
            "version": "V3"
        },
        "Unsearchable": false
    },
    "0EFA73F1-A5CE-EAD0-BDB8-84D828AAB397": {
        "Archived": false,
        "Cache Enabled": false,
        "Data ID": "0EFA73F1-A5CE-EAD0-BDB8-84D828AAB397",
        "Datasource Class": "Seeq Calculations",
        "Datasource ID": "Seeq Calculations",
        "Enabled": true,
        "Formula": "<ThresholdMetric>",
        "Formula Parameters": {
            "Aggregation Condition": null,
            "Measured Item": "565C84AD-E0B1-49FB-813A-A31DA75FBA2B",
            "Metric Neutral Color": "#00B050",
            "Process Type": "Simple",
            "Thresholds": [
                {
                    "Item ID": "0EFA73EA-4594-7720-B27A-AAE98DC6DFE5",
                    "Priority": {
                        "Color": "#ffffff",
                        "Level": 3,
                        "Name": "HiHiHi"
                    }
                },
                {
                    "Item ID": "0EFA73EA-FDD6-FDB0-BD64-36A77A2D89D7",
                    "Priority": {
                        "Color": "#ffffff",
                        "Level": -3,
                        "Name": "LoLoLo"
                    }
                }
            ]
        },
        "ID": "0EFA73F1-A5CE-EAD0-BDB8-84D828AAB397",
        "Locked": false,
        "MetricReconfigurationMigration": true,
        "Name": "Concentration with Limits",
        "NeutralColor": "#00B050",
        "Scoped To": "0EFA73DB-1880-75E0-A034-DFFA9E819A3A",
        "Type": "ThresholdMetric",
        "UIConfig": {
            "advancedParametersCollapsed": true,
            "type": "threshold-metric"
        },
        "Unsearchable": false
    },
    "0EFAC28C-0B59-6650-B152-980D63869702": {
        "Archived": false,
        "Cache Enabled": true,
        "Cache ID": "0EFAC28C-0B6A-77C0-BC9D-8959FBB2EE0C",
        "Data ID": "0EFAC28C-0B59-6650-B152-980D63869702",
        "Datasource Class": "Seeq Calculations",
        "Datasource ID": "Seeq Calculations",
        "Enabled": true,
        "Formula": [
            "$o.validValues().toStep(7d)",
            ".replace('Operation 0', 'Sabilization')",
            ".replace('Operation 1', 'Addition')",
            ".replace('Operation 2', 'Process')",
            ".replace('Operation 3', 'Xfer Out')",
            ".replace('Operation 4', 'Idle')"
        ],
        "Formula Parameters": {
            "o": "16F317A2-2881-42C2-9E38-74F6871922FF"
        },
        "Formula Version": 31,
        "ID": "0EFAC28C-0B59-6650-B152-980D63869702",
        "Interpolation Method": "Step",
        "Locked": false,
        "Maximum Interpolation": {
            "Unit Of Measure": "d",
            "Value": 7
        },
        "Name": "Operations",
        "Scoped To": "0EFA73DB-1880-75E0-A034-DFFA9E819A3A",
        "Type": "CalculatedSignal",
        "UIConfig": {
            "advancedParametersCollapsed": true,
            "configVersion": 11,
            "localFormula": "",
            "tabTransitioning": false,
            "type": "formula"
        },
        "Unsearchable": false,
        "Value Unit Of Measure": "string"
    },
    "0EFAC28C-5684-E8F0-8BF3-C3ED01435F60": {
        "Archived": false,
        "Cache Enabled": true,
        "Cache ID": "0EFAC28C-5695-EA60-9D53-D0C709156559",
        "Data ID": "0EFAC28C-5684-E8F0-8BF3-C3ED01435F60",
        "Datasource Class": "Seeq Calculations",
        "Datasource ID": "Seeq Calculations",
        "Enabled": true,
        "Formula": [
            "$o.validValues().toStep(7d)",
            ".replace('Operation 0', 'Sabilization')",
            ".replace('Operation 1', 'Addition')",
            ".replace('Operation 2', 'Process')",
            ".replace('Operation 3', 'Xfer Out')",
            ".replace('Operation 4', 'Idle')"
        ],
        "Formula Parameters": {
            "o": "DAD1CB04-B8CC-4C56-9534-475A26A5A9A9"
        },
        "Formula Version": 31,
        "ID": "0EFAC28C-5684-E8F0-8BF3-C3ED01435F60",
        "Interpolation Method": "Step",
        "Locked": false,
        "Maximum Interpolation": {
            "Unit Of Measure": "d",
            "Value": 7
        },
        "Name": "Operations",
        "Scoped To": "0EFA73DB-1880-75E0-A034-DFFA9E819A3A",
        "Swap Key": "00887102-5667-45f1-b1e1-a61bfe4570da|e31e45ea-498c-458b-b097-461893c61016",
        "Swap Source ID": "0EFAC28C-0B59-6650-B152-980D63869702",
        "Type": "CalculatedSignal",
        "UIConfig": {
            "advancedParametersCollapsed": true,
            "configVersion": 11,
            "localFormula": "",
            "tabTransitioning": false,
            "type": "formula"
        },
        "Unsearchable": true,
        "Value Unit Of Measure": "string"
    },
    "12C7046E-1127-4AAB-B2CD-13AEAE86AABA": {
        "Archived": false,
        "Cache Enabled": false,
        "Cache ID": "ADD5A9FB-6AC1-4454-9535-EF4D80BEF756",
        "Data ID": "[Tag] BatchDemo_Reactor 3_Operation.sim.ts.csv",
        "Datasource Class": "Time Series CSV Files",
        "Datasource ID": "trainingData",
        "Enabled": true,
        "ID": "12C7046E-1127-4AAB-B2CD-13AEAE86AABA",
        "Interpolation Method": "Step",
        "Key Unit Of Measure": "ns",
        "Locked": false,
        "Maximum Interpolation": "2min",
        "Name": "BatchDemo_Reactor 3_Operation",
        "Source Maximum Interpolation": "2min",
        "Source Value Unit Of Measure": "string",
        "Stored Series Cache Version": 1,
        "Sync Token": "2023-02-16T00:00:00.365541947Z",
        "Type": "StoredSignal",
        "Unsearchable": false,
        "Value Unit Of Measure": "string"
    },
    "16F317A2-2881-42C2-9E38-74F6871922FF": {
        "Archived": false,
        "Asset": "Reactor 1",
        "Cache Enabled": false,
        "Cache ID": "1EFAC287-9C76-6D20-BA4B-1EC4992AF712",
        "Data ID": "[00000000-0000-0000-0000-000000000000] {Signal} Sample Assets >> Batch Products >> Product 1 >> Site 1 >> Reactor 1 >> Operation",
        "Datasource Class": "Seeq Data Lab",
        "Datasource ID": "Seeq Data Lab",
        "Enabled": true,
        "Formula": "$signal//.validValues().toStep(7d)",
        "Formula Parameters": {
            "signal": "B39D9FD9-5922-4BEB-B182-990DB164A4B2"
        },
        "Formula Version": 31,
        "ID": "16F317A2-2881-42C2-9E38-74F6871922FF",
        "Interpolation Method": "Step",
        "Key Unit Of Measure": "ns",
        "Locked": false,
        "Maximum Interpolation": {
            "Unit Of Measure": "min",
            "Value": 2
        },
        "Name": "Operation",
        "Parent ID": "00887102-5667-45F1-B1E1-A61BFE4570DA",
        "Path": "Sample Assets >> Batch Products >> Product 1 >> Site 1",
        "Sync Token": "2023-09-14T16:59:36.953891",
        "Template": "Sample Assets",
        "Type": "CalculatedSignal",
        "UIConfig": {
            "advancedParametersCollapsed": true,
            "configVersion": 11,
            "helpShown": true,
            "localFormula": "",
            "tabTransitioning": false,
            "type": "formula",
            "useValidValues": true
        },
        "Unsearchable": false,
        "Value Unit Of Measure": "string"
    },
    "1A47D448-02BF-4942-A744-EC2AF9B58928": {
        "Archived": false,
        "Asset": "Product 1",
        "Cache Enabled": false,
        "Data ID": "[00000000-0000-0000-0000-000000000000] {Asset} Sample Assets >> Batch Products >> Product 1",
        "Datasource Class": "Seeq Data Lab",
        "Datasource ID": "Seeq Data Lab",
        "Enabled": true,
        "ID": "1A47D448-02BF-4942-A744-EC2AF9B58928",
        "Locked": false,
        "Name": "Product 1",
        "Old Asset Format": false,
        "Parent ID": "A7DED61D-37B2-468D-B5A3-020CC8CB14F0",
        "Path": "Sample Assets >> Batch Products",
        "Sync Token": "2023-09-14T16:59:36.953891",
        "Type": "Asset",
        "Unsearchable": false
    },
    "2C6881D7-2F02-418C-A3AF-CD1162052308": {
        "Archived": false,
        "Cache Enabled": false,
        "Cache ID": "0EE53BBC-1566-FB00-B40E-8B217CC97091",
        "Data ID": "[Tag] BatchDemo_Reactor 1_Batch ID.sim.ts.csv",
        "Datasource Class": "Time Series CSV Files",
        "Datasource ID": "trainingData",
        "Enabled": true,
        "ID": "2C6881D7-2F02-418C-A3AF-CD1162052308",
        "Interpolation Method": "Step",
        "Key Unit Of Measure": "ns",
        "Locked": false,
        "Maximum Interpolation": "40h",
        "Name": "BatchDemo_Reactor 1_Batch ID",
        "Override Maximum Interpolation": "40h",
        "Source Maximum Interpolation": "2min",
        "Source Value Unit Of Measure": "string",
        "Stored Series Cache Version": 1,
        "Sync Token": "2023-02-16T00:00:00.365541947Z",
        "Type": "StoredSignal",
        "Unsearchable": false,
        "Value Unit Of Measure": "string"
    },
    "394C1CB3-4F11-464B-9389-DCC21914E59A": {
        "Archived": false,
        "Asset": "Reactor 1",
        "Cache Enabled": false,
        "Cache ID": "0EE6D071-E1EF-ECD0-B8C1-6ED277F447D1",
        "Data ID": "[00000000-0000-0000-0000-000000000000] {Signal} Sample Assets >> Batch Products >> Product 1 >> Site 1 >> Reactor 1 >> Batch ID",
        "Datasource Class": "Seeq Data Lab",
        "Datasource ID": "Seeq Data Lab",
        "Enabled": true,
        "Formula": "$signal.validValues().toStep(7d)",
        "Formula Parameters": {
            "signal": "2C6881D7-2F02-418C-A3AF-CD1162052308"
        },
        "Formula Version": 31,
        "ID": "394C1CB3-4F11-464B-9389-DCC21914E59A",
        "Interpolation Method": "Step",
        "Key Unit Of Measure": "ns",
        "Locked": false,
        "Maximum Interpolation": {
            "Unit Of Measure": "d",
            "Value": 7
        },
        "Name": "Batch ID",
        "Parent ID": "00887102-5667-45F1-B1E1-A61BFE4570DA",
        "Path": "Sample Assets >> Batch Products >> Product 1 >> Site 1",
        "Sync Token": "2023-09-14T16:59:36.953891",
        "Template": "Sample Assets",
        "Type": "CalculatedSignal",
        "UIConfig": {
            "advancedParametersCollapsed": true,
            "configVersion": 11,
            "helpShown": true,
            "type": "formula"
        },
        "Unsearchable": false,
        "Value Unit Of Measure": "string"
    },
    "3FE609ED-F356-4E02-9A0C-5883E31CD875": {
        "Archived": false,
        "Cache Enabled": false,
        "Cache ID": "3F6FFF22-1C28-4DCC-97F5-CC4D1C5CD9FC",
        "Data ID": "[Tag] BatchDemo_Reactor 1_Solution Concentration.sim.ts.csv",
        "Datasource Class": "Time Series CSV Files",
        "Datasource ID": "trainingData",
        "Enabled": true,
        "ID": "3FE609ED-F356-4E02-9A0C-5883E31CD875",
        "Interpolation Method": "Linear",
        "Key Unit Of Measure": "ns",
        "Locked": false,
        "Maximum Interpolation": "2min",
        "Name": "BatchDemo_Reactor 1_Solution Concentration",
        "Source Maximum Interpolation": "2min",
        "Source Value Unit Of Measure": "g/L",
        "Stored Series Cache Version": 1,
        "Sync Token": "2023-02-16T00:00:00.365541947Z",
        "Type": "StoredSignal",
        "Unsearchable": false,
        "Value Unit Of Measure": "g/L"
    },
    "42A3AAB7-18F8-42B2-BF96-F2802AD2338B": {
        "Archived": false,
        "Asset": "Reactor 1",
        "Cache Enabled": false,
        "Cache ID": "0EE6D06E-558D-66A0-9E04-FCEBFA611022",
        "Data ID": "[00000000-0000-0000-0000-000000000000] {Signal} Sample Assets >> Batch Products >> Product 1 >> Site 1 >> Reactor 1 >> Drug Substance Potency",
        "Datasource Class": "Seeq Data Lab",
        "Datasource ID": "Seeq Data Lab",
        "Enabled": true,
        "Formula": "$signal.validValues().toStep(7d)",
        "Formula Parameters": {
            "signal": "769AA51C-7D64-44A1-8BAB-D2B871A7BECB"
        },
        "Formula Version": 31,
        "ID": "42A3AAB7-18F8-42B2-BF96-F2802AD2338B",
        "Interpolation Method": "Step",
        "Key Unit Of Measure": "ns",
        "Locked": false,
        "Maximum Interpolation": {
            "Unit Of Measure": "d",
            "Value": 7
        },
        "Name": "Drug Substance Potency",
        "Parent ID": "00887102-5667-45F1-B1E1-A61BFE4570DA",
        "Path": "Sample Assets >> Batch Products >> Product 1 >> Site 1",
        "Sync Token": "2023-09-14T16:59:36.953891",
        "Template": "Sample Assets",
        "Type": "CalculatedSignal",
        "UIConfig": {
            "advancedParametersCollapsed": true,
            "configVersion": 11,
            "helpShown": true,
            "type": "formula"
        },
        "Unsearchable": false,
        "Value Unit Of Measure": "%"
    },
    "4331C046-AFDF-4E31-9961-4E08F0FA37F4": {
        "Archived": false,
        "Asset": "Reactor 3",
        "Cache Enabled": false,
        "Cache ID": "8A14C5DE-0486-4891-8550-F324E5F9F8DB",
        "Data ID": "[00000000-0000-0000-0000-000000000000] {Signal} Sample Assets >> Batch Products >> Product 1 >> Site 1 >> Reactor 3 >> Product",
        "Datasource Class": "Seeq Data Lab",
        "Datasource ID": "Seeq Data Lab",
        "Enabled": true,
        "Formula": "$signal",
        "Formula Parameters": {
            "signal": "0AE41C22-39D2-4710-BB30-B877BA5D6B1C"
        },
        "Formula Version": 31,
        "ID": "4331C046-AFDF-4E31-9961-4E08F0FA37F4",
        "Interpolation Method": "Step",
        "Key Unit Of Measure": "ns",
        "Locked": false,
        "Maximum Interpolation": {
            "Unit Of Measure": "min",
            "Value": 2
        },
        "Name": "Product",
        "Parent ID": "E31E45EA-498C-458B-B097-461893C61016",
        "Path": "Sample Assets >> Batch Products >> Product 1 >> Site 1",
        "Sync Token": "2023-09-14T16:59:36.953891",
        "Template": "Sample Assets",
        "Type": "CalculatedSignal",
        "Unsearchable": false,
        "Value Unit Of Measure": "string"
    },
    "50F40B8B-F746-4691-BF98-EB561011EAAE": {
        "Archived": false,
        "Cache Enabled": false,
        "Cache ID": "A54169EE-B22F-4C0F-A8B1-88882B1B0356",
        "Data ID": "[Tag] BatchDemo_Reactor 3_Drug Substance Potency.sim.ts.csv",
        "Datasource Class": "Time Series CSV Files",
        "Datasource ID": "trainingData",
        "Enabled": true,
        "ID": "50F40B8B-F746-4691-BF98-EB561011EAAE",
        "Interpolation Method": "Linear",
        "Key Unit Of Measure": "ns",
        "Locked": false,
        "Maximum Interpolation": "2min",
        "Name": "BatchDemo_Reactor 3_Drug Substance Potency",
        "Source Maximum Interpolation": "2min",
        "Source Value Unit Of Measure": "%",
        "Stored Series Cache Version": 1,
        "Sync Token": "2023-02-16T00:00:00.365541947Z",
        "Type": "StoredSignal",
        "Unsearchable": false,
        "Value Unit Of Measure": "%"
    },
    "565C84AD-E0B1-49FB-813A-A31DA75FBA2B": {
        "Archived": false,
        "Asset": "Reactor 1",
        "Cache Enabled": false,
        "Cache ID": "62553219-4368-4A70-9252-231F9B9A8100",
        "Data ID": "[00000000-0000-0000-0000-000000000000] {Signal} Sample Assets >> Batch Products >> Product 1 >> Site 1 >> Reactor 1 >> Solution Concentration",
        "Datasource Class": "Seeq Data Lab",
        "Datasource ID": "Seeq Data Lab",
        "Enabled": true,
        "Formula": "$signal",
        "Formula Parameters": {
            "signal": "3FE609ED-F356-4E02-9A0C-5883E31CD875"
        },
        "Formula Version": 31,
        "ID": "565C84AD-E0B1-49FB-813A-A31DA75FBA2B",
        "Interpolation Method": "Linear",
        "Key Unit Of Measure": "ns",
        "Locked": false,
        "Maximum Interpolation": {
            "Unit Of Measure": "min",
            "Value": 2
        },
        "Name": "Solution Concentration",
        "Parent ID": "00887102-5667-45F1-B1E1-A61BFE4570DA",
        "Path": "Sample Assets >> Batch Products >> Product 1 >> Site 1",
        "Sync Token": "2023-09-14T16:59:36.953891",
        "Template": "Sample Assets",
        "Type": "CalculatedSignal",
        "Unsearchable": false,
        "Value Unit Of Measure": "g/L"
    },
    "62CBDF05-40F7-4249-BFF0-79A9D4B1C42D": {
        "Archived": false,
        "Asset": "Sample Assets",
        "Cache Enabled": false,
        "Data ID": "[00000000-0000-0000-0000-000000000000] {Asset} Sample Assets",
        "Datasource Class": "Seeq Data Lab",
        "Datasource ID": "Seeq Data Lab",
        "Enabled": true,
        "ID": "62CBDF05-40F7-4249-BFF0-79A9D4B1C42D",
        "Locked": false,
        "Name": "Sample Assets",
        "Old Asset Format": false,
        "Path": "",
        "Sync Token": "2024-10-24T15:33:30.493005",
        "Template": "Batch Asset",
        "Type": "Asset",
        "Unsearchable": false
    },
    "769AA51C-7D64-44A1-8BAB-D2B871A7BECB": {
        "Archived": false,
        "Cache Enabled": false,
        "Cache ID": "58EEDAB4-CF89-46A1-9B78-07B290FE52F9",
        "Data ID": "[Tag] BatchDemo_Reactor 1_Drug Substance Potency.sim.ts.csv",
        "Datasource Class": "Time Series CSV Files",
        "Datasource ID": "trainingData",
        "Enabled": true,
        "ID": "769AA51C-7D64-44A1-8BAB-D2B871A7BECB",
        "Interpolation Method": "Linear",
        "Key Unit Of Measure": "ns",
        "Locked": false,
        "Maximum Interpolation": "2min",
        "Name": "BatchDemo_Reactor 1_Drug Substance Potency",
        "Source Maximum Interpolation": "2min",
        "Source Value Unit Of Measure": "%",
        "Stored Series Cache Version": 1,
        "Sync Token": "2023-02-16T00:00:00.365541947Z",
        "Type": "StoredSignal",
        "Unsearchable": false,
        "Value Unit Of Measure": "%"
    },
    "905A3390-CCA6-489B-89A3-492EC9F7FF26": {
        "Access Control": [
            {
                "ID": "726694d8-3949-4a40-aa59-e01b172690cd",
                "Identity": {
                    "Datasource Class": "OAuth 2.0",
                    "Datasource ID": "9ecc7e74-4c32-436d-9af0-70d8aa99386b",
                    "Datasource Name": "Seeq Azure SSO",
                    "Email": "Joseph.Reckamp@seeq.com",
                    "First Name": "Joe",
                    "ID": "C9FD5B90-17F3-4CA7-8C37-CD9B7D9B85D2",
                    "Is Admin": true,
                    "Last Name": "Reckamp",
                    "Name": "Joe Reckamp",
                    "Type": "User",
                    "Username": "DEg3Lh5pLS4-lG84EjGXXXdzxhd1450vkLgiu8he2l8"
                },
                "Origin": null,
                "Permissions": {
                    "Manage": true,
                    "Read": true,
                    "Write": true
                },
                "Redacted": false,
                "Role": "OWNER"
            }
        ],
        "Ancestors": [
            "__Users__"
        ],
        "Archived": false,
        "Cache Enabled": false,
        "Created At": "1605736826077625600",
        "Enabled": true,
        "ID": "905A3390-CCA6-489B-89A3-492EC9F7FF26",
        "Locked": false,
        "Name": "Joseph Reckamp",
        "Owner": {
            "Datasource Class": "OAuth 2.0",
            "Datasource ID": "9ecc7e74-4c32-436d-9af0-70d8aa99386b",
            "Datasource Name": "Seeq Azure SSO",
            "Email": "Joseph.Reckamp@seeq.com",
            "First Name": "Joe",
            "ID": "C9FD5B90-17F3-4CA7-8C37-CD9B7D9B85D2",
            "Is Admin": true,
            "Last Name": "Reckamp",
            "Name": "Joe Reckamp",
            "Type": "User",
            "Username": "DEg3Lh5pLS4-lG84EjGXXXdzxhd1450vkLgiu8he2l8"
        },
        "Permission Inheritance Disabled": true,
        "Type": "Folder",
        "Unmodifiable": true,
        "Unsearchable": true,
        "Updated At": "1605736826077625600"
    },
    "9306368F-7AE7-46A6-8BB2-6348907F7A98": {
        "Archived": false,
        "Asset": "Reactor 3",
        "Cache Enabled": false,
        "Cache ID": "1EF64E82-7468-6A80-8F5E-9E70EB5CC95D",
        "Data ID": "[00000000-0000-0000-0000-000000000000] {Signal} Sample Assets >> Batch Products >> Product 1 >> Site 1 >> Reactor 3 >> Batch ID",
        "Datasource Class": "Seeq Data Lab",
        "Datasource ID": "Seeq Data Lab",
        "Enabled": true,
        "Formula": "$signal.validValues().toStep(7d)",
        "Formula Parameters": {
            "signal": "0625915A-0EDC-46E8-B63D-91481AA77B31"
        },
        "Formula Version": 31,
        "ID": "9306368F-7AE7-46A6-8BB2-6348907F7A98",
        "Interpolation Method": "Step",
        "Key Unit Of Measure": "ns",
        "Locked": false,
        "Maximum Interpolation": {
            "Unit Of Measure": "d",
            "Value": 7
        },
        "Name": "Batch ID",
        "Parent ID": "E31E45EA-498C-458B-B097-461893C61016",
        "Path": "Sample Assets >> Batch Products >> Product 1 >> Site 1",
        "Sync Token": "2023-09-14T16:59:36.953891",
        "Template": "Sample Assets",
        "Type": "CalculatedSignal",
        "UIConfig": {
            "advancedParametersCollapsed": true,
            "configVersion": 11,
            "helpShown": true,
            "helpView": "documentation",
            "localFormula": "",
            "tabTransitioning": false,
            "type": "formula"
        },
        "Unsearchable": false,
        "Value Unit Of Measure": "string"
    },
    "94636F8A-33F9-4640-976D-BFBE96F7A147": {
        "Archived": false,
        "Asset": "Site 1",
        "Cache Enabled": false,
        "Data ID": "[00000000-0000-0000-0000-000000000000] {Asset} Sample Assets >> Batch Products >> Product 1 >> Site 1",
        "Datasource Class": "Seeq Data Lab",
        "Datasource ID": "Seeq Data Lab",
        "Enabled": true,
        "ID": "94636F8A-33F9-4640-976D-BFBE96F7A147",
        "Locked": false,
        "Name": "Site 1",
        "Old Asset Format": false,
        "Parent ID": "1A47D448-02BF-4942-A744-EC2AF9B58928",
        "Path": "Sample Assets >> Batch Products >> Product 1",
        "Sync Token": "2023-09-14T16:59:36.953891",
        "Type": "Asset",
        "Unsearchable": false
    },
    "9B801C22-5C32-49BD-9B77-4D4373DB8580": {
        "Archived": false,
        "Asset": "Reactor 1",
        "Cache Enabled": false,
        "Cache ID": "0EE6D05D-64A4-6640-A7EC-EDB151B1D2C0",
        "Data ID": "[00000000-0000-0000-0000-000000000000] {Signal} Sample Assets >> Batch Products >> Product 1 >> Site 1 >> Reactor 1 >> Product",
        "Datasource Class": "Seeq Data Lab",
        "Datasource ID": "Seeq Data Lab",
        "Enabled": true,
        "Formula": "$signal.validValues().toStep(7d)",
        "Formula Parameters": {
            "signal": "EB1DD8E7-F6AA-448A-818E-071282AFDC26"
        },
        "Formula Version": 31,
        "ID": "9B801C22-5C32-49BD-9B77-4D4373DB8580",
        "Interpolation Method": "Step",
        "Key Unit Of Measure": "ns",
        "Locked": false,
        "Maximum Interpolation": {
            "Unit Of Measure": "d",
            "Value": 7
        },
        "Name": "Product",
        "Parent ID": "00887102-5667-45F1-B1E1-A61BFE4570DA",
        "Path": "Sample Assets >> Batch Products >> Product 1 >> Site 1",
        "Sync Token": "2023-09-14T16:59:36.953891",
        "Template": "Sample Assets",
        "Type": "CalculatedSignal",
        "UIConfig": {
            "advancedParametersCollapsed": true,
            "configVersion": 11,
            "helpShown": true,
            "type": "formula"
        },
        "Unsearchable": false,
        "Value Unit Of Measure": "string"
    },
    "A1D69288-C404-492E-9A41-CEBE8B3F4D68": {
        "Archived": false,
        "Cache Enabled": false,
        "Cache ID": "5A5DCB16-2B84-4155-AF0E-FCADC9701447",
        "Data ID": "[Tag] BatchDemo_Reactor 3_Solution Concentration.sim.ts.csv",
        "Datasource Class": "Time Series CSV Files",
        "Datasource ID": "trainingData",
        "Enabled": true,
        "ID": "A1D69288-C404-492E-9A41-CEBE8B3F4D68",
        "Interpolation Method": "Linear",
        "Key Unit Of Measure": "ns",
        "Locked": false,
        "Maximum Interpolation": "2min",
        "Name": "BatchDemo_Reactor 3_Solution Concentration",
        "Source Maximum Interpolation": "2min",
        "Source Value Unit Of Measure": "g/L",
        "Stored Series Cache Version": 1,
        "Sync Token": "2023-02-16T00:00:00.365541947Z",
        "Type": "StoredSignal",
        "Unsearchable": false,
        "Value Unit Of Measure": "g/L"
    },
    "A7D0674A-DFED-463B-8C22-ED8769C89214": {
        "Archived": false,
        "Asset": "Reactor 3",
        "Cache Enabled": false,
        "Cache ID": "4C3569C6-3FC3-47E5-8044-AB9C3D86B218",
        "Data ID": "[00000000-0000-0000-0000-000000000000] {Signal} Sample Assets >> Batch Products >> Product 1 >> Site 1 >> Reactor 3 >> Solution Concentration",
        "Datasource Class": "Seeq Data Lab",
        "Datasource ID": "Seeq Data Lab",
        "Enabled": true,
        "Formula": "$signal",
        "Formula Parameters": {
            "signal": "A1D69288-C404-492E-9A41-CEBE8B3F4D68"
        },
        "Formula Version": 31,
        "ID": "A7D0674A-DFED-463B-8C22-ED8769C89214",
        "Interpolation Method": "Linear",
        "Key Unit Of Measure": "ns",
        "Locked": false,
        "Maximum Interpolation": {
            "Unit Of Measure": "min",
            "Value": 2
        },
        "Name": "Solution Concentration",
        "Parent ID": "E31E45EA-498C-458B-B097-461893C61016",
        "Path": "Sample Assets >> Batch Products >> Product 1 >> Site 1",
        "Sync Token": "2023-09-14T16:59:36.953891",
        "Template": "Sample Assets",
        "Type": "CalculatedSignal",
        "Unsearchable": false,
        "Value Unit Of Measure": "g/L"
    },
    "A7DED61D-37B2-468D-B5A3-020CC8CB14F0": {
        "Archived": false,
        "Asset": "Batch Products",
        "Cache Enabled": false,
        "Data ID": "[00000000-0000-0000-0000-000000000000] {Asset} Sample Assets >> Batch Products",
        "Datasource Class": "Seeq Data Lab",
        "Datasource ID": "Seeq Data Lab",
        "Enabled": true,
        "ID": "A7DED61D-37B2-468D-B5A3-020CC8CB14F0",
        "Locked": false,
        "Name": "Batch Products",
        "Old Asset Format": false,
        "Parent ID": "62CBDF05-40F7-4249-BFF0-79A9D4B1C42D",
        "Path": "Sample Assets",
        "Sync Token": "2023-09-14T16:59:36.953891",
        "Type": "Asset",
        "Unsearchable": false
    },
    "B39D9FD9-5922-4BEB-B182-990DB164A4B2": {
        "Archived": false,
        "Cache Enabled": false,
        "Cache ID": "D845BDDD-6EE3-48F7-9566-ABA3294EA132",
        "Data ID": "[Tag] BatchDemo_Reactor 1_Operation.sim.ts.csv",
        "Datasource Class": "Time Series CSV Files",
        "Datasource ID": "trainingData",
        "Enabled": true,
        "ID": "B39D9FD9-5922-4BEB-B182-990DB164A4B2",
        "Interpolation Method": "Step",
        "Key Unit Of Measure": "ns",
        "Locked": false,
        "Maximum Interpolation": "2min",
        "Name": "BatchDemo_Reactor 1_Operation",
        "Source Maximum Interpolation": "2min",
        "Source Value Unit Of Measure": "string",
        "Stored Series Cache Version": 1,
        "Sync Token": "2023-02-16T00:00:00.365541947Z",
        "Type": "StoredSignal",
        "Unsearchable": false,
        "Value Unit Of Measure": "string"
    },
    "DAD1CB04-B8CC-4C56-9534-475A26A5A9A9": {
        "Archived": false,
        "Asset": "Reactor 3",
        "Cache Enabled": false,
        "Cache ID": "1EF64E31-8794-6B80-A7BF-E0B8AFAF960F",
        "Data ID": "[00000000-0000-0000-0000-000000000000] {Signal} Sample Assets >> Batch Products >> Product 1 >> Site 1 >> Reactor 3 >> Operation",
        "Datasource Class": "Seeq Data Lab",
        "Datasource ID": "Seeq Data Lab",
        "Enabled": true,
        "Formula": [
            "$signal.validValues().toStep(7d)",
            ".replace('Operation 0', 'Sabilization')",
            ".replace('Operation 1', 'Addition')",
            ".replace('Operation 2', 'Process')",
            ".replace('Operation 3', 'Xfer Out')",
            ".replace('Operation 4', 'Idle')"
        ],
        "Formula Parameters": {
            "signal": "12C7046E-1127-4AAB-B2CD-13AEAE86AABA"
        },
        "Formula Version": 31,
        "ID": "DAD1CB04-B8CC-4C56-9534-475A26A5A9A9",
        "Interpolation Method": "Step",
        "Key Unit Of Measure": "ns",
        "Locked": false,
        "Maximum Interpolation": {
            "Unit Of Measure": "d",
            "Value": 7
        },
        "Name": "Operation",
        "Parent ID": "E31E45EA-498C-458B-B097-461893C61016",
        "Path": "Sample Assets >> Batch Products >> Product 1 >> Site 1",
        "Sync Token": "2023-09-14T16:59:36.953891",
        "Template": "Sample Assets",
        "Type": "CalculatedSignal",
        "UIConfig": {
            "advancedParametersCollapsed": true,
            "configVersion": 11,
            "helpShown": true,
            "helpView": "documentation",
            "localFormula": "",
            "tabTransitioning": false,
            "type": "formula"
        },
        "Unsearchable": false,
        "Value Unit Of Measure": "string"
    },
    "E31E45EA-498C-458B-B097-461893C61016": {
        "Archived": false,
        "Asset": "Reactor 3",
        "Cache Enabled": false,
        "Data ID": "[00000000-0000-0000-0000-000000000000] {Asset} Sample Assets >> Batch Products >> Product 1 >> Site 1 >> Reactor 3",
        "Datasource Class": "Seeq Data Lab",
        "Datasource ID": "Seeq Data Lab",
        "Enabled": true,
        "ID": "E31E45EA-498C-458B-B097-461893C61016",
        "Locked": false,
        "Name": "Reactor 3",
        "Old Asset Format": false,
        "Parent ID": "94636F8A-33F9-4640-976D-BFBE96F7A147",
        "Path": "Sample Assets >> Batch Products >> Product 1 >> Site 1",
        "Sync Token": "2023-09-14T16:59:36.953891",
        "Template": "Sample Assets",
        "Type": "Asset",
        "Unsearchable": false
    },
    "EB1DD8E7-F6AA-448A-818E-071282AFDC26": {
        "Archived": false,
        "Cache Enabled": false,
        "Cache ID": "816F388A-6FE3-4157-A27E-065B5A9F3E77",
        "Data ID": "[Tag] BatchDemo_Reactor 1_Product.sim.ts.csv",
        "Datasource Class": "Time Series CSV Files",
        "Datasource ID": "trainingData",
        "Enabled": true,
        "ID": "EB1DD8E7-F6AA-448A-818E-071282AFDC26",
        "Interpolation Method": "Step",
        "Key Unit Of Measure": "ns",
        "Locked": false,
        "Maximum Interpolation": "2min",
        "Name": "BatchDemo_Reactor 1_Product",
        "Source Maximum Interpolation": "2min",
        "Source Value Unit Of Measure": "string",
        "Stored Series Cache Version": 1,
        "Sync Token": "2023-02-16T00:00:00.365541947Z",
        "Type": "StoredSignal",
        "Unsearchable": false,
        "Value Unit Of Measure": "string"
    }
}