{
    "Definition": {
        "Archived": false,
        "Cache Enabled": false,
        "Created At": "1732106892229307131",
        "Description": "CHR Hansen created golden profiles in Seeq to proactively correct costly batch deviations . Learn more here ! Solution Creating Context Using the available signals, build in the context to define the periods of interest. Data and Context Selecting Reference Data Select the best (golden) periods using any KPI(s) or",
        "Document": "<h1 style=\"text-align:center;\"><a href=\"/links?type&#61;workstep&amp;workbook&#61;0EFA73DB-1880-75E0-A034-DFFA9E819A3A&amp;worksheet&#61;0EFA73DB-1EBF-77D0-92A5-78EFA0051936&amp;workstep&#61;0EFA73F2-D4CA-6270-B4D3-5927CF21DE57\" rel=\"nofollow noopener noreferrer\"><strong><u>Golden Profiles</u></strong></a></h1><figure class=\"table\"><table class=\"ck-table-resized\" style=\"border-color:hsl(0, 0%, 100%);border-style:solid;\"><colgroup><col style=\"width:39.6%;\" /><col style=\"width:60.4%;\" /></colgroup><tbody><tr><td style=\"border-color:hsl(0, 0%, 100%);border-style:solid;\"><img src=\"/api/annotations/0EFA73DB-3222-FDE0-861B-EE1C7DF7FDCE/images/image_v1.png\" alt=\"File:ChrHansen.svg - Wikimedia Commons\"></td><td style=\"border-color:hsl(0, 0%, 100%);border-style:solid;\"><h4><i><strong>CHR Hansen</strong> created golden profiles in Seeq to <strong>proactively correct costly batch deviations</strong>. Learn more </i><a target=\"_blank\" href=\"https://info.seeq.com/bioscience-nutrition-advanced-analytics-registration\" rel=\"nofollow noopener noreferrer\"><i>here</i></a><i>!</i></h4></td></tr></tbody></table></figure><h3><strong>Solution</strong></h3><h4><strong>Creating Context</strong></h4><p>Using the available signals, build in the context to define the periods of interest. <a href=\"/links?type&#61;workstep&amp;workbook&#61;0EFA73DB-1880-75E0-A034-DFFA9E819A3A&amp;worksheet&#61;0EFA73DB-1EBF-77D0-92A5-78EFA0051936&amp;workstep&#61;0F00BE04-CCF2-E8B0-A1E0-41C9BE02451E\" rel=\"nofollow noopener noreferrer\">Data and Context</a></p><h4><strong>Selecting Reference Data</strong></h4><p>Select the best (golden) periods using any KPI(s) or by manual selection. <a href=\"/links?type&#61;workstep&amp;workbook&#61;0EFA73DB-1880-75E0-A034-DFFA9E819A3A&amp;worksheet&#61;0EFA73DB-1EBF-77D0-92A5-78EFA0051936&amp;workstep&#61;0F00BE07-BB5F-EEB0-88C3-D2F48E1E0CDE\" rel=\"nofollow noopener noreferrer\">Training operations</a></p><h4><strong>Create Statistical Limits</strong></h4><p>Build statistical limits using the training dataset. Build an upper, lower, and any other set of control limits as needed. <a href=\"/links?type&#61;workstep&amp;workbook&#61;0EFA73DB-1880-75E0-A034-DFFA9E819A3A&amp;worksheet&#61;0EFA73DB-1EBF-77D0-92A5-78EFA0051936&amp;workstep&#61;0F00BE0A-5DF7-73B0-99FD-CC03074B628C\" rel=\"nofollow noopener noreferrer\"><strong>Overlay Control Limits</strong></a><strong> --&gt; </strong><a href=\"/links?type&#61;workstep&amp;workbook&#61;0EFA73DB-1880-75E0-A034-DFFA9E819A3A&amp;worksheet&#61;0EFA73DB-1EBF-77D0-92A5-78EFA0051936&amp;workstep&#61;0F00BE18-D849-F970-855B-7C4A78163608\" rel=\"nofollow noopener noreferrer\"><strong>Swap Assets</strong></a></p><h4><strong>Deviation Detection and Monitoring</strong></h4><p>Identify periods where the temperature deviate from the limits for more than two minutes. Send email notifications during a deviation event. <a href=\"/links?type&#61;workstep&amp;workbook&#61;0EFA73DB-1880-75E0-A034-DFFA9E819A3A&amp;worksheet&#61;0EFA73DB-1EBF-77D0-92A5-78EFA0051936&amp;workstep&#61;0EFA73F2-D4CA-6270-B4D3-5927CF21DE57\" rel=\"nofollow noopener noreferrer\"><strong>Profiles and Deviations</strong></a><strong>\u00a0--&gt; Schedule Notification</strong></p>",
        "DocumentBackup\u02c9DEg3Lh5pLS4-lG84EjGXXXdzxhd1450vkLgiu8he2l8\u02c92024-11-20T12:49:00Z": "<h1 style=\"text-align:center;\"><strong><u>Golden Profiles</u></strong></h1><figure class=\"table\"><table class=\"ck-table-resized\" style=\"border-color:hsl(0, 0%, 100%);border-style:solid;\"><colgroup><col style=\"width:39.6%;\" /><col style=\"width:60.4%;\" /></colgroup><tbody><tr><td style=\"border-color:hsl(0, 0%, 100%);border-style:solid;\"><img src=\"/api/annotations/0EFA73DB-3222-FDE0-861B-EE1C7DF7FDCE/images/image_v1.png\" alt=\"File:ChrHansen.svg - Wikimedia Commons\"></td><td style=\"border-color:hsl(0, 0%, 100%);border-style:solid;\"><h4><i><strong>CHR Hansen</strong> created golden profiles in Seeq to <strong>proactively correct costly batch deviations</strong>. Learn more </i><a target=\"_blank\" href=\"https://info.seeq.com/bioscience-nutrition-advanced-analytics-registration\" rel=\"nofollow noopener noreferrer\"><i>here</i></a><i>!</i></h4></td></tr></tbody></table></figure><h3><strong>Solution</strong></h3><h4><strong>Creating Context</strong></h4><p>Using the available signals, build in the context to define the periods of interest. <a href=\"/links?type&#61;workstep&amp;workbook&#61;0EE77EFC-15C3-EA00-BF30-77AE5AC622CB&amp;worksheet&#61;0EE77EFC-194F-FD40-B168-0FC86961B189&amp;workstep&#61;0EE77F04-718D-6450-B17A-7022A0D5130C\" rel=\"nofollow noopener noreferrer\">Data and Context</a></p><h4><strong>Selecting Reference Data</strong></h4><p>Select the best (golden) periods using any KPI(s) or by manual selection. <a href=\"/links?type&#61;workstep&amp;workbook&#61;0EE77EFC-15C3-EA00-BF30-77AE5AC622CB&amp;worksheet&#61;0EE77EFC-194F-FD40-B168-0FC86961B189&amp;workstep&#61;0EE77F09-13B4-60E0-BF84-21B088218F87\" rel=\"nofollow noopener noreferrer\">Training operations</a></p><h4><strong>Create Statistical Limits</strong></h4><p>Build statistical limits using the training dataset. Build an upper, lower, and any other set of control limits as needed. <a href=\"/links?type&#61;workstep&amp;workbook&#61;0EE77EFC-15C3-EA00-BF30-77AE5AC622CB&amp;worksheet&#61;0EE77EFC-194F-FD40-B168-0FC86961B189&amp;workstep&#61;0EE77F0E-C484-6640-A515-8528DC1908EF\" rel=\"nofollow noopener noreferrer\"><strong>Overlay Control Limits</strong></a><strong> --&gt; Swap Assets</strong></p><h4><strong>Deviation Detection and Monitoring</strong></h4><p>Identify periods where the temperature deviate from the limits for more than two minutes. Send email notifications during a deviation event. <a href=\"/links?type&#61;workstep&amp;workbook&#61;0EE77EFC-15C3-EA00-BF30-77AE5AC622CB&amp;worksheet&#61;0EE77EFC-194F-FD40-B168-0FC86961B189&amp;workstep&#61;0EE77F18-5AC4-FF70-8BE1-0CE1358B7FBF\" rel=\"nofollow noopener noreferrer\"><strong>Profiles and Deviations</strong></a><strong>\u00a0--&gt; Schedule Notification</strong></p>",
        "DocumentBackup\u02c9DEg3Lh5pLS4-lG84EjGXXXdzxhd1450vkLgiu8he2l8\u02c92024-11-20T12:52:00Z": "<h1 style=\"text-align:center;\"><strong><u>Golden Profiles</u></strong></h1><figure class=\"table\"><table class=\"ck-table-resized\" style=\"border-color:hsl(0, 0%, 100%);border-style:solid;\"><colgroup><col style=\"width:39.6%;\" /><col style=\"width:60.4%;\" /></colgroup><tbody><tr><td style=\"border-color:hsl(0, 0%, 100%);border-style:solid;\"><img src=\"/api/annotations/0EFA73DB-3222-FDE0-861B-EE1C7DF7FDCE/images/image_v1.png\" alt=\"File:ChrHansen.svg - Wikimedia Commons\"></td><td style=\"border-color:hsl(0, 0%, 100%);border-style:solid;\"><h4><i><strong>CHR Hansen</strong> created golden profiles in Seeq to <strong>proactively correct costly batch deviations</strong>. Learn more </i><a target=\"_blank\" href=\"https://info.seeq.com/bioscience-nutrition-advanced-analytics-registration\" rel=\"nofollow noopener noreferrer\"><i>here</i></a><i>!</i></h4></td></tr></tbody></table></figure><h3><strong>Solution</strong></h3><h4><strong>Creating Context</strong></h4><p>Using the available signals, build in the context to define the periods of interest. <a href=\"/links?type&#61;workstep&amp;workbook&#61;0EFA73DB-1880-75E0-A034-DFFA9E819A3A&amp;worksheet&#61;0EFA73DB-1EBF-77D0-92A5-78EFA0051936&amp;workstep&#61;0EFA73E3-5A34-EC40-A751-F64CC36E2C8A\" rel=\"nofollow noopener noreferrer\">Data and Context</a></p><h4><strong>Selecting Reference Data</strong></h4><p>Select the best (golden) periods using any KPI(s) or by manual selection. Training operations</p><h4><strong>Create Statistical Limits</strong></h4><p>Build statistical limits using the training dataset. Build an upper, lower, and any other set of control limits as needed. <strong>Overlay Control Limits --&gt; Swap Assets</strong></p><h4><strong>Deviation Detection and Monitoring</strong></h4><p>Identify periods where the temperature deviate from the limits for more than two minutes. Send email notifications during a deviation event. <strong>Profiles and Deviations\u00a0--&gt; Schedule Notification</strong></p>",
        "DocumentBackup\u02c9DEg3Lh5pLS4-lG84EjGXXXdzxhd1450vkLgiu8he2l8\u02c92024-11-20T12:54:00Z": "<h1 style=\"text-align:center;\"><strong><u>Golden Profiles</u></strong></h1><figure class=\"table\"><table class=\"ck-table-resized\" style=\"border-color:hsl(0, 0%, 100%);border-style:solid;\"><colgroup><col style=\"width:39.6%;\" /><col style=\"width:60.4%;\" /></colgroup><tbody><tr><td style=\"border-color:hsl(0, 0%, 100%);border-style:solid;\"><img src=\"/api/annotations/0EFA73DB-3222-FDE0-861B-EE1C7DF7FDCE/images/image_v1.png\" alt=\"File:ChrHansen.svg - Wikimedia Commons\"></td><td style=\"border-color:hsl(0, 0%, 100%);border-style:solid;\"><h4><i><strong>CHR Hansen</strong> created golden profiles in Seeq to <strong>proactively correct costly batch deviations</strong>. Learn more </i><a target=\"_blank\" href=\"https://info.seeq.com/bioscience-nutrition-advanced-analytics-registration\" rel=\"nofollow noopener noreferrer\"><i>here</i></a><i>!</i></h4></td></tr></tbody></table></figure><h3><strong>Solution</strong></h3><h4><strong>Creating Context</strong></h4><p>Using the available signals, build in the context to define the periods of interest. <a href=\"/links?type&#61;workstep&amp;workbook&#61;0EFA73DB-1880-75E0-A034-DFFA9E819A3A&amp;worksheet&#61;0EFA73DB-1EBF-77D0-92A5-78EFA0051936&amp;workstep&#61;0EFA73E3-5A34-EC40-A751-F64CC36E2C8A\" rel=\"nofollow noopener noreferrer\">Data and Context</a></p><h4><strong>Selecting Reference Data</strong></h4><p>Select the best (golden) periods using any KPI(s) or by manual selection. <a href=\"/links?type&#61;workstep&amp;workbook&#61;0EFA73DB-1880-75E0-A034-DFFA9E819A3A&amp;worksheet&#61;0EFA73DB-1EBF-77D0-92A5-78EFA0051936&amp;workstep&#61;0EFA73E8-9C2A-7320-92D2-23DE6C24D188\" rel=\"nofollow noopener noreferrer\">Training operations</a></p><h4><strong>Create Statistical Limits</strong></h4><p>Build statistical limits using the training dataset. Build an upper, lower, and any other set of control limits as needed. <strong>Overlay Control Limits --&gt; Swap Assets</strong></p><h4><strong>Deviation Detection and Monitoring</strong></h4><p>Identify periods where the temperature deviate from the limits for more than two minutes. Send email notifications during a deviation event. <strong>Profiles and Deviations\u00a0--&gt; Schedule Notification</strong></p>",
        "DocumentBackup\u02c9DEg3Lh5pLS4-lG84EjGXXXdzxhd1450vkLgiu8he2l8\u02c92024-11-20T12:56:00Z": "<h1 style=\"text-align:center;\"><strong><u>Golden Profiles</u></strong></h1><figure class=\"table\"><table class=\"ck-table-resized\" style=\"border-color:hsl(0, 0%, 100%);border-style:solid;\"><colgroup><col style=\"width:39.6%;\" /><col style=\"width:60.4%;\" /></colgroup><tbody><tr><td style=\"border-color:hsl(0, 0%, 100%);border-style:solid;\"><img src=\"/api/annotations/0EFA73DB-3222-FDE0-861B-EE1C7DF7FDCE/images/image_v1.png\" alt=\"File:ChrHansen.svg - Wikimedia Commons\"></td><td style=\"border-color:hsl(0, 0%, 100%);border-style:solid;\"><h4><i><strong>CHR Hansen</strong> created golden profiles in Seeq to <strong>proactively correct costly batch deviations</strong>. Learn more </i><a target=\"_blank\" href=\"https://info.seeq.com/bioscience-nutrition-advanced-analytics-registration\" rel=\"nofollow noopener noreferrer\"><i>here</i></a><i>!</i></h4></td></tr></tbody></table></figure><h3><strong>Solution</strong></h3><h4><strong>Creating Context</strong></h4><p>Using the available signals, build in the context to define the periods of interest. <a href=\"/links?type&#61;workstep&amp;workbook&#61;0EFA73DB-1880-75E0-A034-DFFA9E819A3A&amp;worksheet&#61;0EFA73DB-1EBF-77D0-92A5-78EFA0051936&amp;workstep&#61;0EFA73E3-5A34-EC40-A751-F64CC36E2C8A\" rel=\"nofollow noopener noreferrer\">Data and Context</a></p><h4><strong>Selecting Reference Data</strong></h4><p>Select the best (golden) periods using any KPI(s) or by manual selection. <a href=\"/links?type&#61;workstep&amp;workbook&#61;0EFA73DB-1880-75E0-A034-DFFA9E819A3A&amp;worksheet&#61;0EFA73DB-1EBF-77D0-92A5-78EFA0051936&amp;workstep&#61;0EFA73E8-9C2A-7320-92D2-23DE6C24D188\" rel=\"nofollow noopener noreferrer\">Training operations</a></p><h4><strong>Create Statistical Limits</strong></h4><p>Build statistical limits using the training dataset. Build an upper, lower, and any other set of control limits as needed. <a href=\"/links?type&#61;workstep&amp;workbook&#61;0EFA73DB-1880-75E0-A034-DFFA9E819A3A&amp;worksheet&#61;0EFA73DB-1EBF-77D0-92A5-78EFA0051936&amp;workstep&#61;0EFA73EC-BE79-EEE0-A958-87ECD5F00204\" rel=\"nofollow noopener noreferrer\"><strong>Overlay Control Limits</strong></a><strong> --&gt; Swap Assets</strong></p><h4><strong>Deviation Detection and Monitoring</strong></h4><p>Identify periods where the temperature deviate from the limits for more than two minutes. Send email notifications during a deviation event. <strong>Profiles and Deviations\u00a0--&gt; Schedule Notification</strong></p>",
        "DocumentBackup\u02c9DEg3Lh5pLS4-lG84EjGXXXdzxhd1450vkLgiu8he2l8\u02c92024-11-20T12:58:00Z": "<h1 style=\"text-align:center;\"><strong><u>Golden Profiles</u></strong></h1><figure class=\"table\"><table class=\"ck-table-resized\" style=\"border-color:hsl(0, 0%, 100%);border-style:solid;\"><colgroup><col style=\"width:39.6%;\" /><col style=\"width:60.4%;\" /></colgroup><tbody><tr><td style=\"border-color:hsl(0, 0%, 100%);border-style:solid;\"><img src=\"/api/annotations/0EFA73DB-3222-FDE0-861B-EE1C7DF7FDCE/images/image_v1.png\" alt=\"File:ChrHansen.svg - Wikimedia Commons\"></td><td style=\"border-color:hsl(0, 0%, 100%);border-style:solid;\"><h4><i><strong>CHR Hansen</strong> created golden profiles in Seeq to <strong>proactively correct costly batch deviations</strong>. Learn more </i><a target=\"_blank\" href=\"https://info.seeq.com/bioscience-nutrition-advanced-analytics-registration\" rel=\"nofollow noopener noreferrer\"><i>here</i></a><i>!</i></h4></td></tr></tbody></table></figure><h3><strong>Solution</strong></h3><h4><strong>Creating Context</strong></h4><p>Using the available signals, build in the context to define the periods of interest. <a href=\"/links?type&#61;workstep&amp;workbook&#61;0EFA73DB-1880-75E0-A034-DFFA9E819A3A&amp;worksheet&#61;0EFA73DB-1EBF-77D0-92A5-78EFA0051936&amp;workstep&#61;0EFA73E3-5A34-EC40-A751-F64CC36E2C8A\" rel=\"nofollow noopener noreferrer\">Data and Context</a></p><h4><strong>Selecting Reference Data</strong></h4><p>Select the best (golden) periods using any KPI(s) or by manual selection. <a href=\"/links?type&#61;workstep&amp;workbook&#61;0EFA73DB-1880-75E0-A034-DFFA9E819A3A&amp;worksheet&#61;0EFA73DB-1EBF-77D0-92A5-78EFA0051936&amp;workstep&#61;0EFA73E8-9C2A-7320-92D2-23DE6C24D188\" rel=\"nofollow noopener noreferrer\">Training operations</a></p><h4><strong>Create Statistical Limits</strong></h4><p>Build statistical limits using the training dataset. Build an upper, lower, and any other set of control limits as needed. <a href=\"/links?type&#61;workstep&amp;workbook&#61;0EFA73DB-1880-75E0-A034-DFFA9E819A3A&amp;worksheet&#61;0EFA73DB-1EBF-77D0-92A5-78EFA0051936&amp;workstep&#61;0EFA73EC-BE79-EEE0-A958-87ECD5F00204\" rel=\"nofollow noopener noreferrer\"><strong>Overlay Control Limits</strong></a><strong> --&gt; </strong><a href=\"/links?type&#61;workstep&amp;workbook&#61;0EFA73DB-1880-75E0-A034-DFFA9E819A3A&amp;worksheet&#61;0EFA73DB-1EBF-77D0-92A5-78EFA0051936&amp;workstep&#61;0EFA73EE-09B9-FBC0-9721-13369D2BB28F\" rel=\"nofollow noopener noreferrer\"><strong>Swap Assets</strong></a></p><h4><strong>Deviation Detection and Monitoring</strong></h4><p>Identify periods where the temperature deviate from the limits for more than two minutes. Send email notifications during a deviation event. <a href=\"/links?type&#61;workstep&amp;workbook&#61;0EFA73DB-1880-75E0-A034-DFFA9E819A3A&amp;worksheet&#61;0EFA73DB-1EBF-77D0-92A5-78EFA0051936&amp;workstep&#61;0EFA73F2-D4CA-6270-B4D3-5927CF21DE57\" rel=\"nofollow noopener noreferrer\"><strong>Profiles and Deviations</strong></a><strong>\u00a0--&gt; Schedule Notification</strong></p>",
        "DocumentBackup\u02c9DEg3Lh5pLS4-lG84EjGXXXdzxhd1450vkLgiu8he2l8\u02c92024-11-20T12:59:00Z": "<h1 style=\"text-align:center;\"><a href=\"/links?type&#61;workstep&amp;workbook&#61;0EFA73DB-1880-75E0-A034-DFFA9E819A3A&amp;worksheet&#61;0EFA73DB-1EBF-77D0-92A5-78EFA0051936&amp;workstep&#61;0EFA73F2-D4CA-6270-B4D3-5927CF21DE57\" rel=\"nofollow noopener noreferrer\"><strong><u>Golden Profiles</u></strong></a></h1><figure class=\"table\"><table class=\"ck-table-resized\" style=\"border-color:hsl(0, 0%, 100%);border-style:solid;\"><colgroup><col style=\"width:39.6%;\" /><col style=\"width:60.4%;\" /></colgroup><tbody><tr><td style=\"border-color:hsl(0, 0%, 100%);border-style:solid;\"><img src=\"/api/annotations/0EFA73DB-3222-FDE0-861B-EE1C7DF7FDCE/images/image_v1.png\" alt=\"File:ChrHansen.svg - Wikimedia Commons\"></td><td style=\"border-color:hsl(0, 0%, 100%);border-style:solid;\"><h4><i><strong>CHR Hansen</strong> created golden profiles in Seeq to <strong>proactively correct costly batch deviations</strong>. Learn more </i><a target=\"_blank\" href=\"https://info.seeq.com/bioscience-nutrition-advanced-analytics-registration\" rel=\"nofollow noopener noreferrer\"><i>here</i></a><i>!</i></h4></td></tr></tbody></table></figure><h3><strong>Solution</strong></h3><h4><strong>Creating Context</strong></h4><p>Using the available signals, build in the context to define the periods of interest. <a href=\"/links?type&#61;workstep&amp;workbook&#61;0EFA73DB-1880-75E0-A034-DFFA9E819A3A&amp;worksheet&#61;0EFA73DB-1EBF-77D0-92A5-78EFA0051936&amp;workstep&#61;0EFA73E3-5A34-EC40-A751-F64CC36E2C8A\" rel=\"nofollow noopener noreferrer\">Data and Context</a></p><h4><strong>Selecting Reference Data</strong></h4><p>Select the best (golden) periods using any KPI(s) or by manual selection. <a href=\"/links?type&#61;workstep&amp;workbook&#61;0EFA73DB-1880-75E0-A034-DFFA9E819A3A&amp;worksheet&#61;0EFA73DB-1EBF-77D0-92A5-78EFA0051936&amp;workstep&#61;0EFA73E8-9C2A-7320-92D2-23DE6C24D188\" rel=\"nofollow noopener noreferrer\">Training operations</a></p><h4><strong>Create Statistical Limits</strong></h4><p>Build statistical limits using the training dataset. Build an upper, lower, and any other set of control limits as needed. <a href=\"/links?type&#61;workstep&amp;workbook&#61;0EFA73DB-1880-75E0-A034-DFFA9E819A3A&amp;worksheet&#61;0EFA73DB-1EBF-77D0-92A5-78EFA0051936&amp;workstep&#61;0EFA73EC-BE79-EEE0-A958-87ECD5F00204\" rel=\"nofollow noopener noreferrer\"><strong>Overlay Control Limits</strong></a><strong> --&gt; </strong><a href=\"/links?type&#61;workstep&amp;workbook&#61;0EFA73DB-1880-75E0-A034-DFFA9E819A3A&amp;worksheet&#61;0EFA73DB-1EBF-77D0-92A5-78EFA0051936&amp;workstep&#61;0EFA73EE-09B9-FBC0-9721-13369D2BB28F\" rel=\"nofollow noopener noreferrer\"><strong>Swap Assets</strong></a></p><h4><strong>Deviation Detection and Monitoring</strong></h4><p>Identify periods where the temperature deviate from the limits for more than two minutes. Send email notifications during a deviation event. <a href=\"/links?type&#61;workstep&amp;workbook&#61;0EFA73DB-1880-75E0-A034-DFFA9E819A3A&amp;worksheet&#61;0EFA73DB-1EBF-77D0-92A5-78EFA0051936&amp;workstep&#61;0EFA73F2-D4CA-6270-B4D3-5927CF21DE57\" rel=\"nofollow noopener noreferrer\"><strong>Profiles and Deviations</strong></a><strong>\u00a0--&gt; Schedule Notification</strong></p>",
        "DocumentBackup\u02c9DEg3Lh5pLS4-lG84EjGXXXdzxhd1450vkLgiu8he2l8\u02c92025-03-28T14:24:00Z": "<h1 style=\"text-align:center;\"><a href=\"/links?type&#61;workstep&amp;workbook&#61;0EFA73DB-1880-75E0-A034-DFFA9E819A3A&amp;worksheet&#61;0EFA73DB-1EBF-77D0-92A5-78EFA0051936&amp;workstep&#61;0EFA73F2-D4CA-6270-B4D3-5927CF21DE57\" rel=\"nofollow noopener noreferrer\"><strong><u>Golden Profiles</u></strong></a></h1><figure class=\"table\"><table class=\"ck-table-resized\" style=\"border-color:hsl(0, 0%, 100%);border-style:solid;\"><colgroup><col style=\"width:39.6%;\" /><col style=\"width:60.4%;\" /></colgroup><tbody><tr><td style=\"border-color:hsl(0, 0%, 100%);border-style:solid;\"><img src=\"/api/annotations/0EFA73DB-3222-FDE0-861B-EE1C7DF7FDCE/images/image_v1.png\" alt=\"File:ChrHansen.svg - Wikimedia Commons\"></td><td style=\"border-color:hsl(0, 0%, 100%);border-style:solid;\"><h4><i><strong>CHR Hansen</strong> created golden profiles in Seeq to <strong>proactively correct costly batch deviations</strong>. Learn more </i><a target=\"_blank\" href=\"https://info.seeq.com/bioscience-nutrition-advanced-analytics-registration\" rel=\"nofollow noopener noreferrer\"><i>here</i></a><i>!</i></h4></td></tr></tbody></table></figure><h3><strong>Solution</strong></h3><h4><strong>Creating Context</strong></h4><p>Using the available signals, build in the context to define the periods of interest. Data and Context</p><h4><strong>Selecting Reference Data</strong></h4><p>Select the best (golden) periods using any KPI(s) or by manual selection. <a href=\"/links?type&#61;workstep&amp;workbook&#61;0EFA73DB-1880-75E0-A034-DFFA9E819A3A&amp;worksheet&#61;0EFA73DB-1EBF-77D0-92A5-78EFA0051936&amp;workstep&#61;0EFA73E8-9C2A-7320-92D2-23DE6C24D188\" rel=\"nofollow noopener noreferrer\">Training operations</a></p><h4><strong>Create Statistical Limits</strong></h4><p>Build statistical limits using the training dataset. Build an upper, lower, and any other set of control limits as needed. <a href=\"/links?type&#61;workstep&amp;workbook&#61;0EFA73DB-1880-75E0-A034-DFFA9E819A3A&amp;worksheet&#61;0EFA73DB-1EBF-77D0-92A5-78EFA0051936&amp;workstep&#61;0EFA73EC-BE79-EEE0-A958-87ECD5F00204\" rel=\"nofollow noopener noreferrer\"><strong>Overlay Control Limits</strong></a><strong> --&gt; </strong><a href=\"/links?type&#61;workstep&amp;workbook&#61;0EFA73DB-1880-75E0-A034-DFFA9E819A3A&amp;worksheet&#61;0EFA73DB-1EBF-77D0-92A5-78EFA0051936&amp;workstep&#61;0EFA73EE-09B9-FBC0-9721-13369D2BB28F\" rel=\"nofollow noopener noreferrer\"><strong>Swap Assets</strong></a></p><h4><strong>Deviation Detection and Monitoring</strong></h4><p>Identify periods where the temperature deviate from the limits for more than two minutes. Send email notifications during a deviation event. <a href=\"/links?type&#61;workstep&amp;workbook&#61;0EFA73DB-1880-75E0-A034-DFFA9E819A3A&amp;worksheet&#61;0EFA73DB-1EBF-77D0-92A5-78EFA0051936&amp;workstep&#61;0EFA73F2-D4CA-6270-B4D3-5927CF21DE57\" rel=\"nofollow noopener noreferrer\"><strong>Profiles and Deviations</strong></a><strong>\u00a0--&gt; Schedule Notification</strong></p>",
        "DocumentBackup\u02c9DEg3Lh5pLS4-lG84EjGXXXdzxhd1450vkLgiu8he2l8\u02c92025-03-28T14:25:00Z": "<h1 style=\"text-align:center;\"><a href=\"/links?type&#61;workstep&amp;workbook&#61;0EFA73DB-1880-75E0-A034-DFFA9E819A3A&amp;worksheet&#61;0EFA73DB-1EBF-77D0-92A5-78EFA0051936&amp;workstep&#61;0EFA73F2-D4CA-6270-B4D3-5927CF21DE57\" rel=\"nofollow noopener noreferrer\"><strong><u>Golden Profiles</u></strong></a></h1><figure class=\"table\"><table class=\"ck-table-resized\" style=\"border-color:hsl(0, 0%, 100%);border-style:solid;\"><colgroup><col style=\"width:39.6%;\" /><col style=\"width:60.4%;\" /></colgroup><tbody><tr><td style=\"border-color:hsl(0, 0%, 100%);border-style:solid;\"><img src=\"/api/annotations/0EFA73DB-3222-FDE0-861B-EE1C7DF7FDCE/images/image_v1.png\" alt=\"File:ChrHansen.svg - Wikimedia Commons\"></td><td style=\"border-color:hsl(0, 0%, 100%);border-style:solid;\"><h4><i><strong>CHR Hansen</strong> created golden profiles in Seeq to <strong>proactively correct costly batch deviations</strong>. Learn more </i><a target=\"_blank\" href=\"https://info.seeq.com/bioscience-nutrition-advanced-analytics-registration\" rel=\"nofollow noopener noreferrer\"><i>here</i></a><i>!</i></h4></td></tr></tbody></table></figure><h3><strong>Solution</strong></h3><h4><strong>Creating Context</strong></h4><p>Using the available signals, build in the context to define the periods of interest. <a href=\"/links?type&#61;workstep&amp;workbook&#61;0EFA73DB-1880-75E0-A034-DFFA9E819A3A&amp;worksheet&#61;0EFA73DB-1EBF-77D0-92A5-78EFA0051936&amp;workstep&#61;0F00BE04-CCF2-E8B0-A1E0-41C9BE02451E\" rel=\"nofollow noopener noreferrer\">Data and Context</a></p><h4><strong>Selecting Reference Data</strong></h4><p>Select the best (golden) periods using any KPI(s) or by manual selection. Training operations</p><h4><strong>Create Statistical Limits</strong></h4><p>Build statistical limits using the training dataset. Build an upper, lower, and any other set of control limits as needed. <a href=\"/links?type&#61;workstep&amp;workbook&#61;0EFA73DB-1880-75E0-A034-DFFA9E819A3A&amp;worksheet&#61;0EFA73DB-1EBF-77D0-92A5-78EFA0051936&amp;workstep&#61;0EFA73EC-BE79-EEE0-A958-87ECD5F00204\" rel=\"nofollow noopener noreferrer\"><strong>Overlay Control Limits</strong></a><strong> --&gt; </strong><a href=\"/links?type&#61;workstep&amp;workbook&#61;0EFA73DB-1880-75E0-A034-DFFA9E819A3A&amp;worksheet&#61;0EFA73DB-1EBF-77D0-92A5-78EFA0051936&amp;workstep&#61;0EFA73EE-09B9-FBC0-9721-13369D2BB28F\" rel=\"nofollow noopener noreferrer\"><strong>Swap Assets</strong></a></p><h4><strong>Deviation Detection and Monitoring</strong></h4><p>Identify periods where the temperature deviate from the limits for more than two minutes. Send email notifications during a deviation event. <a href=\"/links?type&#61;workstep&amp;workbook&#61;0EFA73DB-1880-75E0-A034-DFFA9E819A3A&amp;worksheet&#61;0EFA73DB-1EBF-77D0-92A5-78EFA0051936&amp;workstep&#61;0EFA73F2-D4CA-6270-B4D3-5927CF21DE57\" rel=\"nofollow noopener noreferrer\"><strong>Profiles and Deviations</strong></a><strong>\u00a0--&gt; Schedule Notification</strong></p>",
        "DocumentBackup\u02c9DEg3Lh5pLS4-lG84EjGXXXdzxhd1450vkLgiu8he2l8\u02c92025-03-28T14:26:00Z": "<h1 style=\"text-align:center;\"><a href=\"/links?type&#61;workstep&amp;workbook&#61;0EFA73DB-1880-75E0-A034-DFFA9E819A3A&amp;worksheet&#61;0EFA73DB-1EBF-77D0-92A5-78EFA0051936&amp;workstep&#61;0EFA73F2-D4CA-6270-B4D3-5927CF21DE57\" rel=\"nofollow noopener noreferrer\"><strong><u>Golden Profiles</u></strong></a></h1><figure class=\"table\"><table class=\"ck-table-resized\" style=\"border-color:hsl(0, 0%, 100%);border-style:solid;\"><colgroup><col style=\"width:39.6%;\" /><col style=\"width:60.4%;\" /></colgroup><tbody><tr><td style=\"border-color:hsl(0, 0%, 100%);border-style:solid;\"><img src=\"/api/annotations/0EFA73DB-3222-FDE0-861B-EE1C7DF7FDCE/images/image_v1.png\" alt=\"File:ChrHansen.svg - Wikimedia Commons\"></td><td style=\"border-color:hsl(0, 0%, 100%);border-style:solid;\"><h4><i><strong>CHR Hansen</strong> created golden profiles in Seeq to <strong>proactively correct costly batch deviations</strong>. Learn more </i><a target=\"_blank\" href=\"https://info.seeq.com/bioscience-nutrition-advanced-analytics-registration\" rel=\"nofollow noopener noreferrer\"><i>here</i></a><i>!</i></h4></td></tr></tbody></table></figure><h3><strong>Solution</strong></h3><h4><strong>Creating Context</strong></h4><p>Using the available signals, build in the context to define the periods of interest. <a href=\"/links?type&#61;workstep&amp;workbook&#61;0EFA73DB-1880-75E0-A034-DFFA9E819A3A&amp;worksheet&#61;0EFA73DB-1EBF-77D0-92A5-78EFA0051936&amp;workstep&#61;0F00BE04-CCF2-E8B0-A1E0-41C9BE02451E\" rel=\"nofollow noopener noreferrer\">Data and Context</a></p><h4><strong>Selecting Reference Data</strong></h4><p>Select the best (golden) periods using any KPI(s) or by manual selection. <a href=\"/links?type&#61;workstep&amp;workbook&#61;0EFA73DB-1880-75E0-A034-DFFA9E819A3A&amp;worksheet&#61;0EFA73DB-1EBF-77D0-92A5-78EFA0051936&amp;workstep&#61;0F00BE07-BB5F-EEB0-88C3-D2F48E1E0CDE\" rel=\"nofollow noopener noreferrer\">Training operations</a></p><h4><strong>Create Statistical Limits</strong></h4><p>Build statistical limits using the training dataset. Build an upper, lower, and any other set of control limits as needed. <strong>Overlay Control Limits --&gt; </strong><a href=\"/links?type&#61;workstep&amp;workbook&#61;0EFA73DB-1880-75E0-A034-DFFA9E819A3A&amp;worksheet&#61;0EFA73DB-1EBF-77D0-92A5-78EFA0051936&amp;workstep&#61;0EFA73EE-09B9-FBC0-9721-13369D2BB28F\" rel=\"nofollow noopener noreferrer\"><strong>Swap Assets</strong></a></p><h4><strong>Deviation Detection and Monitoring</strong></h4><p>Identify periods where the temperature deviate from the limits for more than two minutes. Send email notifications during a deviation event. <a href=\"/links?type&#61;workstep&amp;workbook&#61;0EFA73DB-1880-75E0-A034-DFFA9E819A3A&amp;worksheet&#61;0EFA73DB-1EBF-77D0-92A5-78EFA0051936&amp;workstep&#61;0EFA73F2-D4CA-6270-B4D3-5927CF21DE57\" rel=\"nofollow noopener noreferrer\"><strong>Profiles and Deviations</strong></a><strong>\u00a0--&gt; Schedule Notification</strong></p>",
        "DocumentBackup\u02c9DEg3Lh5pLS4-lG84EjGXXXdzxhd1450vkLgiu8he2l8\u02c92025-03-28T14:33:00Z": "<h1 style=\"text-align:center;\"><a href=\"/links?type&#61;workstep&amp;workbook&#61;0EFA73DB-1880-75E0-A034-DFFA9E819A3A&amp;worksheet&#61;0EFA73DB-1EBF-77D0-92A5-78EFA0051936&amp;workstep&#61;0EFA73F2-D4CA-6270-B4D3-5927CF21DE57\" rel=\"nofollow noopener noreferrer\"><strong><u>Golden Profiles</u></strong></a></h1><figure class=\"table\"><table class=\"ck-table-resized\" style=\"border-color:hsl(0, 0%, 100%);border-style:solid;\"><colgroup><col style=\"width:39.6%;\" /><col style=\"width:60.4%;\" /></colgroup><tbody><tr><td style=\"border-color:hsl(0, 0%, 100%);border-style:solid;\"><img src=\"/api/annotations/0EFA73DB-3222-FDE0-861B-EE1C7DF7FDCE/images/image_v1.png\" alt=\"File:ChrHansen.svg - Wikimedia Commons\"></td><td style=\"border-color:hsl(0, 0%, 100%);border-style:solid;\"><h4><i><strong>CHR Hansen</strong> created golden profiles in Seeq to <strong>proactively correct costly batch deviations</strong>. Learn more </i><a target=\"_blank\" href=\"https://info.seeq.com/bioscience-nutrition-advanced-analytics-registration\" rel=\"nofollow noopener noreferrer\"><i>here</i></a><i>!</i></h4></td></tr></tbody></table></figure><h3><strong>Solution</strong></h3><h4><strong>Creating Context</strong></h4><p>Using the available signals, build in the context to define the periods of interest. <a href=\"/links?type&#61;workstep&amp;workbook&#61;0EFA73DB-1880-75E0-A034-DFFA9E819A3A&amp;worksheet&#61;0EFA73DB-1EBF-77D0-92A5-78EFA0051936&amp;workstep&#61;0F00BE04-CCF2-E8B0-A1E0-41C9BE02451E\" rel=\"nofollow noopener noreferrer\">Data and Context</a></p><h4><strong>Selecting Reference Data</strong></h4><p>Select the best (golden) periods using any KPI(s) or by manual selection. <a href=\"/links?type&#61;workstep&amp;workbook&#61;0EFA73DB-1880-75E0-A034-DFFA9E819A3A&amp;worksheet&#61;0EFA73DB-1EBF-77D0-92A5-78EFA0051936&amp;workstep&#61;0F00BE07-BB5F-EEB0-88C3-D2F48E1E0CDE\" rel=\"nofollow noopener noreferrer\">Training operations</a></p><h4><strong>Create Statistical Limits</strong></h4><p>Build statistical limits using the training dataset. Build an upper, lower, and any other set of control limits as needed. <a href=\"/links?type&#61;workstep&amp;workbook&#61;0EFA73DB-1880-75E0-A034-DFFA9E819A3A&amp;worksheet&#61;0EFA73DB-1EBF-77D0-92A5-78EFA0051936&amp;workstep&#61;0F00BE0A-5DF7-73B0-99FD-CC03074B628C\" rel=\"nofollow noopener noreferrer\"><strong>Overlay Control Limits</strong></a><strong> --&gt; Swap Assets</strong></p><h4><strong>Deviation Detection and Monitoring</strong></h4><p>Identify periods where the temperature deviate from the limits for more than two minutes. Send email notifications during a deviation event. <a href=\"/links?type&#61;workstep&amp;workbook&#61;0EFA73DB-1880-75E0-A034-DFFA9E819A3A&amp;worksheet&#61;0EFA73DB-1EBF-77D0-92A5-78EFA0051936&amp;workstep&#61;0EFA73F2-D4CA-6270-B4D3-5927CF21DE57\" rel=\"nofollow noopener noreferrer\"><strong>Profiles and Deviations</strong></a><strong>\u00a0--&gt; Schedule Notification</strong></p>",
        "Enabled": true,
        "ID": "0EFA73DB-3222-FDE0-861B-EE1C7DF7FDCE",
        "Is CK Enabled": true,
        "Locked": false,
        "Name": "Golden Profiles",
        "Plain Text Document": "Golden ProfilesCHR Hansen created golden profiles in Seeq to proactively correct costly batch deviations. Learn more here!SolutionCreating ContextUsing the available signals, build in the context to define the periods of interest. Data and ContextSelecting Reference DataSelect the best (golden) periods using any KPI(s) or by manual selection. Training operationsCreate Statistical LimitsBuild statistical limits using the training dataset. Build an upper, lower, and any other set of control limits as needed. Overlay Control Limits --&gt; Swap AssetsDeviation Detection and MonitoringIdentify periods where the temperature deviate from the limits for more than two minutes. Send email notifications during a deviation event. Profiles and Deviations\u00a0--&gt; Schedule Notification",
        "Type": "Journal",
        "Unsearchable": false,
        "Updated At": "1743172391625363766"
    }
}