{
    "ID": "3F4DD913-522E-43B3-9BED-57CDC55005C9",
    "Type": "Workstep",
    "Data": {
        "version": 1,
        "state": {
            "stores": {
                "sqTrendSeriesStore": {
                    "items": []
                },
                "sqTrendCapsuleSetStore": {
                    "items": []
                },
                "sqTrendScalarStore": {
                    "items": []
                },
                "sqTrendMetricStore": {
                    "items": []
                },
                "sqTrendTableStore": {
                    "items": []
                },
                "sqDurationStore": {
                    "autoUpdate": {
                        "offset": 17999948
                    },
                    "displayRange": {
                        "start": 1732041293738,
                        "end": 1732127693738
                    },
                    "investigateRange": {
                        "start": 1731522893789,
                        "end": 1732127693789
                    }
                },
                "sqWorksheetStore": {
                    "viewKey": "TREND"
                }
            }
        }
    }
}