{
    "ID": "3DB9947F-8DBF-4C7E-A0DC-467A3264F3A7",
    "Type": "Workstep",
    "Data": {
        "version": 1,
        "state": {
            "stores": {
                "sqTrendSeriesStore": {
                    "items": []
                },
                "sqTrendCapsuleSetStore": {
                    "items": []
                },
                "sqTrendScalarStore": {
                    "items": []
                },
                "sqTrendMetricStore": {
                    "items": []
                },
                "sqTrendTableStore": {
                    "items": []
                },
                "sqDurationStore": {
                    "autoUpdate": {
                        "offset": 14399945
                    },
                    "displayRange": {
                        "start": 1743104006242,
                        "end": 1743190406242
                    },
                    "investigateRange": {
                        "start": 1742585606296,
                        "end": 1743190406296
                    }
                },
                "sqWorksheetStore": {
                    "viewKey": "TREND"
                }
            }
        }
    }
}