{
    "ID": "EA60B5E3-C7CC-4109-B2DD-345539DD7EDC",
    "Type": "Workstep",
    "Data": {
        "version": 1,
        "state": {
            "stores": {
                "sqTrendSeriesStore": {
                    "items": []
                },
                "sqTrendCapsuleSetStore": {
                    "items": []
                },
                "sqTrendScalarStore": {
                    "items": []
                },
                "sqTrendMetricStore": {
                    "items": []
                },
                "sqTrendTableStore": {
                    "items": []
                },
                "sqDurationStore": {
                    "autoUpdate": {
                        "offset": 17999922
                    },
                    "displayRange": {
                        "start": 1732579343345,
                        "end": 1732665743345
                    },
                    "investigateRange": {
                        "start": 1732060943422,
                        "end": 1732665743422
                    }
                },
                "sqWorksheetStore": {
                    "viewKey": "TREND"
                }
            }
        }
    }
}