{
    "ID": "2627C168-53FC-438C-86F6-EB1CA3B2D560",
    "Type": "Workstep",
    "Data": {
        "version": 1,
        "state": {
            "stores": {
                "sqTrendSeriesStore": {
                    "items": []
                },
                "sqTrendCapsuleSetStore": {
                    "items": []
                },
                "sqTrendScalarStore": {
                    "items": []
                },
                "sqTrendMetricStore": {
                    "items": []
                },
                "sqTrendTableStore": {
                    "items": []
                },
                "sqDurationStore": {
                    "autoUpdate": {
                        "offset": 17999995
                    },
                    "displayRange": {
                        "start": 1732569175107,
                        "end": 1732655575107
                    },
                    "investigateRange": {
                        "start": 1732050775111,
                        "end": 1732655575111
                    }
                },
                "sqWorksheetStore": {
                    "viewKey": "TREND"
                }
            }
        }
    }
}