{
    "Archived": false,
    "Cache Enabled": false,
    "Created At": "1732107551269240672",
    "Enabled": true,
    "ID": "0EFA73F3-C910-7550-8590-92A0697DCF1F",
    "Locked": false,
    "Unsearchable": false,
    "Updated At": "1732107683249621304",
    "Name": "Golden Profile Extended Demo",
    "Type": "Worksheet",
    "Annotation ID": "0EFA73F3-C948-77C0-8294-64297A4ECEE1",
    "Current Workstep ID": "0EFA73F3-C946-60B0-AF8B-BA48F8D6C05E",
    "URL": "https://demo.seeq.dev/0EFA6A0B-4C9B-71B0-ADCE-2000B1F79638/workbook/0EFA73DB-1880-75E0-A034-DFFA9E819A3A/worksheet/0EFA73F3-C910-7550-8590-92A0697DCF1F"
}