{
    "Archived": false,
    "Cache Enabled": false,
    "Created At": "1732106889165873462",
    "Enabled": true,
    "ID": "0EFA73DB-1EBF-77D0-92A5-78EFA0051936",
    "Locked": false,
    "Unsearchable": false,
    "Updated At": "1732648132217762250",
    "Name": "Golden Profile Demo",
    "Type": "Worksheet",
    "Annotation ID": "0EFA73DB-3222-FDE0-861B-EE1C7DF7FDCE",
    "Current Workstep ID": "0EFA73F2-D4CA-6270-B4D3-5927CF21DE57",
    "URL": "https://demo.seeq.dev/0EFA6A0B-4C9B-71B0-ADCE-2000B1F79638/workbook/0EFA73DB-1880-75E0-A034-DFFA9E819A3A/worksheet/0EFA73DB-1EBF-77D0-92A5-78EFA0051936"
}