{
    "Archived": false,
    "Cache Enabled": false,
    "Cache ID": "0F00BE27-0C50-7580-BE8A-07D8BE3D0E6C",
    "Created At": "1732107551269240672",
    "Enabled": true,
    "ID": "0EFA73F3-C910-7550-8590-92A0697DCF1F",
    "Last Result Hash": "ab25ad85b2be31e6cf3c3c18c551d7f9",
    "Locked": false,
    "Unsearchable": false,
    "Updated At": "1743172763098994336",
    "Name": "Golden Profile Extended Demo",
    "Type": "Worksheet",
    "Annotation ID": "0EFA73F3-C948-77C0-8294-64297A4ECEE1",
    "Current Workstep ID": "0F00BE27-0C50-7580-BE8A-07D8BE3D0E6C",
    "URL": "https://demo.seeq.dev/0EFA6A0B-4C9B-71B0-ADCE-2000B1F79638/workbook/0EFA73DB-1880-75E0-A034-DFFA9E819A3A/worksheet/0EFA73F3-C910-7550-8590-92A0697DCF1F"
}