{
    "ID": "2AD3735B-19C3-4796-995F-E80CFF7C2343",
    "Type": "Workstep",
    "Data": {
        "version": 1,
        "state": {
            "stores": {
                "sqTrendSeriesStore": {
                    "items": []
                },
                "sqTrendCapsuleSetStore": {
                    "items": []
                },
                "sqTrendScalarStore": {
                    "items": []
                },
                "sqTrendMetricStore": {
                    "items": []
                },
                "sqTrendTableStore": {
                    "items": []
                },
                "sqDurationStore": {
                    "autoUpdate": {
                        "offset": 17999997
                    },
                    "displayRange": {
                        "start": 1732041294030,
                        "end": 1732127694030
                    },
                    "investigateRange": {
                        "start": 1731522894032,
                        "end": 1732127694032
                    }
                },
                "sqWorksheetStore": {
                    "viewKey": "TREND"
                }
            }
        }
    }
}