{
    "Access Control": [
        {
            "ID": "0efa73db-188f-6040-b4c5-fb8d97966918",
            "Identity": {
                "Datasource Class": "OAuth 2.0",
                "Datasource ID": "9ecc7e74-4c32-436d-9af0-70d8aa99386b",
                "Datasource Name": "Seeq Azure SSO",
                "Email": "Joseph.Reckamp@seeq.com",
                "First Name": "Joe",
                "ID": "C9FD5B90-17F3-4CA7-8C37-CD9B7D9B85D2",
                "Is Admin": true,
                "Last Name": "Reckamp",
                "Name": "Joe Reckamp",
                "Type": "User",
                "Username": "DEg3Lh5pLS4-lG84EjGXXXdzxhd1450vkLgiu8he2l8"
            },
            "Origin": "0EFA6A0B-4C9B-71B0-ADCE-2000B1F79638",
            "Permissions": {
                "Manage": true,
                "Read": true,
                "Write": true
            },
            "Redacted": false,
            "Role": null
        },
        {
            "ID": "0efa73db-1880-75e0-b706-c44c62f5f474",
            "Identity": {
                "Datasource Class": "OAuth 2.0",
                "Datasource ID": "9ecc7e74-4c32-436d-9af0-70d8aa99386b",
                "Datasource Name": "Seeq Azure SSO",
                "Email": "Joseph.Reckamp@seeq.com",
                "First Name": "Joe",
                "ID": "C9FD5B90-17F3-4CA7-8C37-CD9B7D9B85D2",
                "Is Admin": true,
                "Last Name": "Reckamp",
                "Name": "Joe Reckamp",
                "Type": "User",
                "Username": "DEg3Lh5pLS4-lG84EjGXXXdzxhd1450vkLgiu8he2l8"
            },
            "Origin": null,
            "Permissions": {
                "Manage": true,
                "Read": true,
                "Write": true
            },
            "Redacted": false,
            "Role": "OWNER"
        }
    ],
    "Ancestors": [
        "__Users__",
        "905A3390-CCA6-489B-89A3-492EC9F7FF26",
        "0EFA6A0B-4C9B-71B0-ADCE-2000B1F79638"
    ],
    "Archived": false,
    "Cache Enabled": false,
    "Created At": "1732106888510859723",
    "Enabled": true,
    "ID": "0EFA73DB-1880-75E0-A034-DFFA9E819A3A",
    "Locked": false,
    "Name": "Use Case Selector: Golden Profiles",
    "Original Server URL": "http://seeq-server",
    "Owner": {
        "Datasource Class": "OAuth 2.0",
        "Datasource ID": "9ecc7e74-4c32-436d-9af0-70d8aa99386b",
        "Datasource Name": "Seeq Azure SSO",
        "Email": "Joseph.Reckamp@seeq.com",
        "First Name": "Joe",
        "ID": "C9FD5B90-17F3-4CA7-8C37-CD9B7D9B85D2",
        "Is Admin": true,
        "Last Name": "Reckamp",
        "Name": "Joe Reckamp",
        "Type": "User",
        "Username": "DEg3Lh5pLS4-lG84EjGXXXdzxhd1450vkLgiu8he2l8"
    },
    "Path": "Users >> Joseph Reckamp >> DO NOT USE (Please!)",
    "Search Folder ID": "0EFA6A0B-4C9B-71B0-ADCE-2000B1F79638",
    "Type": "Workbook",
    "URL": "https://demo.seeq.dev/0EFA6A0B-4C9B-71B0-ADCE-2000B1F79638/workbook/0EFA73DB-1880-75E0-A034-DFFA9E819A3A/worksheet/0EFA73DB-1EBF-77D0-92A5-78EFA0051936",
    "Unsearchable": false,
    "Updated At": "1732648132217762250",
    "Workbook Type": "Analysis",
    "Worksheets": [
        "0EFA73DB-1EBF-77D0-92A5-78EFA0051936",
        "0EFA73F3-C910-7550-8590-92A0697DCF1F"
    ],
    "workbookState": {
        "state": {
            "stores": {
                "sqAnnotationStore": {
                    "height": 0,
                    "id": "0EFA73DB-3222-FDE0-861B-EE1C7DF7FDCE",
                    "isAnnotatesExpanded": false,
                    "isCkEnabled": true,
                    "isCommentsExpanded": false,
                    "isExpanded": false,
                    "width": 0
                }
            }
        },
        "version": 1
    }
}