{
    "ID": "AA92C701-0264-4D34-96E9-2C8525BE2F21",
    "Type": "Workstep",
    "Data": {
        "version": 1,
        "state": {
            "stores": {
                "sqTrendSeriesStore": {
                    "items": []
                },
                "sqTrendCapsuleSetStore": {
                    "items": []
                },
                "sqTrendScalarStore": {
                    "items": []
                },
                "sqTrendMetricStore": {
                    "items": []
                },
                "sqTrendTableStore": {
                    "items": []
                },
                "sqDurationStore": {
                    "autoUpdate": {
                        "offset": 14399997
                    },
                    "displayRange": {
                        "start": 1743104008580,
                        "end": 1743190408581
                    },
                    "investigateRange": {
                        "start": 1742585608583,
                        "end": 1743190408583
                    }
                },
                "sqWorksheetStore": {
                    "viewKey": "TREND"
                }
            }
        }
    }
}