{
    "0EFA6A0B-4C9B-71B0-ADCE-2000B1F79638": {
        "Access Control": [
            {
                "ID": "0efa6a0b-4c9b-71b0-832f-2cb144107853",
                "Identity": {
                    "Datasource Class": "OAuth 2.0",
                    "Datasource ID": "9ecc7e74-4c32-436d-9af0-70d8aa99386b",
                    "Datasource Name": "Seeq Azure SSO",
                    "Email": "Joseph.Reckamp@seeq.com",
                    "First Name": "Joe",
                    "ID": "C9FD5B90-17F3-4CA7-8C37-CD9B7D9B85D2",
                    "Is Admin": true,
                    "Last Name": "Reckamp",
                    "Name": "Joe Reckamp",
                    "Type": "User",
                    "Username": "DEg3Lh5pLS4-lG84EjGXXXdzxhd1450vkLgiu8he2l8"
                },
                "Origin": null,
                "Permissions": {
                    "Manage": true,
                    "Read": true,
                    "Write": true
                },
                "Redacted": false,
                "Role": "OWNER"
            },
            {
                "ID": "0efa6a0b-4cc7-60d0-a44e-06a6b1da5301",
                "Identity": {
                    "Datasource Class": "OAuth 2.0",
                    "Datasource ID": "9ecc7e74-4c32-436d-9af0-70d8aa99386b",
                    "Datasource Name": "Seeq Azure SSO",
                    "Email": "Joseph.Reckamp@seeq.com",
                    "First Name": "Joe",
                    "ID": "C9FD5B90-17F3-4CA7-8C37-CD9B7D9B85D2",
                    "Is Admin": true,
                    "Last Name": "Reckamp",
                    "Name": "Joe Reckamp",
                    "Type": "User",
                    "Username": "DEg3Lh5pLS4-lG84EjGXXXdzxhd1450vkLgiu8he2l8"
                },
                "Origin": "905A3390-CCA6-489B-89A3-492EC9F7FF26",
                "Permissions": {
                    "Manage": true,
                    "Read": true,
                    "Write": true
                },
                "Redacted": false,
                "Role": null
            }
        ],
        "Ancestors": [
            "__Users__",
            "905A3390-CCA6-489B-89A3-492EC9F7FF26"
        ],
        "Archived": false,
        "Cache Enabled": false,
        "Created At": "1732039462987374025",
        "Enabled": true,
        "ID": "0EFA6A0B-4C9B-71B0-ADCE-2000B1F79638",
        "Locked": false,
        "Name": "DO NOT USE (Please!)",
        "Owner": {
            "Datasource Class": "OAuth 2.0",
            "Datasource ID": "9ecc7e74-4c32-436d-9af0-70d8aa99386b",
            "Datasource Name": "Seeq Azure SSO",
            "Email": "Joseph.Reckamp@seeq.com",
            "First Name": "Joe",
            "ID": "C9FD5B90-17F3-4CA7-8C37-CD9B7D9B85D2",
            "Is Admin": true,
            "Last Name": "Reckamp",
            "Name": "Joe Reckamp",
            "Type": "User",
            "Username": "DEg3Lh5pLS4-lG84EjGXXXdzxhd1450vkLgiu8he2l8"
        },
        "Type": "Folder",
        "Unsearchable": false,
        "Updated At": "1732135031904791904"
    },
    "0EFAC13D-0CA2-7700-81BA-D0D1630CADC7": {
        "Archived": false,
        "Cache Enabled": false,
        "Cache ID": "1EFAC1B0-B8F9-64D0-AA4F-25C7FADB6C5A",
        "Data ID": "[00000000-0000-0000-0000-000000000000] {Signal} Standby Discharge Pressure",
        "Datasource Class": "Seeq Data Lab",
        "Datasource ID": "Seeq Data Lab",
        "Enabled": true,
        "ID": "0EFAC13D-0CA2-7700-81BA-D0D1630CADC7",
        "Interpolation Method": "Linear",
        "Last Key Written": 1543682820000000000,
        "Locked": false,
        "Maximum Interpolation": "40h",
        "Name": "Standby Discharge Pressure",
        "Source Maximum Interpolation": "40h",
        "Source Value Unit Of Measure": "psi",
        "Storage Location": "FILE_SIGNAL_STORAGE",
        "Stored Series Cache Version": 1,
        "Sync Token": "2024-11-26T17:22:41.933524",
        "Type": "StoredSignal",
        "Unsearchable": false,
        "Value Unit Of Measure": "psi"
    },
    "0EFAC13D-10F1-FF40-A39E-7794EE4710CD": {
        "Archived": false,
        "Cache Enabled": false,
        "Cache ID": "1EFAC1B0-AFCA-6B30-8F2B-3BB793B80316",
        "Data ID": "[00000000-0000-0000-0000-000000000000] {Signal} Pump Discharge Pressure",
        "Datasource Class": "Seeq Data Lab",
        "Datasource ID": "Seeq Data Lab",
        "Enabled": true,
        "ID": "0EFAC13D-10F1-FF40-A39E-7794EE4710CD",
        "Interpolation Method": "Linear",
        "Last Key Written": 1543682040000000000,
        "Locked": false,
        "Maximum Interpolation": "40h",
        "Name": "Pump Discharge Pressure",
        "Source Maximum Interpolation": "40h",
        "Source Value Unit Of Measure": "psi",
        "Storage Location": "FILE_SIGNAL_STORAGE",
        "Stored Series Cache Version": 1,
        "Sync Token": "2024-11-26T17:22:41.933524",
        "Type": "StoredSignal",
        "Unsearchable": false,
        "Value Unit Of Measure": "psi"
    },
    "0EFAC13D-19E3-FFE0-99C5-33414C104452": {
        "Archived": false,
        "Cache Enabled": false,
        "Cache ID": "1EFAC1B0-B018-6CE0-AE0C-AE528CA506F2",
        "Data ID": "[00000000-0000-0000-0000-000000000000] {Signal} Suction Pressure",
        "Datasource Class": "Seeq Data Lab",
        "Datasource ID": "Seeq Data Lab",
        "Enabled": true,
        "ID": "0EFAC13D-19E3-FFE0-99C5-33414C104452",
        "Interpolation Method": "Linear",
        "Last Key Written": 1543680420000000000,
        "Locked": false,
        "Maximum Interpolation": "40h",
        "Name": "Suction Pressure",
        "Source Maximum Interpolation": "40h",
        "Source Value Unit Of Measure": "psi",
        "Storage Location": "FILE_SIGNAL_STORAGE",
        "Stored Series Cache Version": 1,
        "Sync Token": "2024-11-26T17:22:41.933524",
        "Type": "StoredSignal",
        "Unsearchable": false,
        "Value Unit Of Measure": "psi"
    },
    "0EFAC13D-1D1A-FBF0-BC8D-E5642FE108CF": {
        "Archived": false,
        "Cache Enabled": false,
        "Cache ID": "1EFAC1B0-B06B-61B0-8CA9-0575AD21B39C",
        "Data ID": "[00000000-0000-0000-0000-000000000000] {Signal} Discharge Flow Rate",
        "Datasource Class": "Seeq Data Lab",
        "Datasource ID": "Seeq Data Lab",
        "Enabled": true,
        "ID": "0EFAC13D-1D1A-FBF0-BC8D-E5642FE108CF",
        "Interpolation Method": "Linear",
        "Last Key Written": 1543689780000000000,
        "Locked": false,
        "Maximum Interpolation": "40h",
        "Name": "Discharge Flow Rate",
        "Source Maximum Interpolation": "40h",
        "Source Value Unit Of Measure": "bbl/d",
        "Storage Location": "FILE_SIGNAL_STORAGE",
        "Stored Series Cache Version": 1,
        "Sync Token": "2024-11-26T17:22:41.933524",
        "Type": "StoredSignal",
        "Unsearchable": false,
        "Value Unit Of Measure": "bbl/d"
    },
    "0EFAC13D-20A4-E820-93C2-4E7D67470E86": {
        "Archived": false,
        "Cache Enabled": false,
        "Cache ID": "1EFAC1B0-B0C0-69C0-98B9-E08B198AC2BE",
        "Data ID": "[00000000-0000-0000-0000-000000000000] {Signal} Recirculation Flow",
        "Datasource Class": "Seeq Data Lab",
        "Datasource ID": "Seeq Data Lab",
        "Enabled": true,
        "ID": "0EFAC13D-20A4-E820-93C2-4E7D67470E86",
        "Interpolation Method": "Linear",
        "Last Key Written": 1543691820000000000,
        "Locked": false,
        "Maximum Interpolation": "40h",
        "Name": "Recirculation Flow",
        "Source Maximum Interpolation": "40h",
        "Source Value Unit Of Measure": "bbl/d",
        "Storage Location": "FILE_SIGNAL_STORAGE",
        "Stored Series Cache Version": 1,
        "Sync Token": "2024-11-26T17:22:41.933524",
        "Type": "StoredSignal",
        "Unsearchable": false,
        "Value Unit Of Measure": "bbl/d"
    },
    "0EFAC13D-243F-75C0-AA90-ACE582A9A29D": {
        "Archived": false,
        "Cache Enabled": false,
        "Cache ID": "1EFAC1A0-CDEF-64A0-A576-BFE8DC58F15B",
        "Data ID": "[00000000-0000-0000-0000-000000000000] {Signal} Pump Status",
        "Datasource Class": "Seeq Data Lab",
        "Datasource ID": "Seeq Data Lab",
        "Enabled": true,
        "ID": "0EFAC13D-243F-75C0-AA90-ACE582A9A29D",
        "Interpolation Method": "Linear",
        "Last Key Written": 1543683420000000000,
        "Locked": false,
        "Maximum Interpolation": "40h",
        "Name": "Pump Status",
        "Source Maximum Interpolation": "40h",
        "Source Value Unit Of Measure": "string",
        "Storage Location": "FILE_SIGNAL_STORAGE",
        "Stored Series Cache Version": 1,
        "Sync Token": "2024-11-26T17:22:41.933524",
        "Type": "StoredSignal",
        "Unsearchable": false,
        "Value Unit Of Measure": "string"
    },
    "0EFAC13D-28B1-60E0-8CD4-B29AD88BC99C": {
        "Archived": false,
        "Cache Enabled": false,
        "Cache ID": "1EFAC1A0-C845-6590-8366-A4547FB8301B",
        "Data ID": "[00000000-0000-0000-0000-000000000000] {Signal} Standby Pump Status",
        "Datasource Class": "Seeq Data Lab",
        "Datasource ID": "Seeq Data Lab",
        "Enabled": true,
        "ID": "0EFAC13D-28B1-60E0-8CD4-B29AD88BC99C",
        "Interpolation Method": "Linear",
        "Last Key Written": 1543684620000000000,
        "Locked": false,
        "Maximum Interpolation": "40h",
        "Name": "Standby Pump Status",
        "Source Maximum Interpolation": "40h",
        "Source Value Unit Of Measure": "string",
        "Storage Location": "FILE_SIGNAL_STORAGE",
        "Stored Series Cache Version": 1,
        "Sync Token": "2024-11-26T17:22:41.933524",
        "Type": "StoredSignal",
        "Unsearchable": false,
        "Value Unit Of Measure": "string"
    },
    "0EFAC13D-2C7A-64B0-86AD-9EBA36C59BA4": {
        "Archived": false,
        "Cache Enabled": false,
        "Cache ID": "1EFAC1B0-B189-6C50-8F97-69AF8E01F494",
        "Data ID": "[00000000-0000-0000-0000-000000000000] {Signal} Suction Temperature",
        "Datasource Class": "Seeq Data Lab",
        "Datasource ID": "Seeq Data Lab",
        "Enabled": true,
        "ID": "0EFAC13D-2C7A-64B0-86AD-9EBA36C59BA4",
        "Interpolation Method": "Linear",
        "Last Key Written": 1543692840000000000,
        "Locked": false,
        "Maximum Interpolation": "40h",
        "Name": "Suction Temperature",
        "Source Maximum Interpolation": "40h",
        "Source Value Unit Of Measure": "F",
        "Storage Location": "FILE_SIGNAL_STORAGE",
        "Stored Series Cache Version": 1,
        "Sync Token": "2024-11-26T17:22:41.933524",
        "Type": "StoredSignal",
        "Unsearchable": false,
        "Value Unit Of Measure": "\u00b0F"
    },
    "0EFAC13D-2FC2-6230-83D3-53E4900E8F56": {
        "Archived": false,
        "Cache Enabled": false,
        "Cache ID": "1EFAC1B0-B1D4-6A70-97E6-587398E7CF16",
        "Data ID": "[00000000-0000-0000-0000-000000000000] {Signal} Drum Level",
        "Datasource Class": "Seeq Data Lab",
        "Datasource ID": "Seeq Data Lab",
        "Enabled": true,
        "ID": "0EFAC13D-2FC2-6230-83D3-53E4900E8F56",
        "Interpolation Method": "Linear",
        "Last Key Written": 1543683300000000000,
        "Locked": false,
        "Maximum Interpolation": "40h",
        "Name": "Drum Level",
        "Source Maximum Interpolation": "40h",
        "Source Value Unit Of Measure": "%",
        "Storage Location": "FILE_SIGNAL_STORAGE",
        "Stored Series Cache Version": 1,
        "Sync Token": "2024-11-26T17:22:41.933524",
        "Type": "StoredSignal",
        "Unsearchable": false,
        "Value Unit Of Measure": "%"
    },
    "0EFAC13D-32CC-FF20-8C64-35874ECC1BF3": {
        "Archived": false,
        "Cache Enabled": false,
        "Cache ID": "1EFAC1B0-B228-6420-83C6-4C4FBEB72F52",
        "Data ID": "[00000000-0000-0000-0000-000000000000] {Signal} Feed API",
        "Datasource Class": "Seeq Data Lab",
        "Datasource ID": "Seeq Data Lab",
        "Enabled": true,
        "ID": "0EFAC13D-32CC-FF20-8C64-35874ECC1BF3",
        "Interpolation Method": "Step",
        "Last Key Written": 1543905000000000000,
        "Locked": false,
        "Maximum Interpolation": "40d",
        "Name": "Feed API",
        "Override Maximum Interpolation": "40d",
        "Source Maximum Interpolation": "40d",
        "Source Value Unit Of Measure": "",
        "Storage Location": "FILE_SIGNAL_STORAGE",
        "Stored Series Cache Version": 1,
        "Sync Token": "2024-11-26T17:22:41.933524",
        "Type": "StoredSignal",
        "Unsearchable": false,
        "Value Unit Of Measure": ""
    },
    "0EFAC1B3-E291-F930-BD95-9FDD1E392A31": {
        "Archived": false,
        "Cache Enabled": true,
        "Cache ID": "0EFAC1B3-E296-7750-A408-5BBD52CBE884",
        "Capsule ID Property": "start",
        "Capsule Property Units": {},
        "Data ID": "0EFAC1B3-E291-F930-BD95-9FDD1E392A31",
        "Datasource Class": "Seeq Calculations",
        "Datasource ID": "Seeq Calculations",
        "Enabled": true,
        "Formula": "$a.validValues() ~= \"zero\"",
        "Formula Parameters": {
            "a": "0EFAC13D-243F-75C0-AA90-ACE582A9A29D"
        },
        "Formula Version": 31,
        "ID": "0EFAC1B3-E291-F930-BD95-9FDD1E392A31",
        "Locked": false,
        "Name": "Pump OFF",
        "Scoped To": "0EFAC136-43AD-ECB0-B557-31FBF861C134",
        "Type": "CalculatedCondition",
        "UIConfig": {
            "advancedEntryDuration": {
                "units": "min",
                "value": 0
            },
            "advancedEntryLowerValue": null,
            "advancedEntryValue": null,
            "advancedExitDuration": {
                "units": "min",
                "value": 0
            },
            "advancedExitValue": null,
            "advancedParametersCollapsed": true,
            "configVersion": 11,
            "isCleansing": false,
            "isMigratedDeviationSearch": false,
            "isSimple": true,
            "mergeDuration": {
                "units": "min",
                "value": 0
            },
            "minDuration": {
                "units": "min",
                "value": 0
            },
            "simpleLowerValue": null,
            "simpleOperator": "~=",
            "simpleValue": "zero",
            "type": "value-search",
            "useValidValues": true,
            "version": "V3"
        },
        "Unsearchable": false
    },
    "0EFAC1B4-E4E8-FD40-A561-101DC8F85E61": {
        "Archived": false,
        "Cache Enabled": true,
        "Cache ID": "0EFAC1B4-E4ED-FB60-8556-083941CC4229",
        "Data ID": "0EFAC1B4-E4E8-FD40-A561-101DC8F85E61",
        "Datasource Class": "Seeq Calculations",
        "Datasource ID": "Seeq Calculations",
        "Enabled": true,
        "Formula": "$Temp.remove($OFF).removeoutliers()",
        "Formula Parameters": {
            "OFF": "0EFAC1B3-E291-F930-BD95-9FDD1E392A31",
            "Temp": "0EFAC13D-2C7A-64B0-86AD-9EBA36C59BA4"
        },
        "Formula Version": 31,
        "ID": "0EFAC1B4-E4E8-FD40-A561-101DC8F85E61",
        "Interpolation Method": "Linear",
        "Locked": false,
        "Maximum Interpolation": {
            "Unit Of Measure": "h",
            "Value": 40
        },
        "Name": "SS Cleansed Suction Temperature",
        "Scoped To": "0EFAC136-43AD-ECB0-B557-31FBF861C134",
        "Type": "CalculatedSignal",
        "UIConfig": {
            "advancedParametersCollapsed": true,
            "configVersion": 11,
            "localFormula": "",
            "tabTransitioning": false,
            "type": "formula"
        },
        "Unsearchable": false,
        "Value Unit Of Measure": "\u00b0F"
    },
    "0EFAC1B7-C46E-6490-B781-253494CB8979": {
        "Archived": false,
        "Cache Enabled": true,
        "Cache ID": "0EFAC1B7-C473-62B0-A955-D12309048DC5",
        "Data ID": "0EFAC1B7-C46E-6490-B781-253494CB8979",
        "Datasource Class": "Seeq Calculations",
        "Datasource ID": "Seeq Calculations",
        "Enabled": true,
        "Formula": "$Pressure.remove($OFF).removeoutliers().agileFilter(1 min)",
        "Formula Parameters": {
            "OFF": "0EFAC1B3-E291-F930-BD95-9FDD1E392A31",
            "Pressure": "0EFAC13D-10F1-FF40-A39E-7794EE4710CD"
        },
        "Formula Version": 31,
        "ID": "0EFAC1B7-C46E-6490-B781-253494CB8979",
        "Interpolation Method": "Linear",
        "Locked": false,
        "Maximum Interpolation": {
            "Unit Of Measure": "s",
            "Value": 60.0
        },
        "Name": "Cleansed Discharge Pressure",
        "Scoped To": "0EFAC136-43AD-ECB0-B557-31FBF861C134",
        "Type": "CalculatedSignal",
        "UIConfig": {
            "advancedParametersCollapsed": true,
            "configVersion": 11,
            "localFormula": "",
            "tabTransitioning": false,
            "type": "formula"
        },
        "Unsearchable": false,
        "Value Unit Of Measure": "psi"
    },
    "0EFAC1BB-3CDD-6400-B33F-2AE710E825EA": {
        "Archived": false,
        "Cache Enabled": true,
        "Cache ID": "0EFAC1BB-3CE2-6220-91F5-94C8AA774212",
        "Data ID": "0EFAC1BB-3CDD-6400-B33F-2AE710E825EA",
        "Datasource Class": "Seeq Calculations",
        "Datasource ID": "Seeq Calculations",
        "Enabled": true,
        "Formula": "$FlowRate.removeoutliers().agileFilter(20 min).setMaxInterpolation(1d).remove($OFF)",
        "Formula Parameters": {
            "FlowRate": "0EFAC13D-1D1A-FBF0-BC8D-E5642FE108CF",
            "OFF": "0EFAC1B3-E291-F930-BD95-9FDD1E392A31"
        },
        "Formula Version": 31,
        "ID": "0EFAC1BB-3CDD-6400-B33F-2AE710E825EA",
        "Interpolation Method": "Linear",
        "Locked": false,
        "Maximum Interpolation": {
            "Unit Of Measure": "d",
            "Value": 1
        },
        "Name": "Cleansed Discharge Flow Rate",
        "Scoped To": "0EFAC136-43AD-ECB0-B557-31FBF861C134",
        "Type": "CalculatedSignal",
        "UIConfig": {
            "advancedParametersCollapsed": true,
            "configVersion": 11,
            "localFormula": "",
            "tabTransitioning": false,
            "type": "formula"
        },
        "Unsearchable": false,
        "Value Unit Of Measure": "bbl/d"
    },
    "0EFAC1BC-BEF3-6240-A2C2-7B4C9E606202": {
        "Archived": false,
        "Cache Enabled": true,
        "Cache ID": "0EFAC1BC-BEF8-6060-B86E-1C7C280624A6",
        "Data ID": "0EFAC1BC-BEF3-6240-A2C2-7B4C9E606202",
        "Datasource Class": "Seeq Calculations",
        "Datasource ID": "Seeq Calculations",
        "Enabled": true,
        "Formula": [
            "$negativeFlow = $RecircFlow.valueSearch(isLessThan(0))",
            "$zero = 0.toSignal()",
            "$RecircFlow.splice($zero,$negativeFlow).agileFilter(20min)"
        ],
        "Formula Parameters": {
            "RecircFlow": "0EFAC13D-20A4-E820-93C2-4E7D67470E86"
        },
        "Formula Version": 31,
        "ID": "0EFAC1BC-BEF3-6240-A2C2-7B4C9E606202",
        "Interpolation Method": "Linear",
        "Locked": false,
        "Maximum Interpolation": {
            "Unit Of Measure": "s",
            "Value": 1200.0
        },
        "Name": "Cleansed Recirculation Flow Rate",
        "Scoped To": "0EFAC136-43AD-ECB0-B557-31FBF861C134",
        "Type": "CalculatedSignal",
        "UIConfig": {
            "advancedParametersCollapsed": true,
            "configVersion": 11,
            "localFormula": "",
            "tabTransitioning": false,
            "type": "formula"
        },
        "Unsearchable": false,
        "Value Unit Of Measure": "bbl/d"
    },
    "0EFAC1BD-7CA0-6450-9C81-18F473B3275A": {
        "Archived": false,
        "Cache Enabled": true,
        "Cache ID": "0EFAC1BD-7CA5-6270-86C1-3B0FCD34EA86",
        "Data ID": "0EFAC1BD-7CA0-6450-9C81-18F473B3275A",
        "Datasource Class": "Seeq Calculations",
        "Datasource ID": "Seeq Calculations",
        "Enabled": true,
        "Formula": "(141.5 /($API + 131.5)).setMaxInterpolation(10d).tostep()",
        "Formula Parameters": {
            "API": "0EFAC13D-32CC-FF20-8C64-35874ECC1BF3"
        },
        "Formula Version": 31,
        "ID": "0EFAC1BD-7CA0-6450-9C81-18F473B3275A",
        "Interpolation Method": "Step",
        "Locked": false,
        "Maximum Interpolation": {
            "Unit Of Measure": "d",
            "Value": 10
        },
        "Name": "SG",
        "Scoped To": "0EFAC136-43AD-ECB0-B557-31FBF861C134",
        "Type": "CalculatedSignal",
        "UIConfig": {
            "advancedParametersCollapsed": true,
            "configVersion": 11,
            "localFormula": "",
            "tabTransitioning": false,
            "type": "formula"
        },
        "Unsearchable": false,
        "Value Unit Of Measure": ""
    },
    "0EFAC1BE-8BDC-64E0-AAD3-C422E984B383": {
        "Archived": false,
        "Cache Enabled": true,
        "Cache ID": "0EFAC1BE-8BE1-7300-86E7-310D3FB22CDB",
        "Data ID": "0EFAC1BE-8BDC-64E0-AAD3-C422E984B383",
        "Datasource Class": "Seeq Calculations",
        "Datasource ID": "Seeq Calculations",
        "Enabled": true,
        "Formula": "$DischargeFlow + $RecircFlow",
        "Formula Parameters": {
            "DischargeFlow": "0EFAC1BB-3CDD-6400-B33F-2AE710E825EA",
            "RecircFlow": "0EFAC1BC-BEF3-6240-A2C2-7B4C9E606202"
        },
        "Formula Version": 31,
        "ID": "0EFAC1BE-8BDC-64E0-AAD3-C422E984B383",
        "Interpolation Method": "Linear",
        "Locked": false,
        "Maximum Interpolation": {
            "Unit Of Measure": "s",
            "Value": 1200.0
        },
        "Name": "Total Flow Through Pump",
        "Scoped To": "0EFAC136-43AD-ECB0-B557-31FBF861C134",
        "Type": "CalculatedSignal",
        "UIConfig": {
            "advancedParametersCollapsed": true,
            "configVersion": 11,
            "localFormula": "",
            "tabTransitioning": false,
            "type": "formula"
        },
        "Unsearchable": false,
        "Value Unit Of Measure": "bbl/d"
    },
    "0EFAC1BF-C3A7-EA40-9104-6D84A4E96F2E": {
        "Archived": false,
        "Cache Enabled": true,
        "Cache ID": "0EFAC1BF-C3AC-E860-88CC-0B27E63DAC40",
        "Data ID": "0EFAC1BF-C3A7-EA40-9104-6D84A4E96F2E",
        "Datasource Class": "Seeq Calculations",
        "Datasource ID": "Seeq Calculations",
        "Enabled": true,
        "Formula": [
            "//Bring in pump design curve",
            "$PressFT =(-0.02763928815*$TotalFlow.convertUnits('gal/min')*$TotalFlow.convertUnits('gal/min')).setUnits('')-(0.4742592803*$TotalFlow.convertUnits('gal/min')).setUnits('')+8995.55514 ",
            "",
            "//Convert to PSI",
            "$PressFT*0.433*$fluidSG.setUnits('psi')"
        ],
        "Formula Parameters": {
            "TotalFlow": "0EFAC1BE-8BDC-64E0-AAD3-C422E984B383",
            "fluidSG": "0EFAC1BD-7CA0-6450-9C81-18F473B3275A"
        },
        "Formula Version": 31,
        "ID": "0EFAC1BF-C3A7-EA40-9104-6D84A4E96F2E",
        "Interpolation Method": "Linear",
        "Locked": false,
        "Maximum Interpolation": {
            "Unit Of Measure": "s",
            "Value": 1200.0
        },
        "Name": "Discharge Pressure from Pump Curve",
        "Scoped To": "0EFAC136-43AD-ECB0-B557-31FBF861C134",
        "Type": "CalculatedSignal",
        "UIConfig": {
            "advancedParametersCollapsed": true,
            "configVersion": 11,
            "localFormula": "",
            "tabTransitioning": false,
            "type": "formula"
        },
        "Unsearchable": false,
        "Value Unit Of Measure": "psi"
    },
    "0EFAC1C0-EB7C-7100-9663-DCA98162CF0E": {
        "Archived": false,
        "Cache Enabled": true,
        "Cache ID": "0EFAC1C0-EB80-FF20-BA7F-14F2C1E9AA28",
        "Data ID": "0EFAC1C0-EB7C-7100-9663-DCA98162CF0E",
        "Datasource Class": "Seeq Calculations",
        "Datasource ID": "Seeq Calculations",
        "Enabled": true,
        "Formula": "$PumpCurveHead*1.3",
        "Formula Parameters": {
            "PumpCurveHead": "0EFAC1BF-C3A7-EA40-9104-6D84A4E96F2E"
        },
        "Formula Version": 31,
        "ID": "0EFAC1C0-EB7C-7100-9663-DCA98162CF0E",
        "Interpolation Method": "Linear",
        "Locked": false,
        "Maximum Interpolation": {
            "Unit Of Measure": "s",
            "Value": 1200.0
        },
        "Name": "Upper Discharge Pressure Limit",
        "Scoped To": "0EFAC136-43AD-ECB0-B557-31FBF861C134",
        "Type": "CalculatedSignal",
        "UIConfig": {
            "advancedParametersCollapsed": true,
            "configVersion": 11,
            "localFormula": "",
            "tabTransitioning": false,
            "type": "formula"
        },
        "Unsearchable": false,
        "Value Unit Of Measure": "psi"
    },
    "0EFAC1C1-A2A0-FD40-B6D3-B60EAE2DBF75": {
        "Archived": false,
        "Cache Enabled": true,
        "Cache ID": "0EFAC1C1-A2A5-FB60-889D-272777E9C5ED",
        "Data ID": "0EFAC1C1-A2A0-FD40-B6D3-B60EAE2DBF75",
        "Datasource Class": "Seeq Calculations",
        "Datasource ID": "Seeq Calculations",
        "Enabled": true,
        "Formula": "$PumpCurveHead*0.7",
        "Formula Parameters": {
            "PumpCurveHead": "0EFAC1BF-C3A7-EA40-9104-6D84A4E96F2E"
        },
        "Formula Version": 31,
        "ID": "0EFAC1C1-A2A0-FD40-B6D3-B60EAE2DBF75",
        "Interpolation Method": "Linear",
        "Locked": false,
        "Maximum Interpolation": {
            "Unit Of Measure": "s",
            "Value": 1200.0
        },
        "Name": "Lower Discharge Pressure Limit",
        "Scoped To": "0EFAC136-43AD-ECB0-B557-31FBF861C134",
        "Type": "CalculatedSignal",
        "UIConfig": {
            "advancedParametersCollapsed": true,
            "configVersion": 11,
            "localFormula": "",
            "scopedTo": "0EFAC136-43AD-ECB0-B557-31FBF861C134",
            "tabTransitioning": false,
            "type": "formula"
        },
        "Unsearchable": false,
        "Value Unit Of Measure": "psi"
    },
    "0EFAC1C3-6F28-7560-8E98-B90B3FCEE830": {
        "Archived": false,
        "Cache Enabled": false,
        "Data ID": "0EFAC1C3-6F28-7560-8E98-B90B3FCEE830",
        "Datasource Class": "Seeq Calculations",
        "Datasource ID": "Seeq Calculations",
        "Enabled": true,
        "Formula": "<ThresholdMetric>",
        "Formula Parameters": {
            "Aggregation Condition": null,
            "Measured Item": "0EFAC1B7-C46E-6490-B781-253494CB8979",
            "Metric Neutral Color": "#0070c0",
            "Process Type": "Simple",
            "Thresholds": [
                {
                    "Item ID": "0EFAC1C0-EB7C-7100-9663-DCA98162CF0E",
                    "Priority": {
                        "Color": "#ffffff",
                        "Level": 1,
                        "Name": "Hi"
                    }
                },
                {
                    "Item ID": "0EFAC1C1-A2A0-FD40-B6D3-B60EAE2DBF75",
                    "Priority": {
                        "Color": "#ffffff",
                        "Level": -1,
                        "Name": "Lo"
                    }
                }
            ]
        },
        "ID": "0EFAC1C3-6F28-7560-8E98-B90B3FCEE830",
        "Locked": false,
        "MetricReconfigurationMigration": true,
        "Name": "Design vs Actual Threshold",
        "NeutralColor": "#0070c0",
        "Scoped To": "0EFAC136-43AD-ECB0-B557-31FBF861C134",
        "Type": "ThresholdMetric",
        "UIConfig": {
            "advancedParametersCollapsed": true,
            "type": "threshold-metric"
        },
        "Unsearchable": false
    },
    "0EFAC1C4-7AFC-ECA0-9FE2-862A4CE2F4D6": {
        "Archived": false,
        "Cache Enabled": true,
        "Cache ID": "0EFAC1C4-7B01-EAC0-80A5-547CA71BB712",
        "Capsule ID Property": "start",
        "Capsule Property Units": {},
        "Data ID": "0EFAC1C4-7AFC-ECA0-9FE2-862A4CE2F4D6",
        "Datasource Class": "Seeq Calculations",
        "Datasource ID": "Seeq Calculations",
        "Enabled": true,
        "Formula": "$a < $c or $a > $b",
        "Formula Parameters": {
            "a": "0EFAC1B7-C46E-6490-B781-253494CB8979",
            "b": "0EFAC1C0-EB7C-7100-9663-DCA98162CF0E",
            "c": "0EFAC1C1-A2A0-FD40-B6D3-B60EAE2DBF75"
        },
        "Formula Version": 31,
        "ID": "0EFAC1C4-7AFC-ECA0-9FE2-862A4CE2F4D6",
        "Locked": false,
        "Name": "Deviation from Pump Curve",
        "Scoped To": "0EFAC136-43AD-ECB0-B557-31FBF861C134",
        "Type": "CalculatedCondition",
        "UIConfig": {
            "advancedEntryDuration": {
                "units": "min",
                "value": 0
            },
            "advancedEntryLowerValue": null,
            "advancedEntryValue": null,
            "advancedExitDuration": {
                "units": "min",
                "value": 0
            },
            "advancedExitValue": null,
            "advancedParametersCollapsed": true,
            "configVersion": 11,
            "isCleansing": false,
            "isMigratedDeviationSearch": false,
            "isSimple": true,
            "mergeDuration": {
                "units": "min",
                "value": 0
            },
            "minDuration": {
                "units": "min",
                "value": 0
            },
            "simpleLowerValue": "0EFAC1C1-A2A0-FD40-B6D3-B60EAE2DBF75",
            "simpleLowerValueInclusivity": "<",
            "simpleOperator": "<>",
            "simpleUpperValueInclusivity": ">",
            "simpleValue": "0EFAC1C0-EB7C-7100-9663-DCA98162CF0E",
            "type": "value-search",
            "useValidValues": false,
            "version": "V3"
        },
        "Unsearchable": false
    },
    "0EFAC1C9-1F72-6650-8FE2-F08B4951321B": {
        "Archived": false,
        "Cache Enabled": true,
        "Cache ID": "0EFAC1C9-1F77-6470-9F81-28FC5E9B9509",
        "Capsule ID Property": "start",
        "Capsule Property Units": {},
        "Data ID": "0EFAC1C9-1F72-6650-8FE2-F08B4951321B",
        "Datasource Class": "Seeq Calculations",
        "Datasource ID": "Seeq Calculations",
        "Enabled": true,
        "Formula": "$a > 5966",
        "Formula Parameters": {
            "a": "0EFAC1BE-8BDC-64E0-AAD3-C422E984B383"
        },
        "Formula Version": 31,
        "ID": "0EFAC1C9-1F72-6650-8FE2-F08B4951321B",
        "Locked": false,
        "Name": "SS Flow > 5966",
        "Scoped To": "0EFAC136-43AD-ECB0-B557-31FBF861C134",
        "Type": "CalculatedCondition",
        "UIConfig": {
            "advancedEntryDuration": {
                "units": "min",
                "value": 0
            },
            "advancedEntryLowerValue": null,
            "advancedEntryValue": null,
            "advancedExitDuration": {
                "units": "min",
                "value": 0
            },
            "advancedExitValue": null,
            "advancedParametersCollapsed": true,
            "configVersion": 11,
            "isCleansing": false,
            "isMigratedDeviationSearch": false,
            "isSimple": true,
            "mergeDuration": {
                "units": "min",
                "value": 0
            },
            "minDuration": {
                "units": "min",
                "value": 0
            },
            "simpleLowerValue": null,
            "simpleOperator": ">",
            "simpleValue": "5966",
            "type": "value-search",
            "useValidValues": false,
            "version": "V3"
        },
        "Unsearchable": false
    },
    "0EFAC1C9-DF1B-7560-A9DA-3DF8F6A00EE6": {
        "Archived": false,
        "Cache Enabled": true,
        "Cache ID": "0EFAC1C9-DF20-7380-93FD-8A10B3CF082E",
        "Capsule ID Property": "start",
        "Capsule Property Units": {},
        "Data ID": "0EFAC1C9-DF1B-7560-A9DA-3DF8F6A00EE6",
        "Datasource Class": "Seeq Calculations",
        "Datasource ID": "Seeq Calculations",
        "Enabled": true,
        "Formula": "$a < 6960",
        "Formula Parameters": {
            "a": "0EFAC1BE-8BDC-64E0-AAD3-C422E984B383"
        },
        "Formula Version": 31,
        "ID": "0EFAC1C9-DF1B-7560-A9DA-3DF8F6A00EE6",
        "Locked": false,
        "Name": "SS Flow < 6960",
        "Scoped To": "0EFAC136-43AD-ECB0-B557-31FBF861C134",
        "Type": "CalculatedCondition",
        "UIConfig": {
            "advancedEntryDuration": {
                "units": "min",
                "value": 0
            },
            "advancedEntryLowerValue": null,
            "advancedEntryValue": null,
            "advancedExitDuration": {
                "units": "min",
                "value": 0
            },
            "advancedExitValue": null,
            "advancedParametersCollapsed": true,
            "configVersion": 11,
            "isCleansing": false,
            "isMigratedDeviationSearch": false,
            "isSimple": true,
            "mergeDuration": {
                "units": "min",
                "value": 0
            },
            "minDuration": {
                "units": "min",
                "value": 0
            },
            "simpleLowerValue": null,
            "simpleOperator": "<",
            "simpleValue": "6960",
            "type": "value-search",
            "useValidValues": false,
            "version": "V3"
        },
        "Unsearchable": false
    },
    "0EFAC1CA-AE54-EA70-939E-0BA1CDD57DF8": {
        "Archived": false,
        "Cache Enabled": true,
        "Cache ID": "0EFAC1CA-AE59-E890-AD87-827ECF9FD941",
        "Capsule ID Property": "start",
        "Capsule Property Units": {},
        "Data ID": "0EFAC1CA-AE54-EA70-939E-0BA1CDD57DF8",
        "Datasource Class": "Seeq Calculations",
        "Datasource ID": "Seeq Calculations",
        "Enabled": true,
        "Formula": "$a.intersect($b)",
        "Formula Parameters": {
            "a": "0EFAC1C9-1F72-6650-8FE2-F08B4951321B",
            "b": "0EFAC1C9-DF1B-7560-A9DA-3DF8F6A00EE6"
        },
        "Formula Version": 31,
        "ID": "0EFAC1CA-AE54-EA70-939E-0BA1CDD57DF8",
        "Locked": false,
        "Name": "Reduced Impeller Life",
        "Scoped To": "0EFAC136-43AD-ECB0-B557-31FBF861C134",
        "Type": "CalculatedCondition",
        "UIConfig": {
            "advancedParametersCollapsed": true,
            "configVersion": 11,
            "type": "composite-search"
        },
        "Unsearchable": false
    },
    "0EFAC1CC-967A-7790-ACDD-BA9A1232E048": {
        "Archived": false,
        "Cache Enabled": true,
        "Cache ID": "0EFAC1CC-967F-75B0-8DCD-141BD8D5385A",
        "Capsule ID Property": "start",
        "Capsule Property Units": {
            "Pump status": "string"
        },
        "Data ID": "0EFAC1CC-967A-7790-ACDD-BA9A1232E048",
        "Datasource Class": "Seeq Calculations",
        "Datasource ID": "Seeq Calculations",
        "Enabled": true,
        "Formula": [
            "$d.validValues().valueSearch(1day, isLessThan(3977), 0min, isGreaterThanOrEqualTo(3977), 0min)",
            ".setProperty('Pump status',  'High Temp Rise')"
        ],
        "Formula Parameters": {
            "d": "0EFAC1BE-8BDC-64E0-AAD3-C422E984B383"
        },
        "Formula Version": 31,
        "ID": "0EFAC1CC-967A-7790-ACDD-BA9A1232E048",
        "Locked": false,
        "Maximum Duration": {
            "Unit Of Measure": "d",
            "Value": 1
        },
        "Name": "High Temp Rise",
        "Scoped To": "0EFAC136-43AD-ECB0-B557-31FBF861C134",
        "Type": "CalculatedCondition",
        "UIConfig": {
            "advancedParametersCollapsed": true,
            "configVersion": 11,
            "localFormula": "",
            "tabTransitioning": false,
            "type": "formula"
        },
        "Unsearchable": false
    },
    "0EFAC1D2-AE75-FF10-BD66-65CCF8A52388": {
        "Archived": false,
        "Cache Enabled": true,
        "Cache ID": "0EFAC1D2-AE7A-FD30-B6A3-29595EB8CE6D",
        "Capsule ID Property": "start",
        "Capsule Property Units": {
            "Pump status": "string"
        },
        "Data ID": "0EFAC1D2-AE75-FF10-BD66-65CCF8A52388",
        "Datasource Class": "Seeq Calculations",
        "Datasource ID": "Seeq Calculations",
        "Enabled": true,
        "Formula": [
            "$d.valueSearch(isGreaterThan(3977)).intersect( $d.valueSearch(isLessThan(4971)))",
            ".removeLongerThan(5d)",
            ".setProperty('Pump status',  'Low Flow Cavitation') "
        ],
        "Formula Parameters": {
            "d": "0EFAC1BE-8BDC-64E0-AAD3-C422E984B383"
        },
        "Formula Version": 31,
        "ID": "0EFAC1D2-AE75-FF10-BD66-65CCF8A52388",
        "Locked": false,
        "Maximum Duration": {
            "Unit Of Measure": "d",
            "Value": 5
        },
        "Name": "Low Flow Cavitation",
        "Scoped To": "0EFAC136-43AD-ECB0-B557-31FBF861C134",
        "Type": "CalculatedCondition",
        "UIConfig": {
            "advancedParametersCollapsed": true,
            "configVersion": 11,
            "localFormula": "",
            "tabTransitioning": false,
            "type": "formula"
        },
        "Unsearchable": false
    },
    "0EFAC1D3-17F4-EC70-B345-E97510A61FE2": {
        "Archived": false,
        "Cache Enabled": true,
        "Cache ID": "0EFAC1D3-17F9-EA90-B3C1-71D9407BBF41",
        "Capsule ID Property": "start",
        "Capsule Property Units": {
            "Pump status": "string"
        },
        "Data ID": "0EFAC1D3-17F4-EC70-B345-E97510A61FE2",
        "Datasource Class": "Seeq Calculations",
        "Datasource ID": "Seeq Calculations",
        "Enabled": true,
        "Formula": [
            "$d.valueSearch(isGreaterThan(4971)).intersect( $d.valueSearch(isLessThan(5966)))",
            ".removeLongerThan(5d)",
            ".setProperty('Pump status',  'Low Bearing/Seal Life (Low Flow)')"
        ],
        "Formula Parameters": {
            "d": "0EFAC1BE-8BDC-64E0-AAD3-C422E984B383"
        },
        "Formula Version": 31,
        "ID": "0EFAC1D3-17F4-EC70-B345-E97510A61FE2",
        "Locked": false,
        "Maximum Duration": {
            "Unit Of Measure": "d",
            "Value": 5
        },
        "Name": "Low Bearing/Seal Life (low flow)",
        "Scoped To": "0EFAC136-43AD-ECB0-B557-31FBF861C134",
        "Type": "CalculatedCondition",
        "UIConfig": {
            "advancedParametersCollapsed": true,
            "configVersion": 11,
            "localFormula": "",
            "tabTransitioning": false,
            "type": "formula"
        },
        "Unsearchable": false
    },
    "0EFAC1D3-C1B8-6400-943A-19AD0F4989BA": {
        "Archived": false,
        "Cache Enabled": true,
        "Cache ID": "0EFAC1D3-C1BD-6220-9F05-0471B57A3AFA",
        "Capsule ID Property": "start",
        "Capsule Property Units": {
            "Pump status": "string"
        },
        "Data ID": "0EFAC1D3-C1B8-6400-943A-19AD0F4989BA",
        "Datasource Class": "Seeq Calculations",
        "Datasource ID": "Seeq Calculations",
        "Enabled": true,
        "Formula": [
            "$d.valueSearch(isGreaterThan(6960)).intersect( $d.valueSearch(isLessThan(7954)))",
            ".removeLongerThan(5d)",
            ".setProperty('Pump status',  'Suction Recirc')"
        ],
        "Formula Parameters": {
            "d": "0EFAC1BE-8BDC-64E0-AAD3-C422E984B383"
        },
        "Formula Version": 31,
        "ID": "0EFAC1D3-C1B8-6400-943A-19AD0F4989BA",
        "Locked": false,
        "Maximum Duration": {
            "Unit Of Measure": "d",
            "Value": 5
        },
        "Name": "Suction Recirculation",
        "Scoped To": "0EFAC136-43AD-ECB0-B557-31FBF861C134",
        "Type": "CalculatedCondition",
        "UIConfig": {
            "advancedParametersCollapsed": true,
            "configVersion": 11,
            "localFormula": "",
            "tabTransitioning": false,
            "type": "formula"
        },
        "Unsearchable": false
    },
    "0EFAC1D4-8C60-6220-9F96-0DC340A601AA": {
        "Archived": false,
        "Cache Enabled": true,
        "Cache ID": "0EFAC1D4-8C65-6040-921D-D40A0EDF45FB",
        "Capsule ID Property": "start",
        "Capsule Property Units": {
            "Pump status": "string"
        },
        "Data ID": "0EFAC1D4-8C60-6220-9F96-0DC340A601AA",
        "Datasource Class": "Seeq Calculations",
        "Datasource ID": "Seeq Calculations",
        "Enabled": true,
        "Formula": [
            "$d.valueSearch(isGreaterThan(7954)).intersect( $d.valueSearch(isLessThan(8948)))",
            ".removeLongerThan(1d)",
            ".setProperty('Pump status',  'Discharge Recirc')"
        ],
        "Formula Parameters": {
            "d": "0EFAC1BE-8BDC-64E0-AAD3-C422E984B383"
        },
        "Formula Version": 31,
        "ID": "0EFAC1D4-8C60-6220-9F96-0DC340A601AA",
        "Locked": false,
        "Maximum Duration": {
            "Unit Of Measure": "d",
            "Value": 1
        },
        "Name": "Discharge Recirculation",
        "Scoped To": "0EFAC136-43AD-ECB0-B557-31FBF861C134",
        "Type": "CalculatedCondition",
        "UIConfig": {
            "advancedParametersCollapsed": true,
            "configVersion": 11,
            "localFormula": "",
            "tabTransitioning": false,
            "type": "formula"
        },
        "Unsearchable": false
    },
    "0EFAC1D5-2326-EC40-A61F-00497F5D86F8": {
        "Archived": false,
        "Cache Enabled": true,
        "Cache ID": "0EFAC1D5-232B-EA60-B4FE-AB393C7B7D86",
        "Capsule ID Property": "start",
        "Capsule Property Units": {
            "Pump status": "string"
        },
        "Data ID": "0EFAC1D5-2326-EC40-A61F-00497F5D86F8",
        "Datasource Class": "Seeq Calculations",
        "Datasource ID": "Seeq Calculations",
        "Enabled": true,
        "Formula": [
            "$d.valueSearch(isGreaterThan(10937)).intersect( $d.valueSearch(isLessThan(11931)))",
            ".removeLongerThan(5d)",
            ".setProperty('Pump status',  'Low Bearing/Seal Life (High Flow)')"
        ],
        "Formula Parameters": {
            "d": "0EFAC1BE-8BDC-64E0-AAD3-C422E984B383"
        },
        "Formula Version": 31,
        "ID": "0EFAC1D5-2326-EC40-A61F-00497F5D86F8",
        "Locked": false,
        "Maximum Duration": {
            "Unit Of Measure": "d",
            "Value": 5
        },
        "Name": "Low Bearing/Seal Life (high flow)",
        "Scoped To": "0EFAC136-43AD-ECB0-B557-31FBF861C134",
        "Type": "CalculatedCondition",
        "UIConfig": {
            "advancedParametersCollapsed": true,
            "configVersion": 11,
            "localFormula": "",
            "tabTransitioning": false,
            "type": "formula"
        },
        "Unsearchable": false
    },
    "0EFAC1D5-C12C-FDE0-81F5-C396B8889F43": {
        "Archived": false,
        "Cache Enabled": true,
        "Cache ID": "0EFAC1D5-C131-EC00-8329-EBDFE6B14FD4",
        "Capsule ID Property": "start",
        "Capsule Property Units": {
            "Pump status": "string"
        },
        "Data ID": "0EFAC1D5-C12C-FDE0-81F5-C396B8889F43",
        "Datasource Class": "Seeq Calculations",
        "Datasource ID": "Seeq Calculations",
        "Enabled": true,
        "Formula": [
            "$d.valueSearch(isGreaterThan(11931)).intersect( $d.valueSearch(isLessThanOrEqualTo(11931)))",
            ".removeLongerThan(5d)",
            ".setProperty('Pump status',  'High Flow Cavitation')"
        ],
        "Formula Parameters": {
            "d": "0EFAC1BE-8BDC-64E0-AAD3-C422E984B383"
        },
        "Formula Version": 31,
        "ID": "0EFAC1D5-C12C-FDE0-81F5-C396B8889F43",
        "Locked": false,
        "Maximum Duration": {
            "Unit Of Measure": "d",
            "Value": 5
        },
        "Name": "High Flow Cavitation",
        "Scoped To": "0EFAC136-43AD-ECB0-B557-31FBF861C134",
        "Type": "CalculatedCondition",
        "UIConfig": {
            "advancedParametersCollapsed": true,
            "configVersion": 11,
            "localFormula": "",
            "tabTransitioning": false,
            "type": "formula"
        },
        "Unsearchable": false
    },
    "0EFAC1D6-A532-EE40-945B-9EE4790F073C": {
        "Archived": false,
        "Cache Enabled": true,
        "Cache ID": "0EFAC1D6-A535-7550-8B23-F2DAAC146FCF",
        "Data ID": "0EFAC1D6-A532-EE40-945B-9EE4790F073C",
        "Datasource Class": "Seeq Calculations",
        "Datasource ID": "Seeq Calculations",
        "Enabled": true,
        "Formula": [
            "$flow=$f.convertUnits('gal/min')",
            "",
            "$NPSHftLiquid =(-0.0002866695691*$flow*$flow).setUnits('')-(0.06280080837*$flow).setUnits('')+44.68390447",
            "",
            "$NPSHftLiquid.setUnits('ft')"
        ],
        "Formula Parameters": {
            "f": "0EFAC1BE-8BDC-64E0-AAD3-C422E984B383"
        },
        "Formula Version": 31,
        "ID": "0EFAC1D6-A532-EE40-945B-9EE4790F073C",
        "Interpolation Method": "Linear",
        "Locked": false,
        "Maximum Interpolation": {
            "Unit Of Measure": "s",
            "Value": 1200.0
        },
        "Name": "NPSH",
        "Scoped To": "0EFAC136-43AD-ECB0-B557-31FBF861C134",
        "Type": "CalculatedSignal",
        "UIConfig": {
            "advancedParametersCollapsed": true,
            "configVersion": 11,
            "localFormula": "",
            "tabTransitioning": false,
            "type": "formula"
        },
        "Unsearchable": false,
        "Value Unit Of Measure": "ft"
    },
    "0EFAC1D7-55D4-62D0-9014-0A50C061A5E6": {
        "Archived": false,
        "Cache Enabled": true,
        "Cache ID": "0EFAC1D7-55D6-F9E0-828B-A6B22D603C70",
        "Capsule ID Property": "start",
        "Capsule Property Units": {
            "Pump status": "string"
        },
        "Data ID": "0EFAC1D7-55D4-62D0-9014-0A50C061A5E6",
        "Datasource Class": "Seeq Calculations",
        "Datasource ID": "Seeq Calculations",
        "Enabled": true,
        "Formula": [
            "$h.validValues().valueSearch(1day, isLessThan(174), 0min, isGreaterThanOrEqualTo(174), 0min)",
            ".setProperty('Pump status', 'Cavitation due to low NPSH')"
        ],
        "Formula Parameters": {
            "h": "0EFAC1D6-A532-EE40-945B-9EE4790F073C"
        },
        "Formula Version": 31,
        "ID": "0EFAC1D7-55D4-62D0-9014-0A50C061A5E6",
        "Locked": false,
        "Maximum Duration": {
            "Unit Of Measure": "d",
            "Value": 1
        },
        "Name": "Cavitation due to low NPSH",
        "Scoped To": "0EFAC136-43AD-ECB0-B557-31FBF861C134",
        "Type": "CalculatedCondition",
        "UIConfig": {
            "advancedParametersCollapsed": true,
            "configVersion": 11,
            "localFormula": "",
            "tabTransitioning": false,
            "type": "formula"
        },
        "Unsearchable": false
    },
    "0EFAC1D8-3E61-FDE0-9431-AB496F6580E7": {
        "Archived": false,
        "Cache Enabled": true,
        "Cache ID": "0EFAC1D8-3E66-EC00-98D9-48B16D26DD58",
        "Capsule ID Property": "start",
        "Capsule Property Units": {
            "Pump status": "string"
        },
        "Data ID": "0EFAC1D8-3E61-FDE0-9431-AB496F6580E7",
        "Datasource Class": "Seeq Calculations",
        "Datasource ID": "Seeq Calculations",
        "Enabled": true,
        "Formula": [
            "$d.valueSearch(isGreaterThan(8948)).intersect( $d.valueSearch(isLessThan(10937)))",
            ".removeLongerThan(5d)",
            ".setProperty('Pump status',  'Normal')"
        ],
        "Formula Parameters": {
            "d": "0EFAC1BE-8BDC-64E0-AAD3-C422E984B383"
        },
        "Formula Version": 31,
        "ID": "0EFAC1D8-3E61-FDE0-9431-AB496F6580E7",
        "Locked": false,
        "Maximum Duration": {
            "Unit Of Measure": "d",
            "Value": 5
        },
        "Name": "Normal",
        "Scoped To": "0EFAC136-43AD-ECB0-B557-31FBF861C134",
        "Type": "CalculatedCondition",
        "UIConfig": {
            "advancedParametersCollapsed": true,
            "configVersion": 11,
            "localFormula": "",
            "tabTransitioning": false,
            "type": "formula"
        },
        "Unsearchable": false
    },
    "0EFAC1DC-0DA3-6650-AAD0-AB6F5AC218E7": {
        "Archived": false,
        "Cache Enabled": true,
        "Cache ID": "0EFAC1DC-0DA5-FD60-9E50-D9770246EA85",
        "Capsule ID Property": "start",
        "Capsule Property Units": {
            "Pump status": "string"
        },
        "Data ID": "0EFAC1DC-0DA3-6650-AAD0-AB6F5AC218E7",
        "Datasource Class": "Seeq Calculations",
        "Datasource ID": "Seeq Calculations",
        "Enabled": true,
        "Formula": "$ril.setproperty('Pump status', 'Reduced Impeller Life')",
        "Formula Parameters": {
            "ril": "0EFAC1CA-AE54-EA70-939E-0BA1CDD57DF8"
        },
        "Formula Version": 31,
        "ID": "0EFAC1DC-0DA3-6650-AAD0-AB6F5AC218E7",
        "Locked": false,
        "Name": "Reduced Impeller Life",
        "Scoped To": "0EFAC136-43AD-ECB0-B557-31FBF861C134",
        "Type": "CalculatedCondition",
        "UIConfig": {
            "advancedParametersCollapsed": true,
            "configVersion": 11,
            "localFormula": "",
            "tabTransitioning": false,
            "type": "formula"
        },
        "Unsearchable": false
    },
    "0EFAC1DD-A956-EE70-B68C-EC30C8264F1D": {
        "Archived": false,
        "Cache Enabled": true,
        "Cache ID": "0EFAC1DD-A960-EAB0-B254-63847566FA13",
        "Capsule Property Units": {
            "Pump status": "string"
        },
        "Data ID": "0EFAC1DD-A956-EE70-B68C-EC30C8264F1D",
        "Datasource Class": "Seeq Calculations",
        "Datasource ID": "Seeq Calculations",
        "Enabled": true,
        "Formula": "combinewith($cdtl,$dr,$hfc,$htr,$lbsl2,$lbsl,$lfc,$n,$ril2,$sr)",
        "Formula Parameters": {
            "cdtl": "0EFAC1D7-55D4-62D0-9014-0A50C061A5E6",
            "dr": "0EFAC1D4-8C60-6220-9F96-0DC340A601AA",
            "hfc": "0EFAC1D5-C12C-FDE0-81F5-C396B8889F43",
            "htr": "0EFAC1CC-967A-7790-ACDD-BA9A1232E048",
            "lbsl": "0EFAC1D3-17F4-EC70-B345-E97510A61FE2",
            "lbsl2": "0EFAC1D5-2326-EC40-A61F-00497F5D86F8",
            "lfc": "0EFAC1D2-AE75-FF10-BD66-65CCF8A52388",
            "n": "0EFAC1D8-3E61-FDE0-9431-AB496F6580E7",
            "ril": "0EFAC1CA-AE54-EA70-939E-0BA1CDD57DF8",
            "ril2": "0EFAC1DC-0DA3-6650-AAD0-AB6F5AC218E7",
            "sr": "0EFAC1D3-C1B8-6400-943A-19AD0F4989BA"
        },
        "Formula Version": 31,
        "ID": "0EFAC1DD-A956-EE70-B68C-EC30C8264F1D",
        "Locked": false,
        "Name": "Modes",
        "Scoped To": "0EFAC136-43AD-ECB0-B557-31FBF861C134",
        "Type": "CalculatedCondition",
        "UIConfig": {
            "advancedParametersCollapsed": true,
            "configVersion": 11,
            "localFormula": "",
            "tabTransitioning": false,
            "type": "formula"
        },
        "Unsearchable": false
    },
    "0EFAC1DF-8986-6260-B8FF-6C3A857FC5A9": {
        "Archived": false,
        "Cache Enabled": false,
        "Data ID": "0EFAC1DF-8986-6260-B8FF-6C3A857FC5A9",
        "Datasource Class": "Seeq Calculations",
        "Datasource ID": "Seeq Calculations",
        "Enabled": true,
        "ExpectedProvidedType": "Table",
        "Formula": "conditionTable(days().renameProperty(\"Day Of Year\", \"timeCol_Day Of Year\").toGroup($viewCapsule, CapsuleBoundary.Intersect), \"timeCol_Day Of Year\", $condition2.toGroup($viewCapsule, CapsuleBoundary.Intersect), \"Pump status\").addStatColumn(\"signalToAggregate\", $signalToAggregate, totalDuration(\"h\"))",
        "Formula Parameters": {
            "condition2": "0EFAC1DD-A956-EE70-B68C-EC30C8264F1D",
            "signalToAggregate": "0EFAC1DD-A956-EE70-B68C-EC30C8264F1D",
            "viewCapsule": "capsule(\"2018-11-01T01:06:45.283Z\", \"2018-12-01T11:06:45.283Z\")"
        },
        "Formula Version": 31,
        "ID": "0EFAC1DF-8986-6260-B8FF-6C3A857FC5A9",
        "Locked": false,
        "Name": "Total hour at each operating mode per day",
        "Scoped To": "0EFAC136-43AD-ECB0-B557-31FBF861C134",
        "Type": "Chart",
        "UIConfig": {
            "aggregationConfigs": [
                {
                    "capsuleMode": "intersect",
                    "id": 1,
                    "mode": "by_time",
                    "timeBucket": {
                        "display": "BY_DAY_OF_YEAR",
                        "funct": "days()",
                        "key": "Day Of Year"
                    },
                    "valid": true,
                    "yValueBinMode": "size"
                },
                {
                    "capsuleMode": "intersect",
                    "conditionProperty": "Pump status",
                    "id": 2,
                    "mode": "by_condition",
                    "valid": true,
                    "yValueBinMode": "size"
                }
            ],
            "includeEmptyBuckets": false,
            "mode": "by_y_value",
            "stat": {
                "key": "totalDuration",
                "timeUnits": "h"
            },
            "type": "aggregation-bins-table",
            "yValueSignal": ""
        },
        "Unsearchable": false
    },
    "905A3390-CCA6-489B-89A3-492EC9F7FF26": {
        "Access Control": [
            {
                "ID": "726694d8-3949-4a40-aa59-e01b172690cd",
                "Identity": {
                    "Datasource Class": "OAuth 2.0",
                    "Datasource ID": "9ecc7e74-4c32-436d-9af0-70d8aa99386b",
                    "Datasource Name": "Seeq Azure SSO",
                    "Email": "Joseph.Reckamp@seeq.com",
                    "First Name": "Joe",
                    "ID": "C9FD5B90-17F3-4CA7-8C37-CD9B7D9B85D2",
                    "Is Admin": true,
                    "Last Name": "Reckamp",
                    "Name": "Joe Reckamp",
                    "Type": "User",
                    "Username": "DEg3Lh5pLS4-lG84EjGXXXdzxhd1450vkLgiu8he2l8"
                },
                "Origin": null,
                "Permissions": {
                    "Manage": true,
                    "Read": true,
                    "Write": true
                },
                "Redacted": false,
                "Role": "OWNER"
            }
        ],
        "Ancestors": [
            "__Users__"
        ],
        "Archived": false,
        "Cache Enabled": false,
        "Created At": "1605736826077625600",
        "Enabled": true,
        "ID": "905A3390-CCA6-489B-89A3-492EC9F7FF26",
        "Locked": false,
        "Name": "Joseph Reckamp",
        "Owner": {
            "Datasource Class": "OAuth 2.0",
            "Datasource ID": "9ecc7e74-4c32-436d-9af0-70d8aa99386b",
            "Datasource Name": "Seeq Azure SSO",
            "Email": "Joseph.Reckamp@seeq.com",
            "First Name": "Joe",
            "ID": "C9FD5B90-17F3-4CA7-8C37-CD9B7D9B85D2",
            "Is Admin": true,
            "Last Name": "Reckamp",
            "Name": "Joe Reckamp",
            "Type": "User",
            "Username": "DEg3Lh5pLS4-lG84EjGXXXdzxhd1450vkLgiu8he2l8"
        },
        "Permission Inheritance Disabled": true,
        "Type": "Folder",
        "Unmodifiable": true,
        "Unsearchable": true,
        "Updated At": "1605736826077625600"
    }
}