{
    "Definition": {
        "Archived": false,
        "Cache Enabled": false,
        "Created At": "1732638478833343576",
        "Description": "Flint Hills Resources used Seeq to deploy anomaly detectors across their fleet of over 4000 pieces of equipment and effectively triage these results, allowing them to predict failures early and enable profitable actions. Learn more here &nbsp; Problem Statement: By identifying leading and lagging indicators of pump health and continuously",
        "Document": "<h2><strong>Pump Health Monitoring</strong></h2><figure class=\"table\"><table class=\"ck-table-resized\" style=\"border-color:hsl(0, 0%, 100%);border-style:solid;\"><colgroup><col style=\"width:39.18%;\" /><col style=\"width:60.82%;\" /></colgroup><tbody><tr><td style=\"border-color:hsl(0, 0%, 100%);border-style:solid;\"><img src=\"/api/annotations/0EFAC136-5F89-6240-AB6B-3B988ED19F3C/images/image_v2.png\" alt=\"Flint Hills Resources Retains J.P. Morgan To Market Ingleside Crude Oil  Terminal\"></td><td style=\"border-color:hsl(0, 0%, 100%);border-style:solid;\"><h4><i>Flint Hills Resources used Seeq to </i><span style=\"color:hsl(210,75%,60%);\"><i><strong>deploy anomaly detectors across their fleet of over 4000 pieces of equipment</strong></i></span><i> and effectively triage these results, allowing them to </i><span style=\"color:hsl(210,75%,60%);\"><i><strong>predict failures early and enable profitable actions. </strong></i></span><span style=\"color:hsl(0,0%,0%);\"><i>Learn more </i></span><a target=\"_blank\" href=\"https://engage.seeq.com/conneqt-2023-recap/oil--gas/monitoring-at-scale-with-seeq---flint-hills-resources?w&#61;0207d\" rel=\"nofollow noopener noreferrer\"><span style=\"color:hsl(210,75%,60%);\"><i>here</i></span></a><span style=\"color:hsl(210,75%,60%);\"><i><strong>\u00a0</strong></i></span></h4></td></tr></tbody></table></figure><h4><strong>Problem Statement:</strong></h4><p>By identifying leading and lagging indicators of pump health and continuously monitor these indicator variables, poor performance can be detected and corrective actions can be taken.</p><p><a href=\"/links?type&#61;workstep&amp;workbook&#61;0EFAC136-43AD-ECB0-B557-31FBF861C134&amp;worksheet&#61;0EFAC136-498B-6420-B1E8-6C0C660B3FE4&amp;workstep&#61;0EFAC1C5-73F6-F950-881F-5E914DE8DF7A\" rel=\"nofollow noopener noreferrer\">Deviation from Pump Curve</a></p><h4><strong>Solution:</strong></h4><p><strong>Access </strong>the raw data, display the <a href=\"/links?type&#61;workstep&amp;workbook&#61;0EFAC136-43AD-ECB0-B557-31FBF861C134&amp;worksheet&#61;0EFAC136-498B-6420-B1E8-6C0C660B3FE4&amp;workstep&#61;0EFAC1B2-810D-7160-87C1-F8D021046BC3\" rel=\"nofollow noopener noreferrer\">pumps process signal</a>.</p><p><strong>Cleanse</strong> the raw signals by easily <a href=\"/links?type&#61;workstep&amp;workbook&#61;0EFAC136-43AD-ECB0-B557-31FBF861C134&amp;worksheet&#61;0EFAC136-498B-6420-B1E8-6C0C660B3FE4&amp;workstep&#61;0EFAC1B5-C573-FBD0-96BC-4515649CD545\" rel=\"nofollow noopener noreferrer\">removing the downtime and outliers</a>.</p><p><strong>Identify</strong> when <a href=\"/links?type&#61;workstep&amp;workbook&#61;0EFAC136-43AD-ECB0-B557-31FBF861C134&amp;worksheet&#61;0EFAC136-498B-6420-B1E8-6C0C660B3FE4&amp;workstep&#61;0EFAC1C5-73F6-F950-881F-5E914DE8DF7A\" rel=\"nofollow noopener noreferrer\">process data deviates &#43;/- 30%</a> from the design pump curve. Pump curves can be plotted using <a target=\"_blank\" href=\"https://seeq12.github.io/seeq-plot-curve/\" rel=\"nofollow noopener noreferrer\"><span style=\"color:hsl(210,75%,60%);\">Seeq Add-on tool, Plot Curve</span></a><br>(<i><strong>Do it! </strong>Create a notification for when the pump is not in normal operation</i>)</p><p><strong>Identify</strong> the indicators, <a href=\"/links?type&#61;workstep&amp;workbook&#61;0EFAC136-43AD-ECB0-B557-31FBF861C134&amp;worksheet&#61;0EFAC136-498B-6420-B1E8-6C0C660B3FE4&amp;workstep&#61;0EFAC1CB-0CE5-EA30-92FE-C1F578CA2041\" rel=\"nofollow noopener noreferrer\">unique operating modes</a>, based on deviation from the Best Efficiency Point (B.E.P. on reference image below). (<a href=\"/links?type&#61;workstep&amp;workbook&#61;0EFAC136-43AD-ECB0-B557-31FBF861C134&amp;worksheet&#61;0EFAC136-498B-6420-B1E8-6C0C660B3FE4&amp;workstep&#61;0EFAC1DA-2BCD-EC90-8265-B33C75C61290\" rel=\"nofollow noopener noreferrer\"><i>all indicators</i></a>)</p><p><img class=\"image_resized\" style=\"width:100%;\" src=\"/api/annotations/0EFAC136-5F89-6240-AB6B-3B988ED19F3C/images/image_v1.png\"></p><p><strong>Quantify </strong>the <a href=\"/links?type&#61;workstep&amp;workbook&#61;0EFAC136-43AD-ECB0-B557-31FBF861C134&amp;worksheet&#61;0EFAC136-498B-6420-B1E8-6C0C660B3FE4&amp;workstep&#61;0EFAC1E1-6CFD-73D0-BCA5-1389C77D1C34\" rel=\"nofollow noopener noreferrer\">total duration of each indicator</a> on days of the year.</p>",
        "DocumentBackup\u02c9DEg3Lh5pLS4-lG84EjGXXXdzxhd1450vkLgiu8he2l8\u02c92024-11-26T16:28:00Z": "<h2><strong>Pump Health Monitoring</strong></h2><figure class=\"table\"><table class=\"ck-table-resized\" style=\"border-color:hsl(0, 0%, 100%);border-style:solid;\"><colgroup><col style=\"width:39.18%;\" /><col style=\"width:60.82%;\" /></colgroup><tbody><tr><td style=\"border-color:hsl(0, 0%, 100%);border-style:solid;\"><img src=\"/api/annotations/0EFAC136-5F89-6240-AB6B-3B988ED19F3C/images/image_v2.png\" alt=\"Flint Hills Resources Retains J.P. Morgan To Market Ingleside Crude Oil  Terminal\"></td><td style=\"border-color:hsl(0, 0%, 100%);border-style:solid;\"><h4><i>Flint Hills Resources used Seeq to </i><span style=\"color:hsl(210,75%,60%);\"><i><strong>deploy anomaly detectors across their fleet of over 4000 pieces of equipment</strong></i></span><i> and effectively triage these results, allowing them to </i><span style=\"color:hsl(210,75%,60%);\"><i><strong>predict failures early and enable profitable actions. </strong></i></span><span style=\"color:hsl(0,0%,0%);\"><i>Learn more </i></span><a target=\"_blank\" href=\"https://engage.seeq.com/conneqt-2023-recap/oil--gas/monitoring-at-scale-with-seeq---flint-hills-resources?w&#61;0207d\" rel=\"nofollow noopener noreferrer\"><span style=\"color:hsl(210,75%,60%);\"><i>here</i></span></a><span style=\"color:hsl(210,75%,60%);\"><i><strong>\u00a0</strong></i></span></h4></td></tr></tbody></table></figure><h4><strong>Problem Statement:</strong></h4><p>By identifying leading and lagging indicators of pump health and continuously monitor these indicator variables, poor performance can be detected and corrective actions can be taken.</p><p><a href=\"/links?type&#61;workstep&amp;workbook&#61;0EE7D980-C902-FBA0-AC0D-198BE318F400&amp;worksheet&#61;0EE7D980-CCCB-FF70-A1E0-C44491A6861F&amp;workstep&#61;0EE7E39E-C26D-EE70-BC25-F066D190C5A2\" rel=\"nofollow noopener noreferrer\">Deviation from Pump Curve</a></p><h4><strong>Solution:</strong></h4><p><strong>Access </strong>the raw data, display the <a href=\"/links?type&#61;workstep&amp;workbook&#61;0EE7D980-C902-FBA0-AC0D-198BE318F400&amp;worksheet&#61;0EE7D980-CCCB-FF70-A1E0-C44491A6861F&amp;workstep&#61;0EE7E37C-A88A-FD40-9BAE-04E9A29D1709\" rel=\"nofollow noopener noreferrer\">pumps process signal</a>.</p><p><strong>Cleanse</strong> the raw signals by easily <a href=\"/links?type&#61;workstep&amp;workbook&#61;0EE7D980-C902-FBA0-AC0D-198BE318F400&amp;worksheet&#61;0EE7D980-CCCB-FF70-A1E0-C44491A6861F&amp;workstep&#61;0EE7E383-9148-EAE0-8435-61540B32C744\" rel=\"nofollow noopener noreferrer\">removing the downtime and outliers</a>.</p><p><strong>Identify</strong> when <a href=\"/links?type&#61;workstep&amp;workbook&#61;0EE7D980-C902-FBA0-AC0D-198BE318F400&amp;worksheet&#61;0EE7D980-CCCB-FF70-A1E0-C44491A6861F&amp;workstep&#61;0EE7E39E-C26D-EE70-BC25-F066D190C5A2\" rel=\"nofollow noopener noreferrer\">process data deviates &#43;/- 30%</a> from the design pump curve. Pump curves can be plotted using <a target=\"_blank\" href=\"https://seeq12.github.io/seeq-plot-digitizer/introduction.html\" rel=\"nofollow noopener noreferrer\"><span style=\"color:hsl(210,75%,60%);\">Seeq Add-on tool, Plot Digitizer</span></a><br>(<i><strong>Do it! </strong>Create a notification for when the pump is not in normal operation</i>)</p><p><strong>Identify</strong> the indicators, <a href=\"/links?type&#61;workstep&amp;workbook&#61;0EE7D980-C902-FBA0-AC0D-198BE318F400&amp;worksheet&#61;0EE7D980-CCCB-FF70-A1E0-C44491A6861F&amp;workstep&#61;0EE7E3E3-9EA1-FBA0-B67F-9C5EA1F1CBAF\" rel=\"nofollow noopener noreferrer\">unique operating modes</a>, based on deviation from the Best Efficiency Point (B.E.P. on reference image below). (<a href=\"/links?type&#61;workstep&amp;workbook&#61;0EE7D980-C902-FBA0-AC0D-198BE318F400&amp;worksheet&#61;0EE7D980-CCCB-FF70-A1E0-C44491A6861F&amp;workstep&#61;0EE7E4F7-9D78-EE30-9444-2FB4138C776C\" rel=\"nofollow noopener noreferrer\"><i>all indicators</i></a>)</p><p><img class=\"image_resized\" style=\"width:100%;\" src=\"/api/annotations/0EFAC136-5F89-6240-AB6B-3B988ED19F3C/images/image_v1.png\"></p><p><strong>Quantify </strong>the <a href=\"/links?type&#61;workstep&amp;workbook&#61;0EE7D980-C902-FBA0-AC0D-198BE318F400&amp;worksheet&#61;0EE7D980-CCCB-FF70-A1E0-C44491A6861F&amp;workstep&#61;0EE7E4FF-AA27-7110-8037-5E1C4F2897DE\" rel=\"nofollow noopener noreferrer\">total duration of each indicator</a> on days of the year.</p>",
        "DocumentBackup\u02c9DEg3Lh5pLS4-lG84EjGXXXdzxhd1450vkLgiu8he2l8\u02c92024-11-26T17:23:00Z": "<h2><strong>Pump Health Monitoring</strong></h2><figure class=\"table\"><table class=\"ck-table-resized\" style=\"border-color:hsl(0, 0%, 100%);border-style:solid;\"><colgroup><col style=\"width:39.18%;\" /><col style=\"width:60.82%;\" /></colgroup><tbody><tr><td style=\"border-color:hsl(0, 0%, 100%);border-style:solid;\"><img src=\"/api/annotations/0EFAC136-5F89-6240-AB6B-3B988ED19F3C/images/image_v2.png\" alt=\"Flint Hills Resources Retains J.P. Morgan To Market Ingleside Crude Oil  Terminal\"></td><td style=\"border-color:hsl(0, 0%, 100%);border-style:solid;\"><h4><i>Flint Hills Resources used Seeq to </i><span style=\"color:hsl(210,75%,60%);\"><i><strong>deploy anomaly detectors across their fleet of over 4000 pieces of equipment</strong></i></span><i> and effectively triage these results, allowing them to </i><span style=\"color:hsl(210,75%,60%);\"><i><strong>predict failures early and enable profitable actions. </strong></i></span><span style=\"color:hsl(0,0%,0%);\"><i>Learn more </i></span><a target=\"_blank\" href=\"https://engage.seeq.com/conneqt-2023-recap/oil--gas/monitoring-at-scale-with-seeq---flint-hills-resources?w&#61;0207d\" rel=\"nofollow noopener noreferrer\"><span style=\"color:hsl(210,75%,60%);\"><i>here</i></span></a><span style=\"color:hsl(210,75%,60%);\"><i><strong>\u00a0</strong></i></span></h4></td></tr></tbody></table></figure><h4><strong>Problem Statement:</strong></h4><p>By identifying leading and lagging indicators of pump health and continuously monitor these indicator variables, poor performance can be detected and corrective actions can be taken.</p><p>Deviation from Pump Curve</p><h4><strong>Solution:</strong></h4><p><strong>Access </strong>the raw data, display the <a href=\"/links?type&#61;workstep&amp;workbook&#61;0EFAC136-43AD-ECB0-B557-31FBF861C134&amp;worksheet&#61;0EFAC136-498B-6420-B1E8-6C0C660B3FE4&amp;workstep&#61;0EFAC1B2-810D-7160-87C1-F8D021046BC3\" rel=\"nofollow noopener noreferrer\">pumps process signal</a>.</p><p><strong>Cleanse</strong> the raw signals by easily removing the downtime and outliers.</p><p><strong>Identify</strong> when process data deviates &#43;/- 30% from the design pump curve. Pump curves can be plotted using <a target=\"_blank\" href=\"https://seeq12.github.io/seeq-plot-digitizer/introduction.html\" rel=\"nofollow noopener noreferrer\"><span style=\"color:hsl(210,75%,60%);\">Seeq Add-on tool, Plot Digitizer</span></a><br>(<i><strong>Do it! </strong>Create a notification for when the pump is not in normal operation</i>)</p><p><strong>Identify</strong> the indicators, unique operating modes, based on deviation from the Best Efficiency Point (B.E.P. on reference image below). (<i>all indicators</i>)</p><p><img class=\"image_resized\" style=\"width:100%;\" src=\"/api/annotations/0EFAC136-5F89-6240-AB6B-3B988ED19F3C/images/image_v1.png\"></p><p><strong>Quantify </strong>the total duration of each indicator on days of the year.</p>",
        "DocumentBackup\u02c9DEg3Lh5pLS4-lG84EjGXXXdzxhd1450vkLgiu8he2l8\u02c92024-11-26T17:25:00Z": "<h2><strong>Pump Health Monitoring</strong></h2><figure class=\"table\"><table class=\"ck-table-resized\" style=\"border-color:hsl(0, 0%, 100%);border-style:solid;\"><colgroup><col style=\"width:39.18%;\" /><col style=\"width:60.82%;\" /></colgroup><tbody><tr><td style=\"border-color:hsl(0, 0%, 100%);border-style:solid;\"><img src=\"/api/annotations/0EFAC136-5F89-6240-AB6B-3B988ED19F3C/images/image_v2.png\" alt=\"Flint Hills Resources Retains J.P. Morgan To Market Ingleside Crude Oil  Terminal\"></td><td style=\"border-color:hsl(0, 0%, 100%);border-style:solid;\"><h4><i>Flint Hills Resources used Seeq to </i><span style=\"color:hsl(210,75%,60%);\"><i><strong>deploy anomaly detectors across their fleet of over 4000 pieces of equipment</strong></i></span><i> and effectively triage these results, allowing them to </i><span style=\"color:hsl(210,75%,60%);\"><i><strong>predict failures early and enable profitable actions. </strong></i></span><span style=\"color:hsl(0,0%,0%);\"><i>Learn more </i></span><a target=\"_blank\" href=\"https://engage.seeq.com/conneqt-2023-recap/oil--gas/monitoring-at-scale-with-seeq---flint-hills-resources?w&#61;0207d\" rel=\"nofollow noopener noreferrer\"><span style=\"color:hsl(210,75%,60%);\"><i>here</i></span></a><span style=\"color:hsl(210,75%,60%);\"><i><strong>\u00a0</strong></i></span></h4></td></tr></tbody></table></figure><h4><strong>Problem Statement:</strong></h4><p>By identifying leading and lagging indicators of pump health and continuously monitor these indicator variables, poor performance can be detected and corrective actions can be taken.</p><p>Deviation from Pump Curve</p><h4><strong>Solution:</strong></h4><p><strong>Access </strong>the raw data, display the <a href=\"/links?type&#61;workstep&amp;workbook&#61;0EFAC136-43AD-ECB0-B557-31FBF861C134&amp;worksheet&#61;0EFAC136-498B-6420-B1E8-6C0C660B3FE4&amp;workstep&#61;0EFAC1B2-810D-7160-87C1-F8D021046BC3\" rel=\"nofollow noopener noreferrer\">pumps process signal</a>.</p><p><strong>Cleanse</strong> the raw signals by easily <a href=\"/links?type&#61;workstep&amp;workbook&#61;0EFAC136-43AD-ECB0-B557-31FBF861C134&amp;worksheet&#61;0EFAC136-498B-6420-B1E8-6C0C660B3FE4&amp;workstep&#61;0EFAC1B5-C573-FBD0-96BC-4515649CD545\" rel=\"nofollow noopener noreferrer\">removing the downtime and outliers</a>.</p><p><strong>Identify</strong> when process data deviates &#43;/- 30% from the design pump curve. Pump curves can be plotted using <a target=\"_blank\" href=\"https://seeq12.github.io/seeq-plot-digitizer/introduction.html\" rel=\"nofollow noopener noreferrer\"><span style=\"color:hsl(210,75%,60%);\">Seeq Add-on tool, Plot Digitizer</span></a><br>(<i><strong>Do it! </strong>Create a notification for when the pump is not in normal operation</i>)</p><p><strong>Identify</strong> the indicators, unique operating modes, based on deviation from the Best Efficiency Point (B.E.P. on reference image below). (<i>all indicators</i>)</p><p><img class=\"image_resized\" style=\"width:100%;\" src=\"/api/annotations/0EFAC136-5F89-6240-AB6B-3B988ED19F3C/images/image_v1.png\"></p><p><strong>Quantify </strong>the total duration of each indicator on days of the year.</p>",
        "DocumentBackup\u02c9DEg3Lh5pLS4-lG84EjGXXXdzxhd1450vkLgiu8he2l8\u02c92024-11-26T17:32:00Z": "<h2><strong>Pump Health Monitoring</strong></h2><figure class=\"table\"><table class=\"ck-table-resized\" style=\"border-color:hsl(0, 0%, 100%);border-style:solid;\"><colgroup><col style=\"width:39.18%;\" /><col style=\"width:60.82%;\" /></colgroup><tbody><tr><td style=\"border-color:hsl(0, 0%, 100%);border-style:solid;\"><img src=\"/api/annotations/0EFAC136-5F89-6240-AB6B-3B988ED19F3C/images/image_v2.png\" alt=\"Flint Hills Resources Retains J.P. Morgan To Market Ingleside Crude Oil  Terminal\"></td><td style=\"border-color:hsl(0, 0%, 100%);border-style:solid;\"><h4><i>Flint Hills Resources used Seeq to </i><span style=\"color:hsl(210,75%,60%);\"><i><strong>deploy anomaly detectors across their fleet of over 4000 pieces of equipment</strong></i></span><i> and effectively triage these results, allowing them to </i><span style=\"color:hsl(210,75%,60%);\"><i><strong>predict failures early and enable profitable actions. </strong></i></span><span style=\"color:hsl(0,0%,0%);\"><i>Learn more </i></span><a target=\"_blank\" href=\"https://engage.seeq.com/conneqt-2023-recap/oil--gas/monitoring-at-scale-with-seeq---flint-hills-resources?w&#61;0207d\" rel=\"nofollow noopener noreferrer\"><span style=\"color:hsl(210,75%,60%);\"><i>here</i></span></a><span style=\"color:hsl(210,75%,60%);\"><i><strong>\u00a0</strong></i></span></h4></td></tr></tbody></table></figure><h4><strong>Problem Statement:</strong></h4><p>By identifying leading and lagging indicators of pump health and continuously monitor these indicator variables, poor performance can be detected and corrective actions can be taken.</p><p>Deviation from Pump Curve</p><h4><strong>Solution:</strong></h4><p><strong>Access </strong>the raw data, display the <a href=\"/links?type&#61;workstep&amp;workbook&#61;0EFAC136-43AD-ECB0-B557-31FBF861C134&amp;worksheet&#61;0EFAC136-498B-6420-B1E8-6C0C660B3FE4&amp;workstep&#61;0EFAC1B2-810D-7160-87C1-F8D021046BC3\" rel=\"nofollow noopener noreferrer\">pumps process signal</a>.</p><p><strong>Cleanse</strong> the raw signals by easily <a href=\"/links?type&#61;workstep&amp;workbook&#61;0EFAC136-43AD-ECB0-B557-31FBF861C134&amp;worksheet&#61;0EFAC136-498B-6420-B1E8-6C0C660B3FE4&amp;workstep&#61;0EFAC1B5-C573-FBD0-96BC-4515649CD545\" rel=\"nofollow noopener noreferrer\">removing the downtime and outliers</a>.</p><p><strong>Identify</strong> when <a href=\"/links?type&#61;workstep&amp;workbook&#61;0EFAC136-43AD-ECB0-B557-31FBF861C134&amp;worksheet&#61;0EFAC136-498B-6420-B1E8-6C0C660B3FE4&amp;workstep&#61;0EFAC1C5-73F6-F950-881F-5E914DE8DF7A\" rel=\"nofollow noopener noreferrer\">process data deviates &#43;/- 30%</a> from the design pump curve. Pump curves can be plotted using <a target=\"_blank\" href=\"https://seeq12.github.io/seeq-plot-digitizer/introduction.html\" rel=\"nofollow noopener noreferrer\"><span style=\"color:hsl(210,75%,60%);\">Seeq Add-on tool, Plot Digitizer</span></a><br>(<i><strong>Do it! </strong>Create a notification for when the pump is not in normal operation</i>)</p><p><strong>Identify</strong> the indicators, unique operating modes, based on deviation from the Best Efficiency Point (B.E.P. on reference image below). (<i>all indicators</i>)</p><p><img class=\"image_resized\" style=\"width:100%;\" src=\"/api/annotations/0EFAC136-5F89-6240-AB6B-3B988ED19F3C/images/image_v1.png\"></p><p><strong>Quantify </strong>the total duration of each indicator on days of the year.</p>",
        "DocumentBackup\u02c9DEg3Lh5pLS4-lG84EjGXXXdzxhd1450vkLgiu8he2l8\u02c92024-11-26T17:34:00Z": "<h2><strong>Pump Health Monitoring</strong></h2><figure class=\"table\"><table class=\"ck-table-resized\" style=\"border-color:hsl(0, 0%, 100%);border-style:solid;\"><colgroup><col style=\"width:39.18%;\" /><col style=\"width:60.82%;\" /></colgroup><tbody><tr><td style=\"border-color:hsl(0, 0%, 100%);border-style:solid;\"><img src=\"/api/annotations/0EFAC136-5F89-6240-AB6B-3B988ED19F3C/images/image_v2.png\" alt=\"Flint Hills Resources Retains J.P. Morgan To Market Ingleside Crude Oil  Terminal\"></td><td style=\"border-color:hsl(0, 0%, 100%);border-style:solid;\"><h4><i>Flint Hills Resources used Seeq to </i><span style=\"color:hsl(210,75%,60%);\"><i><strong>deploy anomaly detectors across their fleet of over 4000 pieces of equipment</strong></i></span><i> and effectively triage these results, allowing them to </i><span style=\"color:hsl(210,75%,60%);\"><i><strong>predict failures early and enable profitable actions. </strong></i></span><span style=\"color:hsl(0,0%,0%);\"><i>Learn more </i></span><a target=\"_blank\" href=\"https://engage.seeq.com/conneqt-2023-recap/oil--gas/monitoring-at-scale-with-seeq---flint-hills-resources?w&#61;0207d\" rel=\"nofollow noopener noreferrer\"><span style=\"color:hsl(210,75%,60%);\"><i>here</i></span></a><span style=\"color:hsl(210,75%,60%);\"><i><strong>\u00a0</strong></i></span></h4></td></tr></tbody></table></figure><h4><strong>Problem Statement:</strong></h4><p>By identifying leading and lagging indicators of pump health and continuously monitor these indicator variables, poor performance can be detected and corrective actions can be taken.</p><p>Deviation from Pump Curve</p><h4><strong>Solution:</strong></h4><p><strong>Access </strong>the raw data, display the <a href=\"/links?type&#61;workstep&amp;workbook&#61;0EFAC136-43AD-ECB0-B557-31FBF861C134&amp;worksheet&#61;0EFAC136-498B-6420-B1E8-6C0C660B3FE4&amp;workstep&#61;0EFAC1B2-810D-7160-87C1-F8D021046BC3\" rel=\"nofollow noopener noreferrer\">pumps process signal</a>.</p><p><strong>Cleanse</strong> the raw signals by easily <a href=\"/links?type&#61;workstep&amp;workbook&#61;0EFAC136-43AD-ECB0-B557-31FBF861C134&amp;worksheet&#61;0EFAC136-498B-6420-B1E8-6C0C660B3FE4&amp;workstep&#61;0EFAC1B5-C573-FBD0-96BC-4515649CD545\" rel=\"nofollow noopener noreferrer\">removing the downtime and outliers</a>.</p><p><strong>Identify</strong> when <a href=\"/links?type&#61;workstep&amp;workbook&#61;0EFAC136-43AD-ECB0-B557-31FBF861C134&amp;worksheet&#61;0EFAC136-498B-6420-B1E8-6C0C660B3FE4&amp;workstep&#61;0EFAC1C5-73F6-F950-881F-5E914DE8DF7A\" rel=\"nofollow noopener noreferrer\">process data deviates &#43;/- 30%</a> from the design pump curve. Pump curves can be plotted using <a target=\"_blank\" href=\"https://seeq12.github.io/seeq-plot-digitizer/introduction.html\" rel=\"nofollow noopener noreferrer\"><span style=\"color:hsl(210,75%,60%);\">Seeq Add-on tool, Plot Digitizer</span></a><br>(<i><strong>Do it! </strong>Create a notification for when the pump is not in normal operation</i>)</p><p><strong>Identify</strong> the indicators, <a href=\"/links?type&#61;workstep&amp;workbook&#61;0EFAC136-43AD-ECB0-B557-31FBF861C134&amp;worksheet&#61;0EFAC136-498B-6420-B1E8-6C0C660B3FE4&amp;workstep&#61;0EFAC1CB-0CE5-EA30-92FE-C1F578CA2041\" rel=\"nofollow noopener noreferrer\">unique operating modes</a>, based on deviation from the Best Efficiency Point (B.E.P. on reference image below). (<i>all indicators</i>)</p><p><img class=\"image_resized\" style=\"width:100%;\" src=\"/api/annotations/0EFAC136-5F89-6240-AB6B-3B988ED19F3C/images/image_v1.png\"></p><p><strong>Quantify </strong>the total duration of each indicator on days of the year.</p>",
        "DocumentBackup\u02c9DEg3Lh5pLS4-lG84EjGXXXdzxhd1450vkLgiu8he2l8\u02c92024-11-26T17:41:00Z": "<h2><strong>Pump Health Monitoring</strong></h2><figure class=\"table\"><table class=\"ck-table-resized\" style=\"border-color:hsl(0, 0%, 100%);border-style:solid;\"><colgroup><col style=\"width:39.18%;\" /><col style=\"width:60.82%;\" /></colgroup><tbody><tr><td style=\"border-color:hsl(0, 0%, 100%);border-style:solid;\"><img src=\"/api/annotations/0EFAC136-5F89-6240-AB6B-3B988ED19F3C/images/image_v2.png\" alt=\"Flint Hills Resources Retains J.P. Morgan To Market Ingleside Crude Oil  Terminal\"></td><td style=\"border-color:hsl(0, 0%, 100%);border-style:solid;\"><h4><i>Flint Hills Resources used Seeq to </i><span style=\"color:hsl(210,75%,60%);\"><i><strong>deploy anomaly detectors across their fleet of over 4000 pieces of equipment</strong></i></span><i> and effectively triage these results, allowing them to </i><span style=\"color:hsl(210,75%,60%);\"><i><strong>predict failures early and enable profitable actions. </strong></i></span><span style=\"color:hsl(0,0%,0%);\"><i>Learn more </i></span><a target=\"_blank\" href=\"https://engage.seeq.com/conneqt-2023-recap/oil--gas/monitoring-at-scale-with-seeq---flint-hills-resources?w&#61;0207d\" rel=\"nofollow noopener noreferrer\"><span style=\"color:hsl(210,75%,60%);\"><i>here</i></span></a><span style=\"color:hsl(210,75%,60%);\"><i><strong>\u00a0</strong></i></span></h4></td></tr></tbody></table></figure><h4><strong>Problem Statement:</strong></h4><p>By identifying leading and lagging indicators of pump health and continuously monitor these indicator variables, poor performance can be detected and corrective actions can be taken.</p><p>Deviation from Pump Curve</p><h4><strong>Solution:</strong></h4><p><strong>Access </strong>the raw data, display the <a href=\"/links?type&#61;workstep&amp;workbook&#61;0EFAC136-43AD-ECB0-B557-31FBF861C134&amp;worksheet&#61;0EFAC136-498B-6420-B1E8-6C0C660B3FE4&amp;workstep&#61;0EFAC1B2-810D-7160-87C1-F8D021046BC3\" rel=\"nofollow noopener noreferrer\">pumps process signal</a>.</p><p><strong>Cleanse</strong> the raw signals by easily <a href=\"/links?type&#61;workstep&amp;workbook&#61;0EFAC136-43AD-ECB0-B557-31FBF861C134&amp;worksheet&#61;0EFAC136-498B-6420-B1E8-6C0C660B3FE4&amp;workstep&#61;0EFAC1B5-C573-FBD0-96BC-4515649CD545\" rel=\"nofollow noopener noreferrer\">removing the downtime and outliers</a>.</p><p><strong>Identify</strong> when <a href=\"/links?type&#61;workstep&amp;workbook&#61;0EFAC136-43AD-ECB0-B557-31FBF861C134&amp;worksheet&#61;0EFAC136-498B-6420-B1E8-6C0C660B3FE4&amp;workstep&#61;0EFAC1C5-73F6-F950-881F-5E914DE8DF7A\" rel=\"nofollow noopener noreferrer\">process data deviates &#43;/- 30%</a> from the design pump curve. Pump curves can be plotted using <a target=\"_blank\" href=\"https://seeq12.github.io/seeq-plot-digitizer/introduction.html\" rel=\"nofollow noopener noreferrer\"><span style=\"color:hsl(210,75%,60%);\">Seeq Add-on tool, Plot Digitizer</span></a><br>(<i><strong>Do it! </strong>Create a notification for when the pump is not in normal operation</i>)</p><p><strong>Identify</strong> the indicators, <a href=\"/links?type&#61;workstep&amp;workbook&#61;0EFAC136-43AD-ECB0-B557-31FBF861C134&amp;worksheet&#61;0EFAC136-498B-6420-B1E8-6C0C660B3FE4&amp;workstep&#61;0EFAC1CB-0CE5-EA30-92FE-C1F578CA2041\" rel=\"nofollow noopener noreferrer\">unique operating modes</a>, based on deviation from the Best Efficiency Point (B.E.P. on reference image below). (<a href=\"/links?type&#61;workstep&amp;workbook&#61;0EFAC136-43AD-ECB0-B557-31FBF861C134&amp;worksheet&#61;0EFAC136-498B-6420-B1E8-6C0C660B3FE4&amp;workstep&#61;0EFAC1DA-2BCD-EC90-8265-B33C75C61290\" rel=\"nofollow noopener noreferrer\"><i>all indicators</i></a>)</p><p><img class=\"image_resized\" style=\"width:100%;\" src=\"/api/annotations/0EFAC136-5F89-6240-AB6B-3B988ED19F3C/images/image_v1.png\"></p><p><strong>Quantify </strong>the total duration of each indicator on days of the year.</p>",
        "DocumentBackup\u02c9DEg3Lh5pLS4-lG84EjGXXXdzxhd1450vkLgiu8he2l8\u02c92024-11-26T17:44:00Z": "<h2><strong>Pump Health Monitoring</strong></h2><figure class=\"table\"><table class=\"ck-table-resized\" style=\"border-color:hsl(0, 0%, 100%);border-style:solid;\"><colgroup><col style=\"width:39.18%;\" /><col style=\"width:60.82%;\" /></colgroup><tbody><tr><td style=\"border-color:hsl(0, 0%, 100%);border-style:solid;\"><img src=\"/api/annotations/0EFAC136-5F89-6240-AB6B-3B988ED19F3C/images/image_v2.png\" alt=\"Flint Hills Resources Retains J.P. Morgan To Market Ingleside Crude Oil  Terminal\"></td><td style=\"border-color:hsl(0, 0%, 100%);border-style:solid;\"><h4><i>Flint Hills Resources used Seeq to </i><span style=\"color:hsl(210,75%,60%);\"><i><strong>deploy anomaly detectors across their fleet of over 4000 pieces of equipment</strong></i></span><i> and effectively triage these results, allowing them to </i><span style=\"color:hsl(210,75%,60%);\"><i><strong>predict failures early and enable profitable actions. </strong></i></span><span style=\"color:hsl(0,0%,0%);\"><i>Learn more </i></span><a target=\"_blank\" href=\"https://engage.seeq.com/conneqt-2023-recap/oil--gas/monitoring-at-scale-with-seeq---flint-hills-resources?w&#61;0207d\" rel=\"nofollow noopener noreferrer\"><span style=\"color:hsl(210,75%,60%);\"><i>here</i></span></a><span style=\"color:hsl(210,75%,60%);\"><i><strong>\u00a0</strong></i></span></h4></td></tr></tbody></table></figure><h4><strong>Problem Statement:</strong></h4><p>By identifying leading and lagging indicators of pump health and continuously monitor these indicator variables, poor performance can be detected and corrective actions can be taken.</p><p>Deviation from Pump Curve</p><h4><strong>Solution:</strong></h4><p><strong>Access </strong>the raw data, display the <a href=\"/links?type&#61;workstep&amp;workbook&#61;0EFAC136-43AD-ECB0-B557-31FBF861C134&amp;worksheet&#61;0EFAC136-498B-6420-B1E8-6C0C660B3FE4&amp;workstep&#61;0EFAC1B2-810D-7160-87C1-F8D021046BC3\" rel=\"nofollow noopener noreferrer\">pumps process signal</a>.</p><p><strong>Cleanse</strong> the raw signals by easily <a href=\"/links?type&#61;workstep&amp;workbook&#61;0EFAC136-43AD-ECB0-B557-31FBF861C134&amp;worksheet&#61;0EFAC136-498B-6420-B1E8-6C0C660B3FE4&amp;workstep&#61;0EFAC1B5-C573-FBD0-96BC-4515649CD545\" rel=\"nofollow noopener noreferrer\">removing the downtime and outliers</a>.</p><p><strong>Identify</strong> when <a href=\"/links?type&#61;workstep&amp;workbook&#61;0EFAC136-43AD-ECB0-B557-31FBF861C134&amp;worksheet&#61;0EFAC136-498B-6420-B1E8-6C0C660B3FE4&amp;workstep&#61;0EFAC1C5-73F6-F950-881F-5E914DE8DF7A\" rel=\"nofollow noopener noreferrer\">process data deviates &#43;/- 30%</a> from the design pump curve. Pump curves can be plotted using <a target=\"_blank\" href=\"https://seeq12.github.io/seeq-plot-digitizer/introduction.html\" rel=\"nofollow noopener noreferrer\"><span style=\"color:hsl(210,75%,60%);\">Seeq Add-on tool, Plot Digitizer</span></a><br>(<i><strong>Do it! </strong>Create a notification for when the pump is not in normal operation</i>)</p><p><strong>Identify</strong> the indicators, <a href=\"/links?type&#61;workstep&amp;workbook&#61;0EFAC136-43AD-ECB0-B557-31FBF861C134&amp;worksheet&#61;0EFAC136-498B-6420-B1E8-6C0C660B3FE4&amp;workstep&#61;0EFAC1CB-0CE5-EA30-92FE-C1F578CA2041\" rel=\"nofollow noopener noreferrer\">unique operating modes</a>, based on deviation from the Best Efficiency Point (B.E.P. on reference image below). (<a href=\"/links?type&#61;workstep&amp;workbook&#61;0EFAC136-43AD-ECB0-B557-31FBF861C134&amp;worksheet&#61;0EFAC136-498B-6420-B1E8-6C0C660B3FE4&amp;workstep&#61;0EFAC1DA-2BCD-EC90-8265-B33C75C61290\" rel=\"nofollow noopener noreferrer\"><i>all indicators</i></a>)</p><p><img class=\"image_resized\" style=\"width:100%;\" src=\"/api/annotations/0EFAC136-5F89-6240-AB6B-3B988ED19F3C/images/image_v1.png\"></p><p><strong>Quantify </strong>the <a href=\"/links?type&#61;workstep&amp;workbook&#61;0EFAC136-43AD-ECB0-B557-31FBF861C134&amp;worksheet&#61;0EFAC136-498B-6420-B1E8-6C0C660B3FE4&amp;workstep&#61;0EFAC1E1-6CFD-73D0-BCA5-1389C77D1C34\" rel=\"nofollow noopener noreferrer\">total duration of each indicator</a> on days of the year.</p>",
        "DocumentBackup\u02c9DEg3Lh5pLS4-lG84EjGXXXdzxhd1450vkLgiu8he2l8\u02c92024-11-26T17:45:00Z": "<h2><strong>Pump Health Monitoring</strong></h2><figure class=\"table\"><table class=\"ck-table-resized\" style=\"border-color:hsl(0, 0%, 100%);border-style:solid;\"><colgroup><col style=\"width:39.18%;\" /><col style=\"width:60.82%;\" /></colgroup><tbody><tr><td style=\"border-color:hsl(0, 0%, 100%);border-style:solid;\"><img src=\"/api/annotations/0EFAC136-5F89-6240-AB6B-3B988ED19F3C/images/image_v2.png\" alt=\"Flint Hills Resources Retains J.P. Morgan To Market Ingleside Crude Oil  Terminal\"></td><td style=\"border-color:hsl(0, 0%, 100%);border-style:solid;\"><h4><i>Flint Hills Resources used Seeq to </i><span style=\"color:hsl(210,75%,60%);\"><i><strong>deploy anomaly detectors across their fleet of over 4000 pieces of equipment</strong></i></span><i> and effectively triage these results, allowing them to </i><span style=\"color:hsl(210,75%,60%);\"><i><strong>predict failures early and enable profitable actions. </strong></i></span><span style=\"color:hsl(0,0%,0%);\"><i>Learn more </i></span><a target=\"_blank\" href=\"https://engage.seeq.com/conneqt-2023-recap/oil--gas/monitoring-at-scale-with-seeq---flint-hills-resources?w&#61;0207d\" rel=\"nofollow noopener noreferrer\"><span style=\"color:hsl(210,75%,60%);\"><i>here</i></span></a><span style=\"color:hsl(210,75%,60%);\"><i><strong>\u00a0</strong></i></span></h4></td></tr></tbody></table></figure><h4><strong>Problem Statement:</strong></h4><p>By identifying leading and lagging indicators of pump health and continuously monitor these indicator variables, poor performance can be detected and corrective actions can be taken.</p><p><a href=\"/links?type&#61;workstep&amp;workbook&#61;0EFAC136-43AD-ECB0-B557-31FBF861C134&amp;worksheet&#61;0EFAC136-498B-6420-B1E8-6C0C660B3FE4&amp;workstep&#61;0EFAC1C5-73F6-F950-881F-5E914DE8DF7A\" rel=\"nofollow noopener noreferrer\">Deviation from Pump Curve</a></p><h4><strong>Solution:</strong></h4><p><strong>Access </strong>the raw data, display the <a href=\"/links?type&#61;workstep&amp;workbook&#61;0EFAC136-43AD-ECB0-B557-31FBF861C134&amp;worksheet&#61;0EFAC136-498B-6420-B1E8-6C0C660B3FE4&amp;workstep&#61;0EFAC1B2-810D-7160-87C1-F8D021046BC3\" rel=\"nofollow noopener noreferrer\">pumps process signal</a>.</p><p><strong>Cleanse</strong> the raw signals by easily <a href=\"/links?type&#61;workstep&amp;workbook&#61;0EFAC136-43AD-ECB0-B557-31FBF861C134&amp;worksheet&#61;0EFAC136-498B-6420-B1E8-6C0C660B3FE4&amp;workstep&#61;0EFAC1B5-C573-FBD0-96BC-4515649CD545\" rel=\"nofollow noopener noreferrer\">removing the downtime and outliers</a>.</p><p><strong>Identify</strong> when <a href=\"/links?type&#61;workstep&amp;workbook&#61;0EFAC136-43AD-ECB0-B557-31FBF861C134&amp;worksheet&#61;0EFAC136-498B-6420-B1E8-6C0C660B3FE4&amp;workstep&#61;0EFAC1C5-73F6-F950-881F-5E914DE8DF7A\" rel=\"nofollow noopener noreferrer\">process data deviates &#43;/- 30%</a> from the design pump curve. Pump curves can be plotted using <a target=\"_blank\" href=\"https://seeq12.github.io/seeq-plot-digitizer/introduction.html\" rel=\"nofollow noopener noreferrer\"><span style=\"color:hsl(210,75%,60%);\">Seeq Add-on tool, Plot Digitizer</span></a><br>(<i><strong>Do it! </strong>Create a notification for when the pump is not in normal operation</i>)</p><p><strong>Identify</strong> the indicators, <a href=\"/links?type&#61;workstep&amp;workbook&#61;0EFAC136-43AD-ECB0-B557-31FBF861C134&amp;worksheet&#61;0EFAC136-498B-6420-B1E8-6C0C660B3FE4&amp;workstep&#61;0EFAC1CB-0CE5-EA30-92FE-C1F578CA2041\" rel=\"nofollow noopener noreferrer\">unique operating modes</a>, based on deviation from the Best Efficiency Point (B.E.P. on reference image below). (<a href=\"/links?type&#61;workstep&amp;workbook&#61;0EFAC136-43AD-ECB0-B557-31FBF861C134&amp;worksheet&#61;0EFAC136-498B-6420-B1E8-6C0C660B3FE4&amp;workstep&#61;0EFAC1DA-2BCD-EC90-8265-B33C75C61290\" rel=\"nofollow noopener noreferrer\"><i>all indicators</i></a>)</p><p><img class=\"image_resized\" style=\"width:100%;\" src=\"/api/annotations/0EFAC136-5F89-6240-AB6B-3B988ED19F3C/images/image_v1.png\"></p><p><strong>Quantify </strong>the <a href=\"/links?type&#61;workstep&amp;workbook&#61;0EFAC136-43AD-ECB0-B557-31FBF861C134&amp;worksheet&#61;0EFAC136-498B-6420-B1E8-6C0C660B3FE4&amp;workstep&#61;0EFAC1E1-6CFD-73D0-BCA5-1389C77D1C34\" rel=\"nofollow noopener noreferrer\">total duration of each indicator</a> on days of the year.</p>",
        "DocumentBackup\u02c9DEg3Lh5pLS4-lG84EjGXXXdzxhd1450vkLgiu8he2l8\u02c92024-12-02T17:51:00Z": "<h2><strong>Pump Health Monitoring</strong></h2><figure class=\"table\"><table class=\"ck-table-resized\" style=\"border-color:hsl(0, 0%, 100%);border-style:solid;\"><colgroup><col style=\"width:39.18%;\" /><col style=\"width:60.82%;\" /></colgroup><tbody><tr><td style=\"border-color:hsl(0, 0%, 100%);border-style:solid;\"><img src=\"/api/annotations/0EFAC136-5F89-6240-AB6B-3B988ED19F3C/images/image_v2.png\" alt=\"Flint Hills Resources Retains J.P. Morgan To Market Ingleside Crude Oil  Terminal\"></td><td style=\"border-color:hsl(0, 0%, 100%);border-style:solid;\"><h4><i>Flint Hills Resources used Seeq to </i><span style=\"color:hsl(210,75%,60%);\"><i><strong>deploy anomaly detectors across their fleet of over 4000 pieces of equipment</strong></i></span><i> and effectively triage these results, allowing them to </i><span style=\"color:hsl(210,75%,60%);\"><i><strong>predict failures early and enable profitable actions. </strong></i></span><span style=\"color:hsl(0,0%,0%);\"><i>Learn more </i></span><a target=\"_blank\" href=\"https://engage.seeq.com/conneqt-2023-recap/oil--gas/monitoring-at-scale-with-seeq---flint-hills-resources?w&#61;0207d\" rel=\"nofollow noopener noreferrer\"><span style=\"color:hsl(210,75%,60%);\"><i>here</i></span></a><span style=\"color:hsl(210,75%,60%);\"><i><strong>\u00a0</strong></i></span></h4></td></tr></tbody></table></figure><h4><strong>Problem Statement:</strong></h4><p>By identifying leading and lagging indicators of pump health and continuously monitor these indicator variables, poor performance can be detected and corrective actions can be taken.</p><p><a href=\"/links?type&#61;workstep&amp;workbook&#61;0EFAC136-43AD-ECB0-B557-31FBF861C134&amp;worksheet&#61;0EFAC136-498B-6420-B1E8-6C0C660B3FE4&amp;workstep&#61;0EFAC1C5-73F6-F950-881F-5E914DE8DF7A\" rel=\"nofollow noopener noreferrer\">Deviation from Pump Curve</a></p><h4><strong>Solution:</strong></h4><p><strong>Access </strong>the raw data, display the <a href=\"/links?type&#61;workstep&amp;workbook&#61;0EFAC136-43AD-ECB0-B557-31FBF861C134&amp;worksheet&#61;0EFAC136-498B-6420-B1E8-6C0C660B3FE4&amp;workstep&#61;0EFAC1B2-810D-7160-87C1-F8D021046BC3\" rel=\"nofollow noopener noreferrer\">pumps process signal</a>.</p><p><strong>Cleanse</strong> the raw signals by easily <a href=\"/links?type&#61;workstep&amp;workbook&#61;0EFAC136-43AD-ECB0-B557-31FBF861C134&amp;worksheet&#61;0EFAC136-498B-6420-B1E8-6C0C660B3FE4&amp;workstep&#61;0EFAC1B5-C573-FBD0-96BC-4515649CD545\" rel=\"nofollow noopener noreferrer\">removing the downtime and outliers</a>.</p><p><strong>Identify</strong> when <a href=\"/links?type&#61;workstep&amp;workbook&#61;0EFAC136-43AD-ECB0-B557-31FBF861C134&amp;worksheet&#61;0EFAC136-498B-6420-B1E8-6C0C660B3FE4&amp;workstep&#61;0EFAC1C5-73F6-F950-881F-5E914DE8DF7A\" rel=\"nofollow noopener noreferrer\">process data deviates &#43;/- 30%</a> from the design pump curve. Pump curves can be plotted using <span style=\"color:hsl(210,75%,60%);\">Seeq Add-on tool, Plot Digitizer</span><br>(<i><strong>Do it! </strong>Create a notification for when the pump is not in normal operation</i>)</p><p><strong>Identify</strong> the indicators, <a href=\"/links?type&#61;workstep&amp;workbook&#61;0EFAC136-43AD-ECB0-B557-31FBF861C134&amp;worksheet&#61;0EFAC136-498B-6420-B1E8-6C0C660B3FE4&amp;workstep&#61;0EFAC1CB-0CE5-EA30-92FE-C1F578CA2041\" rel=\"nofollow noopener noreferrer\">unique operating modes</a>, based on deviation from the Best Efficiency Point (B.E.P. on reference image below). (<a href=\"/links?type&#61;workstep&amp;workbook&#61;0EFAC136-43AD-ECB0-B557-31FBF861C134&amp;worksheet&#61;0EFAC136-498B-6420-B1E8-6C0C660B3FE4&amp;workstep&#61;0EFAC1DA-2BCD-EC90-8265-B33C75C61290\" rel=\"nofollow noopener noreferrer\"><i>all indicators</i></a>)</p><p><img class=\"image_resized\" style=\"width:100%;\" src=\"/api/annotations/0EFAC136-5F89-6240-AB6B-3B988ED19F3C/images/image_v1.png\"></p><p><strong>Quantify </strong>the <a href=\"/links?type&#61;workstep&amp;workbook&#61;0EFAC136-43AD-ECB0-B557-31FBF861C134&amp;worksheet&#61;0EFAC136-498B-6420-B1E8-6C0C660B3FE4&amp;workstep&#61;0EFAC1E1-6CFD-73D0-BCA5-1389C77D1C34\" rel=\"nofollow noopener noreferrer\">total duration of each indicator</a> on days of the year.</p>",
        "DocumentBackup\u02c9DEg3Lh5pLS4-lG84EjGXXXdzxhd1450vkLgiu8he2l8\u02c92024-12-02T17:52:00Z": "<h2><strong>Pump Health Monitoring</strong></h2><figure class=\"table\"><table class=\"ck-table-resized\" style=\"border-color:hsl(0, 0%, 100%);border-style:solid;\"><colgroup><col style=\"width:39.18%;\" /><col style=\"width:60.82%;\" /></colgroup><tbody><tr><td style=\"border-color:hsl(0, 0%, 100%);border-style:solid;\"><img src=\"/api/annotations/0EFAC136-5F89-6240-AB6B-3B988ED19F3C/images/image_v2.png\" alt=\"Flint Hills Resources Retains J.P. Morgan To Market Ingleside Crude Oil  Terminal\"></td><td style=\"border-color:hsl(0, 0%, 100%);border-style:solid;\"><h4><i>Flint Hills Resources used Seeq to </i><span style=\"color:hsl(210,75%,60%);\"><i><strong>deploy anomaly detectors across their fleet of over 4000 pieces of equipment</strong></i></span><i> and effectively triage these results, allowing them to </i><span style=\"color:hsl(210,75%,60%);\"><i><strong>predict failures early and enable profitable actions. </strong></i></span><span style=\"color:hsl(0,0%,0%);\"><i>Learn more </i></span><a target=\"_blank\" href=\"https://engage.seeq.com/conneqt-2023-recap/oil--gas/monitoring-at-scale-with-seeq---flint-hills-resources?w&#61;0207d\" rel=\"nofollow noopener noreferrer\"><span style=\"color:hsl(210,75%,60%);\"><i>here</i></span></a><span style=\"color:hsl(210,75%,60%);\"><i><strong>\u00a0</strong></i></span></h4></td></tr></tbody></table></figure><h4><strong>Problem Statement:</strong></h4><p>By identifying leading and lagging indicators of pump health and continuously monitor these indicator variables, poor performance can be detected and corrective actions can be taken.</p><p><a href=\"/links?type&#61;workstep&amp;workbook&#61;0EFAC136-43AD-ECB0-B557-31FBF861C134&amp;worksheet&#61;0EFAC136-498B-6420-B1E8-6C0C660B3FE4&amp;workstep&#61;0EFAC1C5-73F6-F950-881F-5E914DE8DF7A\" rel=\"nofollow noopener noreferrer\">Deviation from Pump Curve</a></p><h4><strong>Solution:</strong></h4><p><strong>Access </strong>the raw data, display the <a href=\"/links?type&#61;workstep&amp;workbook&#61;0EFAC136-43AD-ECB0-B557-31FBF861C134&amp;worksheet&#61;0EFAC136-498B-6420-B1E8-6C0C660B3FE4&amp;workstep&#61;0EFAC1B2-810D-7160-87C1-F8D021046BC3\" rel=\"nofollow noopener noreferrer\">pumps process signal</a>.</p><p><strong>Cleanse</strong> the raw signals by easily <a href=\"/links?type&#61;workstep&amp;workbook&#61;0EFAC136-43AD-ECB0-B557-31FBF861C134&amp;worksheet&#61;0EFAC136-498B-6420-B1E8-6C0C660B3FE4&amp;workstep&#61;0EFAC1B5-C573-FBD0-96BC-4515649CD545\" rel=\"nofollow noopener noreferrer\">removing the downtime and outliers</a>.</p><p><strong>Identify</strong> when <a href=\"/links?type&#61;workstep&amp;workbook&#61;0EFAC136-43AD-ECB0-B557-31FBF861C134&amp;worksheet&#61;0EFAC136-498B-6420-B1E8-6C0C660B3FE4&amp;workstep&#61;0EFAC1C5-73F6-F950-881F-5E914DE8DF7A\" rel=\"nofollow noopener noreferrer\">process data deviates &#43;/- 30%</a> from the design pump curve. Pump curves can be plotted using <span style=\"color:hsl(210,75%,60%);\">Seeq Add-on tool, Plot\u00a0</span><br>(<i><strong>Do it! </strong>Create a notification for when the pump is not in normal operation</i>)</p><p><strong>Identify</strong> the indicators, <a href=\"/links?type&#61;workstep&amp;workbook&#61;0EFAC136-43AD-ECB0-B557-31FBF861C134&amp;worksheet&#61;0EFAC136-498B-6420-B1E8-6C0C660B3FE4&amp;workstep&#61;0EFAC1CB-0CE5-EA30-92FE-C1F578CA2041\" rel=\"nofollow noopener noreferrer\">unique operating modes</a>, based on deviation from the Best Efficiency Point (B.E.P. on reference image below). (<a href=\"/links?type&#61;workstep&amp;workbook&#61;0EFAC136-43AD-ECB0-B557-31FBF861C134&amp;worksheet&#61;0EFAC136-498B-6420-B1E8-6C0C660B3FE4&amp;workstep&#61;0EFAC1DA-2BCD-EC90-8265-B33C75C61290\" rel=\"nofollow noopener noreferrer\"><i>all indicators</i></a>)</p><p><img class=\"image_resized\" style=\"width:100%;\" src=\"/api/annotations/0EFAC136-5F89-6240-AB6B-3B988ED19F3C/images/image_v1.png\"></p><p><strong>Quantify </strong>the <a href=\"/links?type&#61;workstep&amp;workbook&#61;0EFAC136-43AD-ECB0-B557-31FBF861C134&amp;worksheet&#61;0EFAC136-498B-6420-B1E8-6C0C660B3FE4&amp;workstep&#61;0EFAC1E1-6CFD-73D0-BCA5-1389C77D1C34\" rel=\"nofollow noopener noreferrer\">total duration of each indicator</a> on days of the year.</p>",
        "Enabled": true,
        "ID": "0EFAC136-5F89-6240-AB6B-3B988ED19F3C",
        "Is CK Enabled": true,
        "Locked": false,
        "Name": "Pump Health Monitoring",
        "Plain Text Document": "Pump Health MonitoringFlint Hills Resources used Seeq to deploy anomaly detectors across their fleet of over 4000 pieces of equipment and effectively triage these results, allowing them to predict failures early and enable profitable actions. Learn more here\u00a0Problem Statement:By identifying leading and lagging indicators of pump health and continuously monitor these indicator variables, poor performance can be detected and corrective actions can be taken.Deviation from Pump CurveSolution:Access the raw data, display the pumps process signal.Cleanse the raw signals by easily removing the downtime and outliers.Identify when process data deviates &#43;/- 30% from the design pump curve. Pump curves can be plotted using Seeq Add-on tool, Plot Curve(Do it! Create a notification for when the pump is not in normal operation)Identify the indicators, unique operating modes, based on deviation from the Best Efficiency Point (B.E.P. on reference image below). (all indicators)Quantify the total duration of each indicator on days of the year.",
        "Type": "Journal",
        "Unsearchable": false,
        "Updated At": "1733161933090718217"
    }
}