{
    "Definition": {
        "Archived": false,
        "Cache Enabled": false,
        "Created At": "1732643116294044706",
        "Description": "Flint Hills Resources used Seeq to deploy anomaly detectors across their fleet of over 4000 pieces of equipment and effectively triage these results, allowing them to predict failures early and enable profitable actions. Learn more here &nbsp; Problem Statement: By identifying leading and lagging indicators of pump health and continuously",
        "Document": "<h2><strong>Pump Health Monitoring</strong></h2><figure class=\"table\"><table class=\"ck-table-resized\" style=\"border-color:hsl(0, 0%, 100%);border-style:solid;\"><colgroup><col style=\"width:39.18%;\" /><col style=\"width:60.82%;\" /></colgroup><tbody><tr><td style=\"border-color:hsl(0, 0%, 100%);border-style:solid;\"><img src=\"/api/annotations/0EFAC1E3-2163-FFD0-ABBE-3374B4D6451B/images/image_v2.png\" alt=\"Flint Hills Resources Retains J.P. Morgan To Market Ingleside Crude Oil  Terminal\"></td><td style=\"border-color:hsl(0, 0%, 100%);border-style:solid;\"><h4><i>Flint Hills Resources used Seeq to </i><span style=\"color:hsl(210,75%,60%);\"><i><strong>deploy anomaly detectors across their fleet of over 4000 pieces of equipment</strong></i></span><i> and effectively triage these results, allowing them to </i><span style=\"color:hsl(210,75%,60%);\"><i><strong>predict failures early and enable profitable actions. </strong></i></span><span style=\"color:hsl(0,0%,0%);\"><i>Learn more </i></span><a target=\"_blank\" href=\"https://engage.seeq.com/conneqt-2023-recap/oil--gas/monitoring-at-scale-with-seeq---flint-hills-resources?w&#61;0207d\" rel=\"nofollow noopener noreferrer\"><span style=\"color:hsl(210,75%,60%);\"><i>here</i></span></a><span style=\"color:hsl(210,75%,60%);\"><i><strong>\u00a0</strong></i></span></h4></td></tr></tbody></table></figure><h4><strong>Problem Statement:</strong></h4><p>By identifying leading and lagging indicators of pump health and continuously monitor these indicator variables, poor performance can be detected and corrective actions can be taken.</p><p><a href=\"/links?type&#61;workstep&amp;workbook&#61;0EFAC136-43AD-ECB0-B557-31FBF861C134&amp;worksheet&#61;0EFAC1E3-212B-FD60-9805-B75FB33DC9C0&amp;workstep&#61;0EFAC1E3-2157-EC80-AE61-D836180DB8EE\" rel=\"nofollow noopener noreferrer\">Deviation from Pump Curve</a></p><h4><strong>Solution:</strong></h4><p><strong>Access </strong>the raw data, display the <a href=\"/links?type&#61;workstep&amp;workbook&#61;0EFAC136-43AD-ECB0-B557-31FBF861C134&amp;worksheet&#61;0EFAC1E3-212B-FD60-9805-B75FB33DC9C0&amp;workstep&#61;0EFAC1E3-2152-EE60-8750-D6A4BB5D39DB\" rel=\"nofollow noopener noreferrer\">pumps process signal</a>.</p><ul><li>Some signals that can be used to calculate KPIs providing insight into overall pump health might include: flow rates, discharge and suction pressures, suction temperature, upstream tank level (static head), vibration data, and pump status signals.\u00a0</li><li>Additional contextual data that can be helpful in evaluating pump performance might include: pump curve, pump data sheet, liquid properties, and failure or maintenance event data.\u00a0</li></ul><p><strong>Cleanse</strong> the raw signals by easily <a href=\"/links?type&#61;workstep&amp;workbook&#61;0EFAC136-43AD-ECB0-B557-31FBF861C134&amp;worksheet&#61;0EFAC1E3-212B-FD60-9805-B75FB33DC9C0&amp;workstep&#61;0EFAC1E3-2155-7570-9DE3-3FC5E1E2A356\" rel=\"nofollow noopener noreferrer\">removing the downtime and outliers</a>.</p><ul><li>Signal filtering can be applied to remove noise from signals. <span style=\"background-color:rgb(255,255,255);color:rgb(65,65,65);\">Outliers and downtime data should be removed from signals when calculating monitoring limits. Interpolation settings can be adjusted to leave gaps in the data during long outages and linearly interpolate through point outliers. Signals can be repaired to read zero when an unreasonable negative flow reading occurs.</span></li><li><span style=\"background-color:rgb(255,255,255);color:rgb(65,65,65);\">Identify </span><a href=\"/links?type&#61;condition&amp;item&#61;0EFAC1B3-E291-F930-BD95-9FDD1E392A31\" rel=\"nofollow noopener noreferrer\"><span style=\"background-color:rgb(255,255,255);\">downtimes or periods when the pump is not operating</span></a></li><li>Remove downtime data, outliers, smooth signals<ul><li><a href=\"/links?type&#61;signal&amp;item&#61;0EFAC1B4-E4E8-FD40-A561-101DC8F85E61\" rel=\"nofollow noopener noreferrer\">Suction Temperature</a></li><li><a href=\"/links?type&#61;signal&amp;item&#61;0EFAC1BC-BEF3-6240-A2C2-7B4C9E606202\" rel=\"nofollow noopener noreferrer\">Recirculation Flow</a></li><li><a href=\"/links?type&#61;signal&amp;item&#61;0EFAC1B7-C46E-6490-B781-253494CB8979\" rel=\"nofollow noopener noreferrer\">Discharge Pressure</a></li><li><a href=\"/links?type&#61;signal&amp;item&#61;0EFAC1BB-3CDD-6400-B33F-2AE710E825EA\" rel=\"nofollow noopener noreferrer\">Discharge Flow Rate</a></li></ul></li><li>Convert liquid property data, like <a href=\"/links?type&#61;signal&amp;item&#61;0EFAC1BD-7CA0-6450-9C81-18F473B3275A\" rel=\"nofollow noopener noreferrer\">API to SG</a>\u00a0</li></ul><p><strong>Identify</strong> when <a href=\"/links?type&#61;workstep&amp;workbook&#61;0EFAC136-43AD-ECB0-B557-31FBF861C134&amp;worksheet&#61;0EFAC1E3-212B-FD60-9805-B75FB33DC9C0&amp;workstep&#61;0EFAC1E3-2157-EC80-AE61-D836180DB8EE\" rel=\"nofollow noopener noreferrer\">process data deviates &#43;/- 30%</a> from the design pump curve. Pump curves can be plotted using <a target=\"_blank\" href=\"https://seeq12.github.io/seeq-plot-digitizer/introduction.html\" rel=\"nofollow noopener noreferrer\"><span style=\"color:hsl(210,75%,60%);\">Seeq Add-on tool, Plot Digitizer</span></a><br>(<i><strong>Do it! </strong>Create a notification for when the pump is not in normal operation</i>)</p><ul><li>Calculate <a href=\"/links?type&#61;signal&amp;item&#61;0EFAC1BE-8BDC-64E0-AAD3-C422E984B383\" rel=\"nofollow noopener noreferrer\">Total Flow</a> through the pump (discharge &#43; recirculation)</li><li>Using the pump curve data, calculate the <a href=\"/links?type&#61;signal&amp;item&#61;0EFAC1BF-C3A7-EA40-9104-6D84A4E96F2E\" rel=\"nofollow noopener noreferrer\">design discharge pressure</a> from the total flow</li><li>Create <a href=\"/links?type&#61;metric&amp;item&#61;0EFAC1C3-6F28-7560-8E98-B90B3FCEE830\" rel=\"nofollow noopener noreferrer\">&#43;/- 30% boundary limits</a> for design discharge pressure</li><li>Identify when <a href=\"/links?type&#61;condition&amp;item&#61;0EFAC1C4-7AFC-ECA0-9FE2-862A4CE2F4D6\" rel=\"nofollow noopener noreferrer\">pump is operating outside of design window</a></li></ul><p><strong>Identify</strong> the indicators, <a href=\"/links?type&#61;workstep&amp;workbook&#61;0EFAC136-43AD-ECB0-B557-31FBF861C134&amp;worksheet&#61;0EFAC1E3-212B-FD60-9805-B75FB33DC9C0&amp;workstep&#61;0EFAC1E3-2157-EC80-82A1-EB7EAEC95AC5\" rel=\"nofollow noopener noreferrer\">unique operating modes</a>, based on deviation from the Best Efficiency Point (B.E.P. on reference image below). (<a href=\"/links?type&#61;workstep&amp;workbook&#61;0EFAC136-43AD-ECB0-B557-31FBF861C134&amp;worksheet&#61;0EFAC1E3-212B-FD60-9805-B75FB33DC9C0&amp;workstep&#61;0EFAC1E3-215C-EAA0-B9A0-37702C552391\" rel=\"nofollow noopener noreferrer\"><i>all indicators</i></a>)</p><ul><li>With pump curve/design operation incorporated into Seeq, we can begin to define other operating modes based on deviation from the Best Efficiency Point (B.E.P. on image below).</li></ul><p><img class=\"image_resized\" style=\"width:100%;\" src=\"/api/annotations/0EFAC1E3-2163-FFD0-ABBE-3374B4D6451B/images/image_v1.png\"></p><ul><li><span style=\"background-color:rgb(255,255,255);color:rgb(51,51,51);\">Based on pump curve, the best operating point is at flowrate of 290 GPM (9942.86 bbl/day)which corresponds with 8100 ft . \u00a0Normal operating mode \u00a0is usually around \u00b110% BEP flowrate (8948 \u00a0to 10937 bbl/day) . Other operating modes are identified based on how far the pump is being operating at from BEP.</span>\u00a0<ul><li><a href=\"/links?type&#61;condition&amp;item&#61;0EFAC1CC-967A-7790-ACDD-BA9A1232E048\" rel=\"nofollow noopener noreferrer\">High Temp Rise</a> (less than 3977bbl/d)</li><li><a href=\"/links?type&#61;condition&amp;item&#61;0EFAC1D2-AE75-FF10-BD66-65CCF8A52388\" rel=\"nofollow noopener noreferrer\">Low Flow Cavitation</a> (3977 to 4971 bbl/d)</li><li><a href=\"/links?type&#61;condition&amp;item&#61;0EFAC1D3-17F4-EC70-B345-E97510A61FE2\" rel=\"nofollow noopener noreferrer\">Low bearing/seal life (low flow)</a> (4971 to 5966 bbl/d)</li><li><a href=\"/links?type&#61;condition&amp;item&#61;0EFAC1CA-AE54-EA70-939E-0BA1CDD57DF8\" rel=\"nofollow noopener noreferrer\">Reduced impeller life</a> (5966 to 6960 bbl/d)</li><li><a href=\"/links?type&#61;condition&amp;item&#61;0EFAC1D3-C1B8-6400-943A-19AD0F4989BA\" rel=\"nofollow noopener noreferrer\">Suction recirculation</a> (6960 to7954 bbl/d)</li><li><a href=\"/links?type&#61;condition&amp;item&#61;0EFAC1D4-8C60-6220-9F96-0DC340A601AA\" rel=\"nofollow noopener noreferrer\">Discharge recirculation</a> ( 7954 to 8948 bbl/d)</li><li><a href=\"/links?type&#61;condition&amp;item&#61;0EFAC1D5-2326-EC40-A61F-00497F5D86F8\" rel=\"nofollow noopener noreferrer\">Low bearing/seal life (high flow)</a> (10937 to 11931 bbl/d)</li><li><a href=\"/links?type&#61;condition&amp;item&#61;0EFAC1D5-C12C-FDE0-81F5-C396B8889F43\" rel=\"nofollow noopener noreferrer\">High flow cavitation</a>\u00a0 (higher than 11931 bbl/d)</li><li><a href=\"/links?type&#61;condition&amp;item&#61;0EFAC1D7-55D4-62D0-9014-0A50C061A5E6\" rel=\"nofollow noopener noreferrer\">Cavitation due to low NPSH</a></li><li><a href=\"/links?type&#61;condition&amp;item&#61;0EFAC1D8-3E61-FDE0-9431-AB496F6580E7\" rel=\"nofollow noopener noreferrer\">Normal operation</a> (8948 \u00a0to 10937 bbl/day)</li></ul></li></ul><p><strong>Quantify </strong>the <a href=\"/links?type&#61;workstep&amp;workbook&#61;0EFAC136-43AD-ECB0-B557-31FBF861C134&amp;worksheet&#61;0EFAC1E3-212B-FD60-9805-B75FB33DC9C0&amp;workstep&#61;0EFAC1E3-215F-71B0-9CA0-6B8FE8A863F1\" rel=\"nofollow noopener noreferrer\">total duration of each indicator</a> on days of the year.</p>",
        "DocumentBackup\u02c9DEg3Lh5pLS4-lG84EjGXXXdzxhd1450vkLgiu8he2l8\u02c92024-11-26T17:45:00Z": "<h2><strong>Pump Health Monitoring</strong></h2>\n<figure class=\"table\">\n <table class=\"ck-table-resized\" style=\"border-color:hsl(0, 0%, 100%);border-style:solid;\"><colgroup><col style=\"width:39.18%;\" /><col style=\"width:60.82%;\" /></colgroup><tbody><tr><td style=\"border-color:hsl(0, 0%, 100%);border-style:solid;\"><img src=\"/api/annotations/0EFAC1E3-2163-FFD0-ABBE-3374B4D6451B/images/image_v2.png\" alt=\"Flint Hills Resources Retains J.P. Morgan To Market Ingleside Crude Oil  Terminal\"></td><td style=\"border-color:hsl(0, 0%, 100%);border-style:solid;\">\n     <h4><i>Flint Hills Resources used Seeq to </i><span style=\"color:hsl(210,75%,60%);\"><i><strong>deploy anomaly detectors across their fleet of over 4000 pieces of equipment</strong></i></span><i> and effectively triage these results, allowing them to </i><span style=\"color:hsl(210,75%,60%);\"><i><strong>predict failures early and enable profitable actions. </strong></i></span><span style=\"color:hsl(0,0%,0%);\"><i>Learn more </i></span><a target=\"_blank\" href=\"https://engage.seeq.com/conneqt-2023-recap/oil--gas/monitoring-at-scale-with-seeq---flint-hills-resources?w&#61;0207d\" rel=\"nofollow noopener noreferrer\"><span style=\"color:hsl(210,75%,60%);\"><i>here</i></span></a><span style=\"color:hsl(210,75%,60%);\"><i><strong>\u00a0</strong></i></span></h4></td></tr></tbody></table>\n</figure>\n<h4><strong>Problem Statement:</strong></h4>\n<p>By identifying leading and lagging indicators of pump health and continuously monitor these indicator variables, poor performance can be detected and corrective actions can be taken.</p>\n<p><a href=\"/links?type&#61;workstep&amp;workbook&#61;0EFAC136-43AD-ECB0-B557-31FBF861C134&amp;worksheet&#61;0EFAC1E3-212B-FD60-9805-B75FB33DC9C0&amp;workstep&#61;0EFAC1E3-2157-EC80-AE61-D836180DB8EE\" rel=\"nofollow noopener noreferrer\">Deviation from Pump Curve</a></p>\n<h4><strong>Solution:</strong></h4>\n<p><strong>Access </strong>the raw data, display the <a href=\"/links?type&#61;workstep&amp;workbook&#61;0EFAC136-43AD-ECB0-B557-31FBF861C134&amp;worksheet&#61;0EFAC1E3-212B-FD60-9805-B75FB33DC9C0&amp;workstep&#61;0EFAC1E3-2152-EE60-8750-D6A4BB5D39DB\" rel=\"nofollow noopener noreferrer\">pumps process signal</a>.</p>\n<p><strong>Cleanse</strong> the raw signals by easily <a href=\"/links?type&#61;workstep&amp;workbook&#61;0EFAC136-43AD-ECB0-B557-31FBF861C134&amp;worksheet&#61;0EFAC1E3-212B-FD60-9805-B75FB33DC9C0&amp;workstep&#61;0EFAC1E3-2155-7570-9DE3-3FC5E1E2A356\" rel=\"nofollow noopener noreferrer\">removing the downtime and outliers</a>.</p>\n<p><strong>Identify</strong> when <a href=\"/links?type&#61;workstep&amp;workbook&#61;0EFAC136-43AD-ECB0-B557-31FBF861C134&amp;worksheet&#61;0EFAC1E3-212B-FD60-9805-B75FB33DC9C0&amp;workstep&#61;0EFAC1E3-2157-EC80-AE61-D836180DB8EE\" rel=\"nofollow noopener noreferrer\">process data deviates &#43;/- 30%</a> from the design pump curve. Pump curves can be plotted using <a target=\"_blank\" href=\"https://seeq12.github.io/seeq-plot-digitizer/introduction.html\" rel=\"nofollow noopener noreferrer\"><span style=\"color:hsl(210,75%,60%);\">Seeq Add-on tool, Plot Digitizer</span></a><br>\n (<i><strong>Do it! </strong>Create a notification for when the pump is not in normal operation</i>)</p>\n<p><strong>Identify</strong> the indicators, <a href=\"/links?type&#61;workstep&amp;workbook&#61;0EFAC136-43AD-ECB0-B557-31FBF861C134&amp;worksheet&#61;0EFAC1E3-212B-FD60-9805-B75FB33DC9C0&amp;workstep&#61;0EFAC1E3-2157-EC80-82A1-EB7EAEC95AC5\" rel=\"nofollow noopener noreferrer\">unique operating modes</a>, based on deviation from the Best Efficiency Point (B.E.P. on reference image below). (<a href=\"/links?type&#61;workstep&amp;workbook&#61;0EFAC136-43AD-ECB0-B557-31FBF861C134&amp;worksheet&#61;0EFAC1E3-212B-FD60-9805-B75FB33DC9C0&amp;workstep&#61;0EFAC1E3-215C-EAA0-B9A0-37702C552391\" rel=\"nofollow noopener noreferrer\"><i>all indicators</i></a>)</p>\n<p><img class=\"image_resized\" style=\"width:100%;\" src=\"/api/annotations/0EFAC1E3-2163-FFD0-ABBE-3374B4D6451B/images/image_v1.png\"></p>\n<p><strong>Quantify </strong>the <a href=\"/links?type&#61;workstep&amp;workbook&#61;0EFAC136-43AD-ECB0-B557-31FBF861C134&amp;worksheet&#61;0EFAC1E3-212B-FD60-9805-B75FB33DC9C0&amp;workstep&#61;0EFAC1E3-215F-71B0-9CA0-6B8FE8A863F1\" rel=\"nofollow noopener noreferrer\">total duration of each indicator</a> on days of the year.</p>",
        "DocumentBackup\u02c9DEg3Lh5pLS4-lG84EjGXXXdzxhd1450vkLgiu8he2l8\u02c92024-11-26T17:50:00Z": "<h2><strong>Pump Health Monitoring</strong></h2><figure class=\"table\"><table class=\"ck-table-resized\" style=\"border-color:hsl(0, 0%, 100%);border-style:solid;\"><colgroup><col style=\"width:39.18%;\" /><col style=\"width:60.82%;\" /></colgroup><tbody><tr><td style=\"border-color:hsl(0, 0%, 100%);border-style:solid;\"><img src=\"/api/annotations/0EFAC1E3-2163-FFD0-ABBE-3374B4D6451B/images/image_v2.png\" alt=\"Flint Hills Resources Retains J.P. Morgan To Market Ingleside Crude Oil  Terminal\"></td><td style=\"border-color:hsl(0, 0%, 100%);border-style:solid;\"><h4><i>Flint Hills Resources used Seeq to </i><span style=\"color:hsl(210,75%,60%);\"><i><strong>deploy anomaly detectors across their fleet of over 4000 pieces of equipment</strong></i></span><i> and effectively triage these results, allowing them to </i><span style=\"color:hsl(210,75%,60%);\"><i><strong>predict failures early and enable profitable actions. </strong></i></span><span style=\"color:hsl(0,0%,0%);\"><i>Learn more </i></span><a target=\"_blank\" href=\"https://engage.seeq.com/conneqt-2023-recap/oil--gas/monitoring-at-scale-with-seeq---flint-hills-resources?w&#61;0207d\" rel=\"nofollow noopener noreferrer\"><span style=\"color:hsl(210,75%,60%);\"><i>here</i></span></a><span style=\"color:hsl(210,75%,60%);\"><i><strong>\u00a0</strong></i></span></h4></td></tr></tbody></table></figure><h4><strong>Problem Statement:</strong></h4><p>By identifying leading and lagging indicators of pump health and continuously monitor these indicator variables, poor performance can be detected and corrective actions can be taken.</p><p><a href=\"/links?type&#61;workstep&amp;workbook&#61;0EFAC136-43AD-ECB0-B557-31FBF861C134&amp;worksheet&#61;0EFAC1E3-212B-FD60-9805-B75FB33DC9C0&amp;workstep&#61;0EFAC1E3-2157-EC80-AE61-D836180DB8EE\" rel=\"nofollow noopener noreferrer\">Deviation from Pump Curve</a></p><h4><strong>Solution:</strong></h4><p><strong>Access </strong>the raw data, display the <a href=\"/links?type&#61;workstep&amp;workbook&#61;0EFAC136-43AD-ECB0-B557-31FBF861C134&amp;worksheet&#61;0EFAC1E3-212B-FD60-9805-B75FB33DC9C0&amp;workstep&#61;0EFAC1E3-2152-EE60-8750-D6A4BB5D39DB\" rel=\"nofollow noopener noreferrer\">pumps process signal</a>.</p><ul><li>Some signals that can be used to calculate KPIs providing insight into overall pump health might include: flow rates, discharge and suction pressures, suction temperature, upstream tank level (static head), vibration data, and pump status signals.\u00a0</li><li>Additional contextual data that can be helpful in evaluating pump performance might include: pump curve, pump data sheet, liquid properties, and failure or maintenance event data.\u00a0</li></ul><p><strong>Cleanse</strong> the raw signals by easily <a href=\"/links?type&#61;workstep&amp;workbook&#61;0EFAC136-43AD-ECB0-B557-31FBF861C134&amp;worksheet&#61;0EFAC1E3-212B-FD60-9805-B75FB33DC9C0&amp;workstep&#61;0EFAC1E3-2155-7570-9DE3-3FC5E1E2A356\" rel=\"nofollow noopener noreferrer\">removing the downtime and outliers</a>.</p><p><strong>Identify</strong> when <a href=\"/links?type&#61;workstep&amp;workbook&#61;0EFAC136-43AD-ECB0-B557-31FBF861C134&amp;worksheet&#61;0EFAC1E3-212B-FD60-9805-B75FB33DC9C0&amp;workstep&#61;0EFAC1E3-2157-EC80-AE61-D836180DB8EE\" rel=\"nofollow noopener noreferrer\">process data deviates &#43;/- 30%</a> from the design pump curve. Pump curves can be plotted using <a target=\"_blank\" href=\"https://seeq12.github.io/seeq-plot-digitizer/introduction.html\" rel=\"nofollow noopener noreferrer\"><span style=\"color:hsl(210,75%,60%);\">Seeq Add-on tool, Plot Digitizer</span></a><br>(<i><strong>Do it! </strong>Create a notification for when the pump is not in normal operation</i>)</p><p><strong>Identify</strong> the indicators, <a href=\"/links?type&#61;workstep&amp;workbook&#61;0EFAC136-43AD-ECB0-B557-31FBF861C134&amp;worksheet&#61;0EFAC1E3-212B-FD60-9805-B75FB33DC9C0&amp;workstep&#61;0EFAC1E3-2157-EC80-82A1-EB7EAEC95AC5\" rel=\"nofollow noopener noreferrer\">unique operating modes</a>, based on deviation from the Best Efficiency Point (B.E.P. on reference image below). (<a href=\"/links?type&#61;workstep&amp;workbook&#61;0EFAC136-43AD-ECB0-B557-31FBF861C134&amp;worksheet&#61;0EFAC1E3-212B-FD60-9805-B75FB33DC9C0&amp;workstep&#61;0EFAC1E3-215C-EAA0-B9A0-37702C552391\" rel=\"nofollow noopener noreferrer\"><i>all indicators</i></a>)</p><p><img class=\"image_resized\" style=\"width:100%;\" src=\"/api/annotations/0EFAC1E3-2163-FFD0-ABBE-3374B4D6451B/images/image_v1.png\"></p><p><strong>Quantify </strong>the <a href=\"/links?type&#61;workstep&amp;workbook&#61;0EFAC136-43AD-ECB0-B557-31FBF861C134&amp;worksheet&#61;0EFAC1E3-212B-FD60-9805-B75FB33DC9C0&amp;workstep&#61;0EFAC1E3-215F-71B0-9CA0-6B8FE8A863F1\" rel=\"nofollow noopener noreferrer\">total duration of each indicator</a> on days of the year.</p>",
        "DocumentBackup\u02c9DEg3Lh5pLS4-lG84EjGXXXdzxhd1450vkLgiu8he2l8\u02c92024-11-26T17:51:00Z": "<h2><strong>Pump Health Monitoring</strong></h2><figure class=\"table\"><table class=\"ck-table-resized\" style=\"border-color:hsl(0, 0%, 100%);border-style:solid;\"><colgroup><col style=\"width:39.18%;\" /><col style=\"width:60.82%;\" /></colgroup><tbody><tr><td style=\"border-color:hsl(0, 0%, 100%);border-style:solid;\"><img src=\"/api/annotations/0EFAC1E3-2163-FFD0-ABBE-3374B4D6451B/images/image_v2.png\" alt=\"Flint Hills Resources Retains J.P. Morgan To Market Ingleside Crude Oil  Terminal\"></td><td style=\"border-color:hsl(0, 0%, 100%);border-style:solid;\"><h4><i>Flint Hills Resources used Seeq to </i><span style=\"color:hsl(210,75%,60%);\"><i><strong>deploy anomaly detectors across their fleet of over 4000 pieces of equipment</strong></i></span><i> and effectively triage these results, allowing them to </i><span style=\"color:hsl(210,75%,60%);\"><i><strong>predict failures early and enable profitable actions. </strong></i></span><span style=\"color:hsl(0,0%,0%);\"><i>Learn more </i></span><a target=\"_blank\" href=\"https://engage.seeq.com/conneqt-2023-recap/oil--gas/monitoring-at-scale-with-seeq---flint-hills-resources?w&#61;0207d\" rel=\"nofollow noopener noreferrer\"><span style=\"color:hsl(210,75%,60%);\"><i>here</i></span></a><span style=\"color:hsl(210,75%,60%);\"><i><strong>\u00a0</strong></i></span></h4></td></tr></tbody></table></figure><h4><strong>Problem Statement:</strong></h4><p>By identifying leading and lagging indicators of pump health and continuously monitor these indicator variables, poor performance can be detected and corrective actions can be taken.</p><p><a href=\"/links?type&#61;workstep&amp;workbook&#61;0EFAC136-43AD-ECB0-B557-31FBF861C134&amp;worksheet&#61;0EFAC1E3-212B-FD60-9805-B75FB33DC9C0&amp;workstep&#61;0EFAC1E3-2157-EC80-AE61-D836180DB8EE\" rel=\"nofollow noopener noreferrer\">Deviation from Pump Curve</a></p><h4><strong>Solution:</strong></h4><p><strong>Access </strong>the raw data, display the <a href=\"/links?type&#61;workstep&amp;workbook&#61;0EFAC136-43AD-ECB0-B557-31FBF861C134&amp;worksheet&#61;0EFAC1E3-212B-FD60-9805-B75FB33DC9C0&amp;workstep&#61;0EFAC1E3-2152-EE60-8750-D6A4BB5D39DB\" rel=\"nofollow noopener noreferrer\">pumps process signal</a>.</p><ul><li>Some signals that can be used to calculate KPIs providing insight into overall pump health might include: flow rates, discharge and suction pressures, suction temperature, upstream tank level (static head), vibration data, and pump status signals.\u00a0</li><li>Additional contextual data that can be helpful in evaluating pump performance might include: pump curve, pump data sheet, liquid properties, and failure or maintenance event data.\u00a0</li></ul><p><strong>Cleanse</strong> the raw signals by easily <a href=\"/links?type&#61;workstep&amp;workbook&#61;0EFAC136-43AD-ECB0-B557-31FBF861C134&amp;worksheet&#61;0EFAC1E3-212B-FD60-9805-B75FB33DC9C0&amp;workstep&#61;0EFAC1E3-2155-7570-9DE3-3FC5E1E2A356\" rel=\"nofollow noopener noreferrer\">removing the downtime and outliers</a>.</p><ul><li>Signal filtering can be applied to remove noise from signals. <span style=\"background-color:rgb(255,255,255);color:rgb(65,65,65);\">Outliers and downtime data should be removed from signals when calculating monitoring limits. Interpolation settings can be adjusted to leave gaps in the data during long outages and linearly interpolate through point outliers. Signals can be repaired to read zero when an unreasonable negative flow reading occurs.</span></li><li><span style=\"background-color:rgb(255,255,255);color:rgb(65,65,65);\">Identify </span><a href=\"/links?type&#61;condition&amp;item&#61;0EFAC1B3-E291-F930-BD95-9FDD1E392A31\" rel=\"nofollow noopener noreferrer\"><span style=\"background-color:rgb(255,255,255);\">downtimes or periods when the pump is not operating</span></a></li><li>Remove downtime data, outliers, smooth signals<ul><li>Suction Temperature</li><li>Recirculation Flow</li><li>Discharge Pressure</li><li>Discharge Flow Rate</li><li>Drum Level</li><li>Suction Pressure</li></ul></li><li>Convert liquid property data, like API to SG\u00a0</li></ul><p><strong>Identify</strong> when <a href=\"/links?type&#61;workstep&amp;workbook&#61;0EFAC136-43AD-ECB0-B557-31FBF861C134&amp;worksheet&#61;0EFAC1E3-212B-FD60-9805-B75FB33DC9C0&amp;workstep&#61;0EFAC1E3-2157-EC80-AE61-D836180DB8EE\" rel=\"nofollow noopener noreferrer\">process data deviates &#43;/- 30%</a> from the design pump curve. Pump curves can be plotted using <a target=\"_blank\" href=\"https://seeq12.github.io/seeq-plot-digitizer/introduction.html\" rel=\"nofollow noopener noreferrer\"><span style=\"color:hsl(210,75%,60%);\">Seeq Add-on tool, Plot Digitizer</span></a><br>(<i><strong>Do it! </strong>Create a notification for when the pump is not in normal operation</i>)</p><p><strong>Identify</strong> the indicators, <a href=\"/links?type&#61;workstep&amp;workbook&#61;0EFAC136-43AD-ECB0-B557-31FBF861C134&amp;worksheet&#61;0EFAC1E3-212B-FD60-9805-B75FB33DC9C0&amp;workstep&#61;0EFAC1E3-2157-EC80-82A1-EB7EAEC95AC5\" rel=\"nofollow noopener noreferrer\">unique operating modes</a>, based on deviation from the Best Efficiency Point (B.E.P. on reference image below). (<a href=\"/links?type&#61;workstep&amp;workbook&#61;0EFAC136-43AD-ECB0-B557-31FBF861C134&amp;worksheet&#61;0EFAC1E3-212B-FD60-9805-B75FB33DC9C0&amp;workstep&#61;0EFAC1E3-215C-EAA0-B9A0-37702C552391\" rel=\"nofollow noopener noreferrer\"><i>all indicators</i></a>)</p><p><img class=\"image_resized\" style=\"width:100%;\" src=\"/api/annotations/0EFAC1E3-2163-FFD0-ABBE-3374B4D6451B/images/image_v1.png\"></p><p><strong>Quantify </strong>the <a href=\"/links?type&#61;workstep&amp;workbook&#61;0EFAC136-43AD-ECB0-B557-31FBF861C134&amp;worksheet&#61;0EFAC1E3-212B-FD60-9805-B75FB33DC9C0&amp;workstep&#61;0EFAC1E3-215F-71B0-9CA0-6B8FE8A863F1\" rel=\"nofollow noopener noreferrer\">total duration of each indicator</a> on days of the year.</p>",
        "DocumentBackup\u02c9DEg3Lh5pLS4-lG84EjGXXXdzxhd1450vkLgiu8he2l8\u02c92024-11-26T17:52:00Z": "<h2><strong>Pump Health Monitoring</strong></h2><figure class=\"table\"><table class=\"ck-table-resized\" style=\"border-color:hsl(0, 0%, 100%);border-style:solid;\"><colgroup><col style=\"width:39.18%;\" /><col style=\"width:60.82%;\" /></colgroup><tbody><tr><td style=\"border-color:hsl(0, 0%, 100%);border-style:solid;\"><img src=\"/api/annotations/0EFAC1E3-2163-FFD0-ABBE-3374B4D6451B/images/image_v2.png\" alt=\"Flint Hills Resources Retains J.P. Morgan To Market Ingleside Crude Oil  Terminal\"></td><td style=\"border-color:hsl(0, 0%, 100%);border-style:solid;\"><h4><i>Flint Hills Resources used Seeq to </i><span style=\"color:hsl(210,75%,60%);\"><i><strong>deploy anomaly detectors across their fleet of over 4000 pieces of equipment</strong></i></span><i> and effectively triage these results, allowing them to </i><span style=\"color:hsl(210,75%,60%);\"><i><strong>predict failures early and enable profitable actions. </strong></i></span><span style=\"color:hsl(0,0%,0%);\"><i>Learn more </i></span><a target=\"_blank\" href=\"https://engage.seeq.com/conneqt-2023-recap/oil--gas/monitoring-at-scale-with-seeq---flint-hills-resources?w&#61;0207d\" rel=\"nofollow noopener noreferrer\"><span style=\"color:hsl(210,75%,60%);\"><i>here</i></span></a><span style=\"color:hsl(210,75%,60%);\"><i><strong>\u00a0</strong></i></span></h4></td></tr></tbody></table></figure><h4><strong>Problem Statement:</strong></h4><p>By identifying leading and lagging indicators of pump health and continuously monitor these indicator variables, poor performance can be detected and corrective actions can be taken.</p><p><a href=\"/links?type&#61;workstep&amp;workbook&#61;0EFAC136-43AD-ECB0-B557-31FBF861C134&amp;worksheet&#61;0EFAC1E3-212B-FD60-9805-B75FB33DC9C0&amp;workstep&#61;0EFAC1E3-2157-EC80-AE61-D836180DB8EE\" rel=\"nofollow noopener noreferrer\">Deviation from Pump Curve</a></p><h4><strong>Solution:</strong></h4><p><strong>Access </strong>the raw data, display the <a href=\"/links?type&#61;workstep&amp;workbook&#61;0EFAC136-43AD-ECB0-B557-31FBF861C134&amp;worksheet&#61;0EFAC1E3-212B-FD60-9805-B75FB33DC9C0&amp;workstep&#61;0EFAC1E3-2152-EE60-8750-D6A4BB5D39DB\" rel=\"nofollow noopener noreferrer\">pumps process signal</a>.</p><ul><li>Some signals that can be used to calculate KPIs providing insight into overall pump health might include: flow rates, discharge and suction pressures, suction temperature, upstream tank level (static head), vibration data, and pump status signals.\u00a0</li><li>Additional contextual data that can be helpful in evaluating pump performance might include: pump curve, pump data sheet, liquid properties, and failure or maintenance event data.\u00a0</li></ul><p><strong>Cleanse</strong> the raw signals by easily <a href=\"/links?type&#61;workstep&amp;workbook&#61;0EFAC136-43AD-ECB0-B557-31FBF861C134&amp;worksheet&#61;0EFAC1E3-212B-FD60-9805-B75FB33DC9C0&amp;workstep&#61;0EFAC1E3-2155-7570-9DE3-3FC5E1E2A356\" rel=\"nofollow noopener noreferrer\">removing the downtime and outliers</a>.</p><ul><li>Signal filtering can be applied to remove noise from signals. <span style=\"background-color:rgb(255,255,255);color:rgb(65,65,65);\">Outliers and downtime data should be removed from signals when calculating monitoring limits. Interpolation settings can be adjusted to leave gaps in the data during long outages and linearly interpolate through point outliers. Signals can be repaired to read zero when an unreasonable negative flow reading occurs.</span></li><li><span style=\"background-color:rgb(255,255,255);color:rgb(65,65,65);\">Identify </span><a href=\"/links?type&#61;condition&amp;item&#61;0EFAC1B3-E291-F930-BD95-9FDD1E392A31\" rel=\"nofollow noopener noreferrer\"><span style=\"background-color:rgb(255,255,255);\">downtimes or periods when the pump is not operating</span></a></li><li>Remove downtime data, outliers, smooth signals<ul><li><a href=\"/links?type&#61;signal&amp;item&#61;0EFAC1B4-E4E8-FD40-A561-101DC8F85E61\" rel=\"nofollow noopener noreferrer\">Suction Temperature</a></li><li><a href=\"/links?type&#61;signal&amp;item&#61;0EFAC1BC-BEF3-6240-A2C2-7B4C9E606202\" rel=\"nofollow noopener noreferrer\">Recirculation Flow</a></li><li><a href=\"/links?type&#61;signal&amp;item&#61;0EFAC1B7-C46E-6490-B781-253494CB8979\" rel=\"nofollow noopener noreferrer\">Discharge Pressure</a></li><li><a href=\"/links?type&#61;signal&amp;item&#61;0EFAC1BB-3CDD-6400-B33F-2AE710E825EA\" rel=\"nofollow noopener noreferrer\">Discharge Flow Rate</a></li></ul></li><li>Convert liquid property data, like API to SG\u00a0</li></ul><p><strong>Identify</strong> when <a href=\"/links?type&#61;workstep&amp;workbook&#61;0EFAC136-43AD-ECB0-B557-31FBF861C134&amp;worksheet&#61;0EFAC1E3-212B-FD60-9805-B75FB33DC9C0&amp;workstep&#61;0EFAC1E3-2157-EC80-AE61-D836180DB8EE\" rel=\"nofollow noopener noreferrer\">process data deviates &#43;/- 30%</a> from the design pump curve. Pump curves can be plotted using <a target=\"_blank\" href=\"https://seeq12.github.io/seeq-plot-digitizer/introduction.html\" rel=\"nofollow noopener noreferrer\"><span style=\"color:hsl(210,75%,60%);\">Seeq Add-on tool, Plot Digitizer</span></a><br>(<i><strong>Do it! </strong>Create a notification for when the pump is not in normal operation</i>)</p><p><strong>Identify</strong> the indicators, <a href=\"/links?type&#61;workstep&amp;workbook&#61;0EFAC136-43AD-ECB0-B557-31FBF861C134&amp;worksheet&#61;0EFAC1E3-212B-FD60-9805-B75FB33DC9C0&amp;workstep&#61;0EFAC1E3-2157-EC80-82A1-EB7EAEC95AC5\" rel=\"nofollow noopener noreferrer\">unique operating modes</a>, based on deviation from the Best Efficiency Point (B.E.P. on reference image below). (<a href=\"/links?type&#61;workstep&amp;workbook&#61;0EFAC136-43AD-ECB0-B557-31FBF861C134&amp;worksheet&#61;0EFAC1E3-212B-FD60-9805-B75FB33DC9C0&amp;workstep&#61;0EFAC1E3-215C-EAA0-B9A0-37702C552391\" rel=\"nofollow noopener noreferrer\"><i>all indicators</i></a>)</p><p><img class=\"image_resized\" style=\"width:100%;\" src=\"/api/annotations/0EFAC1E3-2163-FFD0-ABBE-3374B4D6451B/images/image_v1.png\"></p><p><strong>Quantify </strong>the <a href=\"/links?type&#61;workstep&amp;workbook&#61;0EFAC136-43AD-ECB0-B557-31FBF861C134&amp;worksheet&#61;0EFAC1E3-212B-FD60-9805-B75FB33DC9C0&amp;workstep&#61;0EFAC1E3-215F-71B0-9CA0-6B8FE8A863F1\" rel=\"nofollow noopener noreferrer\">total duration of each indicator</a> on days of the year.</p>",
        "DocumentBackup\u02c9DEg3Lh5pLS4-lG84EjGXXXdzxhd1450vkLgiu8he2l8\u02c92024-11-26T17:53:00Z": "<h2><strong>Pump Health Monitoring</strong></h2><figure class=\"table\"><table class=\"ck-table-resized\" style=\"border-color:hsl(0, 0%, 100%);border-style:solid;\"><colgroup><col style=\"width:39.18%;\" /><col style=\"width:60.82%;\" /></colgroup><tbody><tr><td style=\"border-color:hsl(0, 0%, 100%);border-style:solid;\"><img src=\"/api/annotations/0EFAC1E3-2163-FFD0-ABBE-3374B4D6451B/images/image_v2.png\" alt=\"Flint Hills Resources Retains J.P. Morgan To Market Ingleside Crude Oil  Terminal\"></td><td style=\"border-color:hsl(0, 0%, 100%);border-style:solid;\"><h4><i>Flint Hills Resources used Seeq to </i><span style=\"color:hsl(210,75%,60%);\"><i><strong>deploy anomaly detectors across their fleet of over 4000 pieces of equipment</strong></i></span><i> and effectively triage these results, allowing them to </i><span style=\"color:hsl(210,75%,60%);\"><i><strong>predict failures early and enable profitable actions. </strong></i></span><span style=\"color:hsl(0,0%,0%);\"><i>Learn more </i></span><a target=\"_blank\" href=\"https://engage.seeq.com/conneqt-2023-recap/oil--gas/monitoring-at-scale-with-seeq---flint-hills-resources?w&#61;0207d\" rel=\"nofollow noopener noreferrer\"><span style=\"color:hsl(210,75%,60%);\"><i>here</i></span></a><span style=\"color:hsl(210,75%,60%);\"><i><strong>\u00a0</strong></i></span></h4></td></tr></tbody></table></figure><h4><strong>Problem Statement:</strong></h4><p>By identifying leading and lagging indicators of pump health and continuously monitor these indicator variables, poor performance can be detected and corrective actions can be taken.</p><p><a href=\"/links?type&#61;workstep&amp;workbook&#61;0EFAC136-43AD-ECB0-B557-31FBF861C134&amp;worksheet&#61;0EFAC1E3-212B-FD60-9805-B75FB33DC9C0&amp;workstep&#61;0EFAC1E3-2157-EC80-AE61-D836180DB8EE\" rel=\"nofollow noopener noreferrer\">Deviation from Pump Curve</a></p><h4><strong>Solution:</strong></h4><p><strong>Access </strong>the raw data, display the <a href=\"/links?type&#61;workstep&amp;workbook&#61;0EFAC136-43AD-ECB0-B557-31FBF861C134&amp;worksheet&#61;0EFAC1E3-212B-FD60-9805-B75FB33DC9C0&amp;workstep&#61;0EFAC1E3-2152-EE60-8750-D6A4BB5D39DB\" rel=\"nofollow noopener noreferrer\">pumps process signal</a>.</p><ul><li>Some signals that can be used to calculate KPIs providing insight into overall pump health might include: flow rates, discharge and suction pressures, suction temperature, upstream tank level (static head), vibration data, and pump status signals.\u00a0</li><li>Additional contextual data that can be helpful in evaluating pump performance might include: pump curve, pump data sheet, liquid properties, and failure or maintenance event data.\u00a0</li></ul><p><strong>Cleanse</strong> the raw signals by easily <a href=\"/links?type&#61;workstep&amp;workbook&#61;0EFAC136-43AD-ECB0-B557-31FBF861C134&amp;worksheet&#61;0EFAC1E3-212B-FD60-9805-B75FB33DC9C0&amp;workstep&#61;0EFAC1E3-2155-7570-9DE3-3FC5E1E2A356\" rel=\"nofollow noopener noreferrer\">removing the downtime and outliers</a>.</p><ul><li>Signal filtering can be applied to remove noise from signals. <span style=\"background-color:rgb(255,255,255);color:rgb(65,65,65);\">Outliers and downtime data should be removed from signals when calculating monitoring limits. Interpolation settings can be adjusted to leave gaps in the data during long outages and linearly interpolate through point outliers. Signals can be repaired to read zero when an unreasonable negative flow reading occurs.</span></li><li><span style=\"background-color:rgb(255,255,255);color:rgb(65,65,65);\">Identify </span><a href=\"/links?type&#61;condition&amp;item&#61;0EFAC1B3-E291-F930-BD95-9FDD1E392A31\" rel=\"nofollow noopener noreferrer\"><span style=\"background-color:rgb(255,255,255);\">downtimes or periods when the pump is not operating</span></a></li><li>Remove downtime data, outliers, smooth signals<ul><li><a href=\"/links?type&#61;signal&amp;item&#61;0EFAC1B4-E4E8-FD40-A561-101DC8F85E61\" rel=\"nofollow noopener noreferrer\">Suction Temperature</a></li><li><a href=\"/links?type&#61;signal&amp;item&#61;0EFAC1BC-BEF3-6240-A2C2-7B4C9E606202\" rel=\"nofollow noopener noreferrer\">Recirculation Flow</a></li><li><a href=\"/links?type&#61;signal&amp;item&#61;0EFAC1B7-C46E-6490-B781-253494CB8979\" rel=\"nofollow noopener noreferrer\">Discharge Pressure</a></li><li><a href=\"/links?type&#61;signal&amp;item&#61;0EFAC1BB-3CDD-6400-B33F-2AE710E825EA\" rel=\"nofollow noopener noreferrer\">Discharge Flow Rate</a></li></ul></li><li>Convert liquid property data, like <a href=\"/links?type&#61;signal&amp;item&#61;0EFAC1BD-7CA0-6450-9C81-18F473B3275A\" rel=\"nofollow noopener noreferrer\">API to SG</a>\u00a0</li></ul><p><strong>Identify</strong> when <a href=\"/links?type&#61;workstep&amp;workbook&#61;0EFAC136-43AD-ECB0-B557-31FBF861C134&amp;worksheet&#61;0EFAC1E3-212B-FD60-9805-B75FB33DC9C0&amp;workstep&#61;0EFAC1E3-2157-EC80-AE61-D836180DB8EE\" rel=\"nofollow noopener noreferrer\">process data deviates &#43;/- 30%</a> from the design pump curve. Pump curves can be plotted using <a target=\"_blank\" href=\"https://seeq12.github.io/seeq-plot-digitizer/introduction.html\" rel=\"nofollow noopener noreferrer\"><span style=\"color:hsl(210,75%,60%);\">Seeq Add-on tool, Plot Digitizer</span></a><br>(<i><strong>Do it! </strong>Create a notification for when the pump is not in normal operation</i>)</p><ul><li>Calculate Total Flow through the pump (discharge &#43; recirculation)</li><li>Using the pump curve data, calculate the design discharge pressure from the total flow</li><li>Create <a href=\"/links?type&#61;workstep&amp;workbook&#61;0EE7D980-C902-FBA0-AC0D-198BE318F400&amp;worksheet&#61;0EE7E57E-9CC2-F9F0-A676-F1C38C24077C&amp;workstep&#61;0EE7E598-5408-6010-8B75-B525811C74EC\" rel=\"nofollow noopener noreferrer\">&#43;/- 30% boundary limits</a> for design discharge pressure</li><li>Identify when <a href=\"/links?type&#61;workstep&amp;workbook&#61;0EE7D980-C902-FBA0-AC0D-198BE318F400&amp;worksheet&#61;0EE7E57E-9CC2-F9F0-A676-F1C38C24077C&amp;workstep&#61;0EE7E39E-C26D-EE70-BC25-F066D190C5A2\" rel=\"nofollow noopener noreferrer\">pump is operating outside of design window</a></li></ul><p><strong>Identify</strong> the indicators, <a href=\"/links?type&#61;workstep&amp;workbook&#61;0EFAC136-43AD-ECB0-B557-31FBF861C134&amp;worksheet&#61;0EFAC1E3-212B-FD60-9805-B75FB33DC9C0&amp;workstep&#61;0EFAC1E3-2157-EC80-82A1-EB7EAEC95AC5\" rel=\"nofollow noopener noreferrer\">unique operating modes</a>, based on deviation from the Best Efficiency Point (B.E.P. on reference image below). (<a href=\"/links?type&#61;workstep&amp;workbook&#61;0EFAC136-43AD-ECB0-B557-31FBF861C134&amp;worksheet&#61;0EFAC1E3-212B-FD60-9805-B75FB33DC9C0&amp;workstep&#61;0EFAC1E3-215C-EAA0-B9A0-37702C552391\" rel=\"nofollow noopener noreferrer\"><i>all indicators</i></a>)</p><p><img class=\"image_resized\" style=\"width:100%;\" src=\"/api/annotations/0EFAC1E3-2163-FFD0-ABBE-3374B4D6451B/images/image_v1.png\"></p><p><strong>Quantify </strong>the <a href=\"/links?type&#61;workstep&amp;workbook&#61;0EFAC136-43AD-ECB0-B557-31FBF861C134&amp;worksheet&#61;0EFAC1E3-212B-FD60-9805-B75FB33DC9C0&amp;workstep&#61;0EFAC1E3-215F-71B0-9CA0-6B8FE8A863F1\" rel=\"nofollow noopener noreferrer\">total duration of each indicator</a> on days of the year.</p>",
        "DocumentBackup\u02c9DEg3Lh5pLS4-lG84EjGXXXdzxhd1450vkLgiu8he2l8\u02c92024-11-26T17:54:00Z": "<h2><strong>Pump Health Monitoring</strong></h2><figure class=\"table\"><table class=\"ck-table-resized\" style=\"border-color:hsl(0, 0%, 100%);border-style:solid;\"><colgroup><col style=\"width:39.18%;\" /><col style=\"width:60.82%;\" /></colgroup><tbody><tr><td style=\"border-color:hsl(0, 0%, 100%);border-style:solid;\"><img src=\"/api/annotations/0EFAC1E3-2163-FFD0-ABBE-3374B4D6451B/images/image_v2.png\" alt=\"Flint Hills Resources Retains J.P. Morgan To Market Ingleside Crude Oil  Terminal\"></td><td style=\"border-color:hsl(0, 0%, 100%);border-style:solid;\"><h4><i>Flint Hills Resources used Seeq to </i><span style=\"color:hsl(210,75%,60%);\"><i><strong>deploy anomaly detectors across their fleet of over 4000 pieces of equipment</strong></i></span><i> and effectively triage these results, allowing them to </i><span style=\"color:hsl(210,75%,60%);\"><i><strong>predict failures early and enable profitable actions. </strong></i></span><span style=\"color:hsl(0,0%,0%);\"><i>Learn more </i></span><a target=\"_blank\" href=\"https://engage.seeq.com/conneqt-2023-recap/oil--gas/monitoring-at-scale-with-seeq---flint-hills-resources?w&#61;0207d\" rel=\"nofollow noopener noreferrer\"><span style=\"color:hsl(210,75%,60%);\"><i>here</i></span></a><span style=\"color:hsl(210,75%,60%);\"><i><strong>\u00a0</strong></i></span></h4></td></tr></tbody></table></figure><h4><strong>Problem Statement:</strong></h4><p>By identifying leading and lagging indicators of pump health and continuously monitor these indicator variables, poor performance can be detected and corrective actions can be taken.</p><p><a href=\"/links?type&#61;workstep&amp;workbook&#61;0EFAC136-43AD-ECB0-B557-31FBF861C134&amp;worksheet&#61;0EFAC1E3-212B-FD60-9805-B75FB33DC9C0&amp;workstep&#61;0EFAC1E3-2157-EC80-AE61-D836180DB8EE\" rel=\"nofollow noopener noreferrer\">Deviation from Pump Curve</a></p><h4><strong>Solution:</strong></h4><p><strong>Access </strong>the raw data, display the <a href=\"/links?type&#61;workstep&amp;workbook&#61;0EFAC136-43AD-ECB0-B557-31FBF861C134&amp;worksheet&#61;0EFAC1E3-212B-FD60-9805-B75FB33DC9C0&amp;workstep&#61;0EFAC1E3-2152-EE60-8750-D6A4BB5D39DB\" rel=\"nofollow noopener noreferrer\">pumps process signal</a>.</p><ul><li>Some signals that can be used to calculate KPIs providing insight into overall pump health might include: flow rates, discharge and suction pressures, suction temperature, upstream tank level (static head), vibration data, and pump status signals.\u00a0</li><li>Additional contextual data that can be helpful in evaluating pump performance might include: pump curve, pump data sheet, liquid properties, and failure or maintenance event data.\u00a0</li></ul><p><strong>Cleanse</strong> the raw signals by easily <a href=\"/links?type&#61;workstep&amp;workbook&#61;0EFAC136-43AD-ECB0-B557-31FBF861C134&amp;worksheet&#61;0EFAC1E3-212B-FD60-9805-B75FB33DC9C0&amp;workstep&#61;0EFAC1E3-2155-7570-9DE3-3FC5E1E2A356\" rel=\"nofollow noopener noreferrer\">removing the downtime and outliers</a>.</p><ul><li>Signal filtering can be applied to remove noise from signals. <span style=\"background-color:rgb(255,255,255);color:rgb(65,65,65);\">Outliers and downtime data should be removed from signals when calculating monitoring limits. Interpolation settings can be adjusted to leave gaps in the data during long outages and linearly interpolate through point outliers. Signals can be repaired to read zero when an unreasonable negative flow reading occurs.</span></li><li><span style=\"background-color:rgb(255,255,255);color:rgb(65,65,65);\">Identify </span><a href=\"/links?type&#61;condition&amp;item&#61;0EFAC1B3-E291-F930-BD95-9FDD1E392A31\" rel=\"nofollow noopener noreferrer\"><span style=\"background-color:rgb(255,255,255);\">downtimes or periods when the pump is not operating</span></a></li><li>Remove downtime data, outliers, smooth signals<ul><li><a href=\"/links?type&#61;signal&amp;item&#61;0EFAC1B4-E4E8-FD40-A561-101DC8F85E61\" rel=\"nofollow noopener noreferrer\">Suction Temperature</a></li><li><a href=\"/links?type&#61;signal&amp;item&#61;0EFAC1BC-BEF3-6240-A2C2-7B4C9E606202\" rel=\"nofollow noopener noreferrer\">Recirculation Flow</a></li><li><a href=\"/links?type&#61;signal&amp;item&#61;0EFAC1B7-C46E-6490-B781-253494CB8979\" rel=\"nofollow noopener noreferrer\">Discharge Pressure</a></li><li><a href=\"/links?type&#61;signal&amp;item&#61;0EFAC1BB-3CDD-6400-B33F-2AE710E825EA\" rel=\"nofollow noopener noreferrer\">Discharge Flow Rate</a></li></ul></li><li>Convert liquid property data, like <a href=\"/links?type&#61;signal&amp;item&#61;0EFAC1BD-7CA0-6450-9C81-18F473B3275A\" rel=\"nofollow noopener noreferrer\">API to SG</a>\u00a0</li></ul><p><strong>Identify</strong> when <a href=\"/links?type&#61;workstep&amp;workbook&#61;0EFAC136-43AD-ECB0-B557-31FBF861C134&amp;worksheet&#61;0EFAC1E3-212B-FD60-9805-B75FB33DC9C0&amp;workstep&#61;0EFAC1E3-2157-EC80-AE61-D836180DB8EE\" rel=\"nofollow noopener noreferrer\">process data deviates &#43;/- 30%</a> from the design pump curve. Pump curves can be plotted using <a target=\"_blank\" href=\"https://seeq12.github.io/seeq-plot-digitizer/introduction.html\" rel=\"nofollow noopener noreferrer\"><span style=\"color:hsl(210,75%,60%);\">Seeq Add-on tool, Plot Digitizer</span></a><br>(<i><strong>Do it! </strong>Create a notification for when the pump is not in normal operation</i>)</p><ul><li>Calculate Total Flow through the pump (discharge &#43; recirculation)</li><li>Using the pump curve data, calculate the design discharge pressure from the total flow</li><li>Create <a href=\"/links?type&#61;workstep&amp;workbook&#61;0EFAC136-43AD-ECB0-B557-31FBF861C134&amp;worksheet&#61;0EFAC1E3-212B-FD60-9805-B75FB33DC9C0&amp;workstep&#61;0EFAC1F8-282D-6270-95B6-0DACAD924C1D\" rel=\"nofollow noopener noreferrer\">&#43;/- 30% boundary limits</a> for design discharge pressure</li><li>Identify when <a href=\"/links?type&#61;condition&amp;item&#61;0EFAC1C4-7AFC-ECA0-9FE2-862A4CE2F4D6\" rel=\"nofollow noopener noreferrer\">pump is operating outside of design window</a></li></ul><p><strong>Identify</strong> the indicators, <a href=\"/links?type&#61;workstep&amp;workbook&#61;0EFAC136-43AD-ECB0-B557-31FBF861C134&amp;worksheet&#61;0EFAC1E3-212B-FD60-9805-B75FB33DC9C0&amp;workstep&#61;0EFAC1E3-2157-EC80-82A1-EB7EAEC95AC5\" rel=\"nofollow noopener noreferrer\">unique operating modes</a>, based on deviation from the Best Efficiency Point (B.E.P. on reference image below). (<a href=\"/links?type&#61;workstep&amp;workbook&#61;0EFAC136-43AD-ECB0-B557-31FBF861C134&amp;worksheet&#61;0EFAC1E3-212B-FD60-9805-B75FB33DC9C0&amp;workstep&#61;0EFAC1E3-215C-EAA0-B9A0-37702C552391\" rel=\"nofollow noopener noreferrer\"><i>all indicators</i></a>)</p><p><img class=\"image_resized\" style=\"width:100%;\" src=\"/api/annotations/0EFAC1E3-2163-FFD0-ABBE-3374B4D6451B/images/image_v1.png\"></p><p><strong>Quantify </strong>the <a href=\"/links?type&#61;workstep&amp;workbook&#61;0EFAC136-43AD-ECB0-B557-31FBF861C134&amp;worksheet&#61;0EFAC1E3-212B-FD60-9805-B75FB33DC9C0&amp;workstep&#61;0EFAC1E3-215F-71B0-9CA0-6B8FE8A863F1\" rel=\"nofollow noopener noreferrer\">total duration of each indicator</a> on days of the year.</p>",
        "DocumentBackup\u02c9DEg3Lh5pLS4-lG84EjGXXXdzxhd1450vkLgiu8he2l8\u02c92024-11-26T17:55:00Z": "<h2><strong>Pump Health Monitoring</strong></h2><figure class=\"table\"><table class=\"ck-table-resized\" style=\"border-color:hsl(0, 0%, 100%);border-style:solid;\"><colgroup><col style=\"width:39.18%;\" /><col style=\"width:60.82%;\" /></colgroup><tbody><tr><td style=\"border-color:hsl(0, 0%, 100%);border-style:solid;\"><img src=\"/api/annotations/0EFAC1E3-2163-FFD0-ABBE-3374B4D6451B/images/image_v2.png\" alt=\"Flint Hills Resources Retains J.P. Morgan To Market Ingleside Crude Oil  Terminal\"></td><td style=\"border-color:hsl(0, 0%, 100%);border-style:solid;\"><h4><i>Flint Hills Resources used Seeq to </i><span style=\"color:hsl(210,75%,60%);\"><i><strong>deploy anomaly detectors across their fleet of over 4000 pieces of equipment</strong></i></span><i> and effectively triage these results, allowing them to </i><span style=\"color:hsl(210,75%,60%);\"><i><strong>predict failures early and enable profitable actions. </strong></i></span><span style=\"color:hsl(0,0%,0%);\"><i>Learn more </i></span><a target=\"_blank\" href=\"https://engage.seeq.com/conneqt-2023-recap/oil--gas/monitoring-at-scale-with-seeq---flint-hills-resources?w&#61;0207d\" rel=\"nofollow noopener noreferrer\"><span style=\"color:hsl(210,75%,60%);\"><i>here</i></span></a><span style=\"color:hsl(210,75%,60%);\"><i><strong>\u00a0</strong></i></span></h4></td></tr></tbody></table></figure><h4><strong>Problem Statement:</strong></h4><p>By identifying leading and lagging indicators of pump health and continuously monitor these indicator variables, poor performance can be detected and corrective actions can be taken.</p><p><a href=\"/links?type&#61;workstep&amp;workbook&#61;0EFAC136-43AD-ECB0-B557-31FBF861C134&amp;worksheet&#61;0EFAC1E3-212B-FD60-9805-B75FB33DC9C0&amp;workstep&#61;0EFAC1E3-2157-EC80-AE61-D836180DB8EE\" rel=\"nofollow noopener noreferrer\">Deviation from Pump Curve</a></p><h4><strong>Solution:</strong></h4><p><strong>Access </strong>the raw data, display the <a href=\"/links?type&#61;workstep&amp;workbook&#61;0EFAC136-43AD-ECB0-B557-31FBF861C134&amp;worksheet&#61;0EFAC1E3-212B-FD60-9805-B75FB33DC9C0&amp;workstep&#61;0EFAC1E3-2152-EE60-8750-D6A4BB5D39DB\" rel=\"nofollow noopener noreferrer\">pumps process signal</a>.</p><ul><li>Some signals that can be used to calculate KPIs providing insight into overall pump health might include: flow rates, discharge and suction pressures, suction temperature, upstream tank level (static head), vibration data, and pump status signals.\u00a0</li><li>Additional contextual data that can be helpful in evaluating pump performance might include: pump curve, pump data sheet, liquid properties, and failure or maintenance event data.\u00a0</li></ul><p><strong>Cleanse</strong> the raw signals by easily <a href=\"/links?type&#61;workstep&amp;workbook&#61;0EFAC136-43AD-ECB0-B557-31FBF861C134&amp;worksheet&#61;0EFAC1E3-212B-FD60-9805-B75FB33DC9C0&amp;workstep&#61;0EFAC1E3-2155-7570-9DE3-3FC5E1E2A356\" rel=\"nofollow noopener noreferrer\">removing the downtime and outliers</a>.</p><ul><li>Signal filtering can be applied to remove noise from signals. <span style=\"background-color:rgb(255,255,255);color:rgb(65,65,65);\">Outliers and downtime data should be removed from signals when calculating monitoring limits. Interpolation settings can be adjusted to leave gaps in the data during long outages and linearly interpolate through point outliers. Signals can be repaired to read zero when an unreasonable negative flow reading occurs.</span></li><li><span style=\"background-color:rgb(255,255,255);color:rgb(65,65,65);\">Identify </span><a href=\"/links?type&#61;condition&amp;item&#61;0EFAC1B3-E291-F930-BD95-9FDD1E392A31\" rel=\"nofollow noopener noreferrer\"><span style=\"background-color:rgb(255,255,255);\">downtimes or periods when the pump is not operating</span></a></li><li>Remove downtime data, outliers, smooth signals<ul><li><a href=\"/links?type&#61;signal&amp;item&#61;0EFAC1B4-E4E8-FD40-A561-101DC8F85E61\" rel=\"nofollow noopener noreferrer\">Suction Temperature</a></li><li><a href=\"/links?type&#61;signal&amp;item&#61;0EFAC1BC-BEF3-6240-A2C2-7B4C9E606202\" rel=\"nofollow noopener noreferrer\">Recirculation Flow</a></li><li><a href=\"/links?type&#61;signal&amp;item&#61;0EFAC1B7-C46E-6490-B781-253494CB8979\" rel=\"nofollow noopener noreferrer\">Discharge Pressure</a></li><li><a href=\"/links?type&#61;signal&amp;item&#61;0EFAC1BB-3CDD-6400-B33F-2AE710E825EA\" rel=\"nofollow noopener noreferrer\">Discharge Flow Rate</a></li></ul></li><li>Convert liquid property data, like <a href=\"/links?type&#61;signal&amp;item&#61;0EFAC1BD-7CA0-6450-9C81-18F473B3275A\" rel=\"nofollow noopener noreferrer\">API to SG</a>\u00a0</li></ul><p><strong>Identify</strong> when <a href=\"/links?type&#61;workstep&amp;workbook&#61;0EFAC136-43AD-ECB0-B557-31FBF861C134&amp;worksheet&#61;0EFAC1E3-212B-FD60-9805-B75FB33DC9C0&amp;workstep&#61;0EFAC1E3-2157-EC80-AE61-D836180DB8EE\" rel=\"nofollow noopener noreferrer\">process data deviates &#43;/- 30%</a> from the design pump curve. Pump curves can be plotted using <a target=\"_blank\" href=\"https://seeq12.github.io/seeq-plot-digitizer/introduction.html\" rel=\"nofollow noopener noreferrer\"><span style=\"color:hsl(210,75%,60%);\">Seeq Add-on tool, Plot Digitizer</span></a><br>(<i><strong>Do it! </strong>Create a notification for when the pump is not in normal operation</i>)</p><ul><li>Calculate Total Flow through the pump (discharge &#43; recirculation)</li><li>Using the pump curve data, calculate the <a href=\"/links?type&#61;signal&amp;item&#61;0EFAC1BF-C3A7-EA40-9104-6D84A4E96F2E\" rel=\"nofollow noopener noreferrer\">design discharge pressure</a> from the total flow</li><li>Create <a href=\"/links?type&#61;metric&amp;item&#61;0EFAC1C3-6F28-7560-8E98-B90B3FCEE830\" rel=\"nofollow noopener noreferrer\">&#43;/- 30% boundary limits</a> for design discharge pressure</li><li>Identify when <a href=\"/links?type&#61;condition&amp;item&#61;0EFAC1C4-7AFC-ECA0-9FE2-862A4CE2F4D6\" rel=\"nofollow noopener noreferrer\">pump is operating outside of design window</a></li></ul><p><strong>Identify</strong> the indicators, <a href=\"/links?type&#61;workstep&amp;workbook&#61;0EFAC136-43AD-ECB0-B557-31FBF861C134&amp;worksheet&#61;0EFAC1E3-212B-FD60-9805-B75FB33DC9C0&amp;workstep&#61;0EFAC1E3-2157-EC80-82A1-EB7EAEC95AC5\" rel=\"nofollow noopener noreferrer\">unique operating modes</a>, based on deviation from the Best Efficiency Point (B.E.P. on reference image below). (<a href=\"/links?type&#61;workstep&amp;workbook&#61;0EFAC136-43AD-ECB0-B557-31FBF861C134&amp;worksheet&#61;0EFAC1E3-212B-FD60-9805-B75FB33DC9C0&amp;workstep&#61;0EFAC1E3-215C-EAA0-B9A0-37702C552391\" rel=\"nofollow noopener noreferrer\"><i>all indicators</i></a>)</p><p><img class=\"image_resized\" style=\"width:100%;\" src=\"/api/annotations/0EFAC1E3-2163-FFD0-ABBE-3374B4D6451B/images/image_v1.png\"></p><p><strong>Quantify </strong>the <a href=\"/links?type&#61;workstep&amp;workbook&#61;0EFAC136-43AD-ECB0-B557-31FBF861C134&amp;worksheet&#61;0EFAC1E3-212B-FD60-9805-B75FB33DC9C0&amp;workstep&#61;0EFAC1E3-215F-71B0-9CA0-6B8FE8A863F1\" rel=\"nofollow noopener noreferrer\">total duration of each indicator</a> on days of the year.</p>",
        "DocumentBackup\u02c9DEg3Lh5pLS4-lG84EjGXXXdzxhd1450vkLgiu8he2l8\u02c92024-11-26T17:56:00Z": "<h2><strong>Pump Health Monitoring</strong></h2><figure class=\"table\"><table class=\"ck-table-resized\" style=\"border-color:hsl(0, 0%, 100%);border-style:solid;\"><colgroup><col style=\"width:39.18%;\" /><col style=\"width:60.82%;\" /></colgroup><tbody><tr><td style=\"border-color:hsl(0, 0%, 100%);border-style:solid;\"><img src=\"/api/annotations/0EFAC1E3-2163-FFD0-ABBE-3374B4D6451B/images/image_v2.png\" alt=\"Flint Hills Resources Retains J.P. Morgan To Market Ingleside Crude Oil  Terminal\"></td><td style=\"border-color:hsl(0, 0%, 100%);border-style:solid;\"><h4><i>Flint Hills Resources used Seeq to </i><span style=\"color:hsl(210,75%,60%);\"><i><strong>deploy anomaly detectors across their fleet of over 4000 pieces of equipment</strong></i></span><i> and effectively triage these results, allowing them to </i><span style=\"color:hsl(210,75%,60%);\"><i><strong>predict failures early and enable profitable actions. </strong></i></span><span style=\"color:hsl(0,0%,0%);\"><i>Learn more </i></span><a target=\"_blank\" href=\"https://engage.seeq.com/conneqt-2023-recap/oil--gas/monitoring-at-scale-with-seeq---flint-hills-resources?w&#61;0207d\" rel=\"nofollow noopener noreferrer\"><span style=\"color:hsl(210,75%,60%);\"><i>here</i></span></a><span style=\"color:hsl(210,75%,60%);\"><i><strong>\u00a0</strong></i></span></h4></td></tr></tbody></table></figure><h4><strong>Problem Statement:</strong></h4><p>By identifying leading and lagging indicators of pump health and continuously monitor these indicator variables, poor performance can be detected and corrective actions can be taken.</p><p><a href=\"/links?type&#61;workstep&amp;workbook&#61;0EFAC136-43AD-ECB0-B557-31FBF861C134&amp;worksheet&#61;0EFAC1E3-212B-FD60-9805-B75FB33DC9C0&amp;workstep&#61;0EFAC1E3-2157-EC80-AE61-D836180DB8EE\" rel=\"nofollow noopener noreferrer\">Deviation from Pump Curve</a></p><h4><strong>Solution:</strong></h4><p><strong>Access </strong>the raw data, display the <a href=\"/links?type&#61;workstep&amp;workbook&#61;0EFAC136-43AD-ECB0-B557-31FBF861C134&amp;worksheet&#61;0EFAC1E3-212B-FD60-9805-B75FB33DC9C0&amp;workstep&#61;0EFAC1E3-2152-EE60-8750-D6A4BB5D39DB\" rel=\"nofollow noopener noreferrer\">pumps process signal</a>.</p><ul><li>Some signals that can be used to calculate KPIs providing insight into overall pump health might include: flow rates, discharge and suction pressures, suction temperature, upstream tank level (static head), vibration data, and pump status signals.\u00a0</li><li>Additional contextual data that can be helpful in evaluating pump performance might include: pump curve, pump data sheet, liquid properties, and failure or maintenance event data.\u00a0</li></ul><p><strong>Cleanse</strong> the raw signals by easily <a href=\"/links?type&#61;workstep&amp;workbook&#61;0EFAC136-43AD-ECB0-B557-31FBF861C134&amp;worksheet&#61;0EFAC1E3-212B-FD60-9805-B75FB33DC9C0&amp;workstep&#61;0EFAC1E3-2155-7570-9DE3-3FC5E1E2A356\" rel=\"nofollow noopener noreferrer\">removing the downtime and outliers</a>.</p><ul><li>Signal filtering can be applied to remove noise from signals. <span style=\"background-color:rgb(255,255,255);color:rgb(65,65,65);\">Outliers and downtime data should be removed from signals when calculating monitoring limits. Interpolation settings can be adjusted to leave gaps in the data during long outages and linearly interpolate through point outliers. Signals can be repaired to read zero when an unreasonable negative flow reading occurs.</span></li><li><span style=\"background-color:rgb(255,255,255);color:rgb(65,65,65);\">Identify </span><a href=\"/links?type&#61;condition&amp;item&#61;0EFAC1B3-E291-F930-BD95-9FDD1E392A31\" rel=\"nofollow noopener noreferrer\"><span style=\"background-color:rgb(255,255,255);\">downtimes or periods when the pump is not operating</span></a></li><li>Remove downtime data, outliers, smooth signals<ul><li><a href=\"/links?type&#61;signal&amp;item&#61;0EFAC1B4-E4E8-FD40-A561-101DC8F85E61\" rel=\"nofollow noopener noreferrer\">Suction Temperature</a></li><li><a href=\"/links?type&#61;signal&amp;item&#61;0EFAC1BC-BEF3-6240-A2C2-7B4C9E606202\" rel=\"nofollow noopener noreferrer\">Recirculation Flow</a></li><li><a href=\"/links?type&#61;signal&amp;item&#61;0EFAC1B7-C46E-6490-B781-253494CB8979\" rel=\"nofollow noopener noreferrer\">Discharge Pressure</a></li><li><a href=\"/links?type&#61;signal&amp;item&#61;0EFAC1BB-3CDD-6400-B33F-2AE710E825EA\" rel=\"nofollow noopener noreferrer\">Discharge Flow Rate</a></li></ul></li><li>Convert liquid property data, like <a href=\"/links?type&#61;signal&amp;item&#61;0EFAC1BD-7CA0-6450-9C81-18F473B3275A\" rel=\"nofollow noopener noreferrer\">API to SG</a>\u00a0</li></ul><p><strong>Identify</strong> when <a href=\"/links?type&#61;workstep&amp;workbook&#61;0EFAC136-43AD-ECB0-B557-31FBF861C134&amp;worksheet&#61;0EFAC1E3-212B-FD60-9805-B75FB33DC9C0&amp;workstep&#61;0EFAC1E3-2157-EC80-AE61-D836180DB8EE\" rel=\"nofollow noopener noreferrer\">process data deviates &#43;/- 30%</a> from the design pump curve. Pump curves can be plotted using <a target=\"_blank\" href=\"https://seeq12.github.io/seeq-plot-digitizer/introduction.html\" rel=\"nofollow noopener noreferrer\"><span style=\"color:hsl(210,75%,60%);\">Seeq Add-on tool, Plot Digitizer</span></a><br>(<i><strong>Do it! </strong>Create a notification for when the pump is not in normal operation</i>)</p><ul><li>Calculate <a href=\"/links?type&#61;signal&amp;item&#61;0EFAC1BE-8BDC-64E0-AAD3-C422E984B383\" rel=\"nofollow noopener noreferrer\">Total Flow</a> through the pump (discharge &#43; recirculation)</li><li>Using the pump curve data, calculate the <a href=\"/links?type&#61;signal&amp;item&#61;0EFAC1BF-C3A7-EA40-9104-6D84A4E96F2E\" rel=\"nofollow noopener noreferrer\">design discharge pressure</a> from the total flow</li><li>Create <a href=\"/links?type&#61;metric&amp;item&#61;0EFAC1C3-6F28-7560-8E98-B90B3FCEE830\" rel=\"nofollow noopener noreferrer\">&#43;/- 30% boundary limits</a> for design discharge pressure</li><li>Identify when <a href=\"/links?type&#61;condition&amp;item&#61;0EFAC1C4-7AFC-ECA0-9FE2-862A4CE2F4D6\" rel=\"nofollow noopener noreferrer\">pump is operating outside of design window</a></li></ul><p><strong>Identify</strong> the indicators, <a href=\"/links?type&#61;workstep&amp;workbook&#61;0EFAC136-43AD-ECB0-B557-31FBF861C134&amp;worksheet&#61;0EFAC1E3-212B-FD60-9805-B75FB33DC9C0&amp;workstep&#61;0EFAC1E3-2157-EC80-82A1-EB7EAEC95AC5\" rel=\"nofollow noopener noreferrer\">unique operating modes</a>, based on deviation from the Best Efficiency Point (B.E.P. on reference image below). (<a href=\"/links?type&#61;workstep&amp;workbook&#61;0EFAC136-43AD-ECB0-B557-31FBF861C134&amp;worksheet&#61;0EFAC1E3-212B-FD60-9805-B75FB33DC9C0&amp;workstep&#61;0EFAC1E3-215C-EAA0-B9A0-37702C552391\" rel=\"nofollow noopener noreferrer\"><i>all indicators</i></a>)</p><ul><li>With pump curve/design operation incorporated into Seeq, we can begin to define other operating modes based on deviation from the Best Efficiency Point (B.E.P. on image below).</li></ul><p><img class=\"image_resized\" style=\"width:100%;\" src=\"/api/annotations/0EFAC1E3-2163-FFD0-ABBE-3374B4D6451B/images/image_v1.png\"></p><ul><li><span style=\"background-color:rgb(255,255,255);color:rgb(51,51,51);\">Based on pump curve, the best operating point is at flowrate of 290 GPM (9942.86 bbl/day)which corresponds with 8100 ft . \u00a0Normal operating mode \u00a0is usually around \u00b110% BEP flowrate (8948 \u00a0to 10937 bbl/day) . Other operating modes are identified based on how far the pump is being operating at from BEP.</span>\u00a0<ul><li>High Temp Rise (less than 3977bbl/d)</li><li>Low Flow Cavitation (3977 to 4971 bbl/d)</li><li>Low bearing/seal life (low flow) (4971 to 5966 bbl/d)</li><li><a href=\"/links?type&#61;condition&amp;item&#61;0EE7E3E3-6276-EE50-9730-13A40AB9D395\" rel=\"nofollow noopener noreferrer\">Reduced impeller life</a> (5966 to 6960 bbl/d)</li><li><a href=\"/links?type&#61;condition&amp;item&#61;0EE7E4E4-431F-EE60-8D25-70BC1BE22FEA\" rel=\"nofollow noopener noreferrer\">Suction recirculation</a> (6960 to7954 bbl/d)</li><li><a href=\"/links?type&#61;condition&amp;item&#61;0EE7E4E4-F1B9-62A0-B7B5-BB60D72C7005\" rel=\"nofollow noopener noreferrer\">Discharge recirculation</a> ( 7954 to 8948 bbl/d)</li><li><a href=\"/links?type&#61;condition&amp;item&#61;0EE7E4E5-9E4A-6690-A213-02AFF92AD446\" rel=\"nofollow noopener noreferrer\">Low bearing/seal life (high flow)</a> (10937 to 11931 bbl/d)</li><li><a href=\"/links?type&#61;condition&amp;item&#61;0EE7E4E8-2269-66E0-8BA1-963F1D2EE0C4\" rel=\"nofollow noopener noreferrer\">High flow cavitation</a>\u00a0 (higher than 11931 bbl/d)</li><li><a href=\"/links?type&#61;condition&amp;item&#61;0EE7E4EB-78BB-77C0-BB10-AF997CFA3B6A\" rel=\"nofollow noopener noreferrer\">Cavitation due to low NPSH</a></li><li><a href=\"/links?type&#61;condition&amp;item&#61;0EE7E4EC-D7B1-EAD0-BF6B-169AB963846A\" rel=\"nofollow noopener noreferrer\">Normal operation</a> (8948 \u00a0to 10937 bbl/day)</li></ul></li></ul><p><strong>Quantify </strong>the <a href=\"/links?type&#61;workstep&amp;workbook&#61;0EFAC136-43AD-ECB0-B557-31FBF861C134&amp;worksheet&#61;0EFAC1E3-212B-FD60-9805-B75FB33DC9C0&amp;workstep&#61;0EFAC1E3-215F-71B0-9CA0-6B8FE8A863F1\" rel=\"nofollow noopener noreferrer\">total duration of each indicator</a> on days of the year.</p>",
        "DocumentBackup\u02c9DEg3Lh5pLS4-lG84EjGXXXdzxhd1450vkLgiu8he2l8\u02c92024-11-26T17:57:00Z": "<h2><strong>Pump Health Monitoring</strong></h2><figure class=\"table\"><table class=\"ck-table-resized\" style=\"border-color:hsl(0, 0%, 100%);border-style:solid;\"><colgroup><col style=\"width:39.18%;\" /><col style=\"width:60.82%;\" /></colgroup><tbody><tr><td style=\"border-color:hsl(0, 0%, 100%);border-style:solid;\"><img src=\"/api/annotations/0EFAC1E3-2163-FFD0-ABBE-3374B4D6451B/images/image_v2.png\" alt=\"Flint Hills Resources Retains J.P. Morgan To Market Ingleside Crude Oil  Terminal\"></td><td style=\"border-color:hsl(0, 0%, 100%);border-style:solid;\"><h4><i>Flint Hills Resources used Seeq to </i><span style=\"color:hsl(210,75%,60%);\"><i><strong>deploy anomaly detectors across their fleet of over 4000 pieces of equipment</strong></i></span><i> and effectively triage these results, allowing them to </i><span style=\"color:hsl(210,75%,60%);\"><i><strong>predict failures early and enable profitable actions. </strong></i></span><span style=\"color:hsl(0,0%,0%);\"><i>Learn more </i></span><a target=\"_blank\" href=\"https://engage.seeq.com/conneqt-2023-recap/oil--gas/monitoring-at-scale-with-seeq---flint-hills-resources?w&#61;0207d\" rel=\"nofollow noopener noreferrer\"><span style=\"color:hsl(210,75%,60%);\"><i>here</i></span></a><span style=\"color:hsl(210,75%,60%);\"><i><strong>\u00a0</strong></i></span></h4></td></tr></tbody></table></figure><h4><strong>Problem Statement:</strong></h4><p>By identifying leading and lagging indicators of pump health and continuously monitor these indicator variables, poor performance can be detected and corrective actions can be taken.</p><p><a href=\"/links?type&#61;workstep&amp;workbook&#61;0EFAC136-43AD-ECB0-B557-31FBF861C134&amp;worksheet&#61;0EFAC1E3-212B-FD60-9805-B75FB33DC9C0&amp;workstep&#61;0EFAC1E3-2157-EC80-AE61-D836180DB8EE\" rel=\"nofollow noopener noreferrer\">Deviation from Pump Curve</a></p><h4><strong>Solution:</strong></h4><p><strong>Access </strong>the raw data, display the <a href=\"/links?type&#61;workstep&amp;workbook&#61;0EFAC136-43AD-ECB0-B557-31FBF861C134&amp;worksheet&#61;0EFAC1E3-212B-FD60-9805-B75FB33DC9C0&amp;workstep&#61;0EFAC1E3-2152-EE60-8750-D6A4BB5D39DB\" rel=\"nofollow noopener noreferrer\">pumps process signal</a>.</p><ul><li>Some signals that can be used to calculate KPIs providing insight into overall pump health might include: flow rates, discharge and suction pressures, suction temperature, upstream tank level (static head), vibration data, and pump status signals.\u00a0</li><li>Additional contextual data that can be helpful in evaluating pump performance might include: pump curve, pump data sheet, liquid properties, and failure or maintenance event data.\u00a0</li></ul><p><strong>Cleanse</strong> the raw signals by easily <a href=\"/links?type&#61;workstep&amp;workbook&#61;0EFAC136-43AD-ECB0-B557-31FBF861C134&amp;worksheet&#61;0EFAC1E3-212B-FD60-9805-B75FB33DC9C0&amp;workstep&#61;0EFAC1E3-2155-7570-9DE3-3FC5E1E2A356\" rel=\"nofollow noopener noreferrer\">removing the downtime and outliers</a>.</p><ul><li>Signal filtering can be applied to remove noise from signals. <span style=\"background-color:rgb(255,255,255);color:rgb(65,65,65);\">Outliers and downtime data should be removed from signals when calculating monitoring limits. Interpolation settings can be adjusted to leave gaps in the data during long outages and linearly interpolate through point outliers. Signals can be repaired to read zero when an unreasonable negative flow reading occurs.</span></li><li><span style=\"background-color:rgb(255,255,255);color:rgb(65,65,65);\">Identify </span><a href=\"/links?type&#61;condition&amp;item&#61;0EFAC1B3-E291-F930-BD95-9FDD1E392A31\" rel=\"nofollow noopener noreferrer\"><span style=\"background-color:rgb(255,255,255);\">downtimes or periods when the pump is not operating</span></a></li><li>Remove downtime data, outliers, smooth signals<ul><li><a href=\"/links?type&#61;signal&amp;item&#61;0EFAC1B4-E4E8-FD40-A561-101DC8F85E61\" rel=\"nofollow noopener noreferrer\">Suction Temperature</a></li><li><a href=\"/links?type&#61;signal&amp;item&#61;0EFAC1BC-BEF3-6240-A2C2-7B4C9E606202\" rel=\"nofollow noopener noreferrer\">Recirculation Flow</a></li><li><a href=\"/links?type&#61;signal&amp;item&#61;0EFAC1B7-C46E-6490-B781-253494CB8979\" rel=\"nofollow noopener noreferrer\">Discharge Pressure</a></li><li><a href=\"/links?type&#61;signal&amp;item&#61;0EFAC1BB-3CDD-6400-B33F-2AE710E825EA\" rel=\"nofollow noopener noreferrer\">Discharge Flow Rate</a></li></ul></li><li>Convert liquid property data, like <a href=\"/links?type&#61;signal&amp;item&#61;0EFAC1BD-7CA0-6450-9C81-18F473B3275A\" rel=\"nofollow noopener noreferrer\">API to SG</a>\u00a0</li></ul><p><strong>Identify</strong> when <a href=\"/links?type&#61;workstep&amp;workbook&#61;0EFAC136-43AD-ECB0-B557-31FBF861C134&amp;worksheet&#61;0EFAC1E3-212B-FD60-9805-B75FB33DC9C0&amp;workstep&#61;0EFAC1E3-2157-EC80-AE61-D836180DB8EE\" rel=\"nofollow noopener noreferrer\">process data deviates &#43;/- 30%</a> from the design pump curve. Pump curves can be plotted using <a target=\"_blank\" href=\"https://seeq12.github.io/seeq-plot-digitizer/introduction.html\" rel=\"nofollow noopener noreferrer\"><span style=\"color:hsl(210,75%,60%);\">Seeq Add-on tool, Plot Digitizer</span></a><br>(<i><strong>Do it! </strong>Create a notification for when the pump is not in normal operation</i>)</p><ul><li>Calculate <a href=\"/links?type&#61;signal&amp;item&#61;0EFAC1BE-8BDC-64E0-AAD3-C422E984B383\" rel=\"nofollow noopener noreferrer\">Total Flow</a> through the pump (discharge &#43; recirculation)</li><li>Using the pump curve data, calculate the <a href=\"/links?type&#61;signal&amp;item&#61;0EFAC1BF-C3A7-EA40-9104-6D84A4E96F2E\" rel=\"nofollow noopener noreferrer\">design discharge pressure</a> from the total flow</li><li>Create <a href=\"/links?type&#61;metric&amp;item&#61;0EFAC1C3-6F28-7560-8E98-B90B3FCEE830\" rel=\"nofollow noopener noreferrer\">&#43;/- 30% boundary limits</a> for design discharge pressure</li><li>Identify when <a href=\"/links?type&#61;condition&amp;item&#61;0EFAC1C4-7AFC-ECA0-9FE2-862A4CE2F4D6\" rel=\"nofollow noopener noreferrer\">pump is operating outside of design window</a></li></ul><p><strong>Identify</strong> the indicators, <a href=\"/links?type&#61;workstep&amp;workbook&#61;0EFAC136-43AD-ECB0-B557-31FBF861C134&amp;worksheet&#61;0EFAC1E3-212B-FD60-9805-B75FB33DC9C0&amp;workstep&#61;0EFAC1E3-2157-EC80-82A1-EB7EAEC95AC5\" rel=\"nofollow noopener noreferrer\">unique operating modes</a>, based on deviation from the Best Efficiency Point (B.E.P. on reference image below). (<a href=\"/links?type&#61;workstep&amp;workbook&#61;0EFAC136-43AD-ECB0-B557-31FBF861C134&amp;worksheet&#61;0EFAC1E3-212B-FD60-9805-B75FB33DC9C0&amp;workstep&#61;0EFAC1E3-215C-EAA0-B9A0-37702C552391\" rel=\"nofollow noopener noreferrer\"><i>all indicators</i></a>)</p><ul><li>With pump curve/design operation incorporated into Seeq, we can begin to define other operating modes based on deviation from the Best Efficiency Point (B.E.P. on image below).</li></ul><p><img class=\"image_resized\" style=\"width:100%;\" src=\"/api/annotations/0EFAC1E3-2163-FFD0-ABBE-3374B4D6451B/images/image_v1.png\"></p><ul><li><span style=\"background-color:rgb(255,255,255);color:rgb(51,51,51);\">Based on pump curve, the best operating point is at flowrate of 290 GPM (9942.86 bbl/day)which corresponds with 8100 ft . \u00a0Normal operating mode \u00a0is usually around \u00b110% BEP flowrate (8948 \u00a0to 10937 bbl/day) . Other operating modes are identified based on how far the pump is being operating at from BEP.</span>\u00a0<ul><li><a href=\"/links?type&#61;condition&amp;item&#61;0EFAC1CC-967A-7790-ACDD-BA9A1232E048\" rel=\"nofollow noopener noreferrer\">High Temp Rise</a> (less than 3977bbl/d)</li><li><a href=\"/links?type&#61;condition&amp;item&#61;0EFAC1D2-AE75-FF10-BD66-65CCF8A52388\" rel=\"nofollow noopener noreferrer\">Low Flow Cavitation</a> (3977 to 4971 bbl/d)</li><li><a href=\"/links?type&#61;condition&amp;item&#61;0EFAC1D3-17F4-EC70-B345-E97510A61FE2\" rel=\"nofollow noopener noreferrer\">Low bearing/seal life (low flow)</a> (4971 to 5966 bbl/d)</li><li><a href=\"/links?type&#61;condition&amp;item&#61;0EFAC1CA-AE54-EA70-939E-0BA1CDD57DF8\" rel=\"nofollow noopener noreferrer\">Reduced impeller life</a> (5966 to 6960 bbl/d)</li><li><a href=\"/links?type&#61;condition&amp;item&#61;0EFAC1D3-C1B8-6400-943A-19AD0F4989BA\" rel=\"nofollow noopener noreferrer\">Suction recirculation</a> (6960 to7954 bbl/d)</li><li><a href=\"/links?type&#61;condition&amp;item&#61;0EFAC1D4-8C60-6220-9F96-0DC340A601AA\" rel=\"nofollow noopener noreferrer\">Discharge recirculation</a> ( 7954 to 8948 bbl/d)</li><li><a href=\"/links?type&#61;condition&amp;item&#61;0EFAC1D5-2326-EC40-A61F-00497F5D86F8\" rel=\"nofollow noopener noreferrer\">Low bearing/seal life (high flow)</a> (10937 to 11931 bbl/d)</li><li><a href=\"/links?type&#61;condition&amp;item&#61;0EFAC1D5-C12C-FDE0-81F5-C396B8889F43\" rel=\"nofollow noopener noreferrer\">High flow cavitation</a>\u00a0 (higher than 11931 bbl/d)</li><li><a href=\"/links?type&#61;condition&amp;item&#61;0EFAC1D7-55D4-62D0-9014-0A50C061A5E6\" rel=\"nofollow noopener noreferrer\">Cavitation due to low NPSH</a></li><li>Normal operation (8948 \u00a0to 10937 bbl/day)</li></ul></li></ul><p><strong>Quantify </strong>the <a href=\"/links?type&#61;workstep&amp;workbook&#61;0EFAC136-43AD-ECB0-B557-31FBF861C134&amp;worksheet&#61;0EFAC1E3-212B-FD60-9805-B75FB33DC9C0&amp;workstep&#61;0EFAC1E3-215F-71B0-9CA0-6B8FE8A863F1\" rel=\"nofollow noopener noreferrer\">total duration of each indicator</a> on days of the year.</p>",
        "DocumentBackup\u02c9system\u02c92024-11-26T17:45:00Z": "<h2><strong>Pump Health Monitoring</strong></h2><figure class=\"table\"><table class=\"ck-table-resized\" style=\"border-color:hsl(0, 0%, 100%);border-style:solid;\"><colgroup><col style=\"width:39.18%;\" /><col style=\"width:60.82%;\" /></colgroup><tbody><tr><td style=\"border-color:hsl(0, 0%, 100%);border-style:solid;\"><img src=\"/api/annotations/0EFAC1E3-2163-FFD0-ABBE-3374B4D6451B/images/image_v2.png\" alt=\"Flint Hills Resources Retains J.P. Morgan To Market Ingleside Crude Oil  Terminal\"></td><td style=\"border-color:hsl(0, 0%, 100%);border-style:solid;\"><h4><i>Flint Hills Resources used Seeq to </i><span style=\"color:hsl(210,75%,60%);\"><i><strong>deploy anomaly detectors across their fleet of over 4000 pieces of equipment</strong></i></span><i> and effectively triage these results, allowing them to </i><span style=\"color:hsl(210,75%,60%);\"><i><strong>predict failures early and enable profitable actions. </strong></i></span><span style=\"color:hsl(0,0%,0%);\"><i>Learn more </i></span><a target=\"_blank\" href=\"https://engage.seeq.com/conneqt-2023-recap/oil--gas/monitoring-at-scale-with-seeq---flint-hills-resources?w&#61;0207d\" rel=\"nofollow noopener noreferrer\"><span style=\"color:hsl(210,75%,60%);\"><i>here</i></span></a><span style=\"color:hsl(210,75%,60%);\"><i><strong>\u00a0</strong></i></span></h4></td></tr></tbody></table></figure><h4><strong>Problem Statement:</strong></h4><p>By identifying leading and lagging indicators of pump health and continuously monitor these indicator variables, poor performance can be detected and corrective actions can be taken.</p><p><a href=\"/links?type&#61;workstep&amp;workbook&#61;0EFAC136-43AD-ECB0-B557-31FBF861C134&amp;worksheet&#61;0EFAC136-498B-6420-B1E8-6C0C660B3FE4&amp;workstep&#61;0EFAC1C5-73F6-F950-881F-5E914DE8DF7A\" rel=\"nofollow noopener noreferrer\">Deviation from Pump Curve</a></p><h4><strong>Solution:</strong></h4><p><strong>Access </strong>the raw data, display the <a href=\"/links?type&#61;workstep&amp;workbook&#61;0EFAC136-43AD-ECB0-B557-31FBF861C134&amp;worksheet&#61;0EFAC136-498B-6420-B1E8-6C0C660B3FE4&amp;workstep&#61;0EFAC1B2-810D-7160-87C1-F8D021046BC3\" rel=\"nofollow noopener noreferrer\">pumps process signal</a>.</p><p><strong>Cleanse</strong> the raw signals by easily <a href=\"/links?type&#61;workstep&amp;workbook&#61;0EFAC136-43AD-ECB0-B557-31FBF861C134&amp;worksheet&#61;0EFAC136-498B-6420-B1E8-6C0C660B3FE4&amp;workstep&#61;0EFAC1B5-C573-FBD0-96BC-4515649CD545\" rel=\"nofollow noopener noreferrer\">removing the downtime and outliers</a>.</p><p><strong>Identify</strong> when <a href=\"/links?type&#61;workstep&amp;workbook&#61;0EFAC136-43AD-ECB0-B557-31FBF861C134&amp;worksheet&#61;0EFAC136-498B-6420-B1E8-6C0C660B3FE4&amp;workstep&#61;0EFAC1C5-73F6-F950-881F-5E914DE8DF7A\" rel=\"nofollow noopener noreferrer\">process data deviates &#43;/- 30%</a> from the design pump curve. Pump curves can be plotted using <a target=\"_blank\" href=\"https://seeq12.github.io/seeq-plot-digitizer/introduction.html\" rel=\"nofollow noopener noreferrer\"><span style=\"color:hsl(210,75%,60%);\">Seeq Add-on tool, Plot Digitizer</span></a><br>(<i><strong>Do it! </strong>Create a notification for when the pump is not in normal operation</i>)</p><p><strong>Identify</strong> the indicators, <a href=\"/links?type&#61;workstep&amp;workbook&#61;0EFAC136-43AD-ECB0-B557-31FBF861C134&amp;worksheet&#61;0EFAC136-498B-6420-B1E8-6C0C660B3FE4&amp;workstep&#61;0EFAC1CB-0CE5-EA30-92FE-C1F578CA2041\" rel=\"nofollow noopener noreferrer\">unique operating modes</a>, based on deviation from the Best Efficiency Point (B.E.P. on reference image below). (<a href=\"/links?type&#61;workstep&amp;workbook&#61;0EFAC136-43AD-ECB0-B557-31FBF861C134&amp;worksheet&#61;0EFAC136-498B-6420-B1E8-6C0C660B3FE4&amp;workstep&#61;0EFAC1DA-2BCD-EC90-8265-B33C75C61290\" rel=\"nofollow noopener noreferrer\"><i>all indicators</i></a>)</p><p><img class=\"image_resized\" style=\"width:100%;\" src=\"/api/annotations/0EFAC1E3-2163-FFD0-ABBE-3374B4D6451B/images/image_v1.png\"></p><p><strong>Quantify </strong>the <a href=\"/links?type&#61;workstep&amp;workbook&#61;0EFAC136-43AD-ECB0-B557-31FBF861C134&amp;worksheet&#61;0EFAC136-498B-6420-B1E8-6C0C660B3FE4&amp;workstep&#61;0EFAC1E1-6CFD-73D0-BCA5-1389C77D1C34\" rel=\"nofollow noopener noreferrer\">total duration of each indicator</a> on days of the year.</p>",
        "Enabled": true,
        "ID": "0EFAC1E3-2163-FFD0-ABBE-3374B4D6451B",
        "Is CK Enabled": true,
        "Locked": false,
        "Name": "Pump Health Monitoring",
        "Plain Text Document": "Pump Health MonitoringFlint Hills Resources used Seeq to deploy anomaly detectors across their fleet of over 4000 pieces of equipment and effectively triage these results, allowing them to predict failures early and enable profitable actions. Learn more here\u00a0Problem Statement:By identifying leading and lagging indicators of pump health and continuously monitor these indicator variables, poor performance can be detected and corrective actions can be taken.Deviation from Pump CurveSolution:Access the raw data, display the pumps process signal.Some signals that can be used to calculate KPIs providing insight into overall pump health might include: flow rates, discharge and suction pressures, suction temperature, upstream tank level (static head), vibration data, and pump status signals.\u00a0Additional contextual data that can be helpful in evaluating pump performance might include: pump curve, pump data sheet, liquid properties, and failure or maintenance event data.\u00a0Cleanse the raw signals by easily removing the downtime and outliers.Signal filtering can be applied to remove noise from signals. Outliers and downtime data should be removed from signals when calculating monitoring limits. Interpolation settings can be adjusted to leave gaps in the data during long outages and linearly interpolate through point outliers. Signals can be repaired to read zero when an unreasonable negative flow reading occurs.Identify downtimes or periods when the pump is not operatingRemove downtime data, outliers, smooth signalsSuction TemperatureRecirculation FlowDischarge PressureDischarge Flow RateConvert liquid property data, like API to SG\u00a0Identify when process data deviates &#43;/- 30% from the design pump curve. Pump curves can be plotted using Seeq Add-on tool, Plot Digitizer(Do it! Create a notification for when the pump is not in normal operation)Calculate Total Flow through the pump (discharge &#43; recirculation)Using the pump curve data, calculate the design discharge pressure from the total flowCreate &#43;/- 30% boundary limits for design discharge pressureIdentify when pump is operating outside of design windowIdentify the indicators, unique operating modes, based on deviation from the Best Efficiency Point (B.E.P. on reference image below). (all indicators)With pump curve/design operation incorporated into Seeq, we can begin to define other operating modes based on deviation from the Best Efficiency Point (B.E.P. on image below).Based on pump curve, the best operating point is at flowrate of 290 GPM (9942.86 bbl/day)which corresponds with 8100 ft . \u00a0Normal operating mode \u00a0is usually around \u00b110% BEP flowrate (8948 \u00a0to 10937 bbl/day) . Other operating modes are identified based on how far the pump is being operating at from BEP.\u00a0High Temp Rise (less than 3977bbl/d)Low Flow Cavitation (3977 to 4971 bbl/d)Low bearing/seal life (low flow) (4971 to 5966 bbl/d)Reduced impeller life (5966 to 6960 bbl/d)Suction recirculation (6960 to7954 bbl/d)Discharge recirculation ( 7954 to 8948 bbl/d)Low bearing/seal life (high flow) (10937 to 11931 bbl/d)High flow cavitation\u00a0 (higher than 11931 bbl/d)Cavitation due to low NPSHNormal operation (8948 \u00a0to 10937 bbl/day)Quantify the total duration of each indicator on days of the year.",
        "Type": "Journal",
        "Unsearchable": false,
        "Updated At": "1732643831589403468"
    }
}