{
    "Archived": false,
    "Cache Enabled": false,
    "Created At": "1732638476386321844",
    "Enabled": true,
    "ID": "0EFAC136-498B-6420-B1E8-6C0C660B3FE4",
    "Locked": false,
    "Unsearchable": false,
    "Updated At": "1733161936402732437",
    "Name": "Pump Health Demo",
    "Type": "Worksheet",
    "Annotation ID": "0EFAC136-5F89-6240-AB6B-3B988ED19F3C",
    "Current Workstep ID": "0EFB0D62-B13E-F9F0-84CF-3C5BB994F3B2",
    "URL": "https://demo.seeq.dev/0EFA6A0B-4C9B-71B0-ADCE-2000B1F79638/workbook/0EFAC136-43AD-ECB0-B557-31FBF861C134/worksheet/0EFAC136-498B-6420-B1E8-6C0C660B3FE4"
}