{
    "ID": "0EFAC1E1-6CFD-73D0-BCA5-1389C77D1C34",
    "Type": "Workstep",
    "Data": {
        "version": 63,
        "state": {
            "stores": {
                "sqAssetGroupStore": {
                    "id": "",
                    "assets": [],
                    "name": "",
                    "description": "",
                    "errors": [],
                    "isLoading": false,
                    "hasUnsavedChanges": false
                },
                "sqInvestigateStore": {
                    "item": {},
                    "activeTool": "overview",
                    "displayMode": "NEW",
                    "derivedDataPanelOpen": false
                },
                "sqPluginStore": {
                    "pluginState": {}
                },
                "sqDurationStore": {
                    "autoUpdate": {
                        "mode": "OFF",
                        "offset": -188976073756,
                        "manualInterval": {
                            "value": 1,
                            "units": "min"
                        }
                    },
                    "displayRange": {
                        "start": 1541034405283,
                        "end": 1543662405283
                    },
                    "investigateRange": {
                        "start": 1540972920000,
                        "end": 1732638478610
                    }
                },
                "sqExploreFolderModalStore": {
                    "pageSize": 5
                },
                "sqExploreWorkbookModalStore": {
                    "pageSize": 5
                },
                "sqWorksheetStore": {
                    "tabsets": {
                        "sidebar": 2
                    },
                    "originalViewKey": "TREND",
                    "viewKey": "TREND",
                    "selectedIdsForView": {},
                    "conditionToSeriesGrouping": {},
                    "capsuleGroupMode": false,
                    "showAssetSelectionWarnings": true,
                    "displayAssetGroupEditor": false,
                    "displayTableDefinitionView": false
                },
                "sqSearchStore": {
                    "nameFilter": "",
                    "isExactName": false,
                    "descriptionFilter": "",
                    "typeFilter": [],
                    "datasourceFilter": [],
                    "sortBy": "",
                    "isAdvancedMode": false,
                    "mode": "overview",
                    "currentAsset": "",
                    "selectAllChecked": false,
                    "selectedItemIds": [],
                    "recentDatasourceFilters": [],
                    "isUsingDatasourcePrefsSearchFilters": true
                },
                "sqCompositeSearchStore": {
                    "originalParameters": [],
                    "advancedParametersCollapsed": true,
                    "color": "",
                    "isUpgradedUnionCondition": false,
                    "inclusiveA": true,
                    "inclusiveB": true,
                    "matchProperty": "n/a",
                    "useEarliestStart": true,
                    "keepProperties": false
                },
                "sqConditionWithPropertiesStore": {
                    "originalParameters": [],
                    "advancedParametersCollapsed": true,
                    "properties": [
                        {
                            "stringSignal": "",
                            "propertyName": ""
                        },
                        {
                            "stringSignal": "",
                            "propertyName": ""
                        }
                    ]
                },
                "sqValueSearchStore": {
                    "originalParameters": [],
                    "advancedParametersCollapsed": true,
                    "inputSignal": {
                        "predicate": [
                            "name",
                            "a"
                        ]
                    },
                    "isSimple": true,
                    "useValidValues": false,
                    "isCleansing": false,
                    "simpleValue": null,
                    "simpleLowerValue": null,
                    "minDuration": {
                        "value": 0,
                        "units": "min"
                    },
                    "mergeDuration": {
                        "value": 0,
                        "units": "min"
                    },
                    "advancedEntryValue": null,
                    "advancedEntryLowerValue": null,
                    "advancedEntryDuration": {
                        "value": 0,
                        "units": "min"
                    },
                    "advancedExitValue": null,
                    "advancedExitDuration": {
                        "value": 0,
                        "units": "min"
                    },
                    "isMigratedDeviationSearch": false,
                    "version": "V3"
                },
                "sqItemPropertiesStore": {
                    "advancedParametersCollapsed": true,
                    "duplicatingItemId": ""
                },
                "sqManualSignalStore": {
                    "originalParameters": [],
                    "advancedParametersCollapsed": true,
                    "interpolationMethod": "Linear",
                    "maximumInterpolation": {
                        "value": "40",
                        "units": "h"
                    },
                    "samples": [],
                    "sort": {
                        "asc": false,
                        "property": "dateTime"
                    },
                    "color": ""
                },
                "sqManualConditionStore": {
                    "originalParameters": [],
                    "advancedParametersCollapsed": true,
                    "color": ""
                },
                "sqFftStore": {
                    "originalParameters": [],
                    "advancedParametersCollapsed": true,
                    "signalToAggregate": {
                        "predicate": [
                            "name",
                            "signalToAggregate"
                        ]
                    },
                    "rateType": true,
                    "rate": {},
                    "outputUnits": "min",
                    "highPass": {},
                    "lowPass": {},
                    "useHighPass": false,
                    "useLowPass": false
                },
                "sqAggregationBinStore": {
                    "signalToAggregate": {
                        "predicate": [
                            "name",
                            "signalToAggregate"
                        ]
                    },
                    "mode": "by_y_value",
                    "includeEmptyBuckets": true,
                    "yValueSignal": "",
                    "stat": {
                        "key": null,
                        "timeUnits": "s"
                    },
                    "aggregationConfigs": [
                        {
                            "id": 1,
                            "mode": "by_y_value",
                            "capsuleMode": "intersect",
                            "yValueBinMode": "size",
                            "valid": false
                        }
                    ]
                },
                "sqSignalFromConditionStore": {
                    "originalParameters": [],
                    "advancedParametersCollapsed": true,
                    "inputItem": {
                        "predicate": [
                            "name",
                            "series"
                        ]
                    },
                    "condition": {
                        "predicate": [
                            "name",
                            "capsules"
                        ]
                    },
                    "interpolation": "DISCRETE",
                    "stat": {
                        "timeUnits": "s"
                    },
                    "color": ""
                },
                "sqPeriodicConditionStore": {
                    "originalParameters": [],
                    "advancedParametersCollapsed": true,
                    "timezone": "US/Eastern",
                    "frequencies": [],
                    "weekStart": "Day.Sunday",
                    "quarterStart": {
                        "month": "Month.January",
                        "day": 1
                    },
                    "shift": {
                        "offset": 8,
                        "duration": 8
                    },
                    "offset": {
                        "value": 0,
                        "units": "min"
                    },
                    "customDuration": {
                        "value": 0,
                        "units": "h"
                    },
                    "customPeriod": {
                        "value": 0,
                        "units": "h"
                    },
                    "customPeriodDisable": true
                },
                "sqProfileSearchStore": {
                    "originalParameters": [],
                    "advancedParametersCollapsed": true,
                    "inputSignal": {
                        "predicate": [
                            "name",
                            "a"
                        ]
                    },
                    "similarity": 98,
                    "normalizeAmplitude": true,
                    "normalizeLocation": true,
                    "selectedRegion": {}
                },
                "sqPredictionPanelStore": {
                    "originalParameters": [],
                    "advancedParametersCollapsed": true,
                    "option": "linear",
                    "polynomialValue": 2,
                    "mustGoThroughZero": false,
                    "lambda": 0,
                    "windowStart": 1541034405283,
                    "windowEnd": 1543662405283,
                    "modelExpanded": false,
                    "regressionMethod": "OLS",
                    "variableSelection": 0.05,
                    "isRefreshRateEnabled": false,
                    "variableSelectionEnabled": false,
                    "color": ""
                },
                "sqSignalSmoothingStore": {
                    "originalParameters": [],
                    "advancedParametersCollapsed": true,
                    "inputSignal": {
                        "predicate": [
                            "name",
                            "inputSignal"
                        ]
                    },
                    "algorithmSelectedValue": "seeq-agile",
                    "samplingRate": {},
                    "smoothingWindow": {},
                    "cutoff": {},
                    "polynomialFactor": 2,
                    "isSamplingRateAuto": true,
                    "isCutoffAuto": true,
                    "isTau": true,
                    "tau": {
                        "value": 10,
                        "units": "min"
                    },
                    "alpha": 0.9,
                    "isMigratedLowPassFilter": false,
                    "color": ""
                },
                "sqDigitalFilterStore": {
                    "originalParameters": [],
                    "advancedParametersCollapsed": true,
                    "inputSignal": {
                        "predicate": [
                            "name",
                            "inputSignal"
                        ]
                    },
                    "cutoff": {},
                    "cutoff2": {},
                    "samplingRate": {},
                    "windowSize": {},
                    "isAutoSamplingRate": true,
                    "isAutoWindowSize": true,
                    "color": ""
                },
                "sqTrendMetricStore": {
                    "items": []
                },
                "sqTrendTableStore": {
                    "items": [
                        {
                            "autoDisabled": false,
                            "stack": true,
                            "id": "0EFAC1DF-8986-6260-B8FF-6C3A857FC5A9",
                            "name": "Total hour at each operating mode per day",
                            "selected": true,
                            "color": "#D3AA4C",
                            "binConfig": {
                                "Normal": {
                                    "color": "#068C45"
                                },
                                "Discharge Recirc": {
                                    "color": "#9D248F"
                                },
                                "Low Bearing/Seal Life (High Flow)": {
                                    "color": "#CE561B"
                                },
                                "Low Bearing/Seal Life (Low Flow)": {
                                    "color": "#E1498E"
                                },
                                "Reduced Impeller Life": {
                                    "color": "#002060"
                                },
                                "Suction Recirc": {
                                    "color": "#00B0F0"
                                }
                            }
                        }
                    ]
                },
                "sqReferencePanelStore": {
                    "originalParameters": [],
                    "advancedParametersCollapsed": true,
                    "windowStart": 1541034405283,
                    "windowEnd": 1543662405283,
                    "griddingPeriod": {
                        "value": 5,
                        "units": "min"
                    },
                    "referenceStat": "",
                    "multiplier": 1,
                    "inputGroups": [
                        {
                            "inputSignal": {},
                            "inputCondition": {}
                        }
                    ]
                },
                "sqDisplayToolStore": {
                    "originalParameters": [],
                    "advancedParametersCollapsed": true,
                    "isScaled": true
                },
                "sqTrendScalarStore": {
                    "items": []
                },
                "sqTrendSeriesStore": {
                    "items": [
                        {
                            "axisAlign": "A",
                            "axisAutoScale": true,
                            "lane": 11,
                            "rightAxis": false,
                            "dashStyle": "Solid",
                            "lineWidth": 1,
                            "autoDisabled": false,
                            "axisVisibility": true,
                            "yAxisType": "linear",
                            "sampleDisplayOption": "line",
                            "id": "0EFAC1BE-8BDC-64E0-AAD3-C422E984B383",
                            "name": "Total Flow Through Pump",
                            "selected": false,
                            "color": "#068C45",
                            "interpolationMethod": "Linear"
                        },
                        {
                            "axisAlign": "B",
                            "axisAutoScale": true,
                            "lane": 12,
                            "rightAxis": false,
                            "dashStyle": "Solid",
                            "lineWidth": 1,
                            "autoDisabled": false,
                            "axisVisibility": true,
                            "yAxisType": "linear",
                            "sampleDisplayOption": "line",
                            "id": "0EFAC1D6-A532-EE40-945B-9EE4790F073C",
                            "name": "NPSH",
                            "selected": false,
                            "color": "#6263AD",
                            "interpolationMethod": "Linear"
                        },
                        {
                            "axisAlign": "C",
                            "axisAutoScale": true,
                            "lane": 13,
                            "rightAxis": false,
                            "dashStyle": "Solid",
                            "lineWidth": 1,
                            "autoDisabled": false,
                            "axisVisibility": true,
                            "yAxisType": "linear",
                            "sampleDisplayOption": "line",
                            "id": "0EFAC1B7-C46E-6490-B781-253494CB8979",
                            "name": "Cleansed Discharge Pressure",
                            "selected": false,
                            "color": "#AE6A8B",
                            "interpolationMethod": "Linear"
                        }
                    ],
                    "editingId": null,
                    "previewSeriesDefinition": {}
                },
                "sqImportDatafileStore": {
                    "uploadFilename": "",
                    "filename": "",
                    "keyColumnIndex": 1,
                    "keyColumnName": "",
                    "interpolationMethod": {
                        "text": "IMPORTS.INTERPOLATION.LINEAR",
                        "value": "Linear"
                    },
                    "validationMode": {
                        "text": "IMPORTS.VALIDATION_MODE_TYPES.FAIL",
                        "value": "Fail"
                    },
                    "fileOutputType": {
                        "text": "IMPORTS.FILE_OUTPUT_TYPES.REPLACE",
                        "value": "Replace"
                    },
                    "fieldDelimiter": {
                        "text": ",",
                        "value": "Comma"
                    },
                    "maxInterpolation": {
                        "value": 40,
                        "units": "h"
                    },
                    "namePrefix": "",
                    "nameSuffix": "",
                    "firstDataRow": 2,
                    "nameRow": 1,
                    "description": "",
                    "valueColumnOption": {
                        "text": "IMPORTS.VALUE_COLUMN.ALL",
                        "value": "All"
                    },
                    "valueUom": "",
                    "lenientDaylightSavings": false,
                    "itemType": {
                        "text": "IMPORTS.SIGNAL",
                        "value": "Signal"
                    },
                    "maxDuration": {
                        "value": 40,
                        "units": "h"
                    },
                    "endColumnName": "",
                    "conditionName": "",
                    "dayFirstDefault": {
                        "text": "IMPORTS.FIRST.MONTH",
                        "value": false
                    },
                    "originalParameters": [],
                    "advancedParametersCollapsed": true
                },
                "sqTrendCapsuleStore": {
                    "selectedCapsules": [],
                    "dataStatus": "itemDataPresent",
                    "warningCount": 0,
                    "warningLogs": [],
                    "timingInformation": "",
                    "meterInformation": "",
                    "editingId": null,
                    "previewCapsulesDefinition": {},
                    "items": [
                        {
                            "id": "0EFAC1D3-C1B8-6400-943A-19AD0F4989BA_1543576613853044629L:1147787392",
                            "startTime": 1543576613853,
                            "endTime": 1543616054596,
                            "isChildOf": "0EFAC1D3-C1B8-6400-943A-19AD0F4989BA",
                            "childType": "itemChildrenTypeCapsule",
                            "isUncertain": true,
                            "itemType": "capsuleDisplayType",
                            "cursorKey": null
                        },
                        {
                            "id": "0EFAC1D4-8C60-6220-9F96-0DC340A601AA_1543616054596997239L:-1112727227",
                            "startTime": 1543616054596,
                            "endTime": 1543641730165,
                            "isChildOf": "0EFAC1D4-8C60-6220-9F96-0DC340A601AA",
                            "childType": "itemChildrenTypeCapsule",
                            "isUncertain": true,
                            "itemType": "capsuleDisplayType",
                            "cursorKey": null
                        },
                        {
                            "id": "0EFAC1D3-C1B8-6400-943A-19AD0F4989BA_1543641730165978935L:1900971763",
                            "startTime": 1543641730165,
                            "endTime": 1543689600000,
                            "isChildOf": "0EFAC1D3-C1B8-6400-943A-19AD0F4989BA",
                            "childType": "itemChildrenTypeCapsule",
                            "isUncertain": true,
                            "itemType": "capsuleDisplayType",
                            "cursorKey": null
                        }
                    ]
                },
                "sqCapsuleGroupStore": {
                    "capsules": []
                },
                "sqCursorStore": {
                    "calendarCursors": [],
                    "capsuleCursors": [],
                    "showValues": true
                },
                "sqTrendConditionStore": {
                    "items": [
                        {
                            "lane": 1,
                            "lineWidth": 1,
                            "autoDisabled": false,
                            "id": "0EFAC1CA-AE54-EA70-939E-0BA1CDD57DF8",
                            "name": "Reduced Impeller Life",
                            "selected": false,
                            "color": "#4055A3"
                        },
                        {
                            "lane": 2,
                            "lineWidth": 1,
                            "autoDisabled": false,
                            "id": "0EFAC1CC-967A-7790-ACDD-BA9A1232E048",
                            "name": "High Temp Rise",
                            "selected": false,
                            "color": "#9D248F"
                        },
                        {
                            "lane": 3,
                            "lineWidth": 1,
                            "autoDisabled": false,
                            "id": "0EFAC1D2-AE75-FF10-BD66-65CCF8A52388",
                            "name": "Low Flow Cavitation",
                            "selected": false,
                            "color": "#CE561B"
                        },
                        {
                            "lane": 4,
                            "lineWidth": 1,
                            "autoDisabled": false,
                            "id": "0EFAC1D3-17F4-EC70-B345-E97510A61FE2",
                            "name": "Low Bearing/Seal Life (low flow)",
                            "selected": false,
                            "color": "#00A2DD"
                        },
                        {
                            "lane": 5,
                            "lineWidth": 1,
                            "autoDisabled": false,
                            "id": "0EFAC1D3-C1B8-6400-943A-19AD0F4989BA",
                            "name": "Suction Recirculation",
                            "selected": false,
                            "color": "#E1498E"
                        },
                        {
                            "lane": 6,
                            "lineWidth": 1,
                            "autoDisabled": false,
                            "id": "0EFAC1D4-8C60-6220-9F96-0DC340A601AA",
                            "name": "Discharge Recirculation",
                            "selected": false,
                            "color": "#4B7ABD"
                        },
                        {
                            "lane": 7,
                            "lineWidth": 1,
                            "autoDisabled": false,
                            "id": "0EFAC1D5-2326-EC40-A61F-00497F5D86F8",
                            "name": "Low Bearing/Seal Life (high flow)",
                            "selected": false,
                            "color": "#AC4625"
                        },
                        {
                            "lane": 8,
                            "lineWidth": 1,
                            "autoDisabled": false,
                            "id": "0EFAC1D5-C12C-FDE0-81F5-C396B8889F43",
                            "name": "High Flow Cavitation",
                            "selected": false,
                            "color": "#D3AA4C"
                        },
                        {
                            "lane": 9,
                            "lineWidth": 1,
                            "autoDisabled": false,
                            "id": "0EFAC1D7-55D4-62D0-9014-0A50C061A5E6",
                            "name": "Cavitation due to low NPSH",
                            "selected": false,
                            "color": "#F47B37"
                        },
                        {
                            "lane": 10,
                            "lineWidth": 1,
                            "autoDisabled": false,
                            "id": "0EFAC1D8-3E61-FDE0-9431-AB496F6580E7",
                            "name": "Normal",
                            "selected": false,
                            "color": "#068C45"
                        }
                    ]
                },
                "sqTrendStore": {
                    "view": "calendar",
                    "isCompareMode": false,
                    "enabledColumns": {
                        "CAPSULES": {
                            "startTime": true
                        },
                        "SERIES": {
                            "lane": true
                        }
                    },
                    "propertyColumns": {},
                    "selectedRegion": {
                        "min": 0,
                        "max": 0
                    },
                    "selectedRegionOptions": {},
                    "capsuleTimeOffsets": {
                        "lower": 0,
                        "upper": 0
                    },
                    "dataSummary": {
                        "type": "AUTO",
                        "value": 0,
                        "discreteUnits": {
                            "value": 0,
                            "units": "min"
                        },
                        "isSlider": true
                    },
                    "canCapsulesExpand": true,
                    "capsuleTimeColorMode": "signal",
                    "compareViewColorMode": "rainbow",
                    "capsulePreview": false,
                    "customizationMode": "off",
                    "dimDataOutsideCapsules": false,
                    "hideUnselectedItems": true,
                    "labelDisplayConfiguration": {
                        "name": "lane",
                        "description": "off",
                        "asset": "off",
                        "assetPathLevels": 1,
                        "line": "off",
                        "unitOfMeasure": "axis",
                        "custom": "off",
                        "customLabels": []
                    },
                    "showCapsuleLaneLabels": true,
                    "panelProps": {},
                    "panelSorters": {
                        "CAPSULES": {
                            "sortBy": "startTime",
                            "sortAsc": true
                        },
                        "CAPSULE_SERIES": {
                            "sortBy": "startTime",
                            "sortAsc": true
                        },
                        "SERIES": {
                            "sortBy": "lane",
                            "sortAsc": true
                        },
                        "INVESTIGATE_ITEMS": {
                            "sortBy": "name",
                            "sortAsc": true
                        }
                    },
                    "capsulePanelFilters": {},
                    "capsulePanelOffset": 0,
                    "capsulePanelMaxOffset": 0,
                    "capsulePanelHasNext": false,
                    "showGridlines": false,
                    "capsuleProperties": [],
                    "hideUncertainty": false
                },
                "sqTreemapStore": {
                    "parent": {},
                    "statistics": []
                },
                "sqExportExcelPanelStore": {
                    "name": "Use Case Selector: Pump Health_Pump Health Demo",
                    "originalParameters": [],
                    "advancedParametersCollapsed": true,
                    "exportStatistics": true,
                    "exportSamples": true,
                    "exportCapsules": true,
                    "timeRange": {
                        "start": 1541034405283,
                        "end": 1543662405283
                    },
                    "exportTimeZone": {
                        "name": "US/Eastern",
                        "displayName": "US/Eastern",
                        "offset": "-05:00",
                        "offsetMinutes": -300
                    },
                    "gridOption": "custom",
                    "gridSize": {
                        "value": 30,
                        "units": "min"
                    },
                    "gridOrigin": 1704085200000,
                    "gridOriginEnabled": false,
                    "chainView": false,
                    "capsuleTime": false,
                    "samplesMode": "calendar"
                },
                "sqScatterPlotStore": {
                    "xSignal": null,
                    "ySignals": [],
                    "selector": {
                        "low": 0.5,
                        "high": 0.75
                    },
                    "selectedRegion": {
                        "x": {
                            "min": null,
                            "max": null
                        },
                        "ys": {}
                    },
                    "viewRegion": {
                        "x": {
                            "min": null,
                            "max": null
                        },
                        "ys": {}
                    },
                    "fxLines": [],
                    "colorConditionIds": [],
                    "colorByItemColor": false,
                    "colorRanges": [],
                    "plotMode": "DISPLAY_RANGE",
                    "plotView": "SCATTER_PLOT",
                    "connect": false,
                    "showTooltips": true,
                    "isMarkerSizeCustom": false,
                    "densityPlotData": [],
                    "numXBins": 40,
                    "numYBins": 20,
                    "xBinSize": 0,
                    "yBinSize": 0,
                    "groupCount": 0,
                    "seriesCount": 0
                },
                "sqExportODataPanelStore": {
                    "name": "Use Case Selector: Pump Health_Pump Health Demo",
                    "originalParameters": [],
                    "advancedParametersCollapsed": true,
                    "autoupdateTimeRange": false,
                    "timeRange": {
                        "start": 1541034405283,
                        "end": 1543662405283
                    },
                    "exportTimeZone": {
                        "name": "US/Eastern",
                        "displayName": "US/Eastern",
                        "offset": "-05:00",
                        "offsetMinutes": -300
                    },
                    "gridOption": "custom",
                    "gridSize": {
                        "value": 30,
                        "units": "min"
                    },
                    "gridOrigin": 1704085200000,
                    "gridOriginEnabled": false,
                    "exportNameSuffix": "",
                    "chainView": false,
                    "capsuleTime": false,
                    "worksheetLink": "",
                    "samplesMode": "calendar"
                },
                "sqTableBuilderStore": {
                    "mode": "simple",
                    "headers": {
                        "condition": {
                            "type": "startEnd",
                            "format": "lll"
                        },
                        "simple": {
                            "type": "startEnd",
                            "format": "lll"
                        }
                    },
                    "columns": {
                        "condition": [
                            {
                                "key": "name",
                                "headerTextAlign": "center",
                                "headerTextStyle": [
                                    "bold"
                                ]
                            }
                        ],
                        "simple": [
                            {
                                "key": "name",
                                "accessor": "name",
                                "propertyName": "Name",
                                "style": "string",
                                "title": "NAME",
                                "shortTitle": "NAME",
                                "headerTextAlign": "center",
                                "headerTextStyle": [
                                    "bold"
                                ]
                            },
                            {
                                "key": "statistics.average",
                                "title": "STATISTICS.AVERAGE.LONG",
                                "shortTitle": "STATISTICS.AVERAGE.SHORT",
                                "style": "decimal",
                                "stat": "average()",
                                "invalidsFirst": true,
                                "columnSuffix": "Average",
                                "headerTextAlign": "center",
                                "headerTextStyle": [
                                    "bold"
                                ]
                            }
                        ]
                    },
                    "otherColumns": {
                        "condition": {},
                        "simple": {}
                    },
                    "autoGroupColumn": {},
                    "rowGroupPaths": {
                        "condition": [],
                        "simple": []
                    },
                    "isTransposed": {
                        "condition": true,
                        "simple": false
                    },
                    "assetId": {},
                    "isHomogenizeUnits": {
                        "condition": false,
                        "simple": false
                    },
                    "hasMoreData": false,
                    "isMigrating": false,
                    "chartView": {
                        "enabled": false,
                        "settings": {
                            "title": "",
                            "legend": true,
                            "dataLabels": true,
                            "categoryLabels": true,
                            "rows": [],
                            "columns": [],
                            "categoryColumns": [
                                "name"
                            ],
                            "showSettings": false,
                            "position": {
                                "x": 100,
                                "y": 100
                            }
                        },
                        "conditionEnabled": false
                    },
                    "useSignalColorsInChart": true
                },
                "sqFormulaToolStore": {
                    "originalParameters": [],
                    "advancedParametersCollapsed": true,
                    "formula": "",
                    "localFormula": "",
                    "tabTransitioning": false,
                    "parameters": []
                },
                "sqThresholdMetricStore": {
                    "originalParameters": [],
                    "advancedParametersCollapsed": true,
                    "measuredItem": {
                        "predicate": [
                            "name",
                            "measuredItem"
                        ]
                    },
                    "boundingCondition": {
                        "predicate": [
                            "name",
                            "boundingCondition"
                        ]
                    },
                    "processType": "Simple",
                    "aggregationOperator": {
                        "key": null,
                        "timeUnits": "s"
                    },
                    "duration": {},
                    "period": {},
                    "thresholds": {}
                },
                "sqScatterConditionStore": {
                    "originalParameters": [],
                    "advancedParametersCollapsed": true,
                    "isBounding": false,
                    "isCleansing": false,
                    "minDuration": {
                        "value": 0,
                        "units": "min"
                    },
                    "mergeDuration": {
                        "value": 0,
                        "units": "min"
                    }
                },
                "sqScorecardStore": {
                    "metrics": []
                },
                "sqDashboardStore": {
                    "columnCount": 12,
                    "content": []
                },
                "sqSelfOrganizingMapsStore": {
                    "originalParameters": [],
                    "advancedParametersCollapsed": true,
                    "windowStart": 1541034405283,
                    "windowEnd": 1543662405283,
                    "modelPropertiesExpanded": false,
                    "color": "",
                    "anomalyThreshold": 95,
                    "sigma": 1,
                    "learningRate": 0.5,
                    "gridDimension": "",
                    "numIterations": "",
                    "randomOrder": false,
                    "griddingPeriod": {
                        "value": 15,
                        "units": "min"
                    }
                },
                "sqLayoutStore": {
                    "assetGroupEditorVisible": false,
                    "tableDefinitionEditorVisible": false,
                    "displayPaneAddOnCapsulesPanelEnabled": false,
                    "displayPaneAddOnDetailsPanelEnabled": false,
                    "trendVisible": true,
                    "sidePanelCollapsed": false,
                    "formulaInTab": false,
                    "formulaTabAnchorPosition": {
                        "top": 70.84375,
                        "left": 163.84375,
                        "height": 811.15625,
                        "width": 369
                    },
                    "calculationHierarchyInTab": false,
                    "layout": null,
                    "toolsTabVisible": false
                }
            }
        }
    }
}