{
    "Archived": false,
    "Cache Enabled": false,
    "Created At": "1732643116086172686",
    "Enabled": true,
    "ID": "0EFAC1E3-212B-FD60-9805-B75FB33DC9C0",
    "Locked": false,
    "Unsearchable": false,
    "Updated At": "1732643843664233999",
    "Name": "Pump Health Extended Demo",
    "Type": "Worksheet",
    "Annotation ID": "0EFAC1E3-2163-FFD0-ABBE-3374B4D6451B",
    "Current Workstep ID": "0EFAC1FE-3BE0-66E0-88B0-DAECBACEBB6E",
    "URL": "https://demo.seeq.dev/0EFA6A0B-4C9B-71B0-ADCE-2000B1F79638/workbook/0EFAC136-43AD-ECB0-B557-31FBF861C134/worksheet/0EFAC1E3-212B-FD60-9805-B75FB33DC9C0"
}