{
    "Definition": {
        "Archived": false,
        "Cache Enabled": false,
        "Created At": "1711718522762601481",
        "Description": "AM)",
        "Discoverable": true,
        "Document": "<p>\u00a0</p><p><a href=\"/links?type&#61;capsule&amp;item&#61;0EEEDCF5-2EE5-FBB0-B6D2-5D108A06A28C&amp;start&#61;0&amp;end&#61;0\" rel=\"nofollow noopener noreferrer\">Annotation Capsules 1 (Jan 1, 1970 1:00 AM)</a></p><p></p><h3><strong>\u2728 Action</strong></h3><p>2024-06-28 08:31:10</p><p><i>aggregate my signal hourly</i></p><h4>Action Results: Success</h4>\n<p>Created: 1 items</p><p><a href=\"/links?type&#61;workstep&amp;workbook&#61;C92F19A5-3192-4CBF-AD19-A6FB862C02C4&amp;worksheet&#61;6B93F553-816E-4382-8040-E44E691FE173&amp;workstep&#61;0EF354A4-0E02-EC60-99FC-FDF4B3C9191D\" rel=\"nofollow noopener noreferrer\">Before</a>\u00a0\u00a0\u00a0<a href=\"/links?type&#61;workstep&amp;workbook&#61;C92F19A5-3192-4CBF-AD19-A6FB862C02C4&amp;worksheet&#61;6B93F553-816E-4382-8040-E44E691FE173&amp;workstep&#61;0EF354A4-CACF-64B0-B77D-8BD2B3A19AAE\" rel=\"nofollow noopener noreferrer\">After</a></p><p></p><h3><strong>\u2728 Action</strong></h3><p>2024-08-28 15:46:35</p><p><i>can you remove the downtime periods from my cold liquid flow signal?</i></p><h4>Action Results: Success</h4>\n<p>Created: 1 items</p><p><a href=\"/links?type&#61;workstep&amp;workbook&#61;C92F19A5-3192-4CBF-AD19-A6FB862C02C4&amp;worksheet&#61;6B93F553-816E-4382-8040-E44E691FE173&amp;workstep&#61;0EF6586D-5A3A-7770-8EC9-2B97843CFDB9\" rel=\"nofollow noopener noreferrer\">Before</a>\u00a0\u00a0\u00a0<a href=\"/links?type&#61;workstep&amp;workbook&#61;C92F19A5-3192-4CBF-AD19-A6FB862C02C4&amp;worksheet&#61;6B93F553-816E-4382-8040-E44E691FE173&amp;workstep&#61;0EF6586F-EF53-7300-A5E3-0BB65626CCF0\" rel=\"nofollow noopener noreferrer\">After</a></p><p></p><h3><strong>\u2728 Action</strong></h3><p>2024-10-01 06:52:58</p><p><i>do this on myu cold liquid flow signal?</i></p><h4>Action Results: Success</h4>\n\n<p>Created: 1 items</p><p><a href=\"/links?type&#61;workstep&amp;workbook&#61;C92F19A5-3192-4CBF-AD19-A6FB862C02C4&amp;worksheet&#61;6B93F553-816E-4382-8040-E44E691FE173&amp;workstep&#61;0EF7FF3F-4B8B-71A0-A0C6-930143C128F2\" rel=\"nofollow noopener noreferrer\">Before</a>\u00a0\u00a0\u00a0<a href=\"/links?type&#61;workstep&amp;workbook&#61;C92F19A5-3192-4CBF-AD19-A6FB862C02C4&amp;worksheet&#61;6B93F553-816E-4382-8040-E44E691FE173&amp;workstep&#61;0EF7FF41-59AD-60B0-B674-30EA7AE4FF95\" rel=\"nofollow noopener noreferrer\">After</a></p><p></p><h3><strong>\u2728 Action</strong></h3><p>2024-10-01 06:54:38</p><p><i>can you identify periods below 400000 in my cold liquid flow signal?</i></p><h4>Action Results: Success</h4>\n\n<p>Created: 1 items</p><p><a href=\"/links?type&#61;workstep&amp;workbook&#61;C92F19A5-3192-4CBF-AD19-A6FB862C02C4&amp;worksheet&#61;6B93F553-816E-4382-8040-E44E691FE173&amp;workstep&#61;0EF7FF43-6D54-E8F0-B969-2B2925D23384\" rel=\"nofollow noopener noreferrer\">Before</a>\u00a0\u00a0\u00a0<a href=\"/links?type&#61;workstep&amp;workbook&#61;C92F19A5-3192-4CBF-AD19-A6FB862C02C4&amp;worksheet&#61;6B93F553-816E-4382-8040-E44E691FE173&amp;workstep&#61;0EF7FF45-0FEA-EC30-91A2-CAC4BE081E7D\" rel=\"nofollow noopener noreferrer\">After</a></p><p></p><h3><strong>\u2728 Action</strong></h3><p>2024-10-09 08:28:27 by sean.tropsa&#64;seeq.com</p><p><i>can you find periods in my cold liquid flow when the flow was below 400000, call them system off</i></p><h4>Action Results: Success</h4>\n\n<p>Created: 1 items</p><p><a href=\"/links?type&#61;workstep&amp;workbook&#61;C92F19A5-3192-4CBF-AD19-A6FB862C02C4&amp;worksheet&#61;6B93F553-816E-4382-8040-E44E691FE173&amp;workstep&#61;0EE47E61-5DDC-6650-B5E8-AC44634FAD5E\" rel=\"nofollow noopener noreferrer\">Before</a>\u00a0\u00a0\u00a0<a href=\"/links?type&#61;workstep&amp;workbook&#61;C92F19A5-3192-4CBF-AD19-A6FB862C02C4&amp;worksheet&#61;6B93F553-816E-4382-8040-E44E691FE173&amp;workstep&#61;0EF864AB-F72A-EC00-80B2-9E972A825C18\" rel=\"nofollow noopener noreferrer\">After</a></p>",
        "DocumentBackup\u02c98tDOnRtvJ_0fJzBE2zXbzNqYmvH92F9UQ36NuzvSPeQ\u02c92024-06-28T12:31:00Z": "<p>\u00a0</p><p><a href=\"/links?type&#61;capsule&amp;item&#61;0EEEDCF5-2EE5-FBB0-B6D2-5D108A06A28C&amp;start&#61;0&amp;end&#61;0\" rel=\"nofollow noopener noreferrer\">Annotation Capsules 1 (Jan 1, 1970 1:00 AM)</a></p><p></p><h3><strong>\u2728 Action</strong></h3><p>2024-06-28 08:31:10</p><p><i>aggregate my signal hourly</i></p><h4>Action Results: Success</h4>\n<p>Created: 1 items</p><p><a href=\"/links?type&#61;workstep&amp;workbook&#61;C92F19A5-3192-4CBF-AD19-A6FB862C02C4&amp;worksheet&#61;6B93F553-816E-4382-8040-E44E691FE173&amp;workstep&#61;0EF354A4-0E02-EC60-99FC-FDF4B3C9191D\" rel=\"nofollow noopener noreferrer\">Before</a>\u00a0\u00a0\u00a0<a href=\"/links?type&#61;workstep&amp;workbook&#61;C92F19A5-3192-4CBF-AD19-A6FB862C02C4&amp;worksheet&#61;6B93F553-816E-4382-8040-E44E691FE173&amp;workstep&#61;0EF354A4-CACF-64B0-B77D-8BD2B3A19AAE\" rel=\"nofollow noopener noreferrer\">After</a></p>",
        "DocumentBackup\u02c98tDOnRtvJ_0fJzBE2zXbzNqYmvH92F9UQ36NuzvSPeQ\u02c92024-08-28T21:46:00Z": "<p>\u00a0</p><p><a href=\"/links?type&#61;capsule&amp;item&#61;0EEEDCF5-2EE5-FBB0-B6D2-5D108A06A28C&amp;start&#61;0&amp;end&#61;0\" rel=\"nofollow noopener noreferrer\">Annotation Capsules 1 (Jan 1, 1970 1:00 AM)</a></p><p></p><h3><strong>\u2728 Action</strong></h3><p>2024-06-28 08:31:10</p><p><i>aggregate my signal hourly</i></p><h4>Action Results: Success</h4>\n<p>Created: 1 items</p><p><a href=\"/links?type&#61;workstep&amp;workbook&#61;C92F19A5-3192-4CBF-AD19-A6FB862C02C4&amp;worksheet&#61;6B93F553-816E-4382-8040-E44E691FE173&amp;workstep&#61;0EF354A4-0E02-EC60-99FC-FDF4B3C9191D\" rel=\"nofollow noopener noreferrer\">Before</a>\u00a0\u00a0\u00a0<a href=\"/links?type&#61;workstep&amp;workbook&#61;C92F19A5-3192-4CBF-AD19-A6FB862C02C4&amp;worksheet&#61;6B93F553-816E-4382-8040-E44E691FE173&amp;workstep&#61;0EF354A4-CACF-64B0-B77D-8BD2B3A19AAE\" rel=\"nofollow noopener noreferrer\">After</a></p><p></p><h3><strong>\u2728 Action</strong></h3><p>2024-08-28 15:46:35</p><p><i>can you remove the downtime periods from my cold liquid flow signal?</i></p><h4>Action Results: Success</h4>\n<p>Created: 1 items</p><p><a href=\"/links?type&#61;workstep&amp;workbook&#61;C92F19A5-3192-4CBF-AD19-A6FB862C02C4&amp;worksheet&#61;6B93F553-816E-4382-8040-E44E691FE173&amp;workstep&#61;0EF6586D-5A3A-7770-8EC9-2B97843CFDB9\" rel=\"nofollow noopener noreferrer\">Before</a>\u00a0\u00a0\u00a0<a href=\"/links?type&#61;workstep&amp;workbook&#61;C92F19A5-3192-4CBF-AD19-A6FB862C02C4&amp;worksheet&#61;6B93F553-816E-4382-8040-E44E691FE173&amp;workstep&#61;0EF6586F-EF53-7300-A5E3-0BB65626CCF0\" rel=\"nofollow noopener noreferrer\">After</a></p>",
        "DocumentBackup\u02c98tDOnRtvJ_0fJzBE2zXbzNqYmvH92F9UQ36NuzvSPeQ\u02c92024-10-01T12:52:00Z": "<p>\u00a0</p><p><a href=\"/links?type&#61;capsule&amp;item&#61;0EEEDCF5-2EE5-FBB0-B6D2-5D108A06A28C&amp;start&#61;0&amp;end&#61;0\" rel=\"nofollow noopener noreferrer\">Annotation Capsules 1 (Jan 1, 1970 1:00 AM)</a></p><p></p><h3><strong>\u2728 Action</strong></h3><p>2024-06-28 08:31:10</p><p><i>aggregate my signal hourly</i></p><h4>Action Results: Success</h4>\n<p>Created: 1 items</p><p><a href=\"/links?type&#61;workstep&amp;workbook&#61;C92F19A5-3192-4CBF-AD19-A6FB862C02C4&amp;worksheet&#61;6B93F553-816E-4382-8040-E44E691FE173&amp;workstep&#61;0EF354A4-0E02-EC60-99FC-FDF4B3C9191D\" rel=\"nofollow noopener noreferrer\">Before</a>\u00a0\u00a0\u00a0<a href=\"/links?type&#61;workstep&amp;workbook&#61;C92F19A5-3192-4CBF-AD19-A6FB862C02C4&amp;worksheet&#61;6B93F553-816E-4382-8040-E44E691FE173&amp;workstep&#61;0EF354A4-CACF-64B0-B77D-8BD2B3A19AAE\" rel=\"nofollow noopener noreferrer\">After</a></p><p></p><h3><strong>\u2728 Action</strong></h3><p>2024-08-28 15:46:35</p><p><i>can you remove the downtime periods from my cold liquid flow signal?</i></p><h4>Action Results: Success</h4>\n<p>Created: 1 items</p><p><a href=\"/links?type&#61;workstep&amp;workbook&#61;C92F19A5-3192-4CBF-AD19-A6FB862C02C4&amp;worksheet&#61;6B93F553-816E-4382-8040-E44E691FE173&amp;workstep&#61;0EF6586D-5A3A-7770-8EC9-2B97843CFDB9\" rel=\"nofollow noopener noreferrer\">Before</a>\u00a0\u00a0\u00a0<a href=\"/links?type&#61;workstep&amp;workbook&#61;C92F19A5-3192-4CBF-AD19-A6FB862C02C4&amp;worksheet&#61;6B93F553-816E-4382-8040-E44E691FE173&amp;workstep&#61;0EF6586F-EF53-7300-A5E3-0BB65626CCF0\" rel=\"nofollow noopener noreferrer\">After</a></p><p></p><h3><strong>\u2728 Action</strong></h3><p>2024-10-01 06:52:58</p><p><i>do this on myu cold liquid flow signal?</i></p><h4>Action Results: Success</h4>\n\n<p>Created: 1 items</p><p><a href=\"/links?type&#61;workstep&amp;workbook&#61;C92F19A5-3192-4CBF-AD19-A6FB862C02C4&amp;worksheet&#61;6B93F553-816E-4382-8040-E44E691FE173&amp;workstep&#61;0EF7FF3F-4B8B-71A0-A0C6-930143C128F2\" rel=\"nofollow noopener noreferrer\">Before</a>\u00a0\u00a0\u00a0<a href=\"/links?type&#61;workstep&amp;workbook&#61;C92F19A5-3192-4CBF-AD19-A6FB862C02C4&amp;worksheet&#61;6B93F553-816E-4382-8040-E44E691FE173&amp;workstep&#61;0EF7FF41-59AD-60B0-B674-30EA7AE4FF95\" rel=\"nofollow noopener noreferrer\">After</a></p>",
        "DocumentBackup\u02c98tDOnRtvJ_0fJzBE2zXbzNqYmvH92F9UQ36NuzvSPeQ\u02c92024-10-01T12:54:00Z": "<p>\u00a0</p><p><a href=\"/links?type&#61;capsule&amp;item&#61;0EEEDCF5-2EE5-FBB0-B6D2-5D108A06A28C&amp;start&#61;0&amp;end&#61;0\" rel=\"nofollow noopener noreferrer\">Annotation Capsules 1 (Jan 1, 1970 1:00 AM)</a></p><p></p><h3><strong>\u2728 Action</strong></h3><p>2024-06-28 08:31:10</p><p><i>aggregate my signal hourly</i></p><h4>Action Results: Success</h4>\n<p>Created: 1 items</p><p><a href=\"/links?type&#61;workstep&amp;workbook&#61;C92F19A5-3192-4CBF-AD19-A6FB862C02C4&amp;worksheet&#61;6B93F553-816E-4382-8040-E44E691FE173&amp;workstep&#61;0EF354A4-0E02-EC60-99FC-FDF4B3C9191D\" rel=\"nofollow noopener noreferrer\">Before</a>\u00a0\u00a0\u00a0<a href=\"/links?type&#61;workstep&amp;workbook&#61;C92F19A5-3192-4CBF-AD19-A6FB862C02C4&amp;worksheet&#61;6B93F553-816E-4382-8040-E44E691FE173&amp;workstep&#61;0EF354A4-CACF-64B0-B77D-8BD2B3A19AAE\" rel=\"nofollow noopener noreferrer\">After</a></p><p></p><h3><strong>\u2728 Action</strong></h3><p>2024-08-28 15:46:35</p><p><i>can you remove the downtime periods from my cold liquid flow signal?</i></p><h4>Action Results: Success</h4>\n<p>Created: 1 items</p><p><a href=\"/links?type&#61;workstep&amp;workbook&#61;C92F19A5-3192-4CBF-AD19-A6FB862C02C4&amp;worksheet&#61;6B93F553-816E-4382-8040-E44E691FE173&amp;workstep&#61;0EF6586D-5A3A-7770-8EC9-2B97843CFDB9\" rel=\"nofollow noopener noreferrer\">Before</a>\u00a0\u00a0\u00a0<a href=\"/links?type&#61;workstep&amp;workbook&#61;C92F19A5-3192-4CBF-AD19-A6FB862C02C4&amp;worksheet&#61;6B93F553-816E-4382-8040-E44E691FE173&amp;workstep&#61;0EF6586F-EF53-7300-A5E3-0BB65626CCF0\" rel=\"nofollow noopener noreferrer\">After</a></p><p></p><h3><strong>\u2728 Action</strong></h3><p>2024-10-01 06:52:58</p><p><i>do this on myu cold liquid flow signal?</i></p><h4>Action Results: Success</h4>\n\n<p>Created: 1 items</p><p><a href=\"/links?type&#61;workstep&amp;workbook&#61;C92F19A5-3192-4CBF-AD19-A6FB862C02C4&amp;worksheet&#61;6B93F553-816E-4382-8040-E44E691FE173&amp;workstep&#61;0EF7FF3F-4B8B-71A0-A0C6-930143C128F2\" rel=\"nofollow noopener noreferrer\">Before</a>\u00a0\u00a0\u00a0<a href=\"/links?type&#61;workstep&amp;workbook&#61;C92F19A5-3192-4CBF-AD19-A6FB862C02C4&amp;worksheet&#61;6B93F553-816E-4382-8040-E44E691FE173&amp;workstep&#61;0EF7FF41-59AD-60B0-B674-30EA7AE4FF95\" rel=\"nofollow noopener noreferrer\">After</a></p><p></p><h3><strong>\u2728 Action</strong></h3><p>2024-10-01 06:54:38</p><p><i>can you identify periods below 400000 in my cold liquid flow signal?</i></p><h4>Action Results: Success</h4>\n\n<p>Created: 1 items</p><p><a href=\"/links?type&#61;workstep&amp;workbook&#61;C92F19A5-3192-4CBF-AD19-A6FB862C02C4&amp;worksheet&#61;6B93F553-816E-4382-8040-E44E691FE173&amp;workstep&#61;0EF7FF43-6D54-E8F0-B969-2B2925D23384\" rel=\"nofollow noopener noreferrer\">Before</a>\u00a0\u00a0\u00a0<a href=\"/links?type&#61;workstep&amp;workbook&#61;C92F19A5-3192-4CBF-AD19-A6FB862C02C4&amp;worksheet&#61;6B93F553-816E-4382-8040-E44E691FE173&amp;workstep&#61;0EF7FF45-0FEA-EC30-91A2-CAC4BE081E7D\" rel=\"nofollow noopener noreferrer\">After</a></p>",
        "DocumentBackup\u02c9DEg3Lh5pLS4-lG84EjGXXXdzxhd1450vkLgiu8he2l8\u02c92024-03-29T13:22:00Z": "<p>\u00a0</p><p><a href=\"/links?type&#61;capsule&amp;item&#61;0EEEDCF5-2EE5-FBB0-B6D2-5D108A06A28C&amp;start&#61;0&amp;end&#61;0\" rel=\"nofollow noopener noreferrer\">Annotation Capsules 1 (Jan 1, 1970 1:00 AM)</a></p>",
        "Enabled": true,
        "ID": "0EEEDCF5-47DA-EE40-9536-7350E6A38172",
        "Is CK Enabled": true,
        "Locked": false,
        "Name": "Annotation Capsules 1 (Jan 1, 1970 1:00 AM)",
        "Plain Text Document": "\u00a0Annotation Capsules 1 (Jan 1, 1970 1:00 AM)\u2728 Action2024-06-28 08:31:10aggregate my signal hourlyAction Results: Success\nCreated: 1 itemsBefore\u00a0\u00a0\u00a0After\u2728 Action2024-08-28 15:46:35can you remove the downtime periods from my cold liquid flow signal?Action Results: Success\nCreated: 1 itemsBefore\u00a0\u00a0\u00a0After\u2728 Action2024-10-01 06:52:58do this on myu cold liquid flow signal?Action Results: Success\n\nCreated: 1 itemsBefore\u00a0\u00a0\u00a0After\u2728 Action2024-10-01 06:54:38can you identify periods below 400000 in my cold liquid flow signal?Action Results: Success\n\nCreated: 1 itemsBefore\u00a0\u00a0\u00a0After\u2728 Action2024-10-09 08:28:27 by sean.tropsa&#64;seeq.comcan you find periods in my cold liquid flow when the flow was below 400000, call them system offAction Results: Success\n\nCreated: 1 itemsBefore\u00a0\u00a0\u00a0After",
        "Type": "Journal",
        "Unsearchable": false,
        "Updated At": "1728484107097175056"
    }
}