{
    "Definition": {
        "Archived": false,
        "Cache Enabled": false,
        "Created At": "1679390571163082682",
        "Description": "Current Oil and Gas customers who applied similar prediction model managed to reduce production loss with savings ~$10,000/year/heat exchanger. Prediction Model with Required Maintenance Date Problem Statement: Heat exchanger fouling could lead to economic losses or integrity issues in the facility due to inadequate heating or cooling. Monitoring all heat",
        "Discoverable": false,
        "Document": "<h2><strong>Heat Exchanger Prediction</strong></h2><figure class=\"table\"><table class=\"ck-table-resized\"><colgroup><col style=\"width:50%;\" /><col style=\"width:50%;\" /></colgroup><tbody><tr><td><figure class=\"image\"><img src=\"/api/annotations/5052F779-1478-4D87-917F-0EB83C6A3C7F/images/Assets_44x_v1.png\"></figure></td><td><h4><i>Current Oil and Gas customers who applied similar prediction model managed to<strong> reduce production loss with savings ~$10,000/year/heat exchanger.</strong></i></h4></td></tr></tbody></table></figure><h4><a href=\"/links?type&#61;workstep&amp;workbook&#61;C92F19A5-3192-4CBF-AD19-A6FB862C02C4&amp;worksheet&#61;6B93F553-816E-4382-8040-E44E691FE173&amp;workstep&#61;E08D7B6F-8C43-49A6-B44D-34A0903D53E7\" rel=\"nofollow noopener noreferrer\">Prediction Model with Required Maintenance Date</a></h4><h3 style=\"margin-left:0px;\"><strong>Problem Statement:</strong></h3><p style=\"margin-left:0px;\"><span style=\"color:black;\">Heat exchanger fouling could lead to economic losses or integrity issues in the facility due to inadequate heating or cooling. Monitoring all heat exchangers across the site is time-consuming.\u00a0</span><span style=\"background-color:rgb(248,248,248);color:rgb(29,28,29);\"> With Seeq, you can monitor heat exchanger performance in real-time, and optimize the best maintenance schedule</span></p><h3><strong>Solution:\u00a0</strong></h3><p><span style=\"color:black;\">For this analysis, we will apply first principles equations to quickly and easily calculate Heat Transfer Coefficient (U) from temperatures and flow rates with Seeq\u2019s Formula tool and develop a model of U-value data as a function of time with the help of Seeq\u2019s Prediction tool.</span></p><h4><span style=\"color:black;\"><strong><u>Data gathering</u></strong></span></h4><p><a href=\"/links?type&#61;workstep&amp;workbook&#61;C92F19A5-3192-4CBF-AD19-A6FB862C02C4&amp;worksheet&#61;2AA9F895-CAFF-457B-ADB5-791DF8822820&amp;workstep&#61;0EEEDBC5-85DC-F940-9073-2E5B4CAE2683\" rel=\"nofollow noopener noreferrer\">Pull </a>all the raw data required. In this use case, we have arranged all related signals in a asset group (Heat Exchanger). This way you can easily and quickly access your most frequently monitored signals.</p><h4><strong><u>Identify the downtime period</u></strong></h4><p><a href=\"/links?type&#61;workstep&amp;workbook&#61;C92F19A5-3192-4CBF-AD19-A6FB862C02C4&amp;worksheet&#61;6B93F553-816E-4382-8040-E44E691FE173&amp;workstep&#61;04CC395F-77C1-4CCE-9D3F-044ECA9E2177\" rel=\"nofollow noopener noreferrer\">Identify the downtime period</a> when the cold liquid flow is less than 400 000 lb/h.</p><h4><strong><u>Quantify-Calculations and Data Cleansing</u></strong></h4><p><a href=\"/links?type&#61;workstep&amp;workbook&#61;C92F19A5-3192-4CBF-AD19-A6FB862C02C4&amp;worksheet&#61;6B93F553-816E-4382-8040-E44E691FE173&amp;workstep&#61;5BF91DEE-87B2-46CD-A265-CF8CDF24EA5B\" rel=\"nofollow noopener noreferrer\">Calculate the U value and cleanse the final value by removing samples during downtime period.</a></p><h4><strong><u>Generate Linear Regression Model</u></strong></h4><p><a href=\"/links?type&#61;workstep&amp;workbook&#61;C92F19A5-3192-4CBF-AD19-A6FB862C02C4&amp;worksheet&#61;6B93F553-816E-4382-8040-E44E691FE173&amp;workstep&#61;DC7C13E9-4931-4241-A66D-7B84FDB9F876\" rel=\"nofollow noopener noreferrer\">Generate 2 linear model assuming the Cold Liquid Outlet Temperature is kept at 295F and manipulate the Cold Liquid Flow (High Flow &#61; \u00a0735000 lb/h and Low Flow &#61; 603000 lb/h).</a></p><p>-discuss about statistics analysis</p><h4><strong><u>Monitor when Maintenance needed</u></strong></h4><p>Create conditions to identify when the prediction value hit the minimum limit indicating the date\u00a0<a href=\"/links?type&#61;workstep&amp;workbook&#61;C92F19A5-3192-4CBF-AD19-A6FB862C02C4&amp;worksheet&#61;6B93F553-816E-4382-8040-E44E691FE173&amp;workstep&#61;323BBF57-C94C-4068-A939-C55235084701\" rel=\"nofollow noopener noreferrer\"> when maintenance is needed</a> .</p><p>\u00a0</p><p></p><h3><strong>\u2728 Action</strong></h3><p>2024-09-25 09:30:55</p><p><i>convert Minimum U value -constant to the same unit as Prediction with Low Flow</i></p><h4>Action Results: Success</h4>\n\n<p>Created: 1 items</p><p><a href=\"/links?type&#61;workstep&amp;workbook&#61;C92F19A5-3192-4CBF-AD19-A6FB862C02C4&amp;worksheet&#61;2AA9F895-CAFF-457B-ADB5-791DF8822820&amp;workstep&#61;0EF7ABC3-CF4C-E810-81D3-D53640674BDF\" rel=\"nofollow noopener noreferrer\">Before</a>\u00a0\u00a0\u00a0<a href=\"/links?type&#61;workstep&amp;workbook&#61;C92F19A5-3192-4CBF-AD19-A6FB862C02C4&amp;worksheet&#61;2AA9F895-CAFF-457B-ADB5-791DF8822820&amp;workstep&#61;0EF7ABC4-7F84-ECF0-8112-15EE797B8B5A\" rel=\"nofollow noopener noreferrer\">After</a></p>",
        "DocumentBackup\u02c9A7_KW5GA1DjDKqdX8ETUgo4_bCKNUQEr_cNWfjO3EBA\u02c92023-12-24T09:12:00Z": "<h2><strong>Heat Exchanger Prediction</strong></h2><figure class=\"table\"><table class=\"ck-table-resized\"><colgroup><col style=\"width:50%;\" /><col style=\"width:50%;\" /></colgroup><tbody><tr><td><figure class=\"image\"><img src=\"/api/annotations/5052F779-1478-4D87-917F-0EB83C6A3C7F/images/Assets_44x_v1.png\"></figure></td><td><h4><i>Current Oil and Gas customers who applied similar prediction model managed to<strong> reduce production loss with savings ~$10,000/year/heat exchanger.</strong></i></h4></td></tr></tbody></table></figure><h4><a href=\"/links?type&#61;workstep&amp;workbook&#61;C92F19A5-3192-4CBF-AD19-A6FB862C02C4&amp;worksheet&#61;6B93F553-816E-4382-8040-E44E691FE173&amp;workstep&#61;E08D7B6F-8C43-49A6-B44D-34A0903D53E7\" rel=\"nofollow noopener noreferrer\">Prediction Model with Required Maintenance Date</a></h4><h3 style=\"margin-left:0px;\"><strong>Problem Statement:</strong></h3><p style=\"margin-left:0px;\"><span style=\"color:black;\">Heat exchanger fouling could lead to economic losses or integrity issues in the facility due to inadequate heating or cooling. Monitoring all heat exchangers across the site is time-consuming.\u00a0</span><span style=\"background-color:rgb(248,248,248);color:rgb(29,28,29);\"> With Seeq, you can monitor heat exchanger performance in real-time, and optimize the best maintenance schedule</span></p><h3><strong>Solution:\u00a0</strong></h3><p><span style=\"color:black;\">For this analysis, we will apply first principles equations to quickly and easily calculate Heat Transfer Coefficient (U) from temperatures and flow rates with Seeq\u2019s Formula tool and develop a model of U-value data as a function of time with the help of Seeq\u2019s Prediction tool.</span></p><h4><span style=\"color:black;\"><strong><u>Data gathering</u></strong></span></h4><p><a href=\"/links?type&#61;workstep&amp;workbook&#61;C92F19A5-3192-4CBF-AD19-A6FB862C02C4&amp;worksheet&#61;6B93F553-816E-4382-8040-E44E691FE173&amp;workstep&#61;221558B7-8D1A-474A-9DE6-51527E372597\" rel=\"nofollow noopener noreferrer\">Pull all the raw data required</a>. In this use case, we have arranged all related signals in a asset group (Heat Exchanger). This way you can easily and quickly access your most frequently monitored signals.</p><h4><strong><u>Identify the downtime period</u></strong></h4><p><a href=\"/links?type&#61;workstep&amp;workbook&#61;C92F19A5-3192-4CBF-AD19-A6FB862C02C4&amp;worksheet&#61;6B93F553-816E-4382-8040-E44E691FE173&amp;workstep&#61;04CC395F-77C1-4CCE-9D3F-044ECA9E2177\" rel=\"nofollow noopener noreferrer\">Identify the downtime period</a> when the cold liquid flow is less than 400 000 lb/h.</p><h4><strong><u>Quantify-Calculations and Data Cleansing</u></strong></h4><p><a href=\"/links?type&#61;workstep&amp;workbook&#61;C92F19A5-3192-4CBF-AD19-A6FB862C02C4&amp;worksheet&#61;6B93F553-816E-4382-8040-E44E691FE173&amp;workstep&#61;5BF91DEE-87B2-46CD-A265-CF8CDF24EA5B\" rel=\"nofollow noopener noreferrer\">Calculate the U value and cleanse the final value by removing samples during downtime period.</a></p><h4><strong><u>Generate Linear Regression Model</u></strong></h4><p><a href=\"/links?type&#61;workstep&amp;workbook&#61;C92F19A5-3192-4CBF-AD19-A6FB862C02C4&amp;worksheet&#61;6B93F553-816E-4382-8040-E44E691FE173&amp;workstep&#61;DC7C13E9-4931-4241-A66D-7B84FDB9F876\" rel=\"nofollow noopener noreferrer\">Generate 2 linear model assuming the Cold Liquid Outlet Temperature is kept at 295F and manipulate the Cold Liquid Flow (High Flow &#61; \u00a0735000 lb/h and Low Flow &#61; 603000 lb/h).</a></p><p>-discuss about statistics analysis</p><h4><strong><u>Monitor when Maintenance needed</u></strong></h4><p>Create conditions to identify when the prediction value hit the minimum limit indicating the date\u00a0<a href=\"/links?type&#61;workstep&amp;workbook&#61;C92F19A5-3192-4CBF-AD19-A6FB862C02C4&amp;worksheet&#61;6B93F553-816E-4382-8040-E44E691FE173&amp;workstep&#61;323BBF57-C94C-4068-A939-C55235084701\" rel=\"nofollow noopener noreferrer\"> when maintenance is needed</a> .</p><p>\u00a0</p>",
        "DocumentBackup\u02c9A7_KW5GA1DjDKqdX8ETUgo4_bCKNUQEr_cNWfjO3EBA\u02c92024-03-29T11:06:00Z": "<h2><strong>Heat Exchanger Prediction</strong></h2><figure class=\"table\"><table class=\"ck-table-resized\"><colgroup><col style=\"width:50%;\" /><col style=\"width:50%;\" /></colgroup><tbody><tr><td><figure class=\"image\"><img src=\"/api/annotations/5052F779-1478-4D87-917F-0EB83C6A3C7F/images/Assets_44x_v1.png\"></figure></td><td><h4><i>Current Oil and Gas customers who applied similar prediction model managed to<strong> reduce production loss with savings ~$10,000/year/heat exchanger.</strong></i></h4></td></tr></tbody></table></figure><h4><a href=\"/links?type&#61;workstep&amp;workbook&#61;C92F19A5-3192-4CBF-AD19-A6FB862C02C4&amp;worksheet&#61;6B93F553-816E-4382-8040-E44E691FE173&amp;workstep&#61;E08D7B6F-8C43-49A6-B44D-34A0903D53E7\" rel=\"nofollow noopener noreferrer\">Prediction Model with Required Maintenance Date</a></h4><h3 style=\"margin-left:0px;\"><strong>Problem Statement:</strong></h3><p style=\"margin-left:0px;\"><span style=\"color:black;\">Heat exchanger fouling could lead to economic losses or integrity issues in the facility due to inadequate heating or cooling. Monitoring all heat exchangers across the site is time-consuming.\u00a0</span><span style=\"background-color:rgb(248,248,248);color:rgb(29,28,29);\"> With Seeq, you can monitor heat exchanger performance in real-time, and optimize the best maintenance schedule</span></p><h3><strong>Solution:\u00a0</strong></h3><p><span style=\"color:black;\">For this analysis, we will apply first principles equations to quickly and easily calculate Heat Transfer Coefficient (U) from temperatures and flow rates with Seeq\u2019s Formula tool and develop a model of U-value data as a function of time with the help of Seeq\u2019s Prediction tool.</span></p><h4><span style=\"color:black;\"><strong><u>Data gathering</u></strong></span></h4><p>Pull all the raw data required. In this use case, we have arranged all related signals in a asset group (Heat Exchanger). This way you can easily and quickly access your most frequently monitored signals.</p><h4><strong><u>Identify the downtime period</u></strong></h4><p><a href=\"/links?type&#61;workstep&amp;workbook&#61;C92F19A5-3192-4CBF-AD19-A6FB862C02C4&amp;worksheet&#61;6B93F553-816E-4382-8040-E44E691FE173&amp;workstep&#61;04CC395F-77C1-4CCE-9D3F-044ECA9E2177\" rel=\"nofollow noopener noreferrer\">Identify the downtime period</a> when the cold liquid flow is less than 400 000 lb/h.</p><h4><strong><u>Quantify-Calculations and Data Cleansing</u></strong></h4><p><a href=\"/links?type&#61;workstep&amp;workbook&#61;C92F19A5-3192-4CBF-AD19-A6FB862C02C4&amp;worksheet&#61;6B93F553-816E-4382-8040-E44E691FE173&amp;workstep&#61;5BF91DEE-87B2-46CD-A265-CF8CDF24EA5B\" rel=\"nofollow noopener noreferrer\">Calculate the U value and cleanse the final value by removing samples during downtime period.</a></p><h4><strong><u>Generate Linear Regression Model</u></strong></h4><p><a href=\"/links?type&#61;workstep&amp;workbook&#61;C92F19A5-3192-4CBF-AD19-A6FB862C02C4&amp;worksheet&#61;6B93F553-816E-4382-8040-E44E691FE173&amp;workstep&#61;DC7C13E9-4931-4241-A66D-7B84FDB9F876\" rel=\"nofollow noopener noreferrer\">Generate 2 linear model assuming the Cold Liquid Outlet Temperature is kept at 295F and manipulate the Cold Liquid Flow (High Flow &#61; \u00a0735000 lb/h and Low Flow &#61; 603000 lb/h).</a></p><p>-discuss about statistics analysis</p><h4><strong><u>Monitor when Maintenance needed</u></strong></h4><p>Create conditions to identify when the prediction value hit the minimum limit indicating the date\u00a0<a href=\"/links?type&#61;workstep&amp;workbook&#61;C92F19A5-3192-4CBF-AD19-A6FB862C02C4&amp;worksheet&#61;6B93F553-816E-4382-8040-E44E691FE173&amp;workstep&#61;323BBF57-C94C-4068-A939-C55235084701\" rel=\"nofollow noopener noreferrer\"> when maintenance is needed</a> .</p><p>\u00a0</p>",
        "DocumentBackup\u02c9AbdulRehman.B@css.net.sa\u02c92023-04-17T03:42:00Z": "<h2><strong>Heat Exchanger Prediction</strong></h2><figure class=\"table\"><table><colgroup><col style=\"width:50%;\" /><col style=\"width:50%;\" /></colgroup><tbody><tr><td><figure class=\"image\"><img src=\"/api/annotations/5052F779-1478-4D87-917F-0EB83C6A3C7F/images/Assets_44x_v1.png\"></figure></td><td><h4><i>Current Oil and Gas customers who applied similar prediction model managed to<strong> reduce production loss with savings ~$10,000/year/heat exchanger.</strong></i></h4></td></tr></tbody></table></figure><h4><a href=\"/links?type&#61;workstep&amp;workbook&#61;C92F19A5-3192-4CBF-AD19-A6FB862C02C4&amp;worksheet&#61;6B93F553-816E-4382-8040-E44E691FE173&amp;workstep&#61;E08D7B6F-8C43-49A6-B44D-34A0903D53E7\" rel=\"nofollow noopener noreferrer\">Prediction Model with Required Maintenance Date</a></h4><h3 style=\"margin-left:0px;\"><strong>Problem Statement:</strong></h3><p style=\"margin-left:0px;\"><span style=\"color:black;\">Heat exchanger fouling could lead to economic losses or integrity issues in the facility due to inadequate heating or cooling. Monitoring all heat exchangers across the site is time-consuming.\u00a0</span><span style=\"background-color:rgb(248,248,248);color:rgb(29,28,29);\"> With Seeq, you can monitor heat exchanger performance in real-time, and optimize the best maintenance schedule</span></p><h3><strong>Solution:\u00a0</strong></h3><p><span style=\"color:black;\">For this analysis, we will apply first principles equations to quickly and easily calculate Heat Transfer Coefficient (U) from temperatures and flow rates with Seeq\u2019s Formula tool and develop a model of U-value data as a function of time with the help of Seeq\u2019s Prediction tool.</span></p><h4><span style=\"color:black;\"><strong><u>Data gathering</u></strong></span></h4><p><a href=\"/links?type&#61;workstep&amp;workbook&#61;C92F19A5-3192-4CBF-AD19-A6FB862C02C4&amp;worksheet&#61;6B93F553-816E-4382-8040-E44E691FE173&amp;workstep&#61;221558B7-8D1A-474A-9DE6-51527E372597\" rel=\"nofollow noopener noreferrer\">Pull all the raw data required</a>. In this use case, we have arranged all related signals in a asset group (Heat Exchanger). This way you can easily and quickly access your most frequently monitored signals.</p><h4><strong><u>Identify the downtime period</u></strong></h4><p><a href=\"/links?type&#61;workstep&amp;workbook&#61;C92F19A5-3192-4CBF-AD19-A6FB862C02C4&amp;worksheet&#61;6B93F553-816E-4382-8040-E44E691FE173&amp;workstep&#61;04CC395F-77C1-4CCE-9D3F-044ECA9E2177\" rel=\"nofollow noopener noreferrer\">Identify the downtime period</a> when the cold liquid flow is less than 400 000 lb/h.</p><h4><strong><u>Quantify-Calculations and Data Cleansing</u></strong></h4><p><a href=\"/links?type&#61;workstep&amp;workbook&#61;C92F19A5-3192-4CBF-AD19-A6FB862C02C4&amp;worksheet&#61;6B93F553-816E-4382-8040-E44E691FE173&amp;workstep&#61;5BF91DEE-87B2-46CD-A265-CF8CDF24EA5B\" rel=\"nofollow noopener noreferrer\">Calculate the U value and cleanse the final value by removing samples during downtime period.</a></p><h4><strong><u>Generate Linear Regression Model</u></strong></h4><p><a href=\"/links?type&#61;workstep&amp;workbook&#61;C92F19A5-3192-4CBF-AD19-A6FB862C02C4&amp;worksheet&#61;6B93F553-816E-4382-8040-E44E691FE173&amp;workstep&#61;DC7C13E9-4931-4241-A66D-7B84FDB9F876\" rel=\"nofollow noopener noreferrer\">Generate 2 linear model assuming the Cold Liquid Outlet Temperature is kept at 295F and manipulate the Cold Liquid Flow (High Flow &#61; \u00a0735000 lb/h and Low Flow &#61; 603000 lb/h).</a></p><p>-discuss about statistics analysis</p><h4><strong><u>Monitor when Maintenance needed</u></strong></h4><p>Create conditions to identify when the prediction value hit the minimum limit indicating the date\u00a0<a href=\"/links?type&#61;workstep&amp;workbook&#61;C92F19A5-3192-4CBF-AD19-A6FB862C02C4&amp;worksheet&#61;6B93F553-816E-4382-8040-E44E691FE173&amp;workstep&#61;323BBF57-C94C-4068-A939-C55235084701\" rel=\"nofollow noopener noreferrer\"> when maintenance is needed</a> .</p><p>\u00a0</p>",
        "DocumentBackup\u02c9AbdulRehman.B@css.net.sa\u02c92023-12-24T08:53:00Z": "<h2><strong>Heat Exchanger Prediction</strong></h2><figure class=\"table\"><table class=\"ck-table-resized\"><colgroup><col style=\"width:50%;\" /><col style=\"width:50%;\" /></colgroup><tbody><tr><td><figure class=\"image\"><img src=\"/api/annotations/5052F779-1478-4D87-917F-0EB83C6A3C7F/images/Assets_44x_v1.png\"></figure></td><td><h4><i>Current Oil and Gas customers who applied similar prediction model managed to<strong> reduce production loss with savings ~$10,000/year/heat exchanger.</strong></i></h4></td></tr></tbody></table></figure><h4><a href=\"/links?type&#61;workstep&amp;workbook&#61;C92F19A5-3192-4CBF-AD19-A6FB862C02C4&amp;worksheet&#61;6B93F553-816E-4382-8040-E44E691FE173&amp;workstep&#61;E08D7B6F-8C43-49A6-B44D-34A0903D53E7\" rel=\"nofollow noopener noreferrer\">Prediction Model with Required Maintenance Date</a></h4><h3 style=\"margin-left:0px;\"><strong>Problem Statement:</strong></h3><p style=\"margin-left:0px;\"><span style=\"color:black;\">Heat exchanger fouling could lead to economic losses or integrity issues in the facility due to inadequate heating or cooling. Monitoring all heat exchangers across the site is time-consuming.\u00a0</span><span style=\"background-color:rgb(248,248,248);color:rgb(29,28,29);\"> With Seeq, you can monitor heat exchanger performance in real-time, and optimize the best maintenance schedule</span></p><h3><strong>Solution:\u00a0</strong></h3><p><span style=\"color:black;\">For this analysis, we will apply first principles equations to quickly and easily calculate Heat Transfer Coefficient (U) from temperatures and flow rates with Seeq\u2019s Formula tool and develop a model of U-value data as a function of time with the help of Seeq\u2019s Prediction tool.</span></p><p>\u00a0</p><h4><span style=\"color:black;\"><strong><u>Data gathering</u></strong></span></h4><p><a href=\"/links?type&#61;workstep&amp;workbook&#61;C92F19A5-3192-4CBF-AD19-A6FB862C02C4&amp;worksheet&#61;6B93F553-816E-4382-8040-E44E691FE173&amp;workstep&#61;221558B7-8D1A-474A-9DE6-51527E372597\" rel=\"nofollow noopener noreferrer\">Pull all the raw data required</a>. In this use case, we have arranged all related signals in a asset group (Heat Exchanger). This way you can easily and quickly access your most frequently monitored signals.</p><h4><strong><u>Identify the downtime period</u></strong></h4><p><a href=\"/links?type&#61;workstep&amp;workbook&#61;C92F19A5-3192-4CBF-AD19-A6FB862C02C4&amp;worksheet&#61;6B93F553-816E-4382-8040-E44E691FE173&amp;workstep&#61;04CC395F-77C1-4CCE-9D3F-044ECA9E2177\" rel=\"nofollow noopener noreferrer\">Identify the downtime period</a> when the cold liquid flow is less than 400 000 lb/h.</p><h4><strong><u>Quantify-Calculations and Data Cleansing</u></strong></h4><p><a href=\"/links?type&#61;workstep&amp;workbook&#61;C92F19A5-3192-4CBF-AD19-A6FB862C02C4&amp;worksheet&#61;6B93F553-816E-4382-8040-E44E691FE173&amp;workstep&#61;5BF91DEE-87B2-46CD-A265-CF8CDF24EA5B\" rel=\"nofollow noopener noreferrer\">Calculate the U value and cleanse the final value by removing samples during downtime period.</a></p><h4><strong><u>Generate Linear Regression Model</u></strong></h4><p><a href=\"/links?type&#61;workstep&amp;workbook&#61;C92F19A5-3192-4CBF-AD19-A6FB862C02C4&amp;worksheet&#61;6B93F553-816E-4382-8040-E44E691FE173&amp;workstep&#61;DC7C13E9-4931-4241-A66D-7B84FDB9F876\" rel=\"nofollow noopener noreferrer\">Generate 2 linear model assuming the Cold Liquid Outlet Temperature is kept at 295F and manipulate the Cold Liquid Flow (High Flow &#61; \u00a0735000 lb/h and Low Flow &#61; 603000 lb/h).</a></p><p>-discuss about statistics analysis</p><h4><strong><u>Monitor when Maintenance needed</u></strong></h4><p>Create conditions to identify when the prediction value hit the minimum limit indicating the date\u00a0<a href=\"/links?type&#61;workstep&amp;workbook&#61;C92F19A5-3192-4CBF-AD19-A6FB862C02C4&amp;worksheet&#61;6B93F553-816E-4382-8040-E44E691FE173&amp;workstep&#61;323BBF57-C94C-4068-A939-C55235084701\" rel=\"nofollow noopener noreferrer\"> when maintenance is needed</a> .</p><p>\u00a0</p>",
        "DocumentBackup\u02c9ELmAWRzYK8sXaSFDYC-9pvU9lbOxlbA42tRMCYcJiMo\u02c92023-03-21T09:25:00Z": "<h2><strong>Heat Exchanger Prediction</strong></h2><figure class=\"table\"><table><colgroup><col style=\"width:50%;\" /><col style=\"width:50%;\" /></colgroup><tbody><tr><td><figure class=\"image\"><img src=\"/api/annotations/5052F779-1478-4D87-917F-0EB83C6A3C7F/images/Assets_44x_v1.png\"></figure></td><td><h4><i>Current Oil and Gas customers who applied similar prediction model managed to<strong> reduce production loss with savings ~$10,000/year/heat exchanger.</strong></i></h4></td></tr></tbody></table></figure><p><a href=\"/links?type&#61;workstep&amp;workbook&#61;C92F19A5-3192-4CBF-AD19-A6FB862C02C4&amp;worksheet&#61;6B93F553-816E-4382-8040-E44E691FE173&amp;workstep&#61;E08D7B6F-8C43-49A6-B44D-34A0903D53E7\" rel=\"nofollow noopener noreferrer\">Prediction Model with Required Maintenance Date</a></p><h3 style=\"margin-left:0px;\"><strong>Problem Statement:</strong></h3><p style=\"margin-left:0px;\"><span style=\"color:black;\">Heat exchanger fouling could lead to economic losses or integrity issues in the facility due to inadequate heating or cooling. Monitoring all heat exchangers across the site is time-consuming.\u00a0</span><span style=\"background-color:rgb(248,248,248);color:rgb(29,28,29);\"> With Seeq, you can monitor heat exchanger performance in real-time, and optimize the best maintenance schedule</span></p><h3><strong>Solution:\u00a0</strong></h3><p><span style=\"color:black;\">For this analysis, we will apply first principles equations to quickly and easily calculate Heat Transfer Coefficient (U) from temperatures and flow rates with Seeq\u2019s Formula tool and develop a model of U-value data as a function of time with the help of Seeq\u2019s Prediction tool.</span></p><h4><span style=\"color:black;\"><strong><u>Data gathering</u></strong></span></h4><p><a href=\"/links?type&#61;workstep&amp;workbook&#61;C92F19A5-3192-4CBF-AD19-A6FB862C02C4&amp;worksheet&#61;6B93F553-816E-4382-8040-E44E691FE173&amp;workstep&#61;221558B7-8D1A-474A-9DE6-51527E372597\" rel=\"nofollow noopener noreferrer\">Pull all the raw data required</a>. In this use case, we have arranged all related signals in a asset group (Heat Exchanger). This way you can easily and quickly access your most frequently monitored signals.</p><h4><strong>Identify the downtime period</strong></h4><p><a href=\"/links?type&#61;workstep&amp;workbook&#61;C92F19A5-3192-4CBF-AD19-A6FB862C02C4&amp;worksheet&#61;6B93F553-816E-4382-8040-E44E691FE173&amp;workstep&#61;04CC395F-77C1-4CCE-9D3F-044ECA9E2177\" rel=\"nofollow noopener noreferrer\">Identify the downtime period</a> when the cold liquid flow is less than 400 000 lb/h.</p><p><a href=\"/links?type&#61;workstep&amp;workbook&#61;C92F19A5-3192-4CBF-AD19-A6FB862C02C4&amp;worksheet&#61;6B93F553-816E-4382-8040-E44E691FE173&amp;workstep&#61;5BF91DEE-87B2-46CD-A265-CF8CDF24EA5B\" rel=\"nofollow noopener noreferrer\">Calculate the U value and cleanse the final value by removing samples during downtime period.</a></p><p><a href=\"/links?type&#61;workstep&amp;workbook&#61;C92F19A5-3192-4CBF-AD19-A6FB862C02C4&amp;worksheet&#61;6B93F553-816E-4382-8040-E44E691FE173&amp;workstep&#61;DC7C13E9-4931-4241-A66D-7B84FDB9F876\" rel=\"nofollow noopener noreferrer\">Generate 2 linear model assuming the Cold Liquid Outlet Temperature is kept at 295F and manipulate the Cold Liquid Flow (High Flow &#61; \u00a0735000 lb/h and Low Flow &#61; 603000 lb/h).</a></p><p>Create conditions to identify when the prediction value hit the minimum limit indicating the date\u00a0<a href=\"/links?type&#61;workstep&amp;workbook&#61;C92F19A5-3192-4CBF-AD19-A6FB862C02C4&amp;worksheet&#61;6B93F553-816E-4382-8040-E44E691FE173&amp;workstep&#61;323BBF57-C94C-4068-A939-C55235084701\" rel=\"nofollow noopener noreferrer\"> when maintenance is needed</a> .</p><p>\u00a0</p>",
        "DocumentBackup\u02c9ELmAWRzYK8sXaSFDYC-9pvU9lbOxlbA42tRMCYcJiMo\u02c92023-03-21T09:26:00Z": "<h2><strong>Heat Exchanger Prediction</strong></h2><figure class=\"table\"><table><colgroup><col style=\"width:50%;\" /><col style=\"width:50%;\" /></colgroup><tbody><tr><td><figure class=\"image\"><img src=\"/api/annotations/5052F779-1478-4D87-917F-0EB83C6A3C7F/images/Assets_44x_v1.png\"></figure></td><td><h4><i>Current Oil and Gas customers who applied similar prediction model managed to<strong> reduce production loss with savings ~$10,000/year/heat exchanger.</strong></i></h4></td></tr></tbody></table></figure><p><a href=\"/links?type&#61;workstep&amp;workbook&#61;C92F19A5-3192-4CBF-AD19-A6FB862C02C4&amp;worksheet&#61;6B93F553-816E-4382-8040-E44E691FE173&amp;workstep&#61;E08D7B6F-8C43-49A6-B44D-34A0903D53E7\" rel=\"nofollow noopener noreferrer\">Prediction Model with Required Maintenance Date</a></p><h3 style=\"margin-left:0px;\"><strong>Problem Statement:</strong></h3><p style=\"margin-left:0px;\"><span style=\"color:black;\">Heat exchanger fouling could lead to economic losses or integrity issues in the facility due to inadequate heating or cooling. Monitoring all heat exchangers across the site is time-consuming.\u00a0</span><span style=\"background-color:rgb(248,248,248);color:rgb(29,28,29);\"> With Seeq, you can monitor heat exchanger performance in real-time, and optimize the best maintenance schedule</span></p><h3><strong>Solution:\u00a0</strong></h3><p><span style=\"color:black;\">For this analysis, we will apply first principles equations to quickly and easily calculate Heat Transfer Coefficient (U) from temperatures and flow rates with Seeq\u2019s Formula tool and develop a model of U-value data as a function of time with the help of Seeq\u2019s Prediction tool.</span></p><h4><span style=\"color:black;\"><strong><u>Data gathering</u></strong></span></h4><p><a href=\"/links?type&#61;workstep&amp;workbook&#61;C92F19A5-3192-4CBF-AD19-A6FB862C02C4&amp;worksheet&#61;6B93F553-816E-4382-8040-E44E691FE173&amp;workstep&#61;221558B7-8D1A-474A-9DE6-51527E372597\" rel=\"nofollow noopener noreferrer\">Pull all the raw data required</a>. In this use case, we have arranged all related signals in a asset group (Heat Exchanger). This way you can easily and quickly access your most frequently monitored signals.</p><h4><strong><u>Identify the downtime period</u></strong></h4><p><a href=\"/links?type&#61;workstep&amp;workbook&#61;C92F19A5-3192-4CBF-AD19-A6FB862C02C4&amp;worksheet&#61;6B93F553-816E-4382-8040-E44E691FE173&amp;workstep&#61;04CC395F-77C1-4CCE-9D3F-044ECA9E2177\" rel=\"nofollow noopener noreferrer\">Identify the downtime period</a> when the cold liquid flow is less than 400 000 lb/h.</p><h4><strong><u>Quantify-Calculations and\u00a0</u></strong></h4><p><a href=\"/links?type&#61;workstep&amp;workbook&#61;C92F19A5-3192-4CBF-AD19-A6FB862C02C4&amp;worksheet&#61;6B93F553-816E-4382-8040-E44E691FE173&amp;workstep&#61;5BF91DEE-87B2-46CD-A265-CF8CDF24EA5B\" rel=\"nofollow noopener noreferrer\">Calculate the U value and cleanse the final value by removing samples during downtime period.</a></p><p>\u00a0</p><p><a href=\"/links?type&#61;workstep&amp;workbook&#61;C92F19A5-3192-4CBF-AD19-A6FB862C02C4&amp;worksheet&#61;6B93F553-816E-4382-8040-E44E691FE173&amp;workstep&#61;DC7C13E9-4931-4241-A66D-7B84FDB9F876\" rel=\"nofollow noopener noreferrer\">Generate 2 linear model assuming the Cold Liquid Outlet Temperature is kept at 295F and manipulate the Cold Liquid Flow (High Flow &#61; \u00a0735000 lb/h and Low Flow &#61; 603000 lb/h).</a></p><p>Create conditions to identify when the prediction value hit the minimum limit indicating the date\u00a0<a href=\"/links?type&#61;workstep&amp;workbook&#61;C92F19A5-3192-4CBF-AD19-A6FB862C02C4&amp;worksheet&#61;6B93F553-816E-4382-8040-E44E691FE173&amp;workstep&#61;323BBF57-C94C-4068-A939-C55235084701\" rel=\"nofollow noopener noreferrer\"> when maintenance is needed</a> .</p><p>\u00a0</p>",
        "DocumentBackup\u02c9ELmAWRzYK8sXaSFDYC-9pvU9lbOxlbA42tRMCYcJiMo\u02c92023-04-06T13:54:00Z": "<h2><strong>Heat Exchanger Prediction</strong></h2><figure class=\"table\"><table><colgroup><col style=\"width:50%;\" /><col style=\"width:50%;\" /></colgroup><tbody><tr><td><figure class=\"image\"><img src=\"/api/annotations/5052F779-1478-4D87-917F-0EB83C6A3C7F/images/Assets_44x_v1.png\"></figure></td><td><h4><i>Current Oil and Gas customers who applied similar prediction model managed to<strong> reduce production loss with savings ~$10,000/year/heat exchanger.</strong></i></h4></td></tr></tbody></table></figure><h4><a href=\"/links?type&#61;workstep&amp;workbook&#61;C92F19A5-3192-4CBF-AD19-A6FB862C02C4&amp;worksheet&#61;6B93F553-816E-4382-8040-E44E691FE173&amp;workstep&#61;E08D7B6F-8C43-49A6-B44D-34A0903D53E7\" rel=\"nofollow noopener noreferrer\">Prediction Model with Required Maintenance Date</a></h4><h3 style=\"margin-left:0px;\"><strong>Problem Statement:</strong></h3><p style=\"margin-left:0px;\"><span style=\"color:black;\">Heat exchanger fouling could lead to economic losses or integrity issues in the facility due to inadequate heating or cooling. Monitoring all heat exchangers across the site is time-consuming.\u00a0</span><span style=\"background-color:rgb(248,248,248);color:rgb(29,28,29);\"> With Seeq, you can monitor heat exchanger performance in real-time, and optimize the best maintenance schedule</span></p><h3><strong>Solution:\u00a0</strong></h3><p><span style=\"color:black;\">For this analysis, we will apply first principles equations to quickly and easily calculate Heat Transfer Coefficient (U) from temperatures and flow rates with Seeq\u2019s Formula tool and develop a model of U-value data as a function of time with the help of Seeq\u2019s Prediction tool.</span></p><h4><span style=\"color:black;\"><strong><u>Data gathering</u></strong></span></h4><p><a href=\"/links?type&#61;workstep&amp;workbook&#61;C92F19A5-3192-4CBF-AD19-A6FB862C02C4&amp;worksheet&#61;6B93F553-816E-4382-8040-E44E691FE173&amp;workstep&#61;221558B7-8D1A-474A-9DE6-51527E372597\" rel=\"nofollow noopener noreferrer\">Pull all the raw data required</a>. In this use case, we have arranged all related signals in a asset group (Heat Exchanger). This way you can easily and quickly access your most frequently monitored signals.</p><h4><strong><u>Identify the downtime period</u></strong></h4><p><a href=\"/links?type&#61;workstep&amp;workbook&#61;C92F19A5-3192-4CBF-AD19-A6FB862C02C4&amp;worksheet&#61;6B93F553-816E-4382-8040-E44E691FE173&amp;workstep&#61;04CC395F-77C1-4CCE-9D3F-044ECA9E2177\" rel=\"nofollow noopener noreferrer\">Identify the downtime period</a> when the cold liquid flow is less than 400 000 lb/h.</p><h4><strong><u>Quantify-Calculations and Data Cleansing</u></strong></h4><p><a href=\"/links?type&#61;workstep&amp;workbook&#61;C92F19A5-3192-4CBF-AD19-A6FB862C02C4&amp;worksheet&#61;6B93F553-816E-4382-8040-E44E691FE173&amp;workstep&#61;5BF91DEE-87B2-46CD-A265-CF8CDF24EA5B\" rel=\"nofollow noopener noreferrer\">Calculate the U value and cleanse the final value by removing samples during downtime period.</a></p><h4><strong><u>Generate Linear Regression Model</u></strong></h4><p><a href=\"/links?type&#61;workstep&amp;workbook&#61;C92F19A5-3192-4CBF-AD19-A6FB862C02C4&amp;worksheet&#61;6B93F553-816E-4382-8040-E44E691FE173&amp;workstep&#61;DC7C13E9-4931-4241-A66D-7B84FDB9F876\" rel=\"nofollow noopener noreferrer\">Generate 2 linear model assuming the Cold Liquid Outlet Temperature is kept at 295F and manipulate the Cold Liquid Flow (High Flow &#61; \u00a0735000 lb/h and Low Flow &#61; 603000 lb/h).</a></p><h4><strong><u>Monitor when Maintenance needed</u></strong></h4><p>Create conditions to identify when the prediction value hit the minimum limit indicating the date\u00a0<a href=\"/links?type&#61;workstep&amp;workbook&#61;C92F19A5-3192-4CBF-AD19-A6FB862C02C4&amp;worksheet&#61;6B93F553-816E-4382-8040-E44E691FE173&amp;workstep&#61;323BBF57-C94C-4068-A939-C55235084701\" rel=\"nofollow noopener noreferrer\"> when maintenance is needed</a> .</p><p>\u00a0</p>",
        "DocumentBackup\u02c9ELmAWRzYK8sXaSFDYC-9pvU9lbOxlbA42tRMCYcJiMo\u02c92023-04-17T03:42:00Z": "<h2><strong>Heat Exchanger Prediction</strong></h2><figure class=\"table\"><table><colgroup><col style=\"width:50%;\" /><col style=\"width:50%;\" /></colgroup><tbody><tr><td><figure class=\"image\"><img src=\"/api/annotations/5052F779-1478-4D87-917F-0EB83C6A3C7F/images/Assets_44x_v1.png\"></figure></td><td><h4><i>Current Oil and Gas customers who applied similar prediction model managed to<strong> reduce production loss with savings ~$10,000/year/heat exchanger.</strong></i></h4></td></tr></tbody></table></figure><h4><a href=\"/links?type&#61;workstep&amp;workbook&#61;C92F19A5-3192-4CBF-AD19-A6FB862C02C4&amp;worksheet&#61;6B93F553-816E-4382-8040-E44E691FE173&amp;workstep&#61;E08D7B6F-8C43-49A6-B44D-34A0903D53E7\" rel=\"nofollow noopener noreferrer\">Prediction Model with Required Maintenance Date</a></h4><h3 style=\"margin-left:0px;\"><strong>Problem Statement:</strong></h3><p style=\"margin-left:0px;\"><span style=\"color:black;\">Heat exchanger fouling could lead to economic losses or integrity issues in the facility due to inadequate heating or cooling. Monitoring all heat exchangers across the site is time-consuming.\u00a0</span><span style=\"background-color:rgb(248,248,248);color:rgb(29,28,29);\"> With Seeq, you can monitor heat exchanger performance in real-time, and optimize the best maintenance schedule</span></p><h3><strong>Solution:\u00a0</strong></h3><p><span style=\"color:black;\">For this analysis, we will apply first principles equations to quickly and easily calculate Heat Transfer Coefficient (U) from temperatures and flow rates with Seeq\u2019s Formula tool and develop a model of U-value data as a function of time with the help of Seeq\u2019s Prediction tool.</span></p><h4><span style=\"color:black;\"><strong><u>Data gathering</u></strong></span></h4><p><a href=\"/links?type&#61;workstep&amp;workbook&#61;C92F19A5-3192-4CBF-AD19-A6FB862C02C4&amp;worksheet&#61;6B93F553-816E-4382-8040-E44E691FE173&amp;workstep&#61;221558B7-8D1A-474A-9DE6-51527E372597\" rel=\"nofollow noopener noreferrer\">Pull all the raw data required</a>. In this use case, we have arranged all related signals in a asset group (Heat Exchanger). This way you can easily and quickly access your most frequently monitored signals.</p><h4><strong><u>Identify the downtime period</u></strong></h4><p><a href=\"/links?type&#61;workstep&amp;workbook&#61;C92F19A5-3192-4CBF-AD19-A6FB862C02C4&amp;worksheet&#61;6B93F553-816E-4382-8040-E44E691FE173&amp;workstep&#61;04CC395F-77C1-4CCE-9D3F-044ECA9E2177\" rel=\"nofollow noopener noreferrer\">Identify the downtime period</a> when the cold liquid flow is less than 400 000 lb/h.</p><h4><strong><u>Quantify-Calculations and Data Cleansing</u></strong></h4><p><a href=\"/links?type&#61;workstep&amp;workbook&#61;C92F19A5-3192-4CBF-AD19-A6FB862C02C4&amp;worksheet&#61;6B93F553-816E-4382-8040-E44E691FE173&amp;workstep&#61;5BF91DEE-87B2-46CD-A265-CF8CDF24EA5B\" rel=\"nofollow noopener noreferrer\">Calculate the U value and cleanse the final value by removing samples during downtime period.</a></p><h4><strong><u>Generate Linear Regression Model</u></strong></h4><p><a href=\"/links?type&#61;workstep&amp;workbook&#61;C92F19A5-3192-4CBF-AD19-A6FB862C02C4&amp;worksheet&#61;6B93F553-816E-4382-8040-E44E691FE173&amp;workstep&#61;DC7C13E9-4931-4241-A66D-7B84FDB9F876\" rel=\"nofollow noopener noreferrer\">Generate 2 linear model assuming the Cold Liquid Outlet Temperature is kept at 295F and manipulate the Cold Liquid Flow (High Flow &#61; \u00a0735000 lb/h and Low Flow &#61; 603000 lb/h).</a></p><p>\u00a0</p><h4><strong><u>Monitor when Maintenance needed</u></strong></h4><p>Create conditions to identify when the prediction value hit the minimum limit indicating the date\u00a0<a href=\"/links?type&#61;workstep&amp;workbook&#61;C92F19A5-3192-4CBF-AD19-A6FB862C02C4&amp;worksheet&#61;6B93F553-816E-4382-8040-E44E691FE173&amp;workstep&#61;323BBF57-C94C-4068-A939-C55235084701\" rel=\"nofollow noopener noreferrer\"> when maintenance is needed</a> .</p><p>\u00a0</p>",
        "DocumentBackup\u02c9LjXAO8okMd52xtGMkaDcHh2O4Fv921fMzjtjGvUa70o\u02c92023-03-21T09:26:00Z": "<h2><strong>Heat Exchanger Prediction</strong></h2><figure class=\"table\"><table><colgroup><col style=\"width:50%;\" /><col style=\"width:50%;\" /></colgroup><tbody><tr><td><figure class=\"image\"><img src=\"/api/annotations/5052F779-1478-4D87-917F-0EB83C6A3C7F/images/Assets_44x_v1.png\"></figure></td><td><h4><i>Current Oil and Gas customers who applied similar prediction model managed to<strong> reduce production loss with savings ~$10,000/year/heat exchanger.</strong></i></h4></td></tr></tbody></table></figure><p><a href=\"/links?type&#61;workstep&amp;workbook&#61;C92F19A5-3192-4CBF-AD19-A6FB862C02C4&amp;worksheet&#61;6B93F553-816E-4382-8040-E44E691FE173&amp;workstep&#61;E08D7B6F-8C43-49A6-B44D-34A0903D53E7\" rel=\"nofollow noopener noreferrer\">Prediction Model with Required Maintenance Date</a></p><h3 style=\"margin-left:0px;\"><strong>Problem Statement:</strong></h3><p style=\"margin-left:0px;\"><span style=\"color:black;\">Heat exchanger fouling could lead to economic losses or integrity issues in the facility due to inadequate heating or cooling. Monitoring all heat exchangers across the site is time-consuming.\u00a0</span><span style=\"background-color:rgb(248,248,248);color:rgb(29,28,29);\"> With Seeq, you can monitor heat exchanger performance in real-time, and optimize the best maintenance schedule</span></p><h3><strong>Solution:\u00a0</strong></h3><p><span style=\"color:black;\">For this analysis, we will apply first principles equations to quickly and easily calculate Heat Transfer Coefficient (U) from temperatures and flow rates with Seeq\u2019s Formula tool and develop a model of U-value data as a function of time with the help of Seeq\u2019s Prediction tool.</span></p><h4><span style=\"color:black;\"><strong><u>Data gathering</u></strong></span></h4><p><a href=\"/links?type&#61;workstep&amp;workbook&#61;C92F19A5-3192-4CBF-AD19-A6FB862C02C4&amp;worksheet&#61;6B93F553-816E-4382-8040-E44E691FE173&amp;workstep&#61;221558B7-8D1A-474A-9DE6-51527E372597\" rel=\"nofollow noopener noreferrer\">Pull all the raw data required</a>. In this use case, we have arranged all related signals in a asset group (Heat Exchanger). This way you can easily and quickly access your most frequently monitored signals.</p><h4><strong><u>Identify the downtime period</u></strong></h4><p><a href=\"/links?type&#61;workstep&amp;workbook&#61;C92F19A5-3192-4CBF-AD19-A6FB862C02C4&amp;worksheet&#61;6B93F553-816E-4382-8040-E44E691FE173&amp;workstep&#61;04CC395F-77C1-4CCE-9D3F-044ECA9E2177\" rel=\"nofollow noopener noreferrer\">Identify the downtime period</a> when the cold liquid flow is less than 400 000 lb/h.</p><h4><strong><u>Quantify-Calculations and Data Cleansing</u></strong></h4><p><a href=\"/links?type&#61;workstep&amp;workbook&#61;C92F19A5-3192-4CBF-AD19-A6FB862C02C4&amp;worksheet&#61;6B93F553-816E-4382-8040-E44E691FE173&amp;workstep&#61;5BF91DEE-87B2-46CD-A265-CF8CDF24EA5B\" rel=\"nofollow noopener noreferrer\">Calculate the U value and cleanse the final value by removing samples during downtime period.</a></p><h4><strong><u>Generate Linear Regression Model</u></strong></h4><p><a href=\"/links?type&#61;workstep&amp;workbook&#61;C92F19A5-3192-4CBF-AD19-A6FB862C02C4&amp;worksheet&#61;6B93F553-816E-4382-8040-E44E691FE173&amp;workstep&#61;DC7C13E9-4931-4241-A66D-7B84FDB9F876\" rel=\"nofollow noopener noreferrer\">Generate 2 linear model assuming the Cold Liquid Outlet Temperature is kept at 295F and manipulate the Cold Liquid Flow (High Flow &#61; \u00a0735000 lb/h and Low Flow &#61; 603000 lb/h).</a></p><h4><strong><u>Monitor when Maintenance needed</u></strong></h4><p>Create conditions to identify when the prediction value hit the minimum limit indicating the date\u00a0<a href=\"/links?type&#61;workstep&amp;workbook&#61;C92F19A5-3192-4CBF-AD19-A6FB862C02C4&amp;worksheet&#61;6B93F553-816E-4382-8040-E44E691FE173&amp;workstep&#61;323BBF57-C94C-4068-A939-C55235084701\" rel=\"nofollow noopener noreferrer\"> when maintenance is needed</a> .</p><p>\u00a0</p>",
        "DocumentBackup\u02c9jamie.rewi@nzcontrols.co.nz\u02c92024-03-29T11:06:00Z": "<h2><strong>Heat Exchanger Prediction</strong></h2><figure class=\"table\"><table class=\"ck-table-resized\"><colgroup><col style=\"width:50%;\" /><col style=\"width:50%;\" /></colgroup><tbody><tr><td><figure class=\"image\"><img src=\"/api/annotations/5052F779-1478-4D87-917F-0EB83C6A3C7F/images/Assets_44x_v1.png\"></figure></td><td><h4><i>Current Oil and Gas customers who applied similar prediction model managed to<strong> reduce production loss with savings ~$10,000/year/heat exchanger.</strong></i></h4></td></tr></tbody></table></figure><h4><a href=\"/links?type&#61;workstep&amp;workbook&#61;C92F19A5-3192-4CBF-AD19-A6FB862C02C4&amp;worksheet&#61;6B93F553-816E-4382-8040-E44E691FE173&amp;workstep&#61;E08D7B6F-8C43-49A6-B44D-34A0903D53E7\" rel=\"nofollow noopener noreferrer\">Prediction Model with Required Maintenance Date</a></h4><h3 style=\"margin-left:0px;\"><strong>Problem Statement:</strong></h3><p style=\"margin-left:0px;\"><span style=\"color:black;\">Heat exchanger fouling could lead to economic losses or integrity issues in the facility due to inadequate heating or cooling. Monitoring all heat exchangers across the site is time-consuming.\u00a0</span><span style=\"background-color:rgb(248,248,248);color:rgb(29,28,29);\"> With Seeq, you can monitor heat exchanger performance in real-time, and optimize the best maintenance schedule</span></p><h3><strong>Solution:\u00a0</strong></h3><p><span style=\"color:black;\">For this analysis, we will apply first principles equations to quickly and easily calculate Heat Transfer Coefficient (U) from temperatures and flow rates with Seeq\u2019s Formula tool and develop a model of U-value data as a function of time with the help of Seeq\u2019s Prediction tool.</span></p><h4><span style=\"color:black;\"><strong><u>Data gathering</u></strong></span></h4><p><a href=\"/links?type&#61;workstep&amp;workbook&#61;C92F19A5-3192-4CBF-AD19-A6FB862C02C4&amp;worksheet&#61;2AA9F895-CAFF-457B-ADB5-791DF8822820&amp;workstep&#61;0EEEDBC5-85DC-F940-9073-2E5B4CAE2683\" rel=\"nofollow noopener noreferrer\">Pull </a>all the raw data required. In this use case, we have arranged all related signals in a asset group (Heat Exchanger). This way you can easily and quickly access your most frequently monitored signals.</p><h4><strong><u>Identify the downtime period</u></strong></h4><p><a href=\"/links?type&#61;workstep&amp;workbook&#61;C92F19A5-3192-4CBF-AD19-A6FB862C02C4&amp;worksheet&#61;6B93F553-816E-4382-8040-E44E691FE173&amp;workstep&#61;04CC395F-77C1-4CCE-9D3F-044ECA9E2177\" rel=\"nofollow noopener noreferrer\">Identify the downtime period</a> when the cold liquid flow is less than 400 000 lb/h.</p><h4><strong><u>Quantify-Calculations and Data Cleansing</u></strong></h4><p><a href=\"/links?type&#61;workstep&amp;workbook&#61;C92F19A5-3192-4CBF-AD19-A6FB862C02C4&amp;worksheet&#61;6B93F553-816E-4382-8040-E44E691FE173&amp;workstep&#61;5BF91DEE-87B2-46CD-A265-CF8CDF24EA5B\" rel=\"nofollow noopener noreferrer\">Calculate the U value and cleanse the final value by removing samples during downtime period.</a></p><h4><strong><u>Generate Linear Regression Model</u></strong></h4><p><a href=\"/links?type&#61;workstep&amp;workbook&#61;C92F19A5-3192-4CBF-AD19-A6FB862C02C4&amp;worksheet&#61;6B93F553-816E-4382-8040-E44E691FE173&amp;workstep&#61;DC7C13E9-4931-4241-A66D-7B84FDB9F876\" rel=\"nofollow noopener noreferrer\">Generate 2 linear model assuming the Cold Liquid Outlet Temperature is kept at 295F and manipulate the Cold Liquid Flow (High Flow &#61; \u00a0735000 lb/h and Low Flow &#61; 603000 lb/h).</a></p><p>-discuss about statistics analysis</p><h4><strong><u>Monitor when Maintenance needed</u></strong></h4><p>Create conditions to identify when the prediction value hit the minimum limit indicating the date\u00a0<a href=\"/links?type&#61;workstep&amp;workbook&#61;C92F19A5-3192-4CBF-AD19-A6FB862C02C4&amp;worksheet&#61;6B93F553-816E-4382-8040-E44E691FE173&amp;workstep&#61;323BBF57-C94C-4068-A939-C55235084701\" rel=\"nofollow noopener noreferrer\"> when maintenance is needed</a> .</p><p>\u00a0</p>",
        "Enabled": true,
        "Froala Backup": "<h2><strong>Heat Exchanger Prediction</strong></h2><figure class=\"table\"><table><colgroup><col style=\"width:50%;\" /><col style=\"width:50%;\" /></colgroup><tbody><tr><td><figure class=\"image\"><img src=\"/api/annotations/5052F779-1478-4D87-917F-0EB83C6A3C7F/images/Assets_44x_v1.png\"></figure></td><td><h4><i>Current Oil and Gas customers who applied similar prediction model managed to<strong> reduce production loss with savings ~$10,000/year/heat exchanger.</strong></i></h4></td></tr></tbody></table></figure><p><a href=\"/links?type&#61;workstep&amp;workbook&#61;C92F19A5-3192-4CBF-AD19-A6FB862C02C4&amp;worksheet&#61;6B93F553-816E-4382-8040-E44E691FE173&amp;workstep&#61;E08D7B6F-8C43-49A6-B44D-34A0903D53E7\" rel=\"nofollow noopener noreferrer\">Prediction Model with Required Maintenance Date</a></p><h3><strong>Solution:\u00a0</strong></h3><p><a href=\"/links?type&#61;workstep&amp;workbook&#61;C92F19A5-3192-4CBF-AD19-A6FB862C02C4&amp;worksheet&#61;6B93F553-816E-4382-8040-E44E691FE173&amp;workstep&#61;221558B7-8D1A-474A-9DE6-51527E372597\" rel=\"nofollow noopener noreferrer\">Pull all the raw data required</a>. In this use case, we have arranged all related signals in a asset group (Heat Exchanger). This way you can easily and quickly access your most frequently monitored signals.</p><p><a href=\"/links?type&#61;workstep&amp;workbook&#61;C92F19A5-3192-4CBF-AD19-A6FB862C02C4&amp;worksheet&#61;6B93F553-816E-4382-8040-E44E691FE173&amp;workstep&#61;04CC395F-77C1-4CCE-9D3F-044ECA9E2177\" rel=\"nofollow noopener noreferrer\">Identify the downtime period</a> when the cold liquid flow is less than 400 000 lb/h.</p><p><a href=\"/links?type&#61;workstep&amp;workbook&#61;C92F19A5-3192-4CBF-AD19-A6FB862C02C4&amp;worksheet&#61;6B93F553-816E-4382-8040-E44E691FE173&amp;workstep&#61;5BF91DEE-87B2-46CD-A265-CF8CDF24EA5B\" rel=\"nofollow noopener noreferrer\">Calculate the U value and cleanse the final value by removing samples during downtime period.</a></p><p><a href=\"/links?type&#61;workstep&amp;workbook&#61;C92F19A5-3192-4CBF-AD19-A6FB862C02C4&amp;worksheet&#61;6B93F553-816E-4382-8040-E44E691FE173&amp;workstep&#61;DC7C13E9-4931-4241-A66D-7B84FDB9F876\" rel=\"nofollow noopener noreferrer\">Generate 2 linear model assuming the Cold Liquid Outlet Temperature is kept at 295F and manipulate the Cold Liquid Flow (High Flow &#61; \u00a0735000 lb/h and Low Flow &#61; 603000 lb/h).</a></p><p>Create conditions to identify when the prediction value hit the minimum limit indicating the date\u00a0<a href=\"/links?type&#61;workstep&amp;workbook&#61;C92F19A5-3192-4CBF-AD19-A6FB862C02C4&amp;worksheet&#61;6B93F553-816E-4382-8040-E44E691FE173&amp;workstep&#61;323BBF57-C94C-4068-A939-C55235084701\" rel=\"nofollow noopener noreferrer\"> when maintenance is needed</a> .</p><p>\u00a0</p>",
        "ID": "5052F779-1478-4D87-917F-0EB83C6A3C7F",
        "Is CK Enabled": true,
        "Locked": false,
        "Name": "Heat Exchanger Prediction",
        "Plain Text Document": "Heat Exchanger PredictionCurrent Oil and Gas customers who applied similar prediction model managed to reduce production loss with savings ~$10,000/year/heat exchanger.Prediction Model with Required Maintenance DateProblem Statement:Heat exchanger fouling could lead to economic losses or integrity issues in the facility due to inadequate heating or cooling. Monitoring all heat exchangers across the site is time-consuming.\u00a0 With Seeq, you can monitor heat exchanger performance in real-time, and optimize the best maintenance scheduleSolution:\u00a0For this analysis, we will apply first principles equations to quickly and easily calculate Heat Transfer Coefficient (U) from temperatures and flow rates with Seeq\u2019s Formula tool and develop a model of U-value data as a function of time with the help of Seeq\u2019s Prediction tool.Data gatheringPull all the raw data required. In this use case, we have arranged all related signals in a asset group (Heat Exchanger). This way you can easily and quickly access your most frequently monitored signals.Identify the downtime periodIdentify the downtime period when the cold liquid flow is less than 400 000 lb/h.Quantify-Calculations and Data CleansingCalculate the U value and cleanse the final value by removing samples during downtime period.Generate Linear Regression ModelGenerate 2 linear model assuming the Cold Liquid Outlet Temperature is kept at 295F and manipulate the Cold Liquid Flow (High Flow &#61; \u00a0735000 lb/h and Low Flow &#61; 603000 lb/h).-discuss about statistics analysisMonitor when Maintenance neededCreate conditions to identify when the prediction value hit the minimum limit indicating the date\u00a0 when maintenance is needed .\u00a0\u2728 Action2024-09-25 09:30:55convert Minimum U value -constant to the same unit as Prediction with Low FlowAction Results: Success\n\nCreated: 1 itemsBefore\u00a0\u00a0\u00a0After",
        "Type": "Journal",
        "Unsearchable": false,
        "Updated At": "1727213455261911848"
    }
}