{
    "ID": "0EF7ABC4-7F84-ECF0-8112-15EE797B8B5A",
    "Type": "Workstep",
    "Data": {
        "state": {
            "stores": {
                "sqAssetGroupStore": {
                    "id": "",
                    "assets": [],
                    "name": "",
                    "description": "",
                    "errors": [],
                    "isLoading": false,
                    "hasUnsavedChanges": false
                },
                "sqInvestigateStore": {
                    "item": {},
                    "activeTool": "composite-search",
                    "displayMode": "EDIT",
                    "derivedDataPanelOpen": false
                },
                "sqPluginStore": {
                    "pluginState": {}
                },
                "sqDurationStore": {
                    "autoUpdate": {
                        "mode": "OFF",
                        "offset": 110376000000,
                        "manualInterval": {
                            "value": 1,
                            "units": "min"
                        }
                    },
                    "displayRange": {
                        "start": 1569011062409,
                        "end": 1789763062409
                    },
                    "investigateRange": {
                        "start": 1569011062409,
                        "end": 1789763062409
                    }
                },
                "sqExploreFolderModalStore": {
                    "pageSize": 5
                },
                "sqExploreWorkbookModalStore": {
                    "pageSize": 5
                },
                "sqWorksheetStore": {
                    "tabsets": {
                        "sidebar": 1
                    },
                    "originalViewKey": "TREND",
                    "viewKey": "TREND",
                    "selectedIdsForView": {},
                    "conditionToSeriesGrouping": {},
                    "capsuleGroupMode": false,
                    "showAssetSelectionWarnings": true,
                    "displayAssetGroupEditor": false,
                    "displayTableDefinitionView": false,
                    "returnViewKey": "TREND",
                    "browsePanelCollapsed": false,
                    "displayWidth": 850,
                    "displayHeight": 575,
                    "resizeEnabled": true
                },
                "sqSearchStore": {
                    "nameFilter": "",
                    "isExactName": false,
                    "descriptionFilter": "",
                    "typeFilter": [],
                    "datasourceFilter": [],
                    "sortBy": "",
                    "isAdvancedMode": false,
                    "mode": "tree",
                    "currentAsset": "49B06DF9-C725-40F7-A611-482B4C5BEF7E",
                    "selectAllChecked": false,
                    "selectedItemIds": [],
                    "recentDatasourceFilters": [],
                    "isUsingDatasourcePrefsSearchFilters": true
                },
                "sqCompositeSearchStore": {
                    "id": "01A0F1D2-21C0-47D6-BC20-9131B3194777",
                    "name": "Required Maintenance",
                    "originalParameters": [
                        {
                            "isAssetGroupItem": false,
                            "includedProperties": {},
                            "parameters": [],
                            "id": "1397F232-17D3-4AE9-9530-67B287737A8F",
                            "name": "Prediction Low Hit Limit",
                            "type": "CalculatedCondition",
                            "ancestors": [],
                            "hasChildren": false,
                            "isArchived": false,
                            "isRedacted": false,
                            "swapSourceId": "A7C49684-1347-44C1-B717-C0B72AAF2151",
                            "itemType": "conditionDisplayType",
                            "assets": [
                                {
                                    "formattedName": "",
                                    "pathComponentIds": []
                                }
                            ]
                        },
                        {
                            "isAssetGroupItem": false,
                            "includedProperties": {},
                            "parameters": [],
                            "id": "2D3F4034-ED93-4A59-AF7E-8629285EF5D8",
                            "name": "Prediction High Hit Limit",
                            "type": "CalculatedCondition",
                            "ancestors": [],
                            "hasChildren": false,
                            "isArchived": false,
                            "isRedacted": false,
                            "swapSourceId": "DEF5B9EE-6BA8-454D-AA55-D0A6AE8BDB88",
                            "itemType": "conditionDisplayType",
                            "assets": [
                                {
                                    "formattedName": "",
                                    "pathComponentIds": []
                                }
                            ]
                        }
                    ],
                    "advancedParametersCollapsed": true,
                    "configVersion": 11,
                    "color": "#068C45",
                    "selectedOperator": "SUBTRACT",
                    "isUpgradedUnionCondition": false,
                    "inclusiveA": true,
                    "inclusiveB": true,
                    "matchProperty": "n/a",
                    "useEarliestStart": true,
                    "keepProperties": false,
                    "scopedTo": "C92F19A5-3192-4CBF-AD19-A6FB862C02C4",
                    "conditionA": {
                        "id": "1397F232-17D3-4AE9-9530-67B287737A8F",
                        "name": "Prediction Low Hit Limit",
                        "itemType": "conditionDisplayType"
                    },
                    "conditionB": {
                        "id": "2D3F4034-ED93-4A59-AF7E-8629285EF5D8",
                        "name": "Prediction High Hit Limit",
                        "itemType": "conditionDisplayType"
                    }
                },
                "sqConditionWithPropertiesStore": {
                    "originalParameters": [],
                    "advancedParametersCollapsed": true,
                    "properties": [
                        {
                            "stringSignal": "",
                            "propertyName": ""
                        },
                        {
                            "stringSignal": "",
                            "propertyName": ""
                        }
                    ]
                },
                "sqValueSearchStore": {
                    "originalParameters": [],
                    "advancedParametersCollapsed": true,
                    "inputSignal": {
                        "predicate": [
                            "name",
                            "a"
                        ]
                    },
                    "isSimple": true,
                    "useValidValues": false,
                    "isCleansing": false,
                    "simpleValue": null,
                    "simpleLowerValue": null,
                    "minDuration": {
                        "value": 0,
                        "units": "min"
                    },
                    "mergeDuration": {
                        "value": 0,
                        "units": "min"
                    },
                    "advancedEntryValue": null,
                    "advancedEntryLowerValue": null,
                    "advancedEntryDuration": {
                        "value": 0,
                        "units": "min"
                    },
                    "advancedExitValue": null,
                    "advancedExitDuration": {
                        "value": 0,
                        "units": "min"
                    },
                    "isMigratedDeviationSearch": false,
                    "version": "V3"
                },
                "sqItemPropertiesStore": {
                    "advancedParametersCollapsed": true,
                    "duplicatingItemId": ""
                },
                "sqManualSignalStore": {
                    "originalParameters": [],
                    "advancedParametersCollapsed": true,
                    "interpolationMethod": "Linear",
                    "maximumInterpolation": {
                        "value": "40",
                        "units": "h"
                    },
                    "samples": [],
                    "sort": {
                        "asc": false,
                        "property": "dateTime"
                    },
                    "color": ""
                },
                "sqManualConditionStore": {
                    "originalParameters": [],
                    "advancedParametersCollapsed": true,
                    "color": ""
                },
                "sqFftStore": {
                    "originalParameters": [],
                    "advancedParametersCollapsed": true,
                    "signalToAggregate": {
                        "predicate": [
                            "name",
                            "signalToAggregate"
                        ]
                    },
                    "rateType": true,
                    "rate": {},
                    "outputUnits": "min",
                    "highPass": {},
                    "lowPass": {},
                    "useHighPass": false,
                    "useLowPass": false
                },
                "sqAggregationBinStore": {
                    "signalToAggregate": {
                        "predicate": [
                            "name",
                            "signalToAggregate"
                        ]
                    },
                    "mode": "by_y_value",
                    "includeEmptyBuckets": true,
                    "yValueSignal": "",
                    "stat": {
                        "key": null,
                        "timeUnits": "s"
                    },
                    "aggregationConfigs": [
                        {
                            "id": 1,
                            "mode": "by_y_value",
                            "capsuleMode": "intersect",
                            "yValueBinMode": "size",
                            "valid": false
                        }
                    ]
                },
                "sqSignalFromConditionStore": {
                    "originalParameters": [],
                    "advancedParametersCollapsed": true,
                    "inputItem": {
                        "predicate": [
                            "name",
                            "series"
                        ]
                    },
                    "condition": {
                        "predicate": [
                            "name",
                            "capsules"
                        ]
                    },
                    "interpolation": "DISCRETE",
                    "stat": {
                        "timeUnits": "s"
                    },
                    "color": ""
                },
                "sqPeriodicConditionStore": {
                    "originalParameters": [],
                    "advancedParametersCollapsed": true,
                    "timezone": "Pacific/Auckland",
                    "frequencies": [],
                    "weekStart": "Day.Sunday",
                    "quarterStart": {
                        "month": "Month.January",
                        "day": 1
                    },
                    "shift": {
                        "offset": 8,
                        "duration": 8
                    },
                    "offset": {
                        "value": 0,
                        "units": "min"
                    },
                    "customDuration": {
                        "value": 0,
                        "units": "h"
                    },
                    "customPeriod": {
                        "value": 0,
                        "units": "h"
                    },
                    "customPeriodDisable": true
                },
                "sqProfileSearchStore": {
                    "originalParameters": [],
                    "advancedParametersCollapsed": true,
                    "inputSignal": {
                        "predicate": [
                            "name",
                            "a"
                        ]
                    },
                    "similarity": 98,
                    "normalizeAmplitude": true,
                    "normalizeLocation": true,
                    "selectedRegion": {
                        "min": 0,
                        "max": 0
                    }
                },
                "sqPredictionPanelStore": {
                    "originalParameters": [],
                    "advancedParametersCollapsed": true,
                    "option": "linear",
                    "polynomialValue": 2,
                    "mustGoThroughZero": false,
                    "lambda": 0,
                    "windowStart": 1569011062409,
                    "windowEnd": 1789763062409,
                    "modelExpanded": false,
                    "regressionMethod": "OLS",
                    "variableSelection": 0.05,
                    "isRefreshRateEnabled": false,
                    "variableSelectionEnabled": false,
                    "color": ""
                },
                "sqSignalSmoothingStore": {
                    "originalParameters": [],
                    "advancedParametersCollapsed": true,
                    "inputSignal": {
                        "predicate": [
                            "name",
                            "inputSignal"
                        ]
                    },
                    "algorithmSelectedValue": "seeq-agile",
                    "samplingRate": {},
                    "smoothingWindow": {},
                    "cutoff": {},
                    "polynomialFactor": 2,
                    "isSamplingRateAuto": true,
                    "isCutoffAuto": true,
                    "isTau": true,
                    "tau": {
                        "value": 10,
                        "units": "min"
                    },
                    "alpha": 0.9,
                    "isMigratedLowPassFilter": false,
                    "color": ""
                },
                "sqDigitalFilterStore": {
                    "originalParameters": [],
                    "advancedParametersCollapsed": true,
                    "inputSignal": {
                        "predicate": [
                            "name",
                            "inputSignal"
                        ]
                    },
                    "cutoff": {},
                    "cutoff2": {},
                    "samplingRate": {},
                    "windowSize": {},
                    "isAutoSamplingRate": true,
                    "isAutoWindowSize": true,
                    "color": ""
                },
                "sqTrendMetricStore": {
                    "items": []
                },
                "sqTrendTableStore": {
                    "items": []
                },
                "sqReferencePanelStore": {
                    "originalParameters": [],
                    "advancedParametersCollapsed": true,
                    "windowStart": 1569011062409,
                    "windowEnd": 1789763062409,
                    "griddingPeriod": {
                        "value": 5,
                        "units": "min"
                    },
                    "referenceStat": "",
                    "multiplier": 1,
                    "inputGroups": [
                        {
                            "inputSignal": {},
                            "inputCondition": {}
                        }
                    ]
                },
                "sqDisplayToolStore": {
                    "originalParameters": [],
                    "advancedParametersCollapsed": true,
                    "isScaled": true
                },
                "sqTrendScalarStore": {
                    "items": [
                        {
                            "name": "Minimum U value -constant",
                            "id": "7B50F5E6-FA5F-4CB6-801F-BE3DEFCEA2BF",
                            "color": "#FF0000",
                            "dashStyle": "Dash",
                            "lineWidth": 2.0,
                            "lane": 2,
                            "axisAutoScale": true,
                            "rightAxis": false,
                            "axisAlign": "A",
                            "axisVisibility": true,
                            "selected": false
                        }
                    ]
                },
                "sqTrendSeriesStore": {
                    "items": [
                        {
                            "name": "HT Coefficient - U-Value Cleansed",
                            "id": "055C3C40-FDFE-40EA-A24C-76D0996F9FB7",
                            "color": "#F27295",
                            "dashStyle": "Solid",
                            "lineWidth": 1.0,
                            "lane": 2,
                            "sampleDisplayOption": "line",
                            "axisAutoScale": true,
                            "rightAxis": false,
                            "axisAlign": "A",
                            "axisVisibility": true,
                            "selected": false
                        },
                        {
                            "name": "Prediction with High Flow",
                            "id": "A561E3A1-2082-4568-BF39-F53159E8DD6C",
                            "color": "#00B0F0",
                            "dashStyle": "Solid",
                            "lineWidth": 1.0,
                            "lane": 2,
                            "sampleDisplayOption": "line",
                            "axisAutoScale": true,
                            "rightAxis": false,
                            "axisAlign": "A",
                            "axisVisibility": true,
                            "selected": false
                        },
                        {
                            "name": "Prediction with Low Flow",
                            "id": "DADBFA34-BDAC-4E60-A463-11367915C9F6",
                            "color": "#767538",
                            "dashStyle": "Solid",
                            "lineWidth": 1.0,
                            "lane": 2,
                            "sampleDisplayOption": "line",
                            "axisAutoScale": true,
                            "rightAxis": false,
                            "axisAlign": "A",
                            "axisVisibility": true,
                            "selected": true
                        },
                        {
                            "name": "Converted Minimum U Value",
                            "id": "0EF7ABC4-7E4C-64F0-9242-3E051F0EDB98",
                            "lane": 2,
                            "axisAlign": "A"
                        }
                    ],
                    "editingId": null,
                    "previewSeriesDefinition": {}
                },
                "sqImportDatafileStore": {
                    "uploadFilename": "",
                    "filename": "",
                    "keyColumnIndex": 1,
                    "keyColumnName": "",
                    "interpolationMethod": {
                        "text": "IMPORTS.INTERPOLATION.LINEAR",
                        "value": "Linear"
                    },
                    "validationMode": {
                        "text": "IMPORTS.VALIDATION_MODE_TYPES.FAIL",
                        "value": "Fail"
                    },
                    "fileOutputType": {
                        "text": "IMPORTS.FILE_OUTPUT_TYPES.REPLACE",
                        "value": "Replace"
                    },
                    "fieldDelimiter": {
                        "text": ",",
                        "value": "Comma"
                    },
                    "maxInterpolation": {
                        "value": 40,
                        "units": "h"
                    },
                    "namePrefix": "",
                    "nameSuffix": "",
                    "firstDataRow": 2,
                    "nameRow": 1,
                    "description": "",
                    "valueColumnOption": {
                        "text": "IMPORTS.VALUE_COLUMN.ALL",
                        "value": "All"
                    },
                    "valueUom": "",
                    "lenientDaylightSavings": false,
                    "itemType": {
                        "text": "IMPORTS.SIGNAL",
                        "value": "Signal"
                    },
                    "maxDuration": {
                        "value": 40,
                        "units": "h"
                    },
                    "endColumnName": "",
                    "conditionName": "",
                    "dayFirstDefault": {
                        "text": "IMPORTS.FIRST.MONTH",
                        "value": false
                    },
                    "originalParameters": [],
                    "advancedParametersCollapsed": true
                },
                "sqTrendCapsuleStore": {
                    "selectedCapsules": [],
                    "dataStatus": "itemDataPresent",
                    "warningCount": 0,
                    "warningLogs": [],
                    "timingInformation": "",
                    "meterInformation": "",
                    "capsulesPerPage": 100,
                    "editingId": "01A0F1D2-21C0-47D6-BC20-9131B3194777",
                    "previewCapsulesDefinition": {},
                    "items": []
                },
                "sqCapsuleGroupStore": {
                    "capsules": []
                },
                "sqCursorStore": {
                    "calendarCursors": [],
                    "capsuleCursors": [],
                    "showValues": true
                },
                "sqTrendConditionStore": {
                    "items": [
                        {
                            "name": "Required Maintenance",
                            "id": "01A0F1D2-21C0-47D6-BC20-9131B3194777",
                            "color": "#068C45",
                            "lineWidth": 1.0,
                            "lane": 1,
                            "selected": false,
                            "axisAlign": "C"
                        }
                    ]
                },
                "sqTrendStore": {
                    "view": "calendar",
                    "isCompareMode": false,
                    "enabledColumns": {
                        "CAPSULES": {
                            "startTime": true
                        },
                        "SERIES": {
                            "lane": true,
                            "asset": true
                        },
                        "CHART_CAPSULES": {
                            "startTime": true
                        }
                    },
                    "propertyColumns": {},
                    "selectedRegion": {
                        "min": 0,
                        "max": 0
                    },
                    "selectedRegionOptions": {},
                    "capsuleTimeOffsets": {
                        "lower": 0,
                        "upper": 0
                    },
                    "dataSummary": {
                        "type": "AUTO",
                        "value": 0,
                        "discreteUnits": {
                            "value": 0,
                            "units": "min"
                        },
                        "isSlider": true
                    },
                    "canCapsulesExpand": true,
                    "capsuleTimeColorMode": "signal",
                    "compareViewColorMode": "rainbow",
                    "capsulePreview": false,
                    "customizationMode": "off",
                    "dimDataOutsideCapsules": false,
                    "hideUnselectedItems": true,
                    "labelDisplayConfiguration": {
                        "name": "lane",
                        "description": "off",
                        "asset": "off",
                        "assetPathLevels": 1,
                        "line": "off",
                        "unitOfMeasure": "axis",
                        "custom": "off",
                        "customLabels": []
                    },
                    "showCapsuleLaneLabels": true,
                    "panelProps": {
                        "BOTTOM": {
                            "leftPanelWidth": 1095,
                            "height": "37.4%"
                        }
                    },
                    "panelSorters": {
                        "CAPSULES": {
                            "sortBy": "startTime",
                            "sortAsc": true
                        },
                        "CAPSULE_SERIES": {
                            "sortBy": "startTime",
                            "sortAsc": true
                        },
                        "SERIES": {
                            "sortBy": "lane",
                            "sortAsc": true
                        },
                        "INVESTIGATE_ITEMS": {
                            "sortBy": "name",
                            "sortAsc": true
                        }
                    },
                    "capsulePanelFilters": {},
                    "capsulePanelOffset": 0,
                    "capsulePanelMaxOffset": 0,
                    "capsulePanelHasNext": false,
                    "showGridlines": false,
                    "capsuleProperties": [],
                    "hideUncertainty": false
                },
                "sqTreemapStore": {
                    "parent": {},
                    "statistics": []
                },
                "sqExportExcelPanelStore": {
                    "name": "Heat Exchanger Demo_Extended version",
                    "originalParameters": [],
                    "advancedParametersCollapsed": true,
                    "exportStatistics": true,
                    "exportSamples": true,
                    "exportCapsules": true,
                    "timeRange": {
                        "start": 1569011062409,
                        "end": 1789763062409
                    },
                    "exportTimeZone": {
                        "name": "Pacific/Auckland",
                        "displayName": "Pacific/Auckland",
                        "offset": "+12:00",
                        "offsetMinutes": 720
                    },
                    "gridOption": "custom",
                    "gridSize": {
                        "value": 7,
                        "units": "day"
                    },
                    "gridOrigin": 1704020400000,
                    "gridOriginEnabled": false,
                    "chainView": false,
                    "capsuleTime": false,
                    "samplesMode": "calendar"
                },
                "sqScatterPlotStore": {
                    "xSignal": null,
                    "ySignals": [],
                    "selector": {
                        "low": 0.5,
                        "high": 0.75
                    },
                    "selectedRegion": {
                        "x": {
                            "min": null,
                            "max": null
                        },
                        "ys": {}
                    },
                    "viewRegion": {
                        "x": {
                            "min": null,
                            "max": null
                        },
                        "ys": {}
                    },
                    "fxLines": [],
                    "colorConditionIds": [],
                    "colorByItemColor": false,
                    "colorRanges": [],
                    "plotMode": "DISPLAY_RANGE",
                    "plotView": "SCATTER_PLOT",
                    "connect": false,
                    "showTooltips": true,
                    "isMarkerSizeCustom": false,
                    "densityPlotData": [],
                    "numXBins": 40,
                    "numYBins": 20,
                    "xBinSize": 0,
                    "yBinSize": 0,
                    "groupCount": 0,
                    "seriesCount": 0
                },
                "sqExportODataPanelStore": {
                    "name": "Heat Exchanger Demo_Extended version",
                    "originalParameters": [],
                    "advancedParametersCollapsed": true,
                    "autoupdateTimeRange": false,
                    "timeRange": {
                        "start": 1569011062409,
                        "end": 1789763062409
                    },
                    "exportTimeZone": {
                        "name": "Pacific/Auckland",
                        "displayName": "Pacific/Auckland",
                        "offset": "+12:00",
                        "offsetMinutes": 720
                    },
                    "gridOption": "custom",
                    "gridSize": {
                        "value": 7,
                        "units": "day"
                    },
                    "gridOrigin": 1704020400000,
                    "gridOriginEnabled": false,
                    "exportNameSuffix": "",
                    "chainView": false,
                    "capsuleTime": false,
                    "worksheetLink": "",
                    "samplesMode": "calendar"
                },
                "sqTableBuilderStore": {
                    "mode": "simple",
                    "headers": {
                        "condition": {
                            "type": "startEnd",
                            "format": "lll"
                        },
                        "simple": {
                            "type": "startEnd",
                            "format": "lll"
                        }
                    },
                    "columns": {
                        "condition": [
                            {
                                "key": "name",
                                "headerTextAlign": "center",
                                "headerTextStyle": [
                                    "bold"
                                ]
                            }
                        ],
                        "simple": [
                            {
                                "key": "name",
                                "accessor": "name",
                                "propertyName": "Name",
                                "style": "string",
                                "title": "NAME",
                                "shortTitle": "NAME",
                                "headerTextAlign": "center",
                                "headerTextStyle": [
                                    "bold"
                                ]
                            },
                            {
                                "key": "statistics.average",
                                "title": "STATISTICS.AVERAGE.LONG",
                                "shortTitle": "STATISTICS.AVERAGE.SHORT",
                                "style": "decimal",
                                "stat": "average()",
                                "invalidsFirst": true,
                                "columnSuffix": "Average",
                                "headerTextAlign": "center",
                                "headerTextStyle": [
                                    "bold"
                                ]
                            }
                        ]
                    },
                    "otherColumns": {
                        "condition": {},
                        "simple": {}
                    },
                    "autoGroupColumn": {},
                    "rowGroupPaths": {
                        "condition": [],
                        "simple": []
                    },
                    "isTransposed": {
                        "condition": true,
                        "simple": false
                    },
                    "assetId": {},
                    "isHomogenizeUnits": {
                        "condition": false,
                        "simple": false
                    },
                    "hasMoreData": false,
                    "isMigrating": false,
                    "chartView": {
                        "enabled": false,
                        "settings": {
                            "title": "",
                            "legend": true,
                            "dataLabels": true,
                            "categoryLabels": true,
                            "rows": [],
                            "columns": [],
                            "categoryColumns": [
                                "name"
                            ],
                            "showSettings": false,
                            "position": {
                                "x": 100,
                                "y": 100
                            }
                        },
                        "conditionEnabled": false
                    },
                    "useSignalColorsInChart": true,
                    "itemFilters": {},
                    "itemSorts": {}
                },
                "sqFormulaToolStore": {
                    "originalParameters": [],
                    "advancedParametersCollapsed": true,
                    "formula": "30.setunits('BTU')",
                    "localFormula": "",
                    "tabTransitioning": false,
                    "parameters": [],
                    "helpShown": true,
                    "helpView": "documentation"
                },
                "sqThresholdMetricStore": {
                    "originalParameters": [],
                    "advancedParametersCollapsed": true,
                    "measuredItem": {
                        "predicate": [
                            "name",
                            "measuredItem"
                        ]
                    },
                    "boundingCondition": {
                        "predicate": [
                            "name",
                            "boundingCondition"
                        ]
                    },
                    "processType": "Simple",
                    "aggregationOperator": {
                        "key": null,
                        "timeUnits": "s"
                    },
                    "duration": {},
                    "period": {},
                    "thresholds": {}
                },
                "sqScatterConditionStore": {
                    "originalParameters": [],
                    "advancedParametersCollapsed": true,
                    "isBounding": false,
                    "isCleansing": false,
                    "minDuration": {
                        "value": 0,
                        "units": "min"
                    },
                    "mergeDuration": {
                        "value": 0,
                        "units": "min"
                    }
                },
                "sqScorecardStore": {
                    "metrics": []
                },
                "sqDashboardStore": {
                    "columnCount": 12,
                    "content": []
                },
                "sqLayoutStore": {
                    "assetGroupEditorVisible": false,
                    "tableDefinitionEditorVisible": false,
                    "displayPaneAddOnCapsulesPanelEnabled": false,
                    "displayPaneAddOnDetailsPanelEnabled": false,
                    "trendVisible": true,
                    "sidePanelCollapsed": false,
                    "formulaInTab": true,
                    "formulaTabAnchorPosition": {
                        "top": 70.85416793823242,
                        "left": 163.85416793823242,
                        "height": 1216.1458320617676,
                        "width": 369
                    },
                    "calculationHierarchyInTab": false,
                    "layout": null,
                    "toolsTabVisible": true
                }
            }
        },
        "version": 62
    }
}