{
    "0EFA6A0B-4C9B-71B0-ADCE-2000B1F79638": {
        "Access Control": [
            {
                "ID": "0efa6a0b-4c9b-71b0-832f-2cb144107853",
                "Identity": {
                    "Datasource Class": "OAuth 2.0",
                    "Datasource ID": "9ecc7e74-4c32-436d-9af0-70d8aa99386b",
                    "Datasource Name": "Seeq Azure SSO",
                    "Email": "Joseph.Reckamp@seeq.com",
                    "First Name": "Joe",
                    "ID": "C9FD5B90-17F3-4CA7-8C37-CD9B7D9B85D2",
                    "Is Admin": true,
                    "Last Name": "Reckamp",
                    "Name": "Joe Reckamp",
                    "Type": "User",
                    "Username": "DEg3Lh5pLS4-lG84EjGXXXdzxhd1450vkLgiu8he2l8"
                },
                "Origin": null,
                "Permissions": {
                    "Manage": true,
                    "Read": true,
                    "Write": true
                },
                "Redacted": false,
                "Role": "OWNER"
            },
            {
                "ID": "0efa6a0b-4cc7-60d0-a44e-06a6b1da5301",
                "Identity": {
                    "Datasource Class": "OAuth 2.0",
                    "Datasource ID": "9ecc7e74-4c32-436d-9af0-70d8aa99386b",
                    "Datasource Name": "Seeq Azure SSO",
                    "Email": "Joseph.Reckamp@seeq.com",
                    "First Name": "Joe",
                    "ID": "C9FD5B90-17F3-4CA7-8C37-CD9B7D9B85D2",
                    "Is Admin": true,
                    "Last Name": "Reckamp",
                    "Name": "Joe Reckamp",
                    "Type": "User",
                    "Username": "DEg3Lh5pLS4-lG84EjGXXXdzxhd1450vkLgiu8he2l8"
                },
                "Origin": "905A3390-CCA6-489B-89A3-492EC9F7FF26",
                "Permissions": {
                    "Manage": true,
                    "Read": true,
                    "Write": true
                },
                "Redacted": false,
                "Role": null
            }
        ],
        "Ancestors": [
            "__Users__",
            "905A3390-CCA6-489B-89A3-492EC9F7FF26"
        ],
        "Archived": false,
        "Cache Enabled": false,
        "Created At": "1732039462987374025",
        "Enabled": true,
        "ID": "0EFA6A0B-4C9B-71B0-ADCE-2000B1F79638",
        "Locked": false,
        "Name": "DO NOT USE (Please!)",
        "Owner": {
            "Datasource Class": "OAuth 2.0",
            "Datasource ID": "9ecc7e74-4c32-436d-9af0-70d8aa99386b",
            "Datasource Name": "Seeq Azure SSO",
            "Email": "Joseph.Reckamp@seeq.com",
            "First Name": "Joe",
            "ID": "C9FD5B90-17F3-4CA7-8C37-CD9B7D9B85D2",
            "Is Admin": true,
            "Last Name": "Reckamp",
            "Name": "Joe Reckamp",
            "Type": "User",
            "Username": "DEg3Lh5pLS4-lG84EjGXXXdzxhd1450vkLgiu8he2l8"
        },
        "Type": "Folder",
        "Unsearchable": false,
        "Updated At": "1732039462987374025"
    },
    "0EFA775C-8A93-77C0-B87D-23079DA1F6E8": {
        "Archived": false,
        "Cache Enabled": true,
        "Cache ID": "1EFA779D-0B1A-62E0-8EBD-4E94750F6069",
        "Capsule Property Units": {},
        "Data ID": "0EFA775C-8A93-77C0-B87D-23079DA1F6E8",
        "Datasource Class": "Seeq Calculations",
        "Datasource ID": "Seeq Calculations",
        "Enabled": true,
        "Formula": [
            "condition(115689601000ms,",
            "  capsule(1714579200000ms, 1830268800000ms))"
        ],
        "Formula Parameters": {},
        "Formula Version": 31,
        "ID": "0EFA775C-8A93-77C0-B87D-23079DA1F6E8",
        "Locked": false,
        "Maximum Duration": {
            "Unit Of Measure": "ms",
            "Value": 115689601000
        },
        "Name": "HX 1 Cycle",
        "Scoped To": "0EFA7755-93DF-66A0-8994-49AAF9C51861",
        "Type": "CalculatedCondition",
        "UIConfig": {
            "color": "#AC4625",
            "configVersion": 11,
            "isExecuting": false,
            "scopedTo": "0EFA7755-93DF-66A0-8994-49AAF9C51861",
            "type": "manual-condition"
        },
        "Unsearchable": false
    },
    "0EFA7762-2B08-ECF0-B237-C7E75EF47308": {
        "Archived": false,
        "Cache Enabled": true,
        "Cache ID": "0EFA7762-2B0B-6400-8760-02114902F5F7",
        "Capsule Property Units": {},
        "Data ID": "0EFA7762-2B08-ECF0-B237-C7E75EF47308",
        "Datasource Class": "Seeq Calculations",
        "Datasource ID": "Seeq Calculations",
        "Enabled": true,
        "Formula": [
            "condition(180230401000ms,",
            "  capsule(1663203660000ms, 1843434060000ms))"
        ],
        "Formula Parameters": {},
        "Formula Version": 31,
        "ID": "0EFA7762-2B08-ECF0-B237-C7E75EF47308",
        "Locked": false,
        "Maximum Duration": {
            "Unit Of Measure": "ms",
            "Value": 180230401000
        },
        "Name": "HX 2 Cycle",
        "Scoped To": "0EFA7755-93DF-66A0-8994-49AAF9C51861",
        "Type": "CalculatedCondition",
        "UIConfig": {
            "color": "#4B7ABD",
            "configVersion": 11,
            "isExecuting": false,
            "scopedTo": "0EFA7755-93DF-66A0-8994-49AAF9C51861",
            "type": "manual-condition"
        },
        "Unsearchable": false
    },
    "0EFA7763-B517-FB70-A3DC-0DAB0EA593C9": {
        "Archived": false,
        "Cache Enabled": true,
        "Cache ID": "0EFA7763-B535-6030-860A-C404077B90ED",
        "Data ID": "0EFA7763-B517-FB70-A3DC-0DAB0EA593C9",
        "Datasource Class": "Seeq Calculations",
        "Datasource ID": "Seeq Calculations",
        "Enabled": true,
        "Formula": "$clfh.move(6mo).within(past())",
        "Formula Parameters": {
            "clfh": "F4E0087D-100A-4B8D-9FBB-13F09BFC7AB4"
        },
        "Formula Version": 31,
        "ID": "0EFA7763-B517-FB70-A3DC-0DAB0EA593C9",
        "Interpolation Method": "Linear",
        "Locked": false,
        "Maximum Interpolation": {
            "Unit Of Measure": "s",
            "Value": 90000.0
        },
        "Name": "Cold Liquid Flow HX 2",
        "Scoped To": "0EFA7755-93DF-66A0-8994-49AAF9C51861",
        "Type": "CalculatedSignal",
        "UIConfig": {
            "advancedParametersCollapsed": true,
            "configVersion": 11,
            "localFormula": "",
            "tabTransitioning": false,
            "type": "formula"
        },
        "Unsearchable": false,
        "Value Unit Of Measure": "lb/h"
    },
    "0EFA7764-2FA3-EC90-B44C-D9430924CDAA": {
        "Archived": false,
        "Cache Enabled": true,
        "Cache ID": "0EFA7764-2FAD-E8D0-8E90-3481DAE777B4",
        "Data ID": "0EFA7764-2FA3-EC90-B44C-D9430924CDAA",
        "Datasource Class": "Seeq Calculations",
        "Datasource ID": "Seeq Calculations",
        "Enabled": true,
        "Formula": "$clfh.move(6mo).within(past())",
        "Formula Parameters": {
            "clfh": "A5445D3C-FAA5-463C-A34B-A1DB00E93819"
        },
        "Formula Version": 31,
        "ID": "0EFA7764-2FA3-EC90-B44C-D9430924CDAA",
        "Interpolation Method": "Linear",
        "Locked": false,
        "Maximum Interpolation": {
            "Unit Of Measure": "s",
            "Value": 90000.0
        },
        "Name": "T Cold In HX 2",
        "Scoped To": "0EFA7755-93DF-66A0-8994-49AAF9C51861",
        "Type": "CalculatedSignal",
        "UIConfig": {
            "advancedParametersCollapsed": true,
            "configVersion": 11,
            "localFormula": "",
            "scopedTo": "0EFA7755-93DF-66A0-8994-49AAF9C51861",
            "tabTransitioning": false,
            "type": "formula"
        },
        "Unsearchable": false,
        "Value Unit Of Measure": "\u00b0F"
    },
    "0EFA7764-9A42-FB50-AD4D-F64CEDA1C4D9": {
        "Archived": false,
        "Cache Enabled": true,
        "Cache ID": "0EFA7764-9A4C-7790-8412-CA1E2F32DF06",
        "Data ID": "0EFA7764-9A42-FB50-AD4D-F64CEDA1C4D9",
        "Datasource Class": "Seeq Calculations",
        "Datasource ID": "Seeq Calculations",
        "Enabled": true,
        "Formula": "$clfh.move(6mo).within(past())",
        "Formula Parameters": {
            "clfh": "D5168D10-88DD-459C-BABA-E4A43159A0D7"
        },
        "Formula Version": 31,
        "ID": "0EFA7764-9A42-FB50-AD4D-F64CEDA1C4D9",
        "Interpolation Method": "Linear",
        "Locked": false,
        "Maximum Interpolation": {
            "Unit Of Measure": "s",
            "Value": 90000.0
        },
        "Name": "T Cold Out HX 2",
        "Scoped To": "0EFA7755-93DF-66A0-8994-49AAF9C51861",
        "Type": "CalculatedSignal",
        "UIConfig": {
            "advancedParametersCollapsed": true,
            "configVersion": 11,
            "localFormula": "",
            "scopedTo": "0EFA7755-93DF-66A0-8994-49AAF9C51861",
            "tabTransitioning": false,
            "type": "formula"
        },
        "Unsearchable": false,
        "Value Unit Of Measure": "\u00b0F"
    },
    "0EFA7765-0807-64B0-A6BE-7227DB1C3544": {
        "Archived": false,
        "Cache Enabled": true,
        "Cache ID": "0EFA7765-080E-F9E0-85D9-D43A2CD97682",
        "Data ID": "0EFA7765-0807-64B0-A6BE-7227DB1C3544",
        "Datasource Class": "Seeq Calculations",
        "Datasource ID": "Seeq Calculations",
        "Enabled": true,
        "Formula": "$clfh.move(6mo).within(past())",
        "Formula Parameters": {
            "clfh": "317538A4-FEA2-401A-A73B-4D1ABBDB51E6"
        },
        "Formula Version": 31,
        "ID": "0EFA7765-0807-64B0-A6BE-7227DB1C3544",
        "Interpolation Method": "Linear",
        "Locked": false,
        "Maximum Interpolation": {
            "Unit Of Measure": "s",
            "Value": 90000.0
        },
        "Name": "Hot Liquid Flow HX 2",
        "Scoped To": "0EFA7755-93DF-66A0-8994-49AAF9C51861",
        "Type": "CalculatedSignal",
        "UIConfig": {
            "advancedParametersCollapsed": true,
            "configVersion": 11,
            "localFormula": "",
            "scopedTo": "0EFA7755-93DF-66A0-8994-49AAF9C51861",
            "tabTransitioning": false,
            "type": "formula"
        },
        "Unsearchable": false,
        "Value Unit Of Measure": "lb/h"
    },
    "0EFA7765-7B19-64D0-AFD7-905866B81E25": {
        "Archived": false,
        "Cache Enabled": true,
        "Cache ID": "0EFA7765-7B2F-6460-972B-74E1D22AD634",
        "Data ID": "0EFA7765-7B19-64D0-AFD7-905866B81E25",
        "Datasource Class": "Seeq Calculations",
        "Datasource ID": "Seeq Calculations",
        "Enabled": true,
        "Formula": "$clfh.move(6mo).within(past())",
        "Formula Parameters": {
            "clfh": "4AB87B32-C128-461C-BB67-8D1B14074BD0"
        },
        "Formula Version": 31,
        "ID": "0EFA7765-7B19-64D0-AFD7-905866B81E25",
        "Interpolation Method": "Linear",
        "Locked": false,
        "Maximum Interpolation": {
            "Unit Of Measure": "s",
            "Value": 90000.0
        },
        "Name": "T Hot In HX 2",
        "Scoped To": "0EFA7755-93DF-66A0-8994-49AAF9C51861",
        "Type": "CalculatedSignal",
        "UIConfig": {
            "advancedParametersCollapsed": true,
            "configVersion": 11,
            "localFormula": "",
            "scopedTo": "0EFA7755-93DF-66A0-8994-49AAF9C51861",
            "tabTransitioning": false,
            "type": "formula"
        },
        "Unsearchable": false,
        "Value Unit Of Measure": "\u00b0F"
    },
    "0EFA7766-45D9-F990-B342-1CEB2A473076": {
        "Archived": false,
        "Cache Enabled": true,
        "Cache ID": "0EFA7766-4605-E8B0-A533-EE6B43AAE9E8",
        "Data ID": "0EFA7766-45D9-F990-B342-1CEB2A473076",
        "Datasource Class": "Seeq Calculations",
        "Datasource ID": "Seeq Calculations",
        "Enabled": true,
        "Formula": "$clfh.move(6mo).within(past())",
        "Formula Parameters": {
            "clfh": "8D5B6208-6FF3-4619-A108-83673AE5F797"
        },
        "Formula Version": 31,
        "ID": "0EFA7766-45D9-F990-B342-1CEB2A473076",
        "Interpolation Method": "Linear",
        "Locked": false,
        "Maximum Interpolation": {
            "Unit Of Measure": "s",
            "Value": 90000.0
        },
        "Name": "T Hot Out HX 2",
        "Scoped To": "0EFA7755-93DF-66A0-8994-49AAF9C51861",
        "Type": "CalculatedSignal",
        "UIConfig": {
            "advancedParametersCollapsed": true,
            "configVersion": 11,
            "localFormula": "",
            "scopedTo": "0EFA7755-93DF-66A0-8994-49AAF9C51861",
            "tabTransitioning": false,
            "type": "formula"
        },
        "Unsearchable": false,
        "Value Unit Of Measure": "\u00b0F"
    },
    "0EFA776B-B3E0-EC40-9008-F2464A5D39E2": {
        "Archived": false,
        "Asset": "Heat Exchangers",
        "Asset Group Member": true,
        "Cache Enabled": false,
        "Created By": "C9FD5B90-17F3-4CA7-8C37-CD9B7D9B85D2",
        "Data ID": "0EFA776B-B3E0-EC40-9008-F2464A5D39E2",
        "Datasource Class": "Seeq Metadata",
        "Datasource ID": "Seeq Metadata",
        "Enabled": true,
        "ID": "0EFA776B-B3E0-EC40-9008-F2464A5D39E2",
        "Locked": false,
        "Name": "Heat Exchangers",
        "Old Asset Format": false,
        "Parent ID": "<root>",
        "Path": "",
        "Scoped To": "0EFA7755-93DF-66A0-8994-49AAF9C51861",
        "Tree Type": "Seeq Workbench",
        "Type": "Asset",
        "Unsearchable": false
    },
    "0EFA776B-B444-FDD0-9EBF-063AE8537AEE": {
        "Archived": false,
        "Asset": "HX 1",
        "Asset Group Member": true,
        "Cache Enabled": false,
        "Data ID": "0EFA776B-B444-FDD0-9EBF-063AE8537AEE",
        "Datasource Class": "Seeq Metadata",
        "Datasource ID": "Seeq Metadata",
        "Enabled": true,
        "ID": "0EFA776B-B444-FDD0-9EBF-063AE8537AEE",
        "Locked": false,
        "Name": "HX 1",
        "Old Asset Format": false,
        "Parent ID": "0EFA776B-B3E0-EC40-9008-F2464A5D39E2",
        "Path": "Heat Exchangers",
        "Scoped To": "0EFA7755-93DF-66A0-8994-49AAF9C51861",
        "Tree Type": "Seeq Workbench",
        "Type": "Asset",
        "Unsearchable": false,
        "manuallyAdded": "C9FD5B90-17F3-4CA7-8C37-CD9B7D9B85D2"
    },
    "0EFA776B-B462-6290-BD2A-71DEC4C0A329": {
        "Archived": false,
        "Asset": "HX 1",
        "Asset Group Member": true,
        "Cache Enabled": true,
        "Cache ID": "1EFA779D-0B1D-6900-A268-2DA1A96E7191",
        "Capsule Property Units": {},
        "Data ID": "0EFA776B-B462-6290-BD2A-71DEC4C0A329",
        "Datasource Class": "Seeq Calculations",
        "Datasource ID": "Seeq Calculations",
        "Enabled": true,
        "Formula": "$signal",
        "Formula Parameters": {
            "signal": "0EFA775C-8A93-77C0-B87D-23079DA1F6E8"
        },
        "Formula Version": 31,
        "ID": "0EFA776B-B462-6290-BD2A-71DEC4C0A329",
        "Locked": false,
        "Maximum Duration": {
            "Unit Of Measure": "ms",
            "Value": 115689601000
        },
        "Name": "HX Cycle",
        "Parent ID": "0EFA776B-B444-FDD0-9EBF-063AE8537AEE",
        "Path": "Heat Exchangers",
        "Scoped To": "0EFA7755-93DF-66A0-8994-49AAF9C51861",
        "Tree Type": "Seeq Workbench",
        "Type": "CalculatedCondition",
        "Unsearchable": false,
        "manuallyAdded": "C9FD5B90-17F3-4CA7-8C37-CD9B7D9B85D2"
    },
    "0EFA776B-B478-6220-981D-65353E633B80": {
        "Archived": false,
        "Asset": "HX 1",
        "Asset Group Member": true,
        "Cache Enabled": true,
        "Cache ID": "0EFA776B-B47F-7750-85AC-E61CBD23C59B",
        "Data ID": "0EFA776B-B478-6220-981D-65353E633B80",
        "Datasource Class": "Seeq Calculations",
        "Datasource ID": "Seeq Calculations",
        "Enabled": true,
        "Formula": "$signal",
        "Formula Parameters": {
            "signal": "F4E0087D-100A-4B8D-9FBB-13F09BFC7AB4"
        },
        "Formula Version": 31,
        "ID": "0EFA776B-B478-6220-981D-65353E633B80",
        "Interpolation Method": "Linear",
        "Locked": false,
        "Maximum Interpolation": {
            "Unit Of Measure": "s",
            "Value": 90000.0
        },
        "Name": "Cold Liquid Flow",
        "Parent ID": "0EFA776B-B444-FDD0-9EBF-063AE8537AEE",
        "Path": "Heat Exchangers",
        "Scoped To": "0EFA7755-93DF-66A0-8994-49AAF9C51861",
        "Tree Type": "Seeq Workbench",
        "Type": "CalculatedSignal",
        "Unsearchable": false,
        "Value Unit Of Measure": "lb/h",
        "manuallyAdded": "C9FD5B90-17F3-4CA7-8C37-CD9B7D9B85D2"
    },
    "0EFA776B-B490-E8C0-83EB-B3ACE22C7DDC": {
        "Archived": false,
        "Asset": "HX 1",
        "Asset Group Member": true,
        "Cache Enabled": true,
        "Cache ID": "0EFA776B-B497-FDF0-85A1-B80490AA2147",
        "Data ID": "0EFA776B-B490-E8C0-83EB-B3ACE22C7DDC",
        "Datasource Class": "Seeq Calculations",
        "Datasource ID": "Seeq Calculations",
        "Enabled": true,
        "Formula": "$signal",
        "Formula Parameters": {
            "signal": "A5445D3C-FAA5-463C-A34B-A1DB00E93819"
        },
        "Formula Version": 31,
        "ID": "0EFA776B-B490-E8C0-83EB-B3ACE22C7DDC",
        "Interpolation Method": "Linear",
        "Locked": false,
        "Maximum Interpolation": {
            "Unit Of Measure": "s",
            "Value": 90000.0
        },
        "Name": "Cold Liquid Inlet Temperature",
        "Parent ID": "0EFA776B-B444-FDD0-9EBF-063AE8537AEE",
        "Path": "Heat Exchangers",
        "Scoped To": "0EFA7755-93DF-66A0-8994-49AAF9C51861",
        "Tree Type": "Seeq Workbench",
        "Type": "CalculatedSignal",
        "Unsearchable": false,
        "Value Unit Of Measure": "\u00b0F",
        "manuallyAdded": "C9FD5B90-17F3-4CA7-8C37-CD9B7D9B85D2"
    },
    "0EFA776B-B4A6-E850-B284-84C5627B3E5E": {
        "Archived": false,
        "Asset": "HX 1",
        "Asset Group Member": true,
        "Cache Enabled": true,
        "Cache ID": "0EFA776B-B4AD-FD80-9BCF-FFA67D8FC27C",
        "Data ID": "0EFA776B-B4A6-E850-B284-84C5627B3E5E",
        "Datasource Class": "Seeq Calculations",
        "Datasource ID": "Seeq Calculations",
        "Enabled": true,
        "Formula": "$signal",
        "Formula Parameters": {
            "signal": "D5168D10-88DD-459C-BABA-E4A43159A0D7"
        },
        "Formula Version": 31,
        "ID": "0EFA776B-B4A6-E850-B284-84C5627B3E5E",
        "Interpolation Method": "Linear",
        "Locked": false,
        "Maximum Interpolation": {
            "Unit Of Measure": "s",
            "Value": 90000.0
        },
        "Name": "Cold Liquid Outlet Temperature",
        "Parent ID": "0EFA776B-B444-FDD0-9EBF-063AE8537AEE",
        "Path": "Heat Exchangers",
        "Scoped To": "0EFA7755-93DF-66A0-8994-49AAF9C51861",
        "Tree Type": "Seeq Workbench",
        "Type": "CalculatedSignal",
        "Unsearchable": false,
        "Value Unit Of Measure": "\u00b0F",
        "manuallyAdded": "C9FD5B90-17F3-4CA7-8C37-CD9B7D9B85D2"
    },
    "0EFA776B-B4BC-77E0-8D11-C53ED4504A56": {
        "Archived": false,
        "Asset": "HX 1",
        "Asset Group Member": true,
        "Cache Enabled": true,
        "Cache ID": "0EFA776B-B4C3-FD10-BEE8-1E795BB89B01",
        "Data ID": "0EFA776B-B4BC-77E0-8D11-C53ED4504A56",
        "Datasource Class": "Seeq Calculations",
        "Datasource ID": "Seeq Calculations",
        "Enabled": true,
        "Formula": "$signal",
        "Formula Parameters": {
            "signal": "317538A4-FEA2-401A-A73B-4D1ABBDB51E6"
        },
        "Formula Version": 31,
        "ID": "0EFA776B-B4BC-77E0-8D11-C53ED4504A56",
        "Interpolation Method": "Linear",
        "Locked": false,
        "Maximum Interpolation": {
            "Unit Of Measure": "s",
            "Value": 90000.0
        },
        "Name": "Hot Liquid Flow",
        "Parent ID": "0EFA776B-B444-FDD0-9EBF-063AE8537AEE",
        "Path": "Heat Exchangers",
        "Scoped To": "0EFA7755-93DF-66A0-8994-49AAF9C51861",
        "Tree Type": "Seeq Workbench",
        "Type": "CalculatedSignal",
        "Unsearchable": false,
        "Value Unit Of Measure": "lb/h",
        "manuallyAdded": "C9FD5B90-17F3-4CA7-8C37-CD9B7D9B85D2"
    },
    "0EFA776B-B4D2-7770-925E-AB5D8DF8490A": {
        "Archived": false,
        "Asset": "HX 1",
        "Asset Group Member": true,
        "Cache Enabled": true,
        "Cache ID": "0EFA776B-B4D9-ECA0-A5E9-4FA2B88DD334",
        "Data ID": "0EFA776B-B4D2-7770-925E-AB5D8DF8490A",
        "Datasource Class": "Seeq Calculations",
        "Datasource ID": "Seeq Calculations",
        "Enabled": true,
        "Formula": "$signal",
        "Formula Parameters": {
            "signal": "4AB87B32-C128-461C-BB67-8D1B14074BD0"
        },
        "Formula Version": 31,
        "ID": "0EFA776B-B4D2-7770-925E-AB5D8DF8490A",
        "Interpolation Method": "Linear",
        "Locked": false,
        "Maximum Interpolation": {
            "Unit Of Measure": "s",
            "Value": 90000.0
        },
        "Name": "Hot Liquid Inlet Temperature",
        "Parent ID": "0EFA776B-B444-FDD0-9EBF-063AE8537AEE",
        "Path": "Heat Exchangers",
        "Scoped To": "0EFA7755-93DF-66A0-8994-49AAF9C51861",
        "Tree Type": "Seeq Workbench",
        "Type": "CalculatedSignal",
        "Unsearchable": false,
        "Value Unit Of Measure": "\u00b0F",
        "manuallyAdded": "C9FD5B90-17F3-4CA7-8C37-CD9B7D9B85D2"
    },
    "0EFA776B-B4E8-7700-9275-1012B151FB1A": {
        "Archived": false,
        "Asset": "HX 1",
        "Asset Group Member": true,
        "Cache Enabled": true,
        "Cache ID": "0EFA776B-B4EF-EC30-A3F5-D75AE6AB1EC4",
        "Data ID": "0EFA776B-B4E8-7700-9275-1012B151FB1A",
        "Datasource Class": "Seeq Calculations",
        "Datasource ID": "Seeq Calculations",
        "Enabled": true,
        "Formula": "$signal",
        "Formula Parameters": {
            "signal": "8D5B6208-6FF3-4619-A108-83673AE5F797"
        },
        "Formula Version": 31,
        "ID": "0EFA776B-B4E8-7700-9275-1012B151FB1A",
        "Interpolation Method": "Linear",
        "Locked": false,
        "Maximum Interpolation": {
            "Unit Of Measure": "s",
            "Value": 90000.0
        },
        "Name": "Hot Liquid Outlet Temperature",
        "Parent ID": "0EFA776B-B444-FDD0-9EBF-063AE8537AEE",
        "Path": "Heat Exchangers",
        "Scoped To": "0EFA7755-93DF-66A0-8994-49AAF9C51861",
        "Tree Type": "Seeq Workbench",
        "Type": "CalculatedSignal",
        "Unsearchable": false,
        "Value Unit Of Measure": "\u00b0F",
        "manuallyAdded": "C9FD5B90-17F3-4CA7-8C37-CD9B7D9B85D2"
    },
    "0EFA776B-B4F4-EA50-84B8-7CDB7F9BF915": {
        "Archived": false,
        "Asset": "HX 2",
        "Asset Group Member": true,
        "Cache Enabled": false,
        "Data ID": "0EFA776B-B4F4-EA50-84B8-7CDB7F9BF915",
        "Datasource Class": "Seeq Metadata",
        "Datasource ID": "Seeq Metadata",
        "Enabled": true,
        "ID": "0EFA776B-B4F4-EA50-84B8-7CDB7F9BF915",
        "Locked": false,
        "Name": "HX 2",
        "Old Asset Format": false,
        "Parent ID": "0EFA776B-B3E0-EC40-9008-F2464A5D39E2",
        "Path": "Heat Exchangers",
        "Scoped To": "0EFA7755-93DF-66A0-8994-49AAF9C51861",
        "Tree Type": "Seeq Workbench",
        "Type": "Asset",
        "Unsearchable": false,
        "manuallyAdded": "C9FD5B90-17F3-4CA7-8C37-CD9B7D9B85D2"
    },
    "0EFA776B-B50A-F9E0-AA0F-0B89072D4943": {
        "Archived": false,
        "Asset": "HX 2",
        "Asset Group Member": true,
        "Cache Enabled": true,
        "Cache ID": "0EFA776B-B50D-60F0-9B6B-CE8A6F9A9EF3",
        "Capsule Property Units": {},
        "Data ID": "0EFA776B-B50A-F9E0-AA0F-0B89072D4943",
        "Datasource Class": "Seeq Calculations",
        "Datasource ID": "Seeq Calculations",
        "Enabled": true,
        "Formula": "$signal",
        "Formula Parameters": {
            "signal": "0EFA7762-2B08-ECF0-B237-C7E75EF47308"
        },
        "Formula Version": 31,
        "ID": "0EFA776B-B50A-F9E0-AA0F-0B89072D4943",
        "Locked": false,
        "Maximum Duration": {
            "Unit Of Measure": "ms",
            "Value": 180230401000
        },
        "Name": "HX Cycle",
        "Parent ID": "0EFA776B-B4F4-EA50-84B8-7CDB7F9BF915",
        "Path": "Heat Exchangers",
        "Scoped To": "0EFA7755-93DF-66A0-8994-49AAF9C51861",
        "Tree Type": "Seeq Workbench",
        "Type": "CalculatedCondition",
        "Unsearchable": false,
        "manuallyAdded": "C9FD5B90-17F3-4CA7-8C37-CD9B7D9B85D2"
    },
    "0EFA776B-B525-7790-B4DD-0FE8273876F4": {
        "Archived": false,
        "Asset": "HX 2",
        "Asset Group Member": true,
        "Cache Enabled": true,
        "Cache ID": "0EFA776B-B52A-75B0-BD03-C82C522D77DF",
        "Data ID": "0EFA776B-B525-7790-B4DD-0FE8273876F4",
        "Datasource Class": "Seeq Calculations",
        "Datasource ID": "Seeq Calculations",
        "Enabled": true,
        "Formula": "$signal",
        "Formula Parameters": {
            "signal": "0EFA7763-B517-FB70-A3DC-0DAB0EA593C9"
        },
        "Formula Version": 31,
        "ID": "0EFA776B-B525-7790-B4DD-0FE8273876F4",
        "Interpolation Method": "Linear",
        "Locked": false,
        "Maximum Interpolation": {
            "Unit Of Measure": "s",
            "Value": 90000.0
        },
        "Name": "Cold Liquid Flow",
        "Parent ID": "0EFA776B-B4F4-EA50-84B8-7CDB7F9BF915",
        "Path": "Heat Exchangers",
        "Scoped To": "0EFA7755-93DF-66A0-8994-49AAF9C51861",
        "Tree Type": "Seeq Workbench",
        "Type": "CalculatedSignal",
        "Unsearchable": false,
        "Value Unit Of Measure": "lb/h",
        "manuallyAdded": "C9FD5B90-17F3-4CA7-8C37-CD9B7D9B85D2"
    },
    "0EFA776B-B540-7540-AD45-C53BAB28E51E": {
        "Archived": false,
        "Asset": "HX 2",
        "Asset Group Member": true,
        "Cache Enabled": true,
        "Cache ID": "0EFA776B-B542-EC50-AE93-D49297A35DEC",
        "Data ID": "0EFA776B-B540-7540-AD45-C53BAB28E51E",
        "Datasource Class": "Seeq Calculations",
        "Datasource ID": "Seeq Calculations",
        "Enabled": true,
        "Formula": "$signal",
        "Formula Parameters": {
            "signal": "0EFA7764-2FA3-EC90-B44C-D9430924CDAA"
        },
        "Formula Version": 31,
        "ID": "0EFA776B-B540-7540-AD45-C53BAB28E51E",
        "Interpolation Method": "Linear",
        "Locked": false,
        "Maximum Interpolation": {
            "Unit Of Measure": "s",
            "Value": 90000.0
        },
        "Name": "Cold Liquid Inlet Temperature",
        "Parent ID": "0EFA776B-B4F4-EA50-84B8-7CDB7F9BF915",
        "Path": "Heat Exchangers",
        "Scoped To": "0EFA7755-93DF-66A0-8994-49AAF9C51861",
        "Tree Type": "Seeq Workbench",
        "Type": "CalculatedSignal",
        "Unsearchable": false,
        "Value Unit Of Measure": "\u00b0F",
        "manuallyAdded": "C9FD5B90-17F3-4CA7-8C37-CD9B7D9B85D2"
    },
    "0EFA776B-B55B-62F0-BA96-097ACE90E195": {
        "Archived": false,
        "Asset": "HX 2",
        "Asset Group Member": true,
        "Cache Enabled": true,
        "Cache ID": "0EFA776B-B55D-EA00-986C-7D8A04C7E84D",
        "Data ID": "0EFA776B-B55B-62F0-BA96-097ACE90E195",
        "Datasource Class": "Seeq Calculations",
        "Datasource ID": "Seeq Calculations",
        "Enabled": true,
        "Formula": "$signal",
        "Formula Parameters": {
            "signal": "0EFA7764-9A42-FB50-AD4D-F64CEDA1C4D9"
        },
        "Formula Version": 31,
        "ID": "0EFA776B-B55B-62F0-BA96-097ACE90E195",
        "Interpolation Method": "Linear",
        "Locked": false,
        "Maximum Interpolation": {
            "Unit Of Measure": "s",
            "Value": 90000.0
        },
        "Name": "Cold Liquid Outlet Temperature",
        "Parent ID": "0EFA776B-B4F4-EA50-84B8-7CDB7F9BF915",
        "Path": "Heat Exchangers",
        "Scoped To": "0EFA7755-93DF-66A0-8994-49AAF9C51861",
        "Tree Type": "Seeq Workbench",
        "Type": "CalculatedSignal",
        "Unsearchable": false,
        "Value Unit Of Measure": "\u00b0F",
        "manuallyAdded": "C9FD5B90-17F3-4CA7-8C37-CD9B7D9B85D2"
    },
    "0EFA776B-B578-77B0-BA73-EB8AAA0A97A4": {
        "Archived": false,
        "Asset": "HX 2",
        "Asset Group Member": true,
        "Cache Enabled": true,
        "Cache ID": "0EFA776B-B57A-EEC0-97C3-4022AAE2DBCA",
        "Data ID": "0EFA776B-B578-77B0-BA73-EB8AAA0A97A4",
        "Datasource Class": "Seeq Calculations",
        "Datasource ID": "Seeq Calculations",
        "Enabled": true,
        "Formula": "$signal",
        "Formula Parameters": {
            "signal": "0EFA7765-0807-64B0-A6BE-7227DB1C3544"
        },
        "Formula Version": 31,
        "ID": "0EFA776B-B578-77B0-BA73-EB8AAA0A97A4",
        "Interpolation Method": "Linear",
        "Locked": false,
        "Maximum Interpolation": {
            "Unit Of Measure": "s",
            "Value": 90000.0
        },
        "Name": "Hot Liquid Flow",
        "Parent ID": "0EFA776B-B4F4-EA50-84B8-7CDB7F9BF915",
        "Path": "Heat Exchangers",
        "Scoped To": "0EFA7755-93DF-66A0-8994-49AAF9C51861",
        "Tree Type": "Seeq Workbench",
        "Type": "CalculatedSignal",
        "Unsearchable": false,
        "Value Unit Of Measure": "lb/h",
        "manuallyAdded": "C9FD5B90-17F3-4CA7-8C37-CD9B7D9B85D2"
    },
    "0EFA776B-B593-7560-8CE0-46D057C468BA": {
        "Archived": false,
        "Asset": "HX 2",
        "Asset Group Member": true,
        "Cache Enabled": true,
        "Cache ID": "0EFA776B-B595-EC70-A606-811809A4F621",
        "Data ID": "0EFA776B-B593-7560-8CE0-46D057C468BA",
        "Datasource Class": "Seeq Calculations",
        "Datasource ID": "Seeq Calculations",
        "Enabled": true,
        "Formula": "$signal",
        "Formula Parameters": {
            "signal": "0EFA7765-7B19-64D0-AFD7-905866B81E25"
        },
        "Formula Version": 31,
        "ID": "0EFA776B-B593-7560-8CE0-46D057C468BA",
        "Interpolation Method": "Linear",
        "Locked": false,
        "Maximum Interpolation": {
            "Unit Of Measure": "s",
            "Value": 90000.0
        },
        "Name": "Hot Liquid Inlet Temperature",
        "Parent ID": "0EFA776B-B4F4-EA50-84B8-7CDB7F9BF915",
        "Path": "Heat Exchangers",
        "Scoped To": "0EFA7755-93DF-66A0-8994-49AAF9C51861",
        "Tree Type": "Seeq Workbench",
        "Type": "CalculatedSignal",
        "Unsearchable": false,
        "Value Unit Of Measure": "\u00b0F",
        "manuallyAdded": "C9FD5B90-17F3-4CA7-8C37-CD9B7D9B85D2"
    },
    "0EFA776B-B5AB-EC00-B490-EA6DB5EBD8F6": {
        "Archived": false,
        "Asset": "HX 2",
        "Asset Group Member": true,
        "Cache Enabled": true,
        "Cache ID": "0EFA776B-B5AE-7310-B3AD-756A14E64ECD",
        "Data ID": "0EFA776B-B5AB-EC00-B490-EA6DB5EBD8F6",
        "Datasource Class": "Seeq Calculations",
        "Datasource ID": "Seeq Calculations",
        "Enabled": true,
        "Formula": "$signal",
        "Formula Parameters": {
            "signal": "0EFA7766-45D9-F990-B342-1CEB2A473076"
        },
        "Formula Version": 31,
        "ID": "0EFA776B-B5AB-EC00-B490-EA6DB5EBD8F6",
        "Interpolation Method": "Linear",
        "Locked": false,
        "Maximum Interpolation": {
            "Unit Of Measure": "s",
            "Value": 90000.0
        },
        "Name": "Hot Liquid Outlet Temperature",
        "Parent ID": "0EFA776B-B4F4-EA50-84B8-7CDB7F9BF915",
        "Path": "Heat Exchangers",
        "Scoped To": "0EFA7755-93DF-66A0-8994-49AAF9C51861",
        "Tree Type": "Seeq Workbench",
        "Type": "CalculatedSignal",
        "Unsearchable": false,
        "Value Unit Of Measure": "\u00b0F",
        "manuallyAdded": "C9FD5B90-17F3-4CA7-8C37-CD9B7D9B85D2"
    },
    "0EFA776E-77B9-6430-A9D5-6CDF7A7A6798": {
        "Archived": false,
        "Cache Enabled": true,
        "Cache ID": "1EFA776E-D8FD-62A0-87FA-175AF78C2FFC",
        "Capsule Property Units": {},
        "Data ID": "0EFA776E-77B9-6430-A9D5-6CDF7A7A6798",
        "Datasource Class": "Seeq Calculations",
        "Datasource ID": "Seeq Calculations",
        "Enabled": true,
        "Formula": [
            "$lowflowevent = $a < 400000",
            "$lowflowevent.grow(48h)"
        ],
        "Formula Parameters": {
            "a": "0EFA776B-B478-6220-981D-65353E633B80"
        },
        "Formula Version": 31,
        "ID": "0EFA776E-77B9-6430-A9D5-6CDF7A7A6798",
        "Locked": false,
        "Name": "Downtime",
        "Scoped To": "0EFA7755-93DF-66A0-8994-49AAF9C51861",
        "Type": "CalculatedCondition",
        "UIConfig": {
            "advancedParametersCollapsed": true,
            "configVersion": 11,
            "localFormula": "",
            "scopedTo": "0EFA7755-93DF-66A0-8994-49AAF9C51861",
            "tabTransitioning": false,
            "type": "formula"
        },
        "Unsearchable": false
    },
    "0EFA7770-98D3-6290-84F6-39C99F2E06A3": {
        "Archived": false,
        "Cache Enabled": true,
        "Cache ID": "0EFA7770-98D3-6290-969D-045CF0F01F85",
        "Data ID": "0EFA7770-98D3-6290-84F6-39C99F2E06A3",
        "Datasource Class": "Seeq Calculations",
        "Datasource ID": "Seeq Calculations",
        "Enabled": true,
        "Formula": "3000.setunits(1ft^2)",
        "Formula Parameters": {},
        "Formula Version": 31,
        "ID": "0EFA7770-98D3-6290-84F6-39C99F2E06A3",
        "Locked": false,
        "Name": "Surface Area - constant",
        "Scoped To": "0EFA7755-93DF-66A0-8994-49AAF9C51861",
        "Type": "CalculatedScalar",
        "UIConfig": {
            "advancedParametersCollapsed": true,
            "configVersion": 11,
            "localFormula": "",
            "tabTransitioning": false,
            "type": "formula"
        },
        "Unit Of Measure": "ft\u00b2",
        "Unsearchable": false
    },
    "0EFA7772-63E0-6400-AB49-64E29556A8B7": {
        "Archived": false,
        "Cache Enabled": true,
        "Cache ID": "0EFA7772-63E0-6400-9F8B-3BCE03B42FB3",
        "Data ID": "0EFA7772-63E0-6400-AB49-64E29556A8B7",
        "Datasource Class": "Seeq Calculations",
        "Datasource ID": "Seeq Calculations",
        "Enabled": true,
        "Formula": "0.6.setunits(1BTU/lb/F)",
        "Formula Parameters": {},
        "Formula Version": 31,
        "ID": "0EFA7772-63E0-6400-AB49-64E29556A8B7",
        "Locked": false,
        "Name": "Hot Liquid Specific Heat - constant",
        "Scoped To": "0EFA7755-93DF-66A0-8994-49AAF9C51861",
        "Type": "CalculatedScalar",
        "UIConfig": {
            "advancedParametersCollapsed": true,
            "configVersion": 11,
            "localFormula": "",
            "tabTransitioning": false,
            "type": "formula"
        },
        "Unit Of Measure": "BTU/(lb\u00b7\u00b0F)",
        "Unsearchable": false
    },
    "0EFA7772-C599-7570-A652-07F7863B1A1F": {
        "Archived": false,
        "Cache Enabled": true,
        "Cache ID": "0EFA7772-C599-7570-BA1B-BFA5BBBE0E2A",
        "Data ID": "0EFA7772-C599-7570-A652-07F7863B1A1F",
        "Datasource Class": "Seeq Calculations",
        "Datasource ID": "Seeq Calculations",
        "Enabled": true,
        "Formula": "0.45.setunits(1BTU/lb/F)",
        "Formula Parameters": {},
        "Formula Version": 31,
        "ID": "0EFA7772-C599-7570-A652-07F7863B1A1F",
        "Locked": false,
        "Name": "Cold Liquid Specific Heat - constant",
        "Scoped To": "0EFA7755-93DF-66A0-8994-49AAF9C51861",
        "Type": "CalculatedScalar",
        "UIConfig": {
            "advancedParametersCollapsed": true,
            "configVersion": 11,
            "localFormula": "",
            "tabTransitioning": false,
            "type": "formula"
        },
        "Unit Of Measure": "BTU/(lb\u00b7\u00b0F)",
        "Unsearchable": false
    },
    "0EFA7773-92AA-EE60-9BA1-F7F2ECA83466": {
        "Archived": false,
        "Cache Enabled": true,
        "Cache ID": "0EFA7773-92AF-EC80-82D9-1C4839B9AAD5",
        "Data ID": "0EFA7773-92AA-EE60-9BA1-F7F2ECA83466",
        "Datasource Class": "Seeq Calculations",
        "Datasource ID": "Seeq Calculations",
        "Enabled": true,
        "Formula": "$HotIn-$ColdOut",
        "Formula Parameters": {
            "ColdOut": "0EFA776B-B4A6-E850-B284-84C5627B3E5E",
            "HotIn": "0EFA776B-B4D2-7770-925E-AB5D8DF8490A"
        },
        "Formula Version": 31,
        "ID": "0EFA7773-92AA-EE60-9BA1-F7F2ECA83466",
        "Interpolation Method": "Linear",
        "Locked": false,
        "Maximum Interpolation": {
            "Unit Of Measure": "s",
            "Value": 90000.0
        },
        "Name": "Hot Side Approach Temperature",
        "Scoped To": "0EFA7755-93DF-66A0-8994-49AAF9C51861",
        "Type": "CalculatedSignal",
        "UIConfig": {
            "advancedParametersCollapsed": true,
            "configVersion": 11,
            "localFormula": "",
            "tabTransitioning": false,
            "type": "formula"
        },
        "Unsearchable": false,
        "Value Unit Of Measure": "\u00b0F"
    },
    "0EFA7774-699D-EC10-9C8F-C665C6E27A42": {
        "Archived": false,
        "Cache Enabled": true,
        "Cache ID": "0EFA7774-69A2-EA30-AA3A-44D889A4E07D",
        "Data ID": "0EFA7774-699D-EC10-9C8F-C665C6E27A42",
        "Datasource Class": "Seeq Calculations",
        "Datasource ID": "Seeq Calculations",
        "Enabled": true,
        "Formula": "$HotOut-$ColdIn",
        "Formula Parameters": {
            "ColdIn": "0EFA776B-B490-E8C0-83EB-B3ACE22C7DDC",
            "HotOut": "0EFA776B-B4E8-7700-9275-1012B151FB1A"
        },
        "Formula Version": 31,
        "ID": "0EFA7774-699D-EC10-9C8F-C665C6E27A42",
        "Interpolation Method": "Linear",
        "Locked": false,
        "Maximum Interpolation": {
            "Unit Of Measure": "s",
            "Value": 90000.0
        },
        "Name": "Cold Side Approach Temperature",
        "Scoped To": "0EFA7755-93DF-66A0-8994-49AAF9C51861",
        "Type": "CalculatedSignal",
        "UIConfig": {
            "advancedParametersCollapsed": true,
            "configVersion": 11,
            "localFormula": "",
            "tabTransitioning": false,
            "type": "formula"
        },
        "Unsearchable": false,
        "Value Unit Of Measure": "\u00b0F"
    },
    "0EFA7775-3802-EAB0-9331-6D7694E4B0C2": {
        "Archived": false,
        "Cache Enabled": true,
        "Cache ID": "0EFA7775-3807-E8D0-882A-455F44D63ACD",
        "Data ID": "0EFA7775-3802-EAB0-9331-6D7694E4B0C2",
        "Datasource Class": "Seeq Calculations",
        "Datasource ID": "Seeq Calculations",
        "Enabled": true,
        "Formula": "($hot-$cold)/(ln($hot/$cold))",
        "Formula Parameters": {
            "cold": "0EFA7774-699D-EC10-9C8F-C665C6E27A42",
            "hot": "0EFA7773-92AA-EE60-9BA1-F7F2ECA83466"
        },
        "Formula Version": 31,
        "ID": "0EFA7775-3802-EAB0-9331-6D7694E4B0C2",
        "Interpolation Method": "Linear",
        "Locked": false,
        "Maximum Interpolation": {
            "Unit Of Measure": "s",
            "Value": 90000.0
        },
        "Name": "LMTD",
        "Scoped To": "0EFA7755-93DF-66A0-8994-49AAF9C51861",
        "Type": "CalculatedSignal",
        "UIConfig": {
            "advancedParametersCollapsed": true,
            "configVersion": 11,
            "localFormula": "",
            "tabTransitioning": false,
            "type": "formula"
        },
        "Unsearchable": false,
        "Value Unit Of Measure": "\u00b0F"
    },
    "0EFA7776-9E38-7540-8BEE-122A9516758D": {
        "Archived": false,
        "Cache Enabled": true,
        "Cache ID": "0EFA7776-9E3D-7360-B2ED-F9FF7F4E7580",
        "Data ID": "0EFA7776-9E38-7540-8BEE-122A9516758D",
        "Datasource Class": "Seeq Calculations",
        "Datasource ID": "Seeq Calculations",
        "Enabled": true,
        "Formula": "($Flow*$Cp*($InletT-$OutletT)).convertunits(1MMBTU/h)",
        "Formula Parameters": {
            "Cp": "0EFA7772-63E0-6400-AB49-64E29556A8B7",
            "Flow": "0EFA776B-B4BC-77E0-8D11-C53ED4504A56",
            "InletT": "0EFA776B-B4D2-7770-925E-AB5D8DF8490A",
            "OutletT": "0EFA776B-B4E8-7700-9275-1012B151FB1A"
        },
        "Formula Version": 31,
        "ID": "0EFA7776-9E38-7540-8BEE-122A9516758D",
        "Interpolation Method": "Linear",
        "Locked": false,
        "Maximum Interpolation": {
            "Unit Of Measure": "s",
            "Value": 90000.0
        },
        "Name": "Hot Side Duty",
        "Scoped To": "0EFA7755-93DF-66A0-8994-49AAF9C51861",
        "Type": "CalculatedSignal",
        "UIConfig": {
            "advancedParametersCollapsed": true,
            "configVersion": 11,
            "localFormula": "",
            "tabTransitioning": false,
            "type": "formula"
        },
        "Unsearchable": false,
        "Value Unit Of Measure": "MBTU/h"
    },
    "0EFA7777-BF2C-77F0-9523-DF71D54363E4": {
        "Archived": false,
        "Cache Enabled": true,
        "Cache ID": "1EFA7778-8146-67F0-BEC3-5F26F92E01B1",
        "Data ID": "0EFA7777-BF2C-77F0-9523-DF71D54363E4",
        "Datasource Class": "Seeq Calculations",
        "Datasource ID": "Seeq Calculations",
        "Enabled": true,
        "Formula": "($Flow*$Cp*($OutletT-$InletT)).convertunits(1MMBTU/h)",
        "Formula Parameters": {
            "Cp": "0EFA7772-C599-7570-A652-07F7863B1A1F",
            "Flow": "0EFA776B-B478-6220-981D-65353E633B80",
            "InletT": "0EFA776B-B490-E8C0-83EB-B3ACE22C7DDC",
            "OutletT": "0EFA776B-B4A6-E850-B284-84C5627B3E5E"
        },
        "Formula Version": 31,
        "ID": "0EFA7777-BF2C-77F0-9523-DF71D54363E4",
        "Interpolation Method": "Linear",
        "Locked": false,
        "Maximum Interpolation": {
            "Unit Of Measure": "s",
            "Value": 90000.0
        },
        "Name": "Cold Side Duty",
        "Scoped To": "0EFA7755-93DF-66A0-8994-49AAF9C51861",
        "Type": "CalculatedSignal",
        "UIConfig": {
            "advancedParametersCollapsed": true,
            "configVersion": 11,
            "localFormula": "",
            "scopedTo": "0EFA7755-93DF-66A0-8994-49AAF9C51861",
            "tabTransitioning": false,
            "type": "formula"
        },
        "Unsearchable": false,
        "Value Unit Of Measure": "MBTU/h"
    },
    "0EFA777A-42A7-FF10-B5A9-B7F94A68701F": {
        "Archived": false,
        "Cache Enabled": true,
        "Cache ID": "0EFA777A-42AA-6620-8F70-D7BA8C58A383",
        "Data ID": "0EFA777A-42A7-FF10-B5A9-B7F94A68701F",
        "Datasource Class": "Seeq Calculations",
        "Datasource ID": "Seeq Calculations",
        "Enabled": true,
        "Formula": "($Cold+$Hot)/2",
        "Formula Parameters": {
            "Cold": "0EFA7777-BF2C-77F0-9523-DF71D54363E4",
            "Hot": "0EFA7776-9E38-7540-8BEE-122A9516758D"
        },
        "Formula Version": 31,
        "ID": "0EFA777A-42A7-FF10-B5A9-B7F94A68701F",
        "Interpolation Method": "Linear",
        "Locked": false,
        "Maximum Interpolation": {
            "Unit Of Measure": "s",
            "Value": 90000.0
        },
        "Name": "Average Duty",
        "Scoped To": "0EFA7755-93DF-66A0-8994-49AAF9C51861",
        "Type": "CalculatedSignal",
        "UIConfig": {
            "advancedParametersCollapsed": true,
            "configVersion": 11,
            "localFormula": "",
            "tabTransitioning": false,
            "type": "formula"
        },
        "Unsearchable": false,
        "Value Unit Of Measure": "MBTU/h"
    },
    "0EFA777B-2D97-FFC0-95B3-5F8EBB3CAA24": {
        "Archived": false,
        "Cache Enabled": true,
        "Cache ID": "0EFA777B-2D9F-64F0-A8DD-0A3288302722",
        "Data ID": "0EFA777B-2D97-FFC0-95B3-5F8EBB3CAA24",
        "Datasource Class": "Seeq Calculations",
        "Datasource ID": "Seeq Calculations",
        "Enabled": true,
        "Formula": "($duty/($LMTD*$SA)*1000000BTU/1MMBTU)",
        "Formula Parameters": {
            "LMTD": "0EFA7775-3802-EAB0-9331-6D7694E4B0C2",
            "SA": "0EFA7770-98D3-6290-84F6-39C99F2E06A3",
            "d": "0EFA776E-77B9-6430-A9D5-6CDF7A7A6798",
            "duty": "0EFA777A-42A7-FF10-B5A9-B7F94A68701F"
        },
        "Formula Version": 31,
        "ID": "0EFA777B-2D97-FFC0-95B3-5F8EBB3CAA24",
        "Interpolation Method": "Linear",
        "Locked": false,
        "Maximum Interpolation": {
            "Unit Of Measure": "s",
            "Value": 90000.0
        },
        "Name": "HT Coefficient - U-value",
        "Scoped To": "0EFA7755-93DF-66A0-8994-49AAF9C51861",
        "Type": "CalculatedSignal",
        "UIConfig": {
            "advancedParametersCollapsed": true,
            "configVersion": 11,
            "localFormula": "",
            "tabTransitioning": false,
            "type": "formula"
        },
        "Unsearchable": false,
        "Value Unit Of Measure": "BTU/(h\u00b7\u00b0F\u00b7ft\u00b2)"
    },
    "0EFA777C-C37C-EAD0-A0C9-7EEEEB0AA9A0": {
        "Archived": false,
        "Cache Enabled": true,
        "Cache ID": "0EFA777C-C381-E8F0-848A-5D85EDBFE333",
        "Data ID": "0EFA777C-C37C-EAD0-A0C9-7EEEEB0AA9A0",
        "Datasource Class": "Seeq Calculations",
        "Datasource ID": "Seeq Calculations",
        "Enabled": true,
        "Formula": "$U.remove($downtime).removeOutliers() ",
        "Formula Parameters": {
            "U": "0EFA777B-2D97-FFC0-95B3-5F8EBB3CAA24",
            "downtime": "0EFA776E-77B9-6430-A9D5-6CDF7A7A6798"
        },
        "Formula Version": 31,
        "ID": "0EFA777C-C37C-EAD0-A0C9-7EEEEB0AA9A0",
        "Interpolation Method": "Linear",
        "Locked": false,
        "Maximum Interpolation": {
            "Unit Of Measure": "s",
            "Value": 90000.0
        },
        "Name": "HT Coefficient - U-value Cleansed",
        "Scoped To": "0EFA7755-93DF-66A0-8994-49AAF9C51861",
        "Type": "CalculatedSignal",
        "UIConfig": {
            "advancedParametersCollapsed": true,
            "configVersion": 11,
            "localFormula": "",
            "tabTransitioning": false,
            "type": "formula"
        },
        "Unsearchable": false,
        "Value Unit Of Measure": "BTU/(h\u00b7\u00b0F\u00b7ft\u00b2)"
    },
    "0EFA7783-A9F0-F970-906D-B4686EFC77EC": {
        "Archived": false,
        "Cache Enabled": true,
        "Cache ID": "1EFA779D-0B1D-6CB0-81EE-9DAAA0FD0044",
        "Data ID": "0EFA7783-A9F0-F970-906D-B4686EFC77EC",
        "Datasource Class": "Seeq Calculations",
        "Datasource ID": "Seeq Calculations",
        "Enabled": true,
        "Formula": "timeSince($cycle, 1d, $downtime)",
        "Formula Parameters": {
            "cycle": "0EFA776B-B462-6290-BD2A-71DEC4C0A329",
            "downtime": "0EFA776E-77B9-6430-A9D5-6CDF7A7A6798"
        },
        "Formula Version": 31,
        "ID": "0EFA7783-A9F0-F970-906D-B4686EFC77EC",
        "Interpolation Method": "Linear",
        "Locked": false,
        "Maximum Interpolation": {
            "Unit Of Measure": "d",
            "Value": 1
        },
        "Name": "HX Number of Days in Service",
        "Scoped To": "0EFA7755-93DF-66A0-8994-49AAF9C51861",
        "Type": "CalculatedSignal",
        "UIConfig": {
            "advancedParametersCollapsed": true,
            "configVersion": 11,
            "localFormula": "",
            "tabTransitioning": false,
            "type": "formula"
        },
        "Unsearchable": false,
        "Value Unit Of Measure": "d"
    },
    "0EFA7785-CDF5-E8F0-B259-CE32ED16D892": {
        "Archived": false,
        "Cache Enabled": true,
        "Cache ID": "0EFA7785-CDF8-6000-8272-CEED78653D16",
        "Data ID": "0EFA7785-CDF5-E8F0-B259-CE32ED16D892",
        "Datasource Class": "Seeq Calculations",
        "Datasource ID": "Seeq Calculations",
        "Enabled": true,
        "Formula": [
            "$forecastsignal = 735000.toSignal(1d).setUnits('lb/h')",
            "",
            "$currentsignal.forecastSplice($forecastsignal)"
        ],
        "Formula Parameters": {
            "currentsignal": "0EFA776B-B478-6220-981D-65353E633B80"
        },
        "Formula Version": 31,
        "ID": "0EFA7785-CDF5-E8F0-B259-CE32ED16D892",
        "Interpolation Method": "Linear",
        "Locked": false,
        "Maximum Interpolation": {
            "Unit Of Measure": "s",
            "Value": 90000.0
        },
        "Name": "Cold Liquid Flow - High",
        "Scoped To": "0EFA7755-93DF-66A0-8994-49AAF9C51861",
        "Type": "CalculatedSignal",
        "UIConfig": {
            "advancedParametersCollapsed": true,
            "configVersion": 11,
            "localFormula": "",
            "tabTransitioning": false,
            "type": "formula"
        },
        "Unsearchable": false,
        "Value Unit Of Measure": "lb/h"
    },
    "0EFA7786-E648-6410-AF1B-ECEE66E9C15F": {
        "Archived": false,
        "Cache Enabled": true,
        "Cache ID": "0EFA7786-E64A-FB20-8697-7460D7262ECC",
        "Data ID": "0EFA7786-E648-6410-AF1B-ECEE66E9C15F",
        "Datasource Class": "Seeq Calculations",
        "Datasource ID": "Seeq Calculations",
        "Enabled": true,
        "Formula": [
            "$forecastsignal = 295.toSignal(1d).setUnits('F')",
            "",
            "($currentsignal.remove($downtime)).forecastSplice($forecastsignal)"
        ],
        "Formula Parameters": {
            "currentsignal": "0EFA776B-B4A6-E850-B284-84C5627B3E5E",
            "downtime": "0EFA776E-77B9-6430-A9D5-6CDF7A7A6798"
        },
        "Formula Version": 31,
        "ID": "0EFA7786-E648-6410-AF1B-ECEE66E9C15F",
        "Interpolation Method": "Linear",
        "Locked": false,
        "Maximum Interpolation": {
            "Unit Of Measure": "s",
            "Value": 90000.0
        },
        "Name": "Cold Liquid Outlet Temperature - Plan",
        "Scoped To": "0EFA7755-93DF-66A0-8994-49AAF9C51861",
        "Type": "CalculatedSignal",
        "UIConfig": {
            "advancedParametersCollapsed": true,
            "configVersion": 11,
            "localFormula": "",
            "tabTransitioning": false,
            "type": "formula"
        },
        "Unsearchable": false,
        "Value Unit Of Measure": "\u00b0F"
    },
    "0EFA778A-2AC2-7700-A7D4-EBD3BC4C25EF": {
        "Archived": false,
        "Cache Enabled": true,
        "Cache ID": "1EFA779D-0B1E-6080-AFA0-DA61EF371CA4",
        "Data ID": "0EFA778A-2AC2-7700-A7D4-EBD3BC4C25EF",
        "Datasource Class": "Seeq Calculations",
        "Datasource ID": "Seeq Calculations",
        "Enabled": true,
        "Formula": "$target.regressionModelOLS(group(capsule(\"2019-12-31T16:00:00.000Z\", \"2024-12-31T16:00:00.000Z\")), false, $a, $b, $c).predict($a, $b, $c)",
        "Formula Parameters": {
            "a": "0EFA7783-A9F0-F970-906D-B4686EFC77EC",
            "b": "0EFA7785-CDF5-E8F0-B259-CE32ED16D892",
            "c": "0EFA7786-E648-6410-AF1B-ECEE66E9C15F",
            "target": "0EFA777C-C37C-EAD0-A0C9-7EEEEB0AA9A0"
        },
        "Formula Version": 31,
        "ID": "0EFA778A-2AC2-7700-A7D4-EBD3BC4C25EF",
        "Interpolation Method": "Linear",
        "Locked": false,
        "Maximum Interpolation": {
            "Unit Of Measure": "d",
            "Value": 1
        },
        "Name": "Prediction with High Flow",
        "Scoped To": "0EFA7755-93DF-66A0-8994-49AAF9C51861",
        "Type": "CalculatedSignal",
        "UIConfig": {
            "advancedParametersCollapsed": true,
            "color": "#068C45",
            "configVersion": 11,
            "isRefreshRateEnabled": false,
            "lambda": 0,
            "modelExpanded": true,
            "mustGoThroughZero": false,
            "option": "linear",
            "polynomialValue": 2,
            "regressionMethod": "OLS",
            "type": "prediction",
            "variableSelection": 0.05,
            "variableSelectionEnabled": false,
            "windowEnd": 1735660800000,
            "windowStart": 1577808000000
        },
        "Unsearchable": false,
        "Value Unit Of Measure": "BTU/(h\u00b7\u00b0F\u00b7ft\u00b2)"
    },
    "0EFA778A-5D26-FD40-8432-9BAE658E628B": {
        "Archived": false,
        "Cache Enabled": true,
        "Cache ID": "0EFA778A-5D52-EC60-8CDE-DA0137DFBD51",
        "Data ID": "0EFA778A-5D26-FD40-8432-9BAE658E628B",
        "Datasource Class": "Seeq Calculations",
        "Datasource ID": "Seeq Calculations",
        "Enabled": true,
        "Formula": "($Flow*$Cp*($InletT-$OutletT)).convertunits(1MMBTU/h)",
        "Formula Parameters": {
            "Cp": "0EFA7772-63E0-6400-AB49-64E29556A8B7",
            "Flow": "0EFA776B-B578-77B0-BA73-EB8AAA0A97A4",
            "InletT": "0EFA776B-B593-7560-8CE0-46D057C468BA",
            "OutletT": "0EFA776B-B5AB-EC00-B490-EA6DB5EBD8F6"
        },
        "Formula Version": 31,
        "ID": "0EFA778A-5D26-FD40-8432-9BAE658E628B",
        "Interpolation Method": "Linear",
        "Locked": false,
        "Maximum Interpolation": {
            "Unit Of Measure": "s",
            "Value": 90000.0
        },
        "Name": "Hot Side Duty",
        "Scoped To": "0EFA7755-93DF-66A0-8994-49AAF9C51861",
        "Swap Key": "0efa776b-b444-fdd0-9ebf-063ae8537aee|0efa776b-b4f4-ea50-84b8-7cdb7f9bf915",
        "Swap Source ID": "0EFA7776-9E38-7540-8BEE-122A9516758D",
        "Type": "CalculatedSignal",
        "UIConfig": {
            "advancedParametersCollapsed": true,
            "configVersion": 11,
            "localFormula": "",
            "tabTransitioning": false,
            "type": "formula"
        },
        "Unsearchable": true,
        "Value Unit Of Measure": "MBTU/h"
    },
    "0EFA778A-5D30-F980-92EF-CF388926A529": {
        "Archived": false,
        "Cache Enabled": true,
        "Cache ID": "0EFA778A-5D52-EC60-B0BE-B788049C21AD",
        "Data ID": "0EFA778A-5D30-F980-92EF-CF388926A529",
        "Datasource Class": "Seeq Calculations",
        "Datasource ID": "Seeq Calculations",
        "Enabled": true,
        "Formula": [
            "$forecastsignal = 735000.toSignal(1d).setUnits('lb/h')",
            "",
            "$currentsignal.forecastSplice($forecastsignal)"
        ],
        "Formula Parameters": {
            "currentsignal": "0EFA776B-B525-7790-B4DD-0FE8273876F4"
        },
        "Formula Version": 31,
        "ID": "0EFA778A-5D30-F980-92EF-CF388926A529",
        "Interpolation Method": "Linear",
        "Locked": false,
        "Maximum Interpolation": {
            "Unit Of Measure": "s",
            "Value": 90000.0
        },
        "Name": "Cold Liquid Flow - High",
        "Scoped To": "0EFA7755-93DF-66A0-8994-49AAF9C51861",
        "Swap Key": "0efa776b-b444-fdd0-9ebf-063ae8537aee|0efa776b-b4f4-ea50-84b8-7cdb7f9bf915",
        "Swap Source ID": "0EFA7785-CDF5-E8F0-B259-CE32ED16D892",
        "Type": "CalculatedSignal",
        "UIConfig": {
            "advancedParametersCollapsed": true,
            "configVersion": 11,
            "localFormula": "",
            "tabTransitioning": false,
            "type": "formula"
        },
        "Unsearchable": true,
        "Value Unit Of Measure": "lb/h"
    },
    "0EFA778A-5DA3-7570-AC65-C58122A5990D": {
        "Archived": false,
        "Cache Enabled": true,
        "Cache ID": "0EFA778A-5DBE-7320-917D-045DAE466113",
        "Data ID": "0EFA778A-5DA3-7570-AC65-C58122A5990D",
        "Datasource Class": "Seeq Calculations",
        "Datasource ID": "Seeq Calculations",
        "Enabled": true,
        "Formula": "($Flow*$Cp*($OutletT-$InletT)).convertunits(1MMBTU/h)",
        "Formula Parameters": {
            "Cp": "0EFA7772-C599-7570-A652-07F7863B1A1F",
            "Flow": "0EFA776B-B525-7790-B4DD-0FE8273876F4",
            "InletT": "0EFA776B-B540-7540-AD45-C53BAB28E51E",
            "OutletT": "0EFA776B-B55B-62F0-BA96-097ACE90E195"
        },
        "Formula Version": 31,
        "ID": "0EFA778A-5DA3-7570-AC65-C58122A5990D",
        "Interpolation Method": "Linear",
        "Locked": false,
        "Maximum Interpolation": {
            "Unit Of Measure": "s",
            "Value": 90000.0
        },
        "Name": "Cold Side Duty",
        "Scoped To": "0EFA7755-93DF-66A0-8994-49AAF9C51861",
        "Swap Key": "0efa776b-b444-fdd0-9ebf-063ae8537aee|0efa776b-b4f4-ea50-84b8-7cdb7f9bf915",
        "Swap Source ID": "0EFA7777-BF2C-77F0-9523-DF71D54363E4",
        "Type": "CalculatedSignal",
        "UIConfig": {
            "advancedParametersCollapsed": true,
            "configVersion": 11,
            "localFormula": "",
            "scopedTo": "0EFA7755-93DF-66A0-8994-49AAF9C51861",
            "tabTransitioning": false,
            "type": "formula"
        },
        "Unsearchable": true,
        "Value Unit Of Measure": "MBTU/h"
    },
    "0EFA778A-5DEF-6060-925B-4C8BF2302537": {
        "Archived": false,
        "Cache Enabled": true,
        "Cache ID": "0EFA778A-5E07-7700-B7FF-79ED46BF35A2",
        "Data ID": "0EFA778A-5DEF-6060-925B-4C8BF2302537",
        "Datasource Class": "Seeq Calculations",
        "Datasource ID": "Seeq Calculations",
        "Enabled": true,
        "Formula": "($Cold+$Hot)/2",
        "Formula Parameters": {
            "Cold": "0EFA778A-5DA3-7570-AC65-C58122A5990D",
            "Hot": "0EFA778A-5D26-FD40-8432-9BAE658E628B"
        },
        "Formula Version": 31,
        "ID": "0EFA778A-5DEF-6060-925B-4C8BF2302537",
        "Interpolation Method": "Linear",
        "Locked": false,
        "Maximum Interpolation": {
            "Unit Of Measure": "s",
            "Value": 90000.0
        },
        "Name": "Average Duty",
        "Scoped To": "0EFA7755-93DF-66A0-8994-49AAF9C51861",
        "Swap Key": "0efa776b-b444-fdd0-9ebf-063ae8537aee|0efa776b-b4f4-ea50-84b8-7cdb7f9bf915",
        "Swap Source ID": "0EFA777A-42A7-FF10-B5A9-B7F94A68701F",
        "Type": "CalculatedSignal",
        "UIConfig": {
            "advancedParametersCollapsed": true,
            "configVersion": 11,
            "localFormula": "",
            "tabTransitioning": false,
            "type": "formula"
        },
        "Unsearchable": true,
        "Value Unit Of Measure": "MBTU/h"
    },
    "0EFA778A-5E38-6440-9824-06583A454E0D": {
        "Archived": false,
        "Cache Enabled": true,
        "Cache ID": "0EFA778A-5E4B-ECC0-9325-8C40A5DBB0B0",
        "Capsule Property Units": {},
        "Data ID": "0EFA778A-5E38-6440-9824-06583A454E0D",
        "Datasource Class": "Seeq Calculations",
        "Datasource ID": "Seeq Calculations",
        "Enabled": true,
        "Formula": [
            "$lowflowevent = $a < 400000",
            "$lowflowevent.grow(48h)"
        ],
        "Formula Parameters": {
            "a": "0EFA776B-B525-7790-B4DD-0FE8273876F4"
        },
        "Formula Version": 31,
        "ID": "0EFA778A-5E38-6440-9824-06583A454E0D",
        "Locked": false,
        "Name": "Downtime",
        "Scoped To": "0EFA7755-93DF-66A0-8994-49AAF9C51861",
        "Swap Key": "0efa776b-b444-fdd0-9ebf-063ae8537aee|0efa776b-b4f4-ea50-84b8-7cdb7f9bf915",
        "Swap Source ID": "0EFA776E-77B9-6430-A9D5-6CDF7A7A6798",
        "Type": "CalculatedCondition",
        "UIConfig": {
            "advancedParametersCollapsed": true,
            "configVersion": 11,
            "localFormula": "",
            "scopedTo": "0EFA7755-93DF-66A0-8994-49AAF9C51861",
            "tabTransitioning": false,
            "type": "formula"
        },
        "Unsearchable": true
    },
    "0EFA778A-6784-EA30-8C3E-CEC28C489838": {
        "Archived": false,
        "Cache Enabled": true,
        "Cache ID": "0EFA778A-6793-6490-B20B-02F8A3F5A607",
        "Data ID": "0EFA778A-6784-EA30-8C3E-CEC28C489838",
        "Datasource Class": "Seeq Calculations",
        "Datasource ID": "Seeq Calculations",
        "Enabled": true,
        "Formula": "$HotIn-$ColdOut",
        "Formula Parameters": {
            "ColdOut": "0EFA776B-B55B-62F0-BA96-097ACE90E195",
            "HotIn": "0EFA776B-B593-7560-8CE0-46D057C468BA"
        },
        "Formula Version": 31,
        "ID": "0EFA778A-6784-EA30-8C3E-CEC28C489838",
        "Interpolation Method": "Linear",
        "Locked": false,
        "Maximum Interpolation": {
            "Unit Of Measure": "s",
            "Value": 90000.0
        },
        "Name": "Hot Side Approach Temperature",
        "Scoped To": "0EFA7755-93DF-66A0-8994-49AAF9C51861",
        "Swap Key": "0efa776b-b444-fdd0-9ebf-063ae8537aee|0efa776b-b4f4-ea50-84b8-7cdb7f9bf915",
        "Swap Source ID": "0EFA7773-92AA-EE60-9BA1-F7F2ECA83466",
        "Type": "CalculatedSignal",
        "UIConfig": {
            "advancedParametersCollapsed": true,
            "configVersion": 11,
            "localFormula": "",
            "tabTransitioning": false,
            "type": "formula"
        },
        "Unsearchable": true,
        "Value Unit Of Measure": "\u00b0F"
    },
    "0EFA778A-67CB-7700-848F-C0F0AE00C4A0": {
        "Archived": false,
        "Cache Enabled": true,
        "Cache ID": "0EFA778A-67DC-E870-B297-3FCF0BEE6EEF",
        "Data ID": "0EFA778A-67CB-7700-848F-C0F0AE00C4A0",
        "Datasource Class": "Seeq Calculations",
        "Datasource ID": "Seeq Calculations",
        "Enabled": true,
        "Formula": "$HotOut-$ColdIn",
        "Formula Parameters": {
            "ColdIn": "0EFA776B-B540-7540-AD45-C53BAB28E51E",
            "HotOut": "0EFA776B-B5AB-EC00-B490-EA6DB5EBD8F6"
        },
        "Formula Version": 31,
        "ID": "0EFA778A-67CB-7700-848F-C0F0AE00C4A0",
        "Interpolation Method": "Linear",
        "Locked": false,
        "Maximum Interpolation": {
            "Unit Of Measure": "s",
            "Value": 90000.0
        },
        "Name": "Cold Side Approach Temperature",
        "Scoped To": "0EFA7755-93DF-66A0-8994-49AAF9C51861",
        "Swap Key": "0efa776b-b444-fdd0-9ebf-063ae8537aee|0efa776b-b4f4-ea50-84b8-7cdb7f9bf915",
        "Swap Source ID": "0EFA7774-699D-EC10-9C8F-C665C6E27A42",
        "Type": "CalculatedSignal",
        "UIConfig": {
            "advancedParametersCollapsed": true,
            "configVersion": 11,
            "localFormula": "",
            "tabTransitioning": false,
            "type": "formula"
        },
        "Unsearchable": true,
        "Value Unit Of Measure": "\u00b0F"
    },
    "0EFA778A-6801-6260-B852-1B384F33B319": {
        "Archived": false,
        "Cache Enabled": true,
        "Cache ID": "0EFA778A-6817-71F0-B99E-E660327C9389",
        "Data ID": "0EFA778A-6801-6260-B852-1B384F33B319",
        "Datasource Class": "Seeq Calculations",
        "Datasource ID": "Seeq Calculations",
        "Enabled": true,
        "Formula": "($hot-$cold)/(ln($hot/$cold))",
        "Formula Parameters": {
            "cold": "0EFA778A-67CB-7700-848F-C0F0AE00C4A0",
            "hot": "0EFA778A-6784-EA30-8C3E-CEC28C489838"
        },
        "Formula Version": 31,
        "ID": "0EFA778A-6801-6260-B852-1B384F33B319",
        "Interpolation Method": "Linear",
        "Locked": false,
        "Maximum Interpolation": {
            "Unit Of Measure": "s",
            "Value": 90000.0
        },
        "Name": "LMTD",
        "Scoped To": "0EFA7755-93DF-66A0-8994-49AAF9C51861",
        "Swap Key": "0efa776b-b444-fdd0-9ebf-063ae8537aee|0efa776b-b4f4-ea50-84b8-7cdb7f9bf915",
        "Swap Source ID": "0EFA7775-3802-EAB0-9331-6D7694E4B0C2",
        "Type": "CalculatedSignal",
        "UIConfig": {
            "advancedParametersCollapsed": true,
            "configVersion": 11,
            "localFormula": "",
            "tabTransitioning": false,
            "type": "formula"
        },
        "Unsearchable": true,
        "Value Unit Of Measure": "\u00b0F"
    },
    "0EFA778A-6840-EA00-9199-8FBA45AF38C4": {
        "Archived": false,
        "Cache Enabled": true,
        "Cache ID": "0EFA778A-685D-EEC0-BFAB-8B1535005B21",
        "Data ID": "0EFA778A-6840-EA00-9199-8FBA45AF38C4",
        "Datasource Class": "Seeq Calculations",
        "Datasource ID": "Seeq Calculations",
        "Enabled": true,
        "Formula": "($duty/($LMTD*$SA)*1000000BTU/1MMBTU)",
        "Formula Parameters": {
            "LMTD": "0EFA778A-6801-6260-B852-1B384F33B319",
            "SA": "0EFA7770-98D3-6290-84F6-39C99F2E06A3",
            "d": "0EFA778A-5E38-6440-9824-06583A454E0D",
            "duty": "0EFA778A-5DEF-6060-925B-4C8BF2302537"
        },
        "Formula Version": 31,
        "ID": "0EFA778A-6840-EA00-9199-8FBA45AF38C4",
        "Interpolation Method": "Linear",
        "Locked": false,
        "Maximum Interpolation": {
            "Unit Of Measure": "s",
            "Value": 90000.0
        },
        "Name": "HT Coefficient - U-value",
        "Scoped To": "0EFA7755-93DF-66A0-8994-49AAF9C51861",
        "Swap Key": "0efa776b-b444-fdd0-9ebf-063ae8537aee|0efa776b-b4f4-ea50-84b8-7cdb7f9bf915",
        "Swap Source ID": "0EFA777B-2D97-FFC0-95B3-5F8EBB3CAA24",
        "Type": "CalculatedSignal",
        "UIConfig": {
            "advancedParametersCollapsed": true,
            "configVersion": 11,
            "localFormula": "",
            "tabTransitioning": false,
            "type": "formula"
        },
        "Unsearchable": true,
        "Value Unit Of Measure": "BTU/(h\u00b7\u00b0F\u00b7ft\u00b2)"
    },
    "0EFA778A-6993-FFB0-83BC-B9C3D7C8171C": {
        "Archived": false,
        "Cache Enabled": true,
        "Cache ID": "0EFA778A-69BB-60B0-89B4-27B9CA551E69",
        "Data ID": "0EFA778A-6993-FFB0-83BC-B9C3D7C8171C",
        "Datasource Class": "Seeq Calculations",
        "Datasource ID": "Seeq Calculations",
        "Enabled": true,
        "Formula": [
            "$forecastsignal = 295.toSignal(1d).setUnits('F')",
            "",
            "($currentsignal.remove($downtime)).forecastSplice($forecastsignal)"
        ],
        "Formula Parameters": {
            "currentsignal": "0EFA776B-B55B-62F0-BA96-097ACE90E195",
            "downtime": "0EFA778A-5E38-6440-9824-06583A454E0D"
        },
        "Formula Version": 31,
        "ID": "0EFA778A-6993-FFB0-83BC-B9C3D7C8171C",
        "Interpolation Method": "Linear",
        "Locked": false,
        "Maximum Interpolation": {
            "Unit Of Measure": "s",
            "Value": 90000.0
        },
        "Name": "Cold Liquid Outlet Temperature - Plan",
        "Scoped To": "0EFA7755-93DF-66A0-8994-49AAF9C51861",
        "Swap Key": "0efa776b-b444-fdd0-9ebf-063ae8537aee|0efa776b-b4f4-ea50-84b8-7cdb7f9bf915",
        "Swap Source ID": "0EFA7786-E648-6410-AF1B-ECEE66E9C15F",
        "Type": "CalculatedSignal",
        "UIConfig": {
            "advancedParametersCollapsed": true,
            "configVersion": 11,
            "localFormula": "",
            "tabTransitioning": false,
            "type": "formula"
        },
        "Unsearchable": true,
        "Value Unit Of Measure": "\u00b0F"
    },
    "0EFA778A-69A5-7120-8BAB-EB8DABB35E8D": {
        "Archived": false,
        "Cache Enabled": true,
        "Cache ID": "0EFA778A-69E4-E8C0-91B5-8C9D8BBC8D7D",
        "Data ID": "0EFA778A-69A5-7120-8BAB-EB8DABB35E8D",
        "Datasource Class": "Seeq Calculations",
        "Datasource ID": "Seeq Calculations",
        "Enabled": true,
        "Formula": "$U.remove($downtime).removeOutliers() ",
        "Formula Parameters": {
            "U": "0EFA778A-6840-EA00-9199-8FBA45AF38C4",
            "downtime": "0EFA778A-5E38-6440-9824-06583A454E0D"
        },
        "Formula Version": 31,
        "ID": "0EFA778A-69A5-7120-8BAB-EB8DABB35E8D",
        "Interpolation Method": "Linear",
        "Locked": false,
        "Maximum Interpolation": {
            "Unit Of Measure": "s",
            "Value": 90000.0
        },
        "Name": "HT Coefficient - U-value Cleansed",
        "Scoped To": "0EFA7755-93DF-66A0-8994-49AAF9C51861",
        "Swap Key": "0efa776b-b444-fdd0-9ebf-063ae8537aee|0efa776b-b4f4-ea50-84b8-7cdb7f9bf915",
        "Swap Source ID": "0EFA777C-C37C-EAD0-A0C9-7EEEEB0AA9A0",
        "Type": "CalculatedSignal",
        "UIConfig": {
            "advancedParametersCollapsed": true,
            "configVersion": 11,
            "localFormula": "",
            "tabTransitioning": false,
            "type": "formula"
        },
        "Unsearchable": true,
        "Value Unit Of Measure": "BTU/(h\u00b7\u00b0F\u00b7ft\u00b2)"
    },
    "0EFA778A-69BD-77C0-AA5E-02172A3931B5": {
        "Archived": false,
        "Cache Enabled": true,
        "Cache ID": "0EFA778A-69EB-FDF0-929F-0FBAF46D91E7",
        "Data ID": "0EFA778A-69BD-77C0-AA5E-02172A3931B5",
        "Datasource Class": "Seeq Calculations",
        "Datasource ID": "Seeq Calculations",
        "Enabled": true,
        "Formula": "timeSince($cycle, 1d, $downtime)",
        "Formula Parameters": {
            "cycle": "0EFA776B-B50A-F9E0-AA0F-0B89072D4943",
            "downtime": "0EFA778A-5E38-6440-9824-06583A454E0D"
        },
        "Formula Version": 31,
        "ID": "0EFA778A-69BD-77C0-AA5E-02172A3931B5",
        "Interpolation Method": "Linear",
        "Locked": false,
        "Maximum Interpolation": {
            "Unit Of Measure": "d",
            "Value": 1
        },
        "Name": "HX Number of Days in Service",
        "Scoped To": "0EFA7755-93DF-66A0-8994-49AAF9C51861",
        "Swap Key": "0efa776b-b444-fdd0-9ebf-063ae8537aee|0efa776b-b4f4-ea50-84b8-7cdb7f9bf915",
        "Swap Source ID": "0EFA7783-A9F0-F970-906D-B4686EFC77EC",
        "Type": "CalculatedSignal",
        "UIConfig": {
            "advancedParametersCollapsed": true,
            "configVersion": 11,
            "localFormula": "",
            "tabTransitioning": false,
            "type": "formula"
        },
        "Unsearchable": true,
        "Value Unit Of Measure": "d"
    },
    "0EFA778A-6B92-73C0-BDA9-83D71E2EEAE2": {
        "Archived": false,
        "Cache Enabled": true,
        "Cache ID": "0EFA778A-6BD4-6270-A8C4-230D6B503BAB",
        "Data ID": "0EFA778A-6B92-73C0-BDA9-83D71E2EEAE2",
        "Datasource Class": "Seeq Calculations",
        "Datasource ID": "Seeq Calculations",
        "Enabled": true,
        "Formula": "$target.regressionModelOLS(group(capsule(\"2019-12-31T16:00:00.000Z\", \"2024-12-31T16:00:00.000Z\")), false, $a, $b, $c).predict($a, $b, $c)",
        "Formula Parameters": {
            "a": "0EFA778A-69BD-77C0-AA5E-02172A3931B5",
            "b": "0EFA778A-5D30-F980-92EF-CF388926A529",
            "c": "0EFA778A-6993-FFB0-83BC-B9C3D7C8171C",
            "target": "0EFA778A-69A5-7120-8BAB-EB8DABB35E8D"
        },
        "Formula Version": 31,
        "ID": "0EFA778A-6B92-73C0-BDA9-83D71E2EEAE2",
        "Interpolation Method": "Linear",
        "Locked": false,
        "Maximum Interpolation": {
            "Unit Of Measure": "d",
            "Value": 1
        },
        "Name": "Prediction with High Flow",
        "Scoped To": "0EFA7755-93DF-66A0-8994-49AAF9C51861",
        "Swap Key": "0efa776b-b444-fdd0-9ebf-063ae8537aee|0efa776b-b4f4-ea50-84b8-7cdb7f9bf915",
        "Swap Source ID": "0EFA778A-2AC2-7700-A7D4-EBD3BC4C25EF",
        "Type": "CalculatedSignal",
        "UIConfig": {
            "advancedParametersCollapsed": true,
            "color": "#068C45",
            "configVersion": 11,
            "isRefreshRateEnabled": false,
            "lambda": 0,
            "modelExpanded": true,
            "mustGoThroughZero": false,
            "option": "linear",
            "polynomialValue": 2,
            "regressionMethod": "OLS",
            "type": "prediction",
            "variableSelection": 0.05,
            "variableSelectionEnabled": false,
            "windowEnd": 1735660800000,
            "windowStart": 1577808000000
        },
        "Unsearchable": true,
        "Value Unit Of Measure": "BTU/(h\u00b7\u00b0F\u00b7ft\u00b2)"
    },
    "0EFA778F-4C1C-FB30-A521-720AEF2D7EE4": {
        "Archived": false,
        "Cache Enabled": true,
        "Cache ID": "0EFA778F-4C21-F950-822C-FBF3841076FD",
        "Data ID": "0EFA778F-4C1C-FB30-A521-720AEF2D7EE4",
        "Datasource Class": "Seeq Calculations",
        "Datasource ID": "Seeq Calculations",
        "Enabled": true,
        "Formula": [
            "$forecastsignal = 603000.toSignal(1d).setUnits('lb/h')",
            "",
            "$currentsignal.forecastSplice($forecastsignal)"
        ],
        "Formula Parameters": {
            "currentsignal": "0EFA776B-B525-7790-B4DD-0FE8273876F4"
        },
        "Formula Version": 31,
        "ID": "0EFA778F-4C1C-FB30-A521-720AEF2D7EE4",
        "Interpolation Method": "Linear",
        "Locked": false,
        "Maximum Interpolation": {
            "Unit Of Measure": "s",
            "Value": 90000.0
        },
        "Name": "Cold Liquid Flow - Low",
        "Scoped To": "0EFA7755-93DF-66A0-8994-49AAF9C51861",
        "Type": "CalculatedSignal",
        "UIConfig": {
            "advancedParametersCollapsed": true,
            "configVersion": 11,
            "localFormula": "",
            "scopedTo": "0EFA7755-93DF-66A0-8994-49AAF9C51861",
            "tabTransitioning": false,
            "type": "formula"
        },
        "Unsearchable": false,
        "Value Unit Of Measure": "lb/h"
    },
    "0EFA7791-2DE6-71A0-B045-953A1F72BC43": {
        "Archived": false,
        "Cache Enabled": true,
        "Cache ID": "0EFA7791-2DEA-FFC0-B2E7-834F8E6FDD9C",
        "Data ID": "0EFA7791-2DE6-71A0-B045-953A1F72BC43",
        "Datasource Class": "Seeq Calculations",
        "Datasource ID": "Seeq Calculations",
        "Enabled": true,
        "Formula": "$target.regressionModelOLS(group(capsule(\"2019-12-31T16:00:00.000Z\", \"2024-12-31T16:00:00.000Z\")), false, $a, $b, $c).predict($a, $b, $c)",
        "Formula Parameters": {
            "a": "0EFA778A-69BD-77C0-AA5E-02172A3931B5",
            "b": "0EFA778A-6993-FFB0-83BC-B9C3D7C8171C",
            "c": "0EFA778F-4C1C-FB30-A521-720AEF2D7EE4",
            "target": "0EFA778A-69A5-7120-8BAB-EB8DABB35E8D"
        },
        "Formula Version": 31,
        "ID": "0EFA7791-2DE6-71A0-B045-953A1F72BC43",
        "Interpolation Method": "Linear",
        "Locked": false,
        "Maximum Interpolation": {
            "Unit Of Measure": "d",
            "Value": 1
        },
        "Name": "Prediction with Low Flow",
        "Scoped To": "0EFA7755-93DF-66A0-8994-49AAF9C51861",
        "Type": "CalculatedSignal",
        "UIConfig": {
            "advancedParametersCollapsed": true,
            "color": "#6263AD",
            "configVersion": 11,
            "isRefreshRateEnabled": false,
            "lambda": 0,
            "modelExpanded": true,
            "mustGoThroughZero": false,
            "option": "linear",
            "polynomialValue": 2,
            "regressionMethod": "OLS",
            "scopedTo": "0EFA7755-93DF-66A0-8994-49AAF9C51861",
            "type": "prediction",
            "variableSelection": 0.05,
            "variableSelectionEnabled": false,
            "windowEnd": 1735660800000,
            "windowStart": 1577808000000
        },
        "Unsearchable": false,
        "Value Unit Of Measure": "BTU/(h\u00b7\u00b0F\u00b7ft\u00b2)"
    },
    "0EFA7792-5D56-EC40-B2FA-DDD6141F6D18": {
        "Archived": false,
        "Cache Enabled": true,
        "Cache ID": "0EFA7792-5D56-EC40-BA25-F3B5E4B2824A",
        "Data ID": "0EFA7792-5D56-EC40-B2FA-DDD6141F6D18",
        "Datasource Class": "Seeq Calculations",
        "Datasource ID": "Seeq Calculations",
        "Enabled": true,
        "Formula": "30.setunits(1BTU/(1h*F*ft^2))",
        "Formula Parameters": {},
        "Formula Version": 31,
        "ID": "0EFA7792-5D56-EC40-B2FA-DDD6141F6D18",
        "Locked": false,
        "Name": "Minimum U-value - constant",
        "Scoped To": "0EFA7755-93DF-66A0-8994-49AAF9C51861",
        "Type": "CalculatedScalar",
        "UIConfig": {
            "advancedParametersCollapsed": true,
            "configVersion": 11,
            "localFormula": "",
            "tabTransitioning": false,
            "type": "formula"
        },
        "Unit Of Measure": "BTU/(h\u00b7\u00b0F\u00b7ft\u00b2)",
        "Unsearchable": false
    },
    "0EFA7796-DAE5-EE00-92A7-7B63805A77A3": {
        "Archived": false,
        "Cache Enabled": true,
        "Cache ID": "0EFA7796-DAE8-7510-AB33-10AF51B65806",
        "Capsule ID Property": "start",
        "Capsule Property Units": {},
        "Data ID": "0EFA7796-DAE5-EE00-92A7-7B63805A77A3",
        "Datasource Class": "Seeq Calculations",
        "Datasource ID": "Seeq Calculations",
        "Enabled": true,
        "Formula": "$a <= $b",
        "Formula Parameters": {
            "a": "0EFA7791-2DE6-71A0-B045-953A1F72BC43",
            "b": "0EFA7792-5D56-EC40-B2FA-DDD6141F6D18"
        },
        "Formula Version": 31,
        "ID": "0EFA7796-DAE5-EE00-92A7-7B63805A77A3",
        "Locked": false,
        "Name": "Prediction Low Hit Limit",
        "Scoped To": "0EFA7755-93DF-66A0-8994-49AAF9C51861",
        "Type": "CalculatedCondition",
        "UIConfig": {
            "advancedEntryDuration": {
                "units": "min",
                "value": 0
            },
            "advancedEntryLowerValue": null,
            "advancedEntryValue": null,
            "advancedExitDuration": {
                "units": "min",
                "value": 0
            },
            "advancedExitValue": null,
            "advancedParametersCollapsed": true,
            "configVersion": 11,
            "isCleansing": false,
            "isMigratedDeviationSearch": false,
            "isSimple": true,
            "mergeDuration": {
                "units": "min",
                "value": 0
            },
            "minDuration": {
                "units": "min",
                "value": 0
            },
            "simpleLowerValue": null,
            "simpleOperator": "<=",
            "simpleValue": "0EFA7792-5D56-EC40-B2FA-DDD6141F6D18",
            "type": "value-search",
            "useValidValues": false,
            "version": "V3"
        },
        "Unsearchable": false
    },
    "0EFA7797-6D4B-EE70-B45B-C917AE224D5C": {
        "Archived": false,
        "Cache Enabled": true,
        "Cache ID": "0EFA7797-6D4E-7580-946C-EE9B9766C7C6",
        "Capsule ID Property": "start",
        "Capsule Property Units": {},
        "Data ID": "0EFA7797-6D4B-EE70-B45B-C917AE224D5C",
        "Datasource Class": "Seeq Calculations",
        "Datasource ID": "Seeq Calculations",
        "Enabled": true,
        "Formula": "$a <= $b",
        "Formula Parameters": {
            "a": "0EFA778A-6B92-73C0-BDA9-83D71E2EEAE2",
            "b": "0EFA7792-5D56-EC40-B2FA-DDD6141F6D18"
        },
        "Formula Version": 31,
        "ID": "0EFA7797-6D4B-EE70-B45B-C917AE224D5C",
        "Locked": false,
        "Name": "Prediction High Hit Limit",
        "Scoped To": "0EFA7755-93DF-66A0-8994-49AAF9C51861",
        "Type": "CalculatedCondition",
        "UIConfig": {
            "advancedEntryDuration": {
                "units": "min",
                "value": 0
            },
            "advancedEntryLowerValue": null,
            "advancedEntryValue": null,
            "advancedExitDuration": {
                "units": "min",
                "value": 0
            },
            "advancedExitValue": null,
            "advancedParametersCollapsed": true,
            "configVersion": 11,
            "isCleansing": false,
            "isMigratedDeviationSearch": false,
            "isSimple": true,
            "mergeDuration": {
                "units": "min",
                "value": 0
            },
            "minDuration": {
                "units": "min",
                "value": 0
            },
            "simpleLowerValue": null,
            "simpleOperator": "<=",
            "simpleValue": "0EFA7792-5D56-EC40-B2FA-DDD6141F6D18",
            "type": "value-search",
            "useValidValues": false,
            "version": "V3"
        },
        "Unsearchable": false
    },
    "0EFA7798-3273-7180-B4B5-3AA9F5EF0EB6": {
        "Archived": false,
        "Cache Enabled": true,
        "Cache ID": "0EFA7798-3277-FFA0-97C1-ECBA3C43F022",
        "Capsule Property Units": {},
        "Data ID": "0EFA7798-3273-7180-B4B5-3AA9F5EF0EB6",
        "Datasource Class": "Seeq Calculations",
        "Datasource ID": "Seeq Calculations",
        "Enabled": true,
        "Formula": "$a.subtract($b)",
        "Formula Parameters": {
            "a": "0EFA7796-DAE5-EE00-92A7-7B63805A77A3",
            "b": "0EFA7797-6D4B-EE70-B45B-C917AE224D5C"
        },
        "Formula Version": 31,
        "ID": "0EFA7798-3273-7180-B4B5-3AA9F5EF0EB6",
        "Locked": false,
        "Name": "Required Maintenance",
        "Scoped To": "0EFA7755-93DF-66A0-8994-49AAF9C51861",
        "Type": "CalculatedCondition",
        "UIConfig": {
            "advancedParametersCollapsed": true,
            "configVersion": 11,
            "type": "composite-search"
        },
        "Unsearchable": false
    },
    "0EFA779A-0B14-FBF0-B851-EF09E6D8765D": {
        "Archived": false,
        "Cache Enabled": true,
        "Cache ID": "0EFA779A-0B3E-6400-AF40-BA8B546CDC2C",
        "Data ID": "0EFA779A-0B14-FBF0-B851-EF09E6D8765D",
        "Datasource Class": "Seeq Calculations",
        "Datasource ID": "Seeq Calculations",
        "Enabled": true,
        "Formula": [
            "$forecastsignal = 603000.toSignal(1d).setUnits('lb/h')",
            "",
            "$currentsignal.forecastSplice($forecastsignal)"
        ],
        "Formula Parameters": {
            "currentsignal": "0EFA776B-B478-6220-981D-65353E633B80"
        },
        "Formula Version": 31,
        "ID": "0EFA779A-0B14-FBF0-B851-EF09E6D8765D",
        "Interpolation Method": "Linear",
        "Locked": false,
        "Maximum Interpolation": {
            "Unit Of Measure": "s",
            "Value": 90000.0
        },
        "Name": "Cold Liquid Flow - Low",
        "Scoped To": "0EFA7755-93DF-66A0-8994-49AAF9C51861",
        "Swap Key": "0efa776b-b4f4-ea50-84b8-7cdb7f9bf915|0efa776b-b444-fdd0-9ebf-063ae8537aee",
        "Swap Source ID": "0EFA778F-4C1C-FB30-A521-720AEF2D7EE4",
        "Type": "CalculatedSignal",
        "UIConfig": {
            "advancedParametersCollapsed": true,
            "configVersion": 11,
            "localFormula": "",
            "scopedTo": "0EFA7755-93DF-66A0-8994-49AAF9C51861",
            "tabTransitioning": false,
            "type": "formula"
        },
        "Unsearchable": true,
        "Value Unit Of Measure": "lb/h"
    },
    "0EFA779A-0B67-EC10-A972-136B8A4D708B": {
        "Archived": false,
        "Cache Enabled": true,
        "Cache ID": "1EFA779D-0B1E-64E0-B694-EF777D1EE442",
        "Data ID": "0EFA779A-0B67-EC10-A972-136B8A4D708B",
        "Datasource Class": "Seeq Calculations",
        "Datasource ID": "Seeq Calculations",
        "Enabled": true,
        "Formula": "$target.regressionModelOLS(group(capsule(\"2019-12-31T16:00:00.000Z\", \"2024-12-31T16:00:00.000Z\")), false, $a, $b, $c).predict($a, $b, $c)",
        "Formula Parameters": {
            "a": "0EFA7783-A9F0-F970-906D-B4686EFC77EC",
            "b": "0EFA7786-E648-6410-AF1B-ECEE66E9C15F",
            "c": "0EFA779A-0B14-FBF0-B851-EF09E6D8765D",
            "target": "0EFA777C-C37C-EAD0-A0C9-7EEEEB0AA9A0"
        },
        "Formula Version": 31,
        "ID": "0EFA779A-0B67-EC10-A972-136B8A4D708B",
        "Interpolation Method": "Linear",
        "Locked": false,
        "Maximum Interpolation": {
            "Unit Of Measure": "d",
            "Value": 1
        },
        "Name": "Prediction with Low Flow",
        "Scoped To": "0EFA7755-93DF-66A0-8994-49AAF9C51861",
        "Swap Key": "0efa776b-b4f4-ea50-84b8-7cdb7f9bf915|0efa776b-b444-fdd0-9ebf-063ae8537aee",
        "Swap Source ID": "0EFA7791-2DE6-71A0-B045-953A1F72BC43",
        "Type": "CalculatedSignal",
        "UIConfig": {
            "advancedParametersCollapsed": true,
            "color": "#6263AD",
            "configVersion": 11,
            "isRefreshRateEnabled": false,
            "lambda": 0,
            "modelExpanded": true,
            "mustGoThroughZero": false,
            "option": "linear",
            "polynomialValue": 2,
            "regressionMethod": "OLS",
            "scopedTo": "0EFA7755-93DF-66A0-8994-49AAF9C51861",
            "type": "prediction",
            "variableSelection": 0.05,
            "variableSelectionEnabled": false,
            "windowEnd": 1735660800000,
            "windowStart": 1577808000000
        },
        "Unsearchable": true,
        "Value Unit Of Measure": "BTU/(h\u00b7\u00b0F\u00b7ft\u00b2)"
    },
    "0EFA779A-0CE7-60E0-A43D-C3ECB684A549": {
        "Archived": false,
        "Cache Enabled": true,
        "Cache ID": "1EFA779D-0B1E-68E0-8289-1C84F240980F",
        "Capsule ID Property": "start",
        "Capsule Property Units": {},
        "Data ID": "0EFA779A-0CE7-60E0-A43D-C3ECB684A549",
        "Datasource Class": "Seeq Calculations",
        "Datasource ID": "Seeq Calculations",
        "Enabled": true,
        "Formula": "$a <= $b",
        "Formula Parameters": {
            "a": "0EFA779A-0B67-EC10-A972-136B8A4D708B",
            "b": "0EFA7792-5D56-EC40-B2FA-DDD6141F6D18"
        },
        "Formula Version": 31,
        "ID": "0EFA779A-0CE7-60E0-A43D-C3ECB684A549",
        "Locked": false,
        "Name": "Prediction Low Hit Limit",
        "Scoped To": "0EFA7755-93DF-66A0-8994-49AAF9C51861",
        "Swap Key": "0efa776b-b4f4-ea50-84b8-7cdb7f9bf915|0efa776b-b444-fdd0-9ebf-063ae8537aee",
        "Swap Source ID": "0EFA7796-DAE5-EE00-92A7-7B63805A77A3",
        "Type": "CalculatedCondition",
        "UIConfig": {
            "advancedEntryDuration": {
                "units": "min",
                "value": 0
            },
            "advancedEntryLowerValue": null,
            "advancedEntryValue": null,
            "advancedExitDuration": {
                "units": "min",
                "value": 0
            },
            "advancedExitValue": null,
            "advancedParametersCollapsed": true,
            "configVersion": 11,
            "isCleansing": false,
            "isMigratedDeviationSearch": false,
            "isSimple": true,
            "mergeDuration": {
                "units": "min",
                "value": 0
            },
            "minDuration": {
                "units": "min",
                "value": 0
            },
            "simpleLowerValue": null,
            "simpleOperator": "<=",
            "simpleValue": "0EFA7792-5D56-EC40-B2FA-DDD6141F6D18",
            "type": "value-search",
            "useValidValues": false,
            "version": "V3"
        },
        "Unsearchable": true
    },
    "0EFA779A-0D77-7190-8E7D-528724BF7BCC": {
        "Archived": false,
        "Cache Enabled": true,
        "Cache ID": "1EFA779D-0B1E-6C60-B2AF-C265399BC24F",
        "Capsule ID Property": "start",
        "Capsule Property Units": {},
        "Data ID": "0EFA779A-0D77-7190-8E7D-528724BF7BCC",
        "Datasource Class": "Seeq Calculations",
        "Datasource ID": "Seeq Calculations",
        "Enabled": true,
        "Formula": "$a <= $b",
        "Formula Parameters": {
            "a": "0EFA778A-2AC2-7700-A7D4-EBD3BC4C25EF",
            "b": "0EFA7792-5D56-EC40-B2FA-DDD6141F6D18"
        },
        "Formula Version": 31,
        "ID": "0EFA779A-0D77-7190-8E7D-528724BF7BCC",
        "Locked": false,
        "Name": "Prediction High Hit Limit",
        "Scoped To": "0EFA7755-93DF-66A0-8994-49AAF9C51861",
        "Swap Key": "0efa776b-b4f4-ea50-84b8-7cdb7f9bf915|0efa776b-b444-fdd0-9ebf-063ae8537aee",
        "Swap Source ID": "0EFA7797-6D4B-EE70-B45B-C917AE224D5C",
        "Type": "CalculatedCondition",
        "UIConfig": {
            "advancedEntryDuration": {
                "units": "min",
                "value": 0
            },
            "advancedEntryLowerValue": null,
            "advancedEntryValue": null,
            "advancedExitDuration": {
                "units": "min",
                "value": 0
            },
            "advancedExitValue": null,
            "advancedParametersCollapsed": true,
            "configVersion": 11,
            "isCleansing": false,
            "isMigratedDeviationSearch": false,
            "isSimple": true,
            "mergeDuration": {
                "units": "min",
                "value": 0
            },
            "minDuration": {
                "units": "min",
                "value": 0
            },
            "simpleLowerValue": null,
            "simpleOperator": "<=",
            "simpleValue": "0EFA7792-5D56-EC40-B2FA-DDD6141F6D18",
            "type": "value-search",
            "useValidValues": false,
            "version": "V3"
        },
        "Unsearchable": true
    },
    "0EFA779A-0DE2-E850-AAC3-CDCC1C7D7A9D": {
        "Archived": false,
        "Cache Enabled": true,
        "Cache ID": "1EFA779D-0B1E-6FD0-ACA9-0E5A7A17E2F5",
        "Capsule Property Units": {},
        "Data ID": "0EFA779A-0DE2-E850-AAC3-CDCC1C7D7A9D",
        "Datasource Class": "Seeq Calculations",
        "Datasource ID": "Seeq Calculations",
        "Enabled": true,
        "Formula": "$a.subtract($b)",
        "Formula Parameters": {
            "a": "0EFA779A-0CE7-60E0-A43D-C3ECB684A549",
            "b": "0EFA779A-0D77-7190-8E7D-528724BF7BCC"
        },
        "Formula Version": 31,
        "ID": "0EFA779A-0DE2-E850-AAC3-CDCC1C7D7A9D",
        "Locked": false,
        "Name": "Required Maintenance",
        "Scoped To": "0EFA7755-93DF-66A0-8994-49AAF9C51861",
        "Swap Key": "0efa776b-b4f4-ea50-84b8-7cdb7f9bf915|0efa776b-b444-fdd0-9ebf-063ae8537aee",
        "Swap Source ID": "0EFA7798-3273-7180-B4B5-3AA9F5EF0EB6",
        "Type": "CalculatedCondition",
        "UIConfig": {
            "advancedParametersCollapsed": true,
            "configVersion": 11,
            "type": "composite-search"
        },
        "Unsearchable": true
    },
    "317538A4-FEA2-401A-A73B-4D1ABBDB51E6": {
        "Archived": false,
        "Cache Enabled": false,
        "Cache ID": "0040C350-AB5B-4008-B1B9-E9C90107D7B4",
        "Data ID": "[Tag] Hot Liquid Flow HX.sim.ts.csv",
        "Datasource Class": "Time Series CSV Files",
        "Datasource ID": "trainingData",
        "Enabled": true,
        "ID": "317538A4-FEA2-401A-A73B-4D1ABBDB51E6",
        "Interpolation Method": "Linear",
        "Key Unit Of Measure": "ns",
        "Locked": false,
        "Maximum Interpolation": "90000.0s",
        "Name": "Hot Liquid Flow HX",
        "Source Maximum Interpolation": "90000000000000ns",
        "Source Value Unit Of Measure": "lb/h",
        "Stored Series Cache Version": 1,
        "Sync Token": "2023-03-21T02:44:52.452844500Z",
        "Type": "StoredSignal",
        "Unsearchable": false,
        "Value Unit Of Measure": "lb/h"
    },
    "4AB87B32-C128-461C-BB67-8D1B14074BD0": {
        "Archived": false,
        "Cache Enabled": false,
        "Cache ID": "25761916-A9B1-4B49-B0DF-4077992ECB1D",
        "Data ID": "[Tag] T Hot in HX.sim.ts.csv",
        "Datasource Class": "Time Series CSV Files",
        "Datasource ID": "trainingData",
        "Enabled": true,
        "ID": "4AB87B32-C128-461C-BB67-8D1B14074BD0",
        "Interpolation Method": "Linear",
        "Key Unit Of Measure": "ns",
        "Locked": false,
        "Maximum Interpolation": "90000.0s",
        "Name": "T Hot in HX",
        "Source Maximum Interpolation": "90000000000000ns",
        "Source Value Unit Of Measure": "\u00b0F",
        "Stored Series Cache Version": 1,
        "Sync Token": "2023-03-21T02:44:52.452844500Z",
        "Type": "StoredSignal",
        "Unsearchable": false,
        "Value Unit Of Measure": "\u00b0F"
    },
    "8D5B6208-6FF3-4619-A108-83673AE5F797": {
        "Archived": false,
        "Cache Enabled": false,
        "Cache ID": "FF9FCAA6-0790-4EF7-920F-7B966C51D88F",
        "Data ID": "[Tag] T Hot out HX.sim.ts.csv",
        "Datasource Class": "Time Series CSV Files",
        "Datasource ID": "trainingData",
        "Enabled": true,
        "ID": "8D5B6208-6FF3-4619-A108-83673AE5F797",
        "Interpolation Method": "Linear",
        "Key Unit Of Measure": "ns",
        "Locked": false,
        "Maximum Interpolation": "90000.0s",
        "Name": "T Hot out HX",
        "Source Maximum Interpolation": "90000000000000ns",
        "Source Value Unit Of Measure": "\u00b0F",
        "Stored Series Cache Version": 1,
        "Sync Token": "2023-03-21T02:44:52.452844500Z",
        "Type": "StoredSignal",
        "Unsearchable": false,
        "Value Unit Of Measure": "\u00b0F"
    },
    "905A3390-CCA6-489B-89A3-492EC9F7FF26": {
        "Access Control": [
            {
                "ID": "726694d8-3949-4a40-aa59-e01b172690cd",
                "Identity": {
                    "Datasource Class": "OAuth 2.0",
                    "Datasource ID": "9ecc7e74-4c32-436d-9af0-70d8aa99386b",
                    "Datasource Name": "Seeq Azure SSO",
                    "Email": "Joseph.Reckamp@seeq.com",
                    "First Name": "Joe",
                    "ID": "C9FD5B90-17F3-4CA7-8C37-CD9B7D9B85D2",
                    "Is Admin": true,
                    "Last Name": "Reckamp",
                    "Name": "Joe Reckamp",
                    "Type": "User",
                    "Username": "DEg3Lh5pLS4-lG84EjGXXXdzxhd1450vkLgiu8he2l8"
                },
                "Origin": null,
                "Permissions": {
                    "Manage": true,
                    "Read": true,
                    "Write": true
                },
                "Redacted": false,
                "Role": "OWNER"
            }
        ],
        "Ancestors": [
            "__Users__"
        ],
        "Archived": false,
        "Cache Enabled": false,
        "Created At": "1605736826077625600",
        "Enabled": true,
        "ID": "905A3390-CCA6-489B-89A3-492EC9F7FF26",
        "Locked": false,
        "Name": "Joseph Reckamp",
        "Owner": {
            "Datasource Class": "OAuth 2.0",
            "Datasource ID": "9ecc7e74-4c32-436d-9af0-70d8aa99386b",
            "Datasource Name": "Seeq Azure SSO",
            "Email": "Joseph.Reckamp@seeq.com",
            "First Name": "Joe",
            "ID": "C9FD5B90-17F3-4CA7-8C37-CD9B7D9B85D2",
            "Is Admin": true,
            "Last Name": "Reckamp",
            "Name": "Joe Reckamp",
            "Type": "User",
            "Username": "DEg3Lh5pLS4-lG84EjGXXXdzxhd1450vkLgiu8he2l8"
        },
        "Permission Inheritance Disabled": true,
        "Type": "Folder",
        "Unmodifiable": true,
        "Unsearchable": true,
        "Updated At": "1605736826077625600"
    },
    "A5445D3C-FAA5-463C-A34B-A1DB00E93819": {
        "Archived": false,
        "Cache Enabled": false,
        "Cache ID": "228E3FD1-6CE2-456E-8B4F-285050FD1C7C",
        "Data ID": "[Tag] T Cold In HX.sim.ts.csv",
        "Datasource Class": "Time Series CSV Files",
        "Datasource ID": "trainingData",
        "Enabled": true,
        "ID": "A5445D3C-FAA5-463C-A34B-A1DB00E93819",
        "Interpolation Method": "Linear",
        "Key Unit Of Measure": "ns",
        "Locked": false,
        "Maximum Interpolation": "90000.0s",
        "Name": "T Cold In HX",
        "Source Maximum Interpolation": "90000000000000ns",
        "Source Value Unit Of Measure": "\u00b0F",
        "Stored Series Cache Version": 1,
        "Sync Token": "2023-03-21T02:44:52.452844500Z",
        "Type": "StoredSignal",
        "Unsearchable": false,
        "Value Unit Of Measure": "\u00b0F"
    },
    "D5168D10-88DD-459C-BABA-E4A43159A0D7": {
        "Archived": false,
        "Cache Enabled": false,
        "Cache ID": "58042294-6BEF-402E-9E4C-4B860924BFF9",
        "Data ID": "[Tag] T Cold Out HX.sim.ts.csv",
        "Datasource Class": "Time Series CSV Files",
        "Datasource ID": "trainingData",
        "Enabled": true,
        "ID": "D5168D10-88DD-459C-BABA-E4A43159A0D7",
        "Interpolation Method": "Linear",
        "Key Unit Of Measure": "ns",
        "Locked": false,
        "Maximum Interpolation": "90000.0s",
        "Name": "T Cold Out HX",
        "Source Maximum Interpolation": "90000000000000ns",
        "Source Value Unit Of Measure": "\u00b0F",
        "Stored Series Cache Version": 1,
        "Sync Token": "2023-03-21T02:44:52.452844500Z",
        "Type": "StoredSignal",
        "Unsearchable": false,
        "Value Unit Of Measure": "\u00b0F"
    },
    "F4E0087D-100A-4B8D-9FBB-13F09BFC7AB4": {
        "Archived": false,
        "Cache Enabled": false,
        "Cache ID": "C43AACC1-7770-4A3A-9CDC-A5F8610CA9A3",
        "Data ID": "[Tag] Cold Liquid Flow HX.sim.ts.csv",
        "Datasource Class": "Time Series CSV Files",
        "Datasource ID": "trainingData",
        "Enabled": true,
        "ID": "F4E0087D-100A-4B8D-9FBB-13F09BFC7AB4",
        "Interpolation Method": "Linear",
        "Key Unit Of Measure": "ns",
        "Locked": false,
        "Maximum Interpolation": "90000.0s",
        "Name": "Cold Liquid Flow HX",
        "Source Maximum Interpolation": "90000000000000ns",
        "Source Value Unit Of Measure": "lb/h",
        "Stored Series Cache Version": 1,
        "Sync Token": "2023-03-21T02:44:52.452844500Z",
        "Type": "StoredSignal",
        "Unsearchable": false,
        "Value Unit Of Measure": "lb/h"
    }
}