{
    "Definition": {
        "Archived": false,
        "Cache Enabled": false,
        "Created At": "1732132853128937385",
        "Description": "Current Oil and Gas customers who applied a similar prediction model managed to reduce production loss with savings ~$10,000/year/heat exchanger. Prediction Model with Required Maintenance Date Problem Statement: Heat exchanger fouling could lead to economic losses or integrity issues in the facility due to inadequate heating or cooling. Monitoring all",
        "Document": "<h2><strong>Heat Exchanger Prediction</strong></h2><figure class=\"table\"><table class=\"ck-table-resized\" style=\"border-color:hsl(0, 0%, 100%);border-style:solid;\"><colgroup><col style=\"width:25.55%;\" /><col style=\"width:74.45%;\" /></colgroup><tbody><tr><td style=\"background-color:hsl(0, 0%, 100%);border-color:hsl(0, 0%, 100%);border-style:solid;\"><figure class=\"image\"><img src=\"/api/annotations/0EFA77A2-5A20-EAC0-AE64-0038E901C5DF/images/image_v1.png\"></figure></td><td style=\"background-color:hsl(0, 0%, 100%);border-color:hsl(0, 0%, 100%);border-style:solid;\"><h4><i>Current Oil and Gas customers who applied a similar prediction model managed to<strong> reduce production loss with savings ~$10,000/year/heat exchanger.</strong></i></h4></td></tr></tbody></table></figure><h4><a href=\"/links?type&#61;workstep&amp;workbook&#61;0EFA7755-93DF-66A0-8994-49AAF9C51861&amp;worksheet&#61;0EFA77A2-59E6-7140-B95C-43C740DAE757&amp;workstep&#61;0EFA77A2-5A1E-73B0-9539-AB1904BF59F2\" rel=\"nofollow noopener noreferrer\">Prediction Model with Required Maintenance Date</a></h4><h3 style=\"margin-left:0px;\"><strong>Problem Statement:</strong></h3><p style=\"margin-left:0px;\"><span style=\"color:black;\">Heat exchanger fouling could lead to economic losses or integrity issues in the facility due to inadequate heating or cooling. Monitoring all heat exchangers across the site is time-consuming.\u00a0</span><span style=\"background-color:rgb(248,248,248);color:rgb(29,28,29);\"> </span><span style=\"color:rgb(29,28,29);\">With Seeq, you can monitor heat exchanger performance in real-time, and optimize the best maintenance schedule</span></p><h3><strong>Solution:\u00a0</strong></h3><p><span style=\"color:black;\">For this analysis, we will apply first principles equations to quickly and easily calculate Heat Transfer Coefficient (U) from temperatures and flow rates with Seeq\u2019s Formula tool and develop a model of U-value data as a function of time with the help of Seeq\u2019s Prediction tool.</span></p><p><a href=\"/links?type&#61;workstep&amp;workbook&#61;0EFA7755-93DF-66A0-8994-49AAF9C51861&amp;worksheet&#61;0EFA77A2-59E6-7140-B95C-43C740DAE757&amp;workstep&#61;0EFA77A2-5A0F-F950-892E-053482A134EA\" rel=\"nofollow noopener noreferrer\">Pull all the raw data required</a>. In this use case, we have arranged all related signals in an asset group (Heat Exchanger). This way you can easily and quickly access your most frequently monitored signals.</p><p><a href=\"/links?type&#61;workstep&amp;workbook&#61;0EFA7755-93DF-66A0-8994-49AAF9C51861&amp;worksheet&#61;0EFA77A2-59E6-7140-B95C-43C740DAE757&amp;workstep&#61;0EFA77A2-5A0F-F950-868D-07A1D3AFE8BB\" rel=\"nofollow noopener noreferrer\">Identify the downtime period</a> when the cold liquid flow is less than 400 000 lb/h.</p><p><a href=\"/links?type&#61;workstep&amp;workbook&#61;0EFA7755-93DF-66A0-8994-49AAF9C51861&amp;worksheet&#61;0EFA77A2-59E6-7140-B95C-43C740DAE757&amp;workstep&#61;0EFA77A2-5A12-6060-88D7-6227A2B35380\" rel=\"nofollow noopener noreferrer\">Calculate the U value and cleanse the final value by removing samples during the downtime period</a>.</p><ul><li>Calculate <a href=\"/links?type&#61;signal&amp;item&#61;0EFA7775-3802-EAB0-9331-6D7694E4B0C2\" rel=\"nofollow noopener noreferrer\">Log Mean Temperature Difference (LMTD)</a> from <a href=\"/links?type&#61;signal&amp;item&#61;0EFA7773-92AA-EE60-9BA1-F7F2ECA83466\" rel=\"nofollow noopener noreferrer\">Hot Side</a> and <a href=\"/links?type&#61;signal&amp;item&#61;0EFA7774-699D-EC10-9C8F-C665C6E27A42\" rel=\"nofollow noopener noreferrer\">Cold Side</a> Approach Temperatures</li><li>Calculate <a href=\"/links?type&#61;signal&amp;item&#61;0EFA777A-42A7-FF10-B5A9-B7F94A68701F\" rel=\"nofollow noopener noreferrer\">Average Duty</a> from <a href=\"/links?type&#61;signal&amp;item&#61;0EFA7776-9E38-7540-8BEE-122A9516758D\" rel=\"nofollow noopener noreferrer\">Hot Side</a> and <a href=\"/links?type&#61;signal&amp;item&#61;0EFA7777-BF2C-77F0-9523-DF71D54363E4\" rel=\"nofollow noopener noreferrer\">Cold Side</a> Duties\u00a0</li><li>Input <a href=\"/links?type&#61;signal&amp;item&#61;0EFA7770-98D3-6290-84F6-39C99F2E06A3\" rel=\"nofollow noopener noreferrer\">Surface Area</a> (constant)</li><li>Calculate <a href=\"/links?type&#61;signal&amp;item&#61;0EFA777B-2D97-FFC0-95B3-5F8EBB3CAA24\" rel=\"nofollow noopener noreferrer\">U-Value heat transfer coefficient</a></li><li><a href=\"/links?type&#61;signal&amp;item&#61;0EFA777C-C37C-EAD0-A0C9-7EEEEB0AA9A0\" rel=\"nofollow noopener noreferrer\">Cleanse U-Value</a>, removing downtime and outliers</li></ul><figure class=\"image\"><img src=\"/api/annotations/0EFA77A2-5A20-EAC0-AE64-0038E901C5DF/images/image_v2.png\" alt=\"\"></figure><p><a href=\"/links?type&#61;workstep&amp;workbook&#61;0EFA7755-93DF-66A0-8994-49AAF9C51861&amp;worksheet&#61;0EFA77A2-59E6-7140-B95C-43C740DAE757&amp;workstep&#61;0EFA77A2-5A12-6060-AC88-60CFF692347A\" rel=\"nofollow noopener noreferrer\">Generate regression models</a> assuming the Cold Liquid Outlet Temperature is kept at 295F and manipulate the Cold Liquid Flow (High Flow &#61; \u00a0735000 lb/h and Low Flow &#61; 603000 lb/h).</p><p>Create conditions to identify when the prediction value hit the minimum limit indicating the date <a href=\"/links?type&#61;workstep&amp;workbook&#61;0EFA7755-93DF-66A0-8994-49AAF9C51861&amp;worksheet&#61;0EFA77A2-59E6-7140-B95C-43C740DAE757&amp;workstep&#61;0EFA77A2-5A14-7770-B58A-829EFBF03492\" rel=\"nofollow noopener noreferrer\">when maintenance is needed</a>.</p><ul><li>Find when limit is achieved with <a href=\"/links?type&#61;condition&amp;item&#61;0EFA7797-6D4B-EE70-B45B-C917AE224D5C\" rel=\"nofollow noopener noreferrer\">high flow</a> and <a href=\"/links?type&#61;condition&amp;item&#61;0EFA7796-DAE5-EE00-92A7-7B63805A77A3\" rel=\"nofollow noopener noreferrer\">low flow</a> predictions</li><li>Combine to find <a href=\"/links?type&#61;condition&amp;item&#61;0EFA7798-3273-7180-B4B5-3AA9F5EF0EB6\" rel=\"nofollow noopener noreferrer\">estimated required maintenance window</a></li></ul><p>You can swap this to other Heat Exchanger available in your asset group in the Data tab.</p><p>View for <a href=\"/links?type&#61;workstep&amp;workbook&#61;0EFA7755-93DF-66A0-8994-49AAF9C51861&amp;worksheet&#61;0EFA77A2-59E6-7140-B95C-43C740DAE757&amp;workstep&#61;0EFA77A2-5A19-7590-B8DA-1AFD371DE315\" rel=\"nofollow noopener noreferrer\">HX 1</a></p><p>View for <a href=\"/links?type&#61;workstep&amp;workbook&#61;0EFA7755-93DF-66A0-8994-49AAF9C51861&amp;worksheet&#61;0EFA77A2-59E6-7140-B95C-43C740DAE757&amp;workstep&#61;0EFA77A2-5A14-7770-B58A-829EFBF03492\" rel=\"nofollow noopener noreferrer\">HX 2</a></p><p>You can also monitor the status of all your heat exchangers using the treemap view. <a href=\"/links?type&#61;workstep&amp;workbook&#61;0EFA7755-93DF-66A0-8994-49AAF9C51861&amp;worksheet&#61;0EFA77A2-59E6-7140-B95C-43C740DAE757&amp;workstep&#61;0EFA77A2-5A1B-ECA0-A7F5-43867893AFC7\" rel=\"nofollow noopener noreferrer\">View the status of heat exchangers 3 months from now</a>. Green will indicate no maintenance is needed for now, while red will indicate maintenance is needed within that timeframe.</p>",
        "DocumentBackup\u02c9DEg3Lh5pLS4-lG84EjGXXXdzxhd1450vkLgiu8he2l8\u02c92024-11-20T20:00:00Z": "<h2><strong>Heat Exchanger Prediction</strong></h2>\n<figure class=\"table\">\n <table class=\"ck-table-resized\" style=\"border-color:hsl(0, 0%, 100%);border-style:solid;\"><colgroup><col style=\"width:25.55%;\" /><col style=\"width:74.45%;\" /></colgroup><tbody><tr><td style=\"background-color:hsl(0, 0%, 100%);border-color:hsl(0, 0%, 100%);border-style:solid;\">\n     <figure class=\"image\">\n      <img src=\"/api/annotations/0EFA77A2-5A20-EAC0-AE64-0038E901C5DF/images/image_v1.png\">\n     </figure></td><td style=\"background-color:hsl(0, 0%, 100%);border-color:hsl(0, 0%, 100%);border-style:solid;\">\n     <h4><i>Current Oil and Gas customers who applied a similar prediction model managed to<strong> reduce production loss with savings ~$10,000/year/heat exchanger.</strong></i></h4></td></tr></tbody></table>\n</figure>\n<h4><a href=\"/links?type&#61;workstep&amp;workbook&#61;0EFA7755-93DF-66A0-8994-49AAF9C51861&amp;worksheet&#61;0EFA77A2-59E6-7140-B95C-43C740DAE757&amp;workstep&#61;0EFA77A2-5A1E-73B0-9539-AB1904BF59F2\" rel=\"nofollow noopener noreferrer\">Prediction Model with Required Maintenance Date</a></h4>\n<h3><strong>Solution:\u00a0</strong></h3>\n<p><a href=\"/links?type&#61;workstep&amp;workbook&#61;0EFA7755-93DF-66A0-8994-49AAF9C51861&amp;worksheet&#61;0EFA77A2-59E6-7140-B95C-43C740DAE757&amp;workstep&#61;0EFA77A2-5A0F-F950-892E-053482A134EA\" rel=\"nofollow noopener noreferrer\">Pull all the raw data required</a>. In this use case, we have arranged all related signals in an asset group (Heat Exchanger). This way you can easily and quickly access your most frequently monitored signals.</p>\n<p><a href=\"/links?type&#61;workstep&amp;workbook&#61;0EFA7755-93DF-66A0-8994-49AAF9C51861&amp;worksheet&#61;0EFA77A2-59E6-7140-B95C-43C740DAE757&amp;workstep&#61;0EFA77A2-5A0F-F950-868D-07A1D3AFE8BB\" rel=\"nofollow noopener noreferrer\">Identify the downtime period</a> when the cold liquid flow is less than 400 000 lb/h.</p>\n<p><a href=\"/links?type&#61;workstep&amp;workbook&#61;0EFA7755-93DF-66A0-8994-49AAF9C51861&amp;worksheet&#61;0EFA77A2-59E6-7140-B95C-43C740DAE757&amp;workstep&#61;0EFA77A2-5A12-6060-88D7-6227A2B35380\" rel=\"nofollow noopener noreferrer\">Calculate the U value and cleanse the final value by removing samples during the downtime period</a>.</p>\n<figure class=\"image\">\n <img src=\"/api/annotations/0EFA77A2-5A20-EAC0-AE64-0038E901C5DF/images/image_v2.png\" alt=\"\">\n</figure>\n<p><a href=\"/links?type&#61;workstep&amp;workbook&#61;0EFA7755-93DF-66A0-8994-49AAF9C51861&amp;worksheet&#61;0EFA77A2-59E6-7140-B95C-43C740DAE757&amp;workstep&#61;0EFA77A2-5A12-6060-AC88-60CFF692347A\" rel=\"nofollow noopener noreferrer\">Generate regression models</a> assuming the Cold Liquid Outlet Temperature is kept at 295F and manipulate the Cold Liquid Flow (High Flow &#61; \u00a0735000 lb/h and Low Flow &#61; 603000 lb/h).</p>\n<p>Create conditions to identify when the prediction value hit the minimum limit indicating the date <a href=\"/links?type&#61;workstep&amp;workbook&#61;0EFA7755-93DF-66A0-8994-49AAF9C51861&amp;worksheet&#61;0EFA77A2-59E6-7140-B95C-43C740DAE757&amp;workstep&#61;0EFA77A2-5A14-7770-B58A-829EFBF03492\" rel=\"nofollow noopener noreferrer\">when maintenance is needed</a>.</p>\n<p>You can swap this to other Heat Exchanger available in your asset group in the Data tab.</p>\n<p>View for <a href=\"/links?type&#61;workstep&amp;workbook&#61;0EFA7755-93DF-66A0-8994-49AAF9C51861&amp;worksheet&#61;0EFA77A2-59E6-7140-B95C-43C740DAE757&amp;workstep&#61;0EFA77A2-5A19-7590-B8DA-1AFD371DE315\" rel=\"nofollow noopener noreferrer\">HX 1</a></p>\n<p>View for <a href=\"/links?type&#61;workstep&amp;workbook&#61;0EFA7755-93DF-66A0-8994-49AAF9C51861&amp;worksheet&#61;0EFA77A2-59E6-7140-B95C-43C740DAE757&amp;workstep&#61;0EFA77A2-5A14-7770-B58A-829EFBF03492\" rel=\"nofollow noopener noreferrer\">HX 2</a></p>\n<p>You can also monitor the status of all your heat exchangers using the treemap view. <a href=\"/links?type&#61;workstep&amp;workbook&#61;0EFA7755-93DF-66A0-8994-49AAF9C51861&amp;worksheet&#61;0EFA77A2-59E6-7140-B95C-43C740DAE757&amp;workstep&#61;0EFA77A2-5A1B-ECA0-A7F5-43867893AFC7\" rel=\"nofollow noopener noreferrer\">View the status of heat exchangers 3 months from now</a>. Green will indicate no maintenance is needed for now, while red will indicate maintenance is needed within that timeframe.</p>",
        "DocumentBackup\u02c9DEg3Lh5pLS4-lG84EjGXXXdzxhd1450vkLgiu8he2l8\u02c92024-11-20T20:01:00Z": "<h2><strong>Heat Exchanger Prediction</strong></h2><figure class=\"table\"><table class=\"ck-table-resized\" style=\"border-color:hsl(0, 0%, 100%);border-style:solid;\"><colgroup><col style=\"width:25.55%;\" /><col style=\"width:74.45%;\" /></colgroup><tbody><tr><td style=\"background-color:hsl(0, 0%, 100%);border-color:hsl(0, 0%, 100%);border-style:solid;\"><figure class=\"image\"><img src=\"/api/annotations/0EFA77A2-5A20-EAC0-AE64-0038E901C5DF/images/image_v1.png\"></figure></td><td style=\"background-color:hsl(0, 0%, 100%);border-color:hsl(0, 0%, 100%);border-style:solid;\"><h4><i>Current Oil and Gas customers who applied a similar prediction model managed to<strong> reduce production loss with savings ~$10,000/year/heat exchanger.</strong></i></h4></td></tr></tbody></table></figure><h4><a href=\"/links?type&#61;workstep&amp;workbook&#61;0EFA7755-93DF-66A0-8994-49AAF9C51861&amp;worksheet&#61;0EFA77A2-59E6-7140-B95C-43C740DAE757&amp;workstep&#61;0EFA77A2-5A1E-73B0-9539-AB1904BF59F2\" rel=\"nofollow noopener noreferrer\">Prediction Model with Required Maintenance Date</a></h4><h3 style=\"margin-left:0px;\"><strong>Problem Statement:</strong></h3><p style=\"margin-left:0px;\"><span style=\"color:black;\">Heat exchanger fouling could lead to economic losses or integrity issues in the facility due to inadequate heating or cooling. Monitoring all heat exchangers across the site is time-consuming.\u00a0</span><span style=\"background-color:rgb(248,248,248);color:rgb(29,28,29);\"> With Seeq, you can monitor heat exchanger performance in real-time, and optimize the best maintenance schedule</span></p><h3><strong>Solution:\u00a0</strong></h3><p><span style=\"color:black;\">For this analysis, we will apply first principles equations to quickly and easily calculate Heat Transfer Coefficient (U) from temperatures and flow rates with Seeq\u2019s Formula tool and develop a model of U-value data as a function of time with the help of Seeq\u2019s Prediction tool.</span></p><p><a href=\"/links?type&#61;workstep&amp;workbook&#61;0EFA7755-93DF-66A0-8994-49AAF9C51861&amp;worksheet&#61;0EFA77A2-59E6-7140-B95C-43C740DAE757&amp;workstep&#61;0EFA77A2-5A0F-F950-892E-053482A134EA\" rel=\"nofollow noopener noreferrer\">Pull all the raw data required</a>. In this use case, we have arranged all related signals in an asset group (Heat Exchanger). This way you can easily and quickly access your most frequently monitored signals.</p><p><a href=\"/links?type&#61;workstep&amp;workbook&#61;0EFA7755-93DF-66A0-8994-49AAF9C51861&amp;worksheet&#61;0EFA77A2-59E6-7140-B95C-43C740DAE757&amp;workstep&#61;0EFA77A2-5A0F-F950-868D-07A1D3AFE8BB\" rel=\"nofollow noopener noreferrer\">Identify the downtime period</a> when the cold liquid flow is less than 400 000 lb/h.</p><p><a href=\"/links?type&#61;workstep&amp;workbook&#61;0EFA7755-93DF-66A0-8994-49AAF9C51861&amp;worksheet&#61;0EFA77A2-59E6-7140-B95C-43C740DAE757&amp;workstep&#61;0EFA77A2-5A12-6060-88D7-6227A2B35380\" rel=\"nofollow noopener noreferrer\">Calculate the U value and cleanse the final value by removing samples during the downtime period</a>.</p><figure class=\"image\"><img src=\"/api/annotations/0EFA77A2-5A20-EAC0-AE64-0038E901C5DF/images/image_v2.png\" alt=\"\"></figure><p><a href=\"/links?type&#61;workstep&amp;workbook&#61;0EFA7755-93DF-66A0-8994-49AAF9C51861&amp;worksheet&#61;0EFA77A2-59E6-7140-B95C-43C740DAE757&amp;workstep&#61;0EFA77A2-5A12-6060-AC88-60CFF692347A\" rel=\"nofollow noopener noreferrer\">Generate regression models</a> assuming the Cold Liquid Outlet Temperature is kept at 295F and manipulate the Cold Liquid Flow (High Flow &#61; \u00a0735000 lb/h and Low Flow &#61; 603000 lb/h).</p><p>Create conditions to identify when the prediction value hit the minimum limit indicating the date <a href=\"/links?type&#61;workstep&amp;workbook&#61;0EFA7755-93DF-66A0-8994-49AAF9C51861&amp;worksheet&#61;0EFA77A2-59E6-7140-B95C-43C740DAE757&amp;workstep&#61;0EFA77A2-5A14-7770-B58A-829EFBF03492\" rel=\"nofollow noopener noreferrer\">when maintenance is needed</a>.</p><p>You can swap this to other Heat Exchanger available in your asset group in the Data tab.</p><p>View for <a href=\"/links?type&#61;workstep&amp;workbook&#61;0EFA7755-93DF-66A0-8994-49AAF9C51861&amp;worksheet&#61;0EFA77A2-59E6-7140-B95C-43C740DAE757&amp;workstep&#61;0EFA77A2-5A19-7590-B8DA-1AFD371DE315\" rel=\"nofollow noopener noreferrer\">HX 1</a></p><p>View for <a href=\"/links?type&#61;workstep&amp;workbook&#61;0EFA7755-93DF-66A0-8994-49AAF9C51861&amp;worksheet&#61;0EFA77A2-59E6-7140-B95C-43C740DAE757&amp;workstep&#61;0EFA77A2-5A14-7770-B58A-829EFBF03492\" rel=\"nofollow noopener noreferrer\">HX 2</a></p><p>You can also monitor the status of all your heat exchangers using the treemap view. <a href=\"/links?type&#61;workstep&amp;workbook&#61;0EFA7755-93DF-66A0-8994-49AAF9C51861&amp;worksheet&#61;0EFA77A2-59E6-7140-B95C-43C740DAE757&amp;workstep&#61;0EFA77A2-5A1B-ECA0-A7F5-43867893AFC7\" rel=\"nofollow noopener noreferrer\">View the status of heat exchangers 3 months from now</a>. Green will indicate no maintenance is needed for now, while red will indicate maintenance is needed within that timeframe.</p>",
        "DocumentBackup\u02c9DEg3Lh5pLS4-lG84EjGXXXdzxhd1450vkLgiu8he2l8\u02c92024-11-20T20:02:00Z": "<h2><strong>Heat Exchanger Prediction</strong></h2><figure class=\"table\"><table class=\"ck-table-resized\" style=\"border-color:hsl(0, 0%, 100%);border-style:solid;\"><colgroup><col style=\"width:25.55%;\" /><col style=\"width:74.45%;\" /></colgroup><tbody><tr><td style=\"background-color:hsl(0, 0%, 100%);border-color:hsl(0, 0%, 100%);border-style:solid;\"><figure class=\"image\"><img src=\"/api/annotations/0EFA77A2-5A20-EAC0-AE64-0038E901C5DF/images/image_v1.png\"></figure></td><td style=\"background-color:hsl(0, 0%, 100%);border-color:hsl(0, 0%, 100%);border-style:solid;\"><h4><i>Current Oil and Gas customers who applied a similar prediction model managed to<strong> reduce production loss with savings ~$10,000/year/heat exchanger.</strong></i></h4></td></tr></tbody></table></figure><h4><a href=\"/links?type&#61;workstep&amp;workbook&#61;0EFA7755-93DF-66A0-8994-49AAF9C51861&amp;worksheet&#61;0EFA77A2-59E6-7140-B95C-43C740DAE757&amp;workstep&#61;0EFA77A2-5A1E-73B0-9539-AB1904BF59F2\" rel=\"nofollow noopener noreferrer\">Prediction Model with Required Maintenance Date</a></h4><h3 style=\"margin-left:0px;\"><strong>Problem Statement:</strong></h3><p style=\"margin-left:0px;\"><span style=\"color:black;\">Heat exchanger fouling could lead to economic losses or integrity issues in the facility due to inadequate heating or cooling. Monitoring all heat exchangers across the site is time-consuming.\u00a0</span><span style=\"background-color:rgb(248,248,248);color:rgb(29,28,29);\"> </span><span style=\"color:rgb(29,28,29);\">With Seeq, you can monitor heat exchanger performance in real-time, and optimize the best maintenance schedule</span></p><h3><strong>Solution:\u00a0</strong></h3><p><span style=\"color:black;\">For this analysis, we will apply first principles equations to quickly and easily calculate Heat Transfer Coefficient (U) from temperatures and flow rates with Seeq\u2019s Formula tool and develop a model of U-value data as a function of time with the help of Seeq\u2019s Prediction tool.</span></p><p><a href=\"/links?type&#61;workstep&amp;workbook&#61;0EFA7755-93DF-66A0-8994-49AAF9C51861&amp;worksheet&#61;0EFA77A2-59E6-7140-B95C-43C740DAE757&amp;workstep&#61;0EFA77A2-5A0F-F950-892E-053482A134EA\" rel=\"nofollow noopener noreferrer\">Pull all the raw data required</a>. In this use case, we have arranged all related signals in an asset group (Heat Exchanger). This way you can easily and quickly access your most frequently monitored signals.</p><p><a href=\"/links?type&#61;workstep&amp;workbook&#61;0EFA7755-93DF-66A0-8994-49AAF9C51861&amp;worksheet&#61;0EFA77A2-59E6-7140-B95C-43C740DAE757&amp;workstep&#61;0EFA77A2-5A0F-F950-868D-07A1D3AFE8BB\" rel=\"nofollow noopener noreferrer\">Identify the downtime period</a> when the cold liquid flow is less than 400 000 lb/h.</p><p><a href=\"/links?type&#61;workstep&amp;workbook&#61;0EFA7755-93DF-66A0-8994-49AAF9C51861&amp;worksheet&#61;0EFA77A2-59E6-7140-B95C-43C740DAE757&amp;workstep&#61;0EFA77A2-5A12-6060-88D7-6227A2B35380\" rel=\"nofollow noopener noreferrer\">Calculate the U value and cleanse the final value by removing samples during the downtime period</a>.</p><ul><li>Calculate <a href=\"/links?type&#61;signal&amp;item&#61;0EFA7775-3802-EAB0-9331-6D7694E4B0C2\" rel=\"nofollow noopener noreferrer\">Log Mean Temperature Difference (LMTD)</a> from Hot Side and Cold Side Approach Temperatures</li><li>Calculate Average Duty from Hot Side and Cold Side Duties\u00a0</li><li>Input Surface Area (constant)</li><li>Calculate U-Value heat transfer coefficient</li><li>Cleanse U-Value, removing downtime and outliers</li></ul><figure class=\"image\"><img src=\"/api/annotations/0EFA77A2-5A20-EAC0-AE64-0038E901C5DF/images/image_v2.png\" alt=\"\"></figure><p><a href=\"/links?type&#61;workstep&amp;workbook&#61;0EFA7755-93DF-66A0-8994-49AAF9C51861&amp;worksheet&#61;0EFA77A2-59E6-7140-B95C-43C740DAE757&amp;workstep&#61;0EFA77A2-5A12-6060-AC88-60CFF692347A\" rel=\"nofollow noopener noreferrer\">Generate regression models</a> assuming the Cold Liquid Outlet Temperature is kept at 295F and manipulate the Cold Liquid Flow (High Flow &#61; \u00a0735000 lb/h and Low Flow &#61; 603000 lb/h).</p><p>Create conditions to identify when the prediction value hit the minimum limit indicating the date <a href=\"/links?type&#61;workstep&amp;workbook&#61;0EFA7755-93DF-66A0-8994-49AAF9C51861&amp;worksheet&#61;0EFA77A2-59E6-7140-B95C-43C740DAE757&amp;workstep&#61;0EFA77A2-5A14-7770-B58A-829EFBF03492\" rel=\"nofollow noopener noreferrer\">when maintenance is needed</a>.</p><p>You can swap this to other Heat Exchanger available in your asset group in the Data tab.</p><p>View for <a href=\"/links?type&#61;workstep&amp;workbook&#61;0EFA7755-93DF-66A0-8994-49AAF9C51861&amp;worksheet&#61;0EFA77A2-59E6-7140-B95C-43C740DAE757&amp;workstep&#61;0EFA77A2-5A19-7590-B8DA-1AFD371DE315\" rel=\"nofollow noopener noreferrer\">HX 1</a></p><p>View for <a href=\"/links?type&#61;workstep&amp;workbook&#61;0EFA7755-93DF-66A0-8994-49AAF9C51861&amp;worksheet&#61;0EFA77A2-59E6-7140-B95C-43C740DAE757&amp;workstep&#61;0EFA77A2-5A14-7770-B58A-829EFBF03492\" rel=\"nofollow noopener noreferrer\">HX 2</a></p><p>You can also monitor the status of all your heat exchangers using the treemap view. <a href=\"/links?type&#61;workstep&amp;workbook&#61;0EFA7755-93DF-66A0-8994-49AAF9C51861&amp;worksheet&#61;0EFA77A2-59E6-7140-B95C-43C740DAE757&amp;workstep&#61;0EFA77A2-5A1B-ECA0-A7F5-43867893AFC7\" rel=\"nofollow noopener noreferrer\">View the status of heat exchangers 3 months from now</a>. Green will indicate no maintenance is needed for now, while red will indicate maintenance is needed within that timeframe.</p>",
        "DocumentBackup\u02c9DEg3Lh5pLS4-lG84EjGXXXdzxhd1450vkLgiu8he2l8\u02c92024-11-20T20:03:00Z": "<h2><strong>Heat Exchanger Prediction</strong></h2><figure class=\"table\"><table class=\"ck-table-resized\" style=\"border-color:hsl(0, 0%, 100%);border-style:solid;\"><colgroup><col style=\"width:25.55%;\" /><col style=\"width:74.45%;\" /></colgroup><tbody><tr><td style=\"background-color:hsl(0, 0%, 100%);border-color:hsl(0, 0%, 100%);border-style:solid;\"><figure class=\"image\"><img src=\"/api/annotations/0EFA77A2-5A20-EAC0-AE64-0038E901C5DF/images/image_v1.png\"></figure></td><td style=\"background-color:hsl(0, 0%, 100%);border-color:hsl(0, 0%, 100%);border-style:solid;\"><h4><i>Current Oil and Gas customers who applied a similar prediction model managed to<strong> reduce production loss with savings ~$10,000/year/heat exchanger.</strong></i></h4></td></tr></tbody></table></figure><h4><a href=\"/links?type&#61;workstep&amp;workbook&#61;0EFA7755-93DF-66A0-8994-49AAF9C51861&amp;worksheet&#61;0EFA77A2-59E6-7140-B95C-43C740DAE757&amp;workstep&#61;0EFA77A2-5A1E-73B0-9539-AB1904BF59F2\" rel=\"nofollow noopener noreferrer\">Prediction Model with Required Maintenance Date</a></h4><h3 style=\"margin-left:0px;\"><strong>Problem Statement:</strong></h3><p style=\"margin-left:0px;\"><span style=\"color:black;\">Heat exchanger fouling could lead to economic losses or integrity issues in the facility due to inadequate heating or cooling. Monitoring all heat exchangers across the site is time-consuming.\u00a0</span><span style=\"background-color:rgb(248,248,248);color:rgb(29,28,29);\"> </span><span style=\"color:rgb(29,28,29);\">With Seeq, you can monitor heat exchanger performance in real-time, and optimize the best maintenance schedule</span></p><h3><strong>Solution:\u00a0</strong></h3><p><span style=\"color:black;\">For this analysis, we will apply first principles equations to quickly and easily calculate Heat Transfer Coefficient (U) from temperatures and flow rates with Seeq\u2019s Formula tool and develop a model of U-value data as a function of time with the help of Seeq\u2019s Prediction tool.</span></p><p><a href=\"/links?type&#61;workstep&amp;workbook&#61;0EFA7755-93DF-66A0-8994-49AAF9C51861&amp;worksheet&#61;0EFA77A2-59E6-7140-B95C-43C740DAE757&amp;workstep&#61;0EFA77A2-5A0F-F950-892E-053482A134EA\" rel=\"nofollow noopener noreferrer\">Pull all the raw data required</a>. In this use case, we have arranged all related signals in an asset group (Heat Exchanger). This way you can easily and quickly access your most frequently monitored signals.</p><p><a href=\"/links?type&#61;workstep&amp;workbook&#61;0EFA7755-93DF-66A0-8994-49AAF9C51861&amp;worksheet&#61;0EFA77A2-59E6-7140-B95C-43C740DAE757&amp;workstep&#61;0EFA77A2-5A0F-F950-868D-07A1D3AFE8BB\" rel=\"nofollow noopener noreferrer\">Identify the downtime period</a> when the cold liquid flow is less than 400 000 lb/h.</p><p><a href=\"/links?type&#61;workstep&amp;workbook&#61;0EFA7755-93DF-66A0-8994-49AAF9C51861&amp;worksheet&#61;0EFA77A2-59E6-7140-B95C-43C740DAE757&amp;workstep&#61;0EFA77A2-5A12-6060-88D7-6227A2B35380\" rel=\"nofollow noopener noreferrer\">Calculate the U value and cleanse the final value by removing samples during the downtime period</a>.</p><ul><li>Calculate <a href=\"/links?type&#61;signal&amp;item&#61;0EFA7775-3802-EAB0-9331-6D7694E4B0C2\" rel=\"nofollow noopener noreferrer\">Log Mean Temperature Difference (LMTD)</a> from <a href=\"/links?type&#61;signal&amp;item&#61;0EFA7773-92AA-EE60-9BA1-F7F2ECA83466\" rel=\"nofollow noopener noreferrer\">Hot Side</a> and <a href=\"/links?type&#61;signal&amp;item&#61;0EFA7774-699D-EC10-9C8F-C665C6E27A42\" rel=\"nofollow noopener noreferrer\">Cold Side</a> Approach Temperatures</li><li>Calculate <a href=\"/links?type&#61;signal&amp;item&#61;0EFA777A-42A7-FF10-B5A9-B7F94A68701F\" rel=\"nofollow noopener noreferrer\">Average Duty</a> from <a href=\"/links?type&#61;signal&amp;item&#61;0EFA7776-9E38-7540-8BEE-122A9516758D\" rel=\"nofollow noopener noreferrer\">Hot Side</a> and <a href=\"/links?type&#61;signal&amp;item&#61;0EFA7777-BF2C-77F0-9523-DF71D54363E4\" rel=\"nofollow noopener noreferrer\">Cold Side</a> Duties\u00a0</li><li>Input <a href=\"/links?type&#61;signal&amp;item&#61;0EFA7770-98D3-6290-84F6-39C99F2E06A3\" rel=\"nofollow noopener noreferrer\">Surface Area</a> (constant)</li><li>Calculate U-Value heat transfer coefficient</li><li>Cleanse U-Value, removing downtime and outliers</li></ul><figure class=\"image\"><img src=\"/api/annotations/0EFA77A2-5A20-EAC0-AE64-0038E901C5DF/images/image_v2.png\" alt=\"\"></figure><p><a href=\"/links?type&#61;workstep&amp;workbook&#61;0EFA7755-93DF-66A0-8994-49AAF9C51861&amp;worksheet&#61;0EFA77A2-59E6-7140-B95C-43C740DAE757&amp;workstep&#61;0EFA77A2-5A12-6060-AC88-60CFF692347A\" rel=\"nofollow noopener noreferrer\">Generate regression models</a> assuming the Cold Liquid Outlet Temperature is kept at 295F and manipulate the Cold Liquid Flow (High Flow &#61; \u00a0735000 lb/h and Low Flow &#61; 603000 lb/h).</p><p>Create conditions to identify when the prediction value hit the minimum limit indicating the date <a href=\"/links?type&#61;workstep&amp;workbook&#61;0EFA7755-93DF-66A0-8994-49AAF9C51861&amp;worksheet&#61;0EFA77A2-59E6-7140-B95C-43C740DAE757&amp;workstep&#61;0EFA77A2-5A14-7770-B58A-829EFBF03492\" rel=\"nofollow noopener noreferrer\">when maintenance is needed</a>.</p><p>You can swap this to other Heat Exchanger available in your asset group in the Data tab.</p><p>View for <a href=\"/links?type&#61;workstep&amp;workbook&#61;0EFA7755-93DF-66A0-8994-49AAF9C51861&amp;worksheet&#61;0EFA77A2-59E6-7140-B95C-43C740DAE757&amp;workstep&#61;0EFA77A2-5A19-7590-B8DA-1AFD371DE315\" rel=\"nofollow noopener noreferrer\">HX 1</a></p><p>View for <a href=\"/links?type&#61;workstep&amp;workbook&#61;0EFA7755-93DF-66A0-8994-49AAF9C51861&amp;worksheet&#61;0EFA77A2-59E6-7140-B95C-43C740DAE757&amp;workstep&#61;0EFA77A2-5A14-7770-B58A-829EFBF03492\" rel=\"nofollow noopener noreferrer\">HX 2</a></p><p>You can also monitor the status of all your heat exchangers using the treemap view. <a href=\"/links?type&#61;workstep&amp;workbook&#61;0EFA7755-93DF-66A0-8994-49AAF9C51861&amp;worksheet&#61;0EFA77A2-59E6-7140-B95C-43C740DAE757&amp;workstep&#61;0EFA77A2-5A1B-ECA0-A7F5-43867893AFC7\" rel=\"nofollow noopener noreferrer\">View the status of heat exchangers 3 months from now</a>. Green will indicate no maintenance is needed for now, while red will indicate maintenance is needed within that timeframe.</p>",
        "DocumentBackup\u02c9DEg3Lh5pLS4-lG84EjGXXXdzxhd1450vkLgiu8he2l8\u02c92024-11-20T20:04:00Z": "<h2><strong>Heat Exchanger Prediction</strong></h2><figure class=\"table\"><table class=\"ck-table-resized\" style=\"border-color:hsl(0, 0%, 100%);border-style:solid;\"><colgroup><col style=\"width:25.55%;\" /><col style=\"width:74.45%;\" /></colgroup><tbody><tr><td style=\"background-color:hsl(0, 0%, 100%);border-color:hsl(0, 0%, 100%);border-style:solid;\"><figure class=\"image\"><img src=\"/api/annotations/0EFA77A2-5A20-EAC0-AE64-0038E901C5DF/images/image_v1.png\"></figure></td><td style=\"background-color:hsl(0, 0%, 100%);border-color:hsl(0, 0%, 100%);border-style:solid;\"><h4><i>Current Oil and Gas customers who applied a similar prediction model managed to<strong> reduce production loss with savings ~$10,000/year/heat exchanger.</strong></i></h4></td></tr></tbody></table></figure><h4><a href=\"/links?type&#61;workstep&amp;workbook&#61;0EFA7755-93DF-66A0-8994-49AAF9C51861&amp;worksheet&#61;0EFA77A2-59E6-7140-B95C-43C740DAE757&amp;workstep&#61;0EFA77A2-5A1E-73B0-9539-AB1904BF59F2\" rel=\"nofollow noopener noreferrer\">Prediction Model with Required Maintenance Date</a></h4><h3 style=\"margin-left:0px;\"><strong>Problem Statement:</strong></h3><p style=\"margin-left:0px;\"><span style=\"color:black;\">Heat exchanger fouling could lead to economic losses or integrity issues in the facility due to inadequate heating or cooling. Monitoring all heat exchangers across the site is time-consuming.\u00a0</span><span style=\"background-color:rgb(248,248,248);color:rgb(29,28,29);\"> </span><span style=\"color:rgb(29,28,29);\">With Seeq, you can monitor heat exchanger performance in real-time, and optimize the best maintenance schedule</span></p><h3><strong>Solution:\u00a0</strong></h3><p><span style=\"color:black;\">For this analysis, we will apply first principles equations to quickly and easily calculate Heat Transfer Coefficient (U) from temperatures and flow rates with Seeq\u2019s Formula tool and develop a model of U-value data as a function of time with the help of Seeq\u2019s Prediction tool.</span></p><p><a href=\"/links?type&#61;workstep&amp;workbook&#61;0EFA7755-93DF-66A0-8994-49AAF9C51861&amp;worksheet&#61;0EFA77A2-59E6-7140-B95C-43C740DAE757&amp;workstep&#61;0EFA77A2-5A0F-F950-892E-053482A134EA\" rel=\"nofollow noopener noreferrer\">Pull all the raw data required</a>. In this use case, we have arranged all related signals in an asset group (Heat Exchanger). This way you can easily and quickly access your most frequently monitored signals.</p><p><a href=\"/links?type&#61;workstep&amp;workbook&#61;0EFA7755-93DF-66A0-8994-49AAF9C51861&amp;worksheet&#61;0EFA77A2-59E6-7140-B95C-43C740DAE757&amp;workstep&#61;0EFA77A2-5A0F-F950-868D-07A1D3AFE8BB\" rel=\"nofollow noopener noreferrer\">Identify the downtime period</a> when the cold liquid flow is less than 400 000 lb/h.</p><p><a href=\"/links?type&#61;workstep&amp;workbook&#61;0EFA7755-93DF-66A0-8994-49AAF9C51861&amp;worksheet&#61;0EFA77A2-59E6-7140-B95C-43C740DAE757&amp;workstep&#61;0EFA77A2-5A12-6060-88D7-6227A2B35380\" rel=\"nofollow noopener noreferrer\">Calculate the U value and cleanse the final value by removing samples during the downtime period</a>.</p><ul><li>Calculate <a href=\"/links?type&#61;signal&amp;item&#61;0EFA7775-3802-EAB0-9331-6D7694E4B0C2\" rel=\"nofollow noopener noreferrer\">Log Mean Temperature Difference (LMTD)</a> from <a href=\"/links?type&#61;signal&amp;item&#61;0EFA7773-92AA-EE60-9BA1-F7F2ECA83466\" rel=\"nofollow noopener noreferrer\">Hot Side</a> and <a href=\"/links?type&#61;signal&amp;item&#61;0EFA7774-699D-EC10-9C8F-C665C6E27A42\" rel=\"nofollow noopener noreferrer\">Cold Side</a> Approach Temperatures</li><li>Calculate <a href=\"/links?type&#61;signal&amp;item&#61;0EFA777A-42A7-FF10-B5A9-B7F94A68701F\" rel=\"nofollow noopener noreferrer\">Average Duty</a> from <a href=\"/links?type&#61;signal&amp;item&#61;0EFA7776-9E38-7540-8BEE-122A9516758D\" rel=\"nofollow noopener noreferrer\">Hot Side</a> and <a href=\"/links?type&#61;signal&amp;item&#61;0EFA7777-BF2C-77F0-9523-DF71D54363E4\" rel=\"nofollow noopener noreferrer\">Cold Side</a> Duties\u00a0</li><li>Input <a href=\"/links?type&#61;signal&amp;item&#61;0EFA7770-98D3-6290-84F6-39C99F2E06A3\" rel=\"nofollow noopener noreferrer\">Surface Area</a> (constant)</li><li>Calculate <a href=\"/links?type&#61;signal&amp;item&#61;0EFA777B-2D97-FFC0-95B3-5F8EBB3CAA24\" rel=\"nofollow noopener noreferrer\">U-Value heat transfer coefficient</a></li><li><a href=\"/links?type&#61;signal&amp;item&#61;0EFA777C-C37C-EAD0-A0C9-7EEEEB0AA9A0\" rel=\"nofollow noopener noreferrer\">Cleanse U-Value</a>, removing downtime and outliers</li></ul><figure class=\"image\"><img src=\"/api/annotations/0EFA77A2-5A20-EAC0-AE64-0038E901C5DF/images/image_v2.png\" alt=\"\"></figure><p><a href=\"/links?type&#61;workstep&amp;workbook&#61;0EFA7755-93DF-66A0-8994-49AAF9C51861&amp;worksheet&#61;0EFA77A2-59E6-7140-B95C-43C740DAE757&amp;workstep&#61;0EFA77A2-5A12-6060-AC88-60CFF692347A\" rel=\"nofollow noopener noreferrer\">Generate regression models</a> assuming the Cold Liquid Outlet Temperature is kept at 295F and manipulate the Cold Liquid Flow (High Flow &#61; \u00a0735000 lb/h and Low Flow &#61; 603000 lb/h).</p><p>Create conditions to identify when the prediction value hit the minimum limit indicating the date <a href=\"/links?type&#61;workstep&amp;workbook&#61;0EFA7755-93DF-66A0-8994-49AAF9C51861&amp;worksheet&#61;0EFA77A2-59E6-7140-B95C-43C740DAE757&amp;workstep&#61;0EFA77A2-5A14-7770-B58A-829EFBF03492\" rel=\"nofollow noopener noreferrer\">when maintenance is needed</a>.</p><ul><li>Find when limit is achieved with <a href=\"/links?type&#61;condition&amp;item&#61;0EFA7797-6D4B-EE70-B45B-C917AE224D5C\" rel=\"nofollow noopener noreferrer\">high flow</a> and low flow predictions</li><li>Combine to find <a href=\"/links?type&#61;condition&amp;item&#61;0EFA7798-3273-7180-B4B5-3AA9F5EF0EB6\" rel=\"nofollow noopener noreferrer\">estimated required maintenance window</a></li></ul><p>You can swap this to other Heat Exchanger available in your asset group in the Data tab.</p><p>View for <a href=\"/links?type&#61;workstep&amp;workbook&#61;0EFA7755-93DF-66A0-8994-49AAF9C51861&amp;worksheet&#61;0EFA77A2-59E6-7140-B95C-43C740DAE757&amp;workstep&#61;0EFA77A2-5A19-7590-B8DA-1AFD371DE315\" rel=\"nofollow noopener noreferrer\">HX 1</a></p><p>View for <a href=\"/links?type&#61;workstep&amp;workbook&#61;0EFA7755-93DF-66A0-8994-49AAF9C51861&amp;worksheet&#61;0EFA77A2-59E6-7140-B95C-43C740DAE757&amp;workstep&#61;0EFA77A2-5A14-7770-B58A-829EFBF03492\" rel=\"nofollow noopener noreferrer\">HX 2</a></p><p>You can also monitor the status of all your heat exchangers using the treemap view. <a href=\"/links?type&#61;workstep&amp;workbook&#61;0EFA7755-93DF-66A0-8994-49AAF9C51861&amp;worksheet&#61;0EFA77A2-59E6-7140-B95C-43C740DAE757&amp;workstep&#61;0EFA77A2-5A1B-ECA0-A7F5-43867893AFC7\" rel=\"nofollow noopener noreferrer\">View the status of heat exchangers 3 months from now</a>. Green will indicate no maintenance is needed for now, while red will indicate maintenance is needed within that timeframe.</p>",
        "DocumentBackup\u02c9system\u02c92024-11-20T20:00:00Z": "<h2><strong>Heat Exchanger Prediction</strong></h2><figure class=\"table\"><table class=\"ck-table-resized\" style=\"border-color:hsl(0, 0%, 100%);border-style:solid;\"><colgroup><col style=\"width:25.55%;\" /><col style=\"width:74.45%;\" /></colgroup><tbody><tr><td style=\"background-color:hsl(0, 0%, 100%);border-color:hsl(0, 0%, 100%);border-style:solid;\"><figure class=\"image\"><img src=\"/api/annotations/0EFA77A2-5A20-EAC0-AE64-0038E901C5DF/images/image_v1.png\"></figure></td><td style=\"background-color:hsl(0, 0%, 100%);border-color:hsl(0, 0%, 100%);border-style:solid;\"><h4><i>Current Oil and Gas customers who applied a similar prediction model managed to<strong> reduce production loss with savings ~$10,000/year/heat exchanger.</strong></i></h4></td></tr></tbody></table></figure><h4><a href=\"/links?type&#61;workstep&amp;workbook&#61;0EFA7755-93DF-66A0-8994-49AAF9C51861&amp;worksheet&#61;0EFA7755-9878-62C0-8447-42A586A25422&amp;workstep&#61;0EFA77A1-D7EE-F980-919E-A14AA8DDC985\" rel=\"nofollow noopener noreferrer\">Prediction Model with Required Maintenance Date</a></h4><h3><strong>Solution:\u00a0</strong></h3><p><a href=\"/links?type&#61;workstep&amp;workbook&#61;0EFA7755-93DF-66A0-8994-49AAF9C51861&amp;worksheet&#61;0EFA7755-9878-62C0-8447-42A586A25422&amp;workstep&#61;0EFA776D-4E74-7300-A6F3-39ED76953694\" rel=\"nofollow noopener noreferrer\">Pull all the raw data required</a>. In this use case, we have arranged all related signals in an asset group (Heat Exchanger). This way you can easily and quickly access your most frequently monitored signals.</p><p><a href=\"/links?type&#61;workstep&amp;workbook&#61;0EFA7755-93DF-66A0-8994-49AAF9C51861&amp;worksheet&#61;0EFA7755-9878-62C0-8447-42A586A25422&amp;workstep&#61;0EFA776F-13A3-FD00-B3D5-ADC1F7829955\" rel=\"nofollow noopener noreferrer\">Identify the downtime period</a> when the cold liquid flow is less than 400 000 lb/h.</p><p><a href=\"/links?type&#61;workstep&amp;workbook&#61;0EFA7755-93DF-66A0-8994-49AAF9C51861&amp;worksheet&#61;0EFA7755-9878-62C0-8447-42A586A25422&amp;workstep&#61;0EFA777D-C11B-66F0-ABBE-042F9C393048\" rel=\"nofollow noopener noreferrer\">Calculate the U value and cleanse the final value by removing samples during the downtime period</a>.</p><figure class=\"image\"><img src=\"/api/annotations/0EFA77A2-5A20-EAC0-AE64-0038E901C5DF/images/image_v2.png\" alt=\"\"></figure><p><a href=\"/links?type&#61;workstep&amp;workbook&#61;0EFA7755-93DF-66A0-8994-49AAF9C51861&amp;worksheet&#61;0EFA7755-9878-62C0-8447-42A586A25422&amp;workstep&#61;0EFA7794-8F56-FD60-BD93-86C37835C848\" rel=\"nofollow noopener noreferrer\">Generate regression models</a> assuming the Cold Liquid Outlet Temperature is kept at 295F and manipulate the Cold Liquid Flow (High Flow &#61; \u00a0735000 lb/h and Low Flow &#61; 603000 lb/h).</p><p>Create conditions to identify when the prediction value hit the minimum limit indicating the date <a href=\"/links?type&#61;workstep&amp;workbook&#61;0EFA7755-93DF-66A0-8994-49AAF9C51861&amp;worksheet&#61;0EFA7755-9878-62C0-8447-42A586A25422&amp;workstep&#61;0EFA7798-D0A7-F950-B777-66A50AFFB5B6\" rel=\"nofollow noopener noreferrer\">when maintenance is needed</a>.</p><p>You can swap this to other Heat Exchanger available in your asset group in the Data tab.</p><p>View for <a href=\"/links?type&#61;workstep&amp;workbook&#61;0EFA7755-93DF-66A0-8994-49AAF9C51861&amp;worksheet&#61;0EFA7755-9878-62C0-8447-42A586A25422&amp;workstep&#61;0EFA779D-EEB0-73C0-9FDA-9CB02BA5EBED\" rel=\"nofollow noopener noreferrer\">HX 1</a></p><p>View for <a href=\"/links?type&#61;workstep&amp;workbook&#61;0EFA7755-93DF-66A0-8994-49AAF9C51861&amp;worksheet&#61;0EFA7755-9878-62C0-8447-42A586A25422&amp;workstep&#61;0EFA7798-D0A7-F950-B777-66A50AFFB5B6\" rel=\"nofollow noopener noreferrer\">HX 2</a></p><p>You can also monitor the status of all your heat exchangers using the treemap view. <a href=\"/links?type&#61;workstep&amp;workbook&#61;0EFA7755-93DF-66A0-8994-49AAF9C51861&amp;worksheet&#61;0EFA7755-9878-62C0-8447-42A586A25422&amp;workstep&#61;0EFA77A0-E4D4-FB50-85CD-1867EA7570D9\" rel=\"nofollow noopener noreferrer\">View the status of heat exchangers 3 months from now</a>. Green will indicate no maintenance is needed for now, while red will indicate maintenance is needed within that timeframe.</p>",
        "Enabled": true,
        "ID": "0EFA77A2-5A20-EAC0-AE64-0038E901C5DF",
        "Is CK Enabled": true,
        "Locked": false,
        "Name": "Heat Exchanger Prediction",
        "Plain Text Document": "Heat Exchanger PredictionCurrent Oil and Gas customers who applied a similar prediction model managed to reduce production loss with savings ~$10,000/year/heat exchanger.Prediction Model with Required Maintenance DateProblem Statement:Heat exchanger fouling could lead to economic losses or integrity issues in the facility due to inadequate heating or cooling. Monitoring all heat exchangers across the site is time-consuming.\u00a0 With Seeq, you can monitor heat exchanger performance in real-time, and optimize the best maintenance scheduleSolution:\u00a0For this analysis, we will apply first principles equations to quickly and easily calculate Heat Transfer Coefficient (U) from temperatures and flow rates with Seeq\u2019s Formula tool and develop a model of U-value data as a function of time with the help of Seeq\u2019s Prediction tool.Pull all the raw data required. In this use case, we have arranged all related signals in an asset group (Heat Exchanger). This way you can easily and quickly access your most frequently monitored signals.Identify the downtime period when the cold liquid flow is less than 400 000 lb/h.Calculate the U value and cleanse the final value by removing samples during the downtime period.Calculate Log Mean Temperature Difference (LMTD) from Hot Side and Cold Side Approach TemperaturesCalculate Average Duty from Hot Side and Cold Side Duties\u00a0Input Surface Area (constant)Calculate U-Value heat transfer coefficientCleanse U-Value, removing downtime and outliersGenerate regression models assuming the Cold Liquid Outlet Temperature is kept at 295F and manipulate the Cold Liquid Flow (High Flow &#61; \u00a0735000 lb/h and Low Flow &#61; 603000 lb/h).Create conditions to identify when the prediction value hit the minimum limit indicating the date when maintenance is needed.Find when limit is achieved with high flow and low flow predictionsCombine to find estimated required maintenance windowYou can swap this to other Heat Exchanger available in your asset group in the Data tab.View for HX 1View for HX 2You can also monitor the status of all your heat exchangers using the treemap view. View the status of heat exchangers 3 months from now. Green will indicate no maintenance is needed for now, while red will indicate maintenance is needed within that timeframe.",
        "Type": "Journal",
        "Unsearchable": false,
        "Updated At": "1732133059653100758"
    }
}