{
    "Definition": {
        "Archived": false,
        "Cache Enabled": false,
        "Created At": "1732130795256222691",
        "Description": "Current Oil and Gas customers who applied a similar prediction model managed to reduce production loss with savings ~$10,000/year/heat exchanger. Prediction Model with Required Maintenance Date Solution:&nbsp; Pull all the raw data required . In this use case, we have arranged all related signals in an asset group (Heat Exchanger).",
        "Document": "<h2><strong>Heat Exchanger Prediction</strong></h2><figure class=\"table\"><table class=\"ck-table-resized\" style=\"border-color:hsl(0, 0%, 100%);border-style:solid;\"><colgroup><col style=\"width:25.55%;\" /><col style=\"width:74.45%;\" /></colgroup><tbody><tr><td style=\"background-color:hsl(0, 0%, 100%);border-color:hsl(0, 0%, 100%);border-style:solid;\"><figure class=\"image\"><img src=\"/api/annotations/0EFA7755-B0BD-E8D0-85BB-65D5B7CF6398/images/image_v1.png\"></figure></td><td style=\"background-color:hsl(0, 0%, 100%);border-color:hsl(0, 0%, 100%);border-style:solid;\"><h4><i>Current Oil and Gas customers who applied a similar prediction model managed to<strong> reduce production loss with savings ~$10,000/year/heat exchanger.</strong></i></h4></td></tr></tbody></table></figure><h4><a href=\"/links?type&#61;workstep&amp;workbook&#61;0EFA7755-93DF-66A0-8994-49AAF9C51861&amp;worksheet&#61;0EFA7755-9878-62C0-8447-42A586A25422&amp;workstep&#61;0EFA77A1-D7EE-F980-919E-A14AA8DDC985\" rel=\"nofollow noopener noreferrer\">Prediction Model with Required Maintenance Date</a></h4><h3><strong>Solution:\u00a0</strong></h3><p><a href=\"/links?type&#61;workstep&amp;workbook&#61;0EFA7755-93DF-66A0-8994-49AAF9C51861&amp;worksheet&#61;0EFA7755-9878-62C0-8447-42A586A25422&amp;workstep&#61;0EFA776D-4E74-7300-A6F3-39ED76953694\" rel=\"nofollow noopener noreferrer\">Pull all the raw data required</a>. In this use case, we have arranged all related signals in an asset group (Heat Exchanger). This way you can easily and quickly access your most frequently monitored signals.</p><p><a href=\"/links?type&#61;workstep&amp;workbook&#61;0EFA7755-93DF-66A0-8994-49AAF9C51861&amp;worksheet&#61;0EFA7755-9878-62C0-8447-42A586A25422&amp;workstep&#61;0EFA776F-13A3-FD00-B3D5-ADC1F7829955\" rel=\"nofollow noopener noreferrer\">Identify the downtime period</a> when the cold liquid flow is less than 400 000 lb/h.</p><p><a href=\"/links?type&#61;workstep&amp;workbook&#61;0EFA7755-93DF-66A0-8994-49AAF9C51861&amp;worksheet&#61;0EFA7755-9878-62C0-8447-42A586A25422&amp;workstep&#61;0EFA777D-C11B-66F0-ABBE-042F9C393048\" rel=\"nofollow noopener noreferrer\">Calculate the U value and cleanse the final value by removing samples during the downtime period</a>.</p><figure class=\"image\"><img src=\"/api/annotations/0EFA7755-B0BD-E8D0-85BB-65D5B7CF6398/images/image_v2.png\" alt=\"\"></figure><p><a href=\"/links?type&#61;workstep&amp;workbook&#61;0EFA7755-93DF-66A0-8994-49AAF9C51861&amp;worksheet&#61;0EFA7755-9878-62C0-8447-42A586A25422&amp;workstep&#61;0EFA7794-8F56-FD60-BD93-86C37835C848\" rel=\"nofollow noopener noreferrer\">Generate regression models</a> assuming the Cold Liquid Outlet Temperature is kept at 295F and manipulate the Cold Liquid Flow (High Flow &#61; \u00a0735000 lb/h and Low Flow &#61; 603000 lb/h).</p><p>Create conditions to identify when the prediction value hit the minimum limit indicating the date <a href=\"/links?type&#61;workstep&amp;workbook&#61;0EFA7755-93DF-66A0-8994-49AAF9C51861&amp;worksheet&#61;0EFA7755-9878-62C0-8447-42A586A25422&amp;workstep&#61;0EFA7798-D0A7-F950-B777-66A50AFFB5B6\" rel=\"nofollow noopener noreferrer\">when maintenance is needed</a>.</p><p>You can swap this to other Heat Exchanger available in your asset group in the Data tab.</p><p>View for <a href=\"/links?type&#61;workstep&amp;workbook&#61;0EFA7755-93DF-66A0-8994-49AAF9C51861&amp;worksheet&#61;0EFA7755-9878-62C0-8447-42A586A25422&amp;workstep&#61;0EFA779D-EEB0-73C0-9FDA-9CB02BA5EBED\" rel=\"nofollow noopener noreferrer\">HX 1</a></p><p>View for <a href=\"/links?type&#61;workstep&amp;workbook&#61;0EFA7755-93DF-66A0-8994-49AAF9C51861&amp;worksheet&#61;0EFA7755-9878-62C0-8447-42A586A25422&amp;workstep&#61;0EFA7798-D0A7-F950-B777-66A50AFFB5B6\" rel=\"nofollow noopener noreferrer\">HX 2</a></p><p>You can also monitor the status of all your heat exchangers using the treemap view. <a href=\"/links?type&#61;workstep&amp;workbook&#61;0EFA7755-93DF-66A0-8994-49AAF9C51861&amp;worksheet&#61;0EFA7755-9878-62C0-8447-42A586A25422&amp;workstep&#61;0EFA77A0-E4D4-FB50-85CD-1867EA7570D9\" rel=\"nofollow noopener noreferrer\">View the status of heat exchangers 3 months from now</a>. Green will indicate no maintenance is needed for now, while red will indicate maintenance is needed within that timeframe.</p>",
        "DocumentBackup\u02c9DEg3Lh5pLS4-lG84EjGXXXdzxhd1450vkLgiu8he2l8\u02c92024-11-20T19:26:00Z": "",
        "DocumentBackup\u02c9DEg3Lh5pLS4-lG84EjGXXXdzxhd1450vkLgiu8he2l8\u02c92024-11-20T19:27:00Z": "<h2><strong>Heat Exchanger Prediction</strong></h2><figure class=\"table\"><table class=\"ck-table-resized\" style=\"border-color:hsl(0, 0%, 100%);border-style:solid;\"><colgroup><col style=\"width:25.55%;\" /><col style=\"width:74.45%;\" /></colgroup><tbody><tr><td style=\"background-color:hsl(0, 0%, 100%);border-color:hsl(0, 0%, 100%);border-style:solid;\"><figure class=\"image\"><img src=\"/api/annotations/0EFA7755-B0BD-E8D0-85BB-65D5B7CF6398/images/image_v1.png\"></figure></td><td style=\"background-color:hsl(0, 0%, 100%);border-color:hsl(0, 0%, 100%);border-style:solid;\"><h4><i>Current Oil and Gas customers who applied a similar prediction model managed to<strong> reduce production loss with savings ~$10,000/year/heat exchanger.</strong></i></h4></td></tr></tbody></table></figure><h4>Prediction Model with Required Maintenance Date</h4><h3><strong>Solution:\u00a0</strong></h3><p>Pull all the raw data required. In this use case, we have arranged all related signals in an asset group (Heat Exchanger). This way you can easily and quickly access your most frequently monitored signals.</p><p><a href=\"/links?type&#61;workstep&amp;workbook&#61;0EE78108-8411-7300-85E9-72E26E114331&amp;worksheet&#61;0EE78108-87DC-FDE0-A1CF-F3DECC52BCB6&amp;workstep&#61;0EE7977A-BE2F-7130-BD2C-01E1DCC8E899\" rel=\"nofollow noopener noreferrer\">Identify the downtime period</a> when the cold liquid flow is less than 400 000 lb/h.</p><p><a href=\"/links?type&#61;workstep&amp;workbook&#61;0EE78108-8411-7300-85E9-72E26E114331&amp;worksheet&#61;0EE78108-87DC-FDE0-A1CF-F3DECC52BCB6&amp;workstep&#61;0EE797A9-78E9-F920-8563-501AB53DA0D6\" rel=\"nofollow noopener noreferrer\">Calculate the U value and cleanse the final value by removing samples during the downtime period.</a></p><figure class=\"image\"><img src=\"/api/annotations/0EFA7755-B0BD-E8D0-85BB-65D5B7CF6398/images/image_v2.png\" alt=\"\"></figure><p><a href=\"/links?type&#61;workstep&amp;workbook&#61;0EE78108-8411-7300-85E9-72E26E114331&amp;worksheet&#61;0EE78108-87DC-FDE0-A1CF-F3DECC52BCB6&amp;workstep&#61;0EE797BA-ABE7-7190-9718-44622DEF2696\" rel=\"nofollow noopener noreferrer\">Generate regression models </a>assuming the Cold Liquid Outlet Temperature is kept at 295F and manipulate the Cold Liquid Flow (High Flow &#61; \u00a0735000 lb/h and Low Flow &#61; 603000 lb/h).</p><p>Create conditions to identify when the prediction value hit the minimum limit indicating the date <a href=\"/links?type&#61;workstep&amp;workbook&#61;0EE78108-8411-7300-85E9-72E26E114331&amp;worksheet&#61;0EE78108-87DC-FDE0-A1CF-F3DECC52BCB6&amp;workstep&#61;0EE797BE-B3F3-7330-894F-33E4BB77655A\" rel=\"nofollow noopener noreferrer\">when maintenance is needed</a>.</p><p>You can swap this to other Heat Exchanger available in your asset group in the Data tab.</p><p>View for <a href=\"/links?type&#61;workstep&amp;workbook&#61;0EE78108-8411-7300-85E9-72E26E114331&amp;worksheet&#61;0EE78108-87DC-FDE0-A1CF-F3DECC52BCB6&amp;workstep&#61;0EE797BE-B3F3-7330-894F-33E4BB77655A\" rel=\"nofollow noopener noreferrer\">HX 1</a></p><p>View for <a href=\"/links?type&#61;workstep&amp;workbook&#61;0EE78108-8411-7300-85E9-72E26E114331&amp;worksheet&#61;0EE78108-87DC-FDE0-A1CF-F3DECC52BCB6&amp;workstep&#61;0EE797CD-AA8B-E860-A1D2-147C438C93FE\" rel=\"nofollow noopener noreferrer\">HX 2</a></p><p>You can also monitor the status of all your heat exchangers using the treemap view. <a href=\"/links?type&#61;workstep&amp;workbook&#61;0EE78108-8411-7300-85E9-72E26E114331&amp;worksheet&#61;0EE78108-87DC-FDE0-A1CF-F3DECC52BCB6&amp;workstep&#61;0EE797CE-EAAA-7350-AA4C-CEF0D7EE8885\" rel=\"nofollow noopener noreferrer\">View the status of heat exchangers 3 months from now</a>. Green will indicate no maintenance is needed for now, while red will indicate maintenance is needed within that timeframe.</p>",
        "DocumentBackup\u02c9DEg3Lh5pLS4-lG84EjGXXXdzxhd1450vkLgiu8he2l8\u02c92024-11-20T19:37:00Z": "<h2><strong>Heat Exchanger Prediction</strong></h2><figure class=\"table\"><table class=\"ck-table-resized\" style=\"border-color:hsl(0, 0%, 100%);border-style:solid;\"><colgroup><col style=\"width:25.55%;\" /><col style=\"width:74.45%;\" /></colgroup><tbody><tr><td style=\"background-color:hsl(0, 0%, 100%);border-color:hsl(0, 0%, 100%);border-style:solid;\"><figure class=\"image\"><img src=\"/api/annotations/0EFA7755-B0BD-E8D0-85BB-65D5B7CF6398/images/image_v1.png\"></figure></td><td style=\"background-color:hsl(0, 0%, 100%);border-color:hsl(0, 0%, 100%);border-style:solid;\"><h4><i>Current Oil and Gas customers who applied a similar prediction model managed to<strong> reduce production loss with savings ~$10,000/year/heat exchanger.</strong></i></h4></td></tr></tbody></table></figure><h4>Prediction Model with Required Maintenance Date</h4><h3><strong>Solution:\u00a0</strong></h3><p><a href=\"/links?type&#61;workstep&amp;workbook&#61;0EFA7755-93DF-66A0-8994-49AAF9C51861&amp;worksheet&#61;0EFA7755-9878-62C0-8447-42A586A25422&amp;workstep&#61;0EFA776D-4E74-7300-A6F3-39ED76953694\" rel=\"nofollow noopener noreferrer\">Pull all the raw data required</a>. In this use case, we have arranged all related signals in an asset group (Heat Exchanger). This way you can easily and quickly access your most frequently monitored signals.</p><p>Identify the downtime period when the cold liquid flow is less than 400 000 lb/h.</p><p>Calculate the U value and cleanse the final value by removing samples during the downtime period.</p><figure class=\"image\"><img src=\"/api/annotations/0EFA7755-B0BD-E8D0-85BB-65D5B7CF6398/images/image_v2.png\" alt=\"\"></figure><p>Generate regression models assuming the Cold Liquid Outlet Temperature is kept at 295F and manipulate the Cold Liquid Flow (High Flow &#61; \u00a0735000 lb/h and Low Flow &#61; 603000 lb/h).</p><p>Create conditions to identify when the prediction value hit the minimum limit indicating the date when maintenance is needed.</p><p>You can swap this to other Heat Exchanger available in your asset group in the Data tab.</p><p>View for HX 1</p><p>View for HX 2</p><p>You can also monitor the status of all your heat exchangers using the treemap view. View the status of heat exchangers 3 months from now. Green will indicate no maintenance is needed for now, while red will indicate maintenance is needed within that timeframe.</p>",
        "DocumentBackup\u02c9DEg3Lh5pLS4-lG84EjGXXXdzxhd1450vkLgiu8he2l8\u02c92024-11-20T19:38:00Z": "<h2><strong>Heat Exchanger Prediction</strong></h2><figure class=\"table\"><table class=\"ck-table-resized\" style=\"border-color:hsl(0, 0%, 100%);border-style:solid;\"><colgroup><col style=\"width:25.55%;\" /><col style=\"width:74.45%;\" /></colgroup><tbody><tr><td style=\"background-color:hsl(0, 0%, 100%);border-color:hsl(0, 0%, 100%);border-style:solid;\"><figure class=\"image\"><img src=\"/api/annotations/0EFA7755-B0BD-E8D0-85BB-65D5B7CF6398/images/image_v1.png\"></figure></td><td style=\"background-color:hsl(0, 0%, 100%);border-color:hsl(0, 0%, 100%);border-style:solid;\"><h4><i>Current Oil and Gas customers who applied a similar prediction model managed to<strong> reduce production loss with savings ~$10,000/year/heat exchanger.</strong></i></h4></td></tr></tbody></table></figure><h4>Prediction Model with Required Maintenance Date</h4><h3><strong>Solution:\u00a0</strong></h3><p><a href=\"/links?type&#61;workstep&amp;workbook&#61;0EFA7755-93DF-66A0-8994-49AAF9C51861&amp;worksheet&#61;0EFA7755-9878-62C0-8447-42A586A25422&amp;workstep&#61;0EFA776D-4E74-7300-A6F3-39ED76953694\" rel=\"nofollow noopener noreferrer\">Pull all the raw data required</a>. In this use case, we have arranged all related signals in an asset group (Heat Exchanger). This way you can easily and quickly access your most frequently monitored signals.</p><p><a href=\"/links?type&#61;workstep&amp;workbook&#61;0EFA7755-93DF-66A0-8994-49AAF9C51861&amp;worksheet&#61;0EFA7755-9878-62C0-8447-42A586A25422&amp;workstep&#61;0EFA776F-13A3-FD00-B3D5-ADC1F7829955\" rel=\"nofollow noopener noreferrer\">Identify the downtime period</a> when the cold liquid flow is less than 400 000 lb/h.</p><p>Calculate the U value and cleanse the final value by removing samples during the downtime period.</p><figure class=\"image\"><img src=\"/api/annotations/0EFA7755-B0BD-E8D0-85BB-65D5B7CF6398/images/image_v2.png\" alt=\"\"></figure><p>Generate regression models assuming the Cold Liquid Outlet Temperature is kept at 295F and manipulate the Cold Liquid Flow (High Flow &#61; \u00a0735000 lb/h and Low Flow &#61; 603000 lb/h).</p><p>Create conditions to identify when the prediction value hit the minimum limit indicating the date when maintenance is needed.</p><p>You can swap this to other Heat Exchanger available in your asset group in the Data tab.</p><p>View for HX 1</p><p>View for HX 2</p><p>You can also monitor the status of all your heat exchangers using the treemap view. View the status of heat exchangers 3 months from now. Green will indicate no maintenance is needed for now, while red will indicate maintenance is needed within that timeframe.</p>",
        "DocumentBackup\u02c9DEg3Lh5pLS4-lG84EjGXXXdzxhd1450vkLgiu8he2l8\u02c92024-11-20T19:44:00Z": "<h2><strong>Heat Exchanger Prediction</strong></h2><figure class=\"table\"><table class=\"ck-table-resized\" style=\"border-color:hsl(0, 0%, 100%);border-style:solid;\"><colgroup><col style=\"width:25.55%;\" /><col style=\"width:74.45%;\" /></colgroup><tbody><tr><td style=\"background-color:hsl(0, 0%, 100%);border-color:hsl(0, 0%, 100%);border-style:solid;\"><figure class=\"image\"><img src=\"/api/annotations/0EFA7755-B0BD-E8D0-85BB-65D5B7CF6398/images/image_v1.png\"></figure></td><td style=\"background-color:hsl(0, 0%, 100%);border-color:hsl(0, 0%, 100%);border-style:solid;\"><h4><i>Current Oil and Gas customers who applied a similar prediction model managed to<strong> reduce production loss with savings ~$10,000/year/heat exchanger.</strong></i></h4></td></tr></tbody></table></figure><h4>Prediction Model with Required Maintenance Date</h4><h3><strong>Solution:\u00a0</strong></h3><p><a href=\"/links?type&#61;workstep&amp;workbook&#61;0EFA7755-93DF-66A0-8994-49AAF9C51861&amp;worksheet&#61;0EFA7755-9878-62C0-8447-42A586A25422&amp;workstep&#61;0EFA776D-4E74-7300-A6F3-39ED76953694\" rel=\"nofollow noopener noreferrer\">Pull all the raw data required</a>. In this use case, we have arranged all related signals in an asset group (Heat Exchanger). This way you can easily and quickly access your most frequently monitored signals.</p><p><a href=\"/links?type&#61;workstep&amp;workbook&#61;0EFA7755-93DF-66A0-8994-49AAF9C51861&amp;worksheet&#61;0EFA7755-9878-62C0-8447-42A586A25422&amp;workstep&#61;0EFA776F-13A3-FD00-B3D5-ADC1F7829955\" rel=\"nofollow noopener noreferrer\">Identify the downtime period</a> when the cold liquid flow is less than 400 000 lb/h.</p><p><a href=\"/links?type&#61;workstep&amp;workbook&#61;0EFA7755-93DF-66A0-8994-49AAF9C51861&amp;worksheet&#61;0EFA7755-9878-62C0-8447-42A586A25422&amp;workstep&#61;0EFA777D-C11B-66F0-ABBE-042F9C393048\" rel=\"nofollow noopener noreferrer\">Calculate the U value and cleanse the final value by removing samples during the downtime period</a>.</p><figure class=\"image\"><img src=\"/api/annotations/0EFA7755-B0BD-E8D0-85BB-65D5B7CF6398/images/image_v2.png\" alt=\"\"></figure><p>Generate regression models assuming the Cold Liquid Outlet Temperature is kept at 295F and manipulate the Cold Liquid Flow (High Flow &#61; \u00a0735000 lb/h and Low Flow &#61; 603000 lb/h).</p><p>Create conditions to identify when the prediction value hit the minimum limit indicating the date when maintenance is needed.</p><p>You can swap this to other Heat Exchanger available in your asset group in the Data tab.</p><p>View for HX 1</p><p>View for HX 2</p><p>You can also monitor the status of all your heat exchangers using the treemap view. View the status of heat exchangers 3 months from now. Green will indicate no maintenance is needed for now, while red will indicate maintenance is needed within that timeframe.</p>",
        "DocumentBackup\u02c9DEg3Lh5pLS4-lG84EjGXXXdzxhd1450vkLgiu8he2l8\u02c92024-11-20T19:54:00Z": "<h2><strong>Heat Exchanger Prediction</strong></h2><figure class=\"table\"><table class=\"ck-table-resized\" style=\"border-color:hsl(0, 0%, 100%);border-style:solid;\"><colgroup><col style=\"width:25.55%;\" /><col style=\"width:74.45%;\" /></colgroup><tbody><tr><td style=\"background-color:hsl(0, 0%, 100%);border-color:hsl(0, 0%, 100%);border-style:solid;\"><figure class=\"image\"><img src=\"/api/annotations/0EFA7755-B0BD-E8D0-85BB-65D5B7CF6398/images/image_v1.png\"></figure></td><td style=\"background-color:hsl(0, 0%, 100%);border-color:hsl(0, 0%, 100%);border-style:solid;\"><h4><i>Current Oil and Gas customers who applied a similar prediction model managed to<strong> reduce production loss with savings ~$10,000/year/heat exchanger.</strong></i></h4></td></tr></tbody></table></figure><h4>Prediction Model with Required Maintenance Date</h4><h3><strong>Solution:\u00a0</strong></h3><p><a href=\"/links?type&#61;workstep&amp;workbook&#61;0EFA7755-93DF-66A0-8994-49AAF9C51861&amp;worksheet&#61;0EFA7755-9878-62C0-8447-42A586A25422&amp;workstep&#61;0EFA776D-4E74-7300-A6F3-39ED76953694\" rel=\"nofollow noopener noreferrer\">Pull all the raw data required</a>. In this use case, we have arranged all related signals in an asset group (Heat Exchanger). This way you can easily and quickly access your most frequently monitored signals.</p><p><a href=\"/links?type&#61;workstep&amp;workbook&#61;0EFA7755-93DF-66A0-8994-49AAF9C51861&amp;worksheet&#61;0EFA7755-9878-62C0-8447-42A586A25422&amp;workstep&#61;0EFA776F-13A3-FD00-B3D5-ADC1F7829955\" rel=\"nofollow noopener noreferrer\">Identify the downtime period</a> when the cold liquid flow is less than 400 000 lb/h.</p><p><a href=\"/links?type&#61;workstep&amp;workbook&#61;0EFA7755-93DF-66A0-8994-49AAF9C51861&amp;worksheet&#61;0EFA7755-9878-62C0-8447-42A586A25422&amp;workstep&#61;0EFA777D-C11B-66F0-ABBE-042F9C393048\" rel=\"nofollow noopener noreferrer\">Calculate the U value and cleanse the final value by removing samples during the downtime period</a>.</p><figure class=\"image\"><img src=\"/api/annotations/0EFA7755-B0BD-E8D0-85BB-65D5B7CF6398/images/image_v2.png\" alt=\"\"></figure><p><a href=\"/links?type&#61;workstep&amp;workbook&#61;0EFA7755-93DF-66A0-8994-49AAF9C51861&amp;worksheet&#61;0EFA7755-9878-62C0-8447-42A586A25422&amp;workstep&#61;0EFA7794-8F56-FD60-BD93-86C37835C848\" rel=\"nofollow noopener noreferrer\">Generate regression models</a> assuming the Cold Liquid Outlet Temperature is kept at 295F and manipulate the Cold Liquid Flow (High Flow &#61; \u00a0735000 lb/h and Low Flow &#61; 603000 lb/h).</p><p>Create conditions to identify when the prediction value hit the minimum limit indicating the date when maintenance is needed.</p><p>You can swap this to other Heat Exchanger available in your asset group in the Data tab.</p><p>View for HX 1</p><p>View for HX 2</p><p>You can also monitor the status of all your heat exchangers using the treemap view. View the status of heat exchangers 3 months from now. Green will indicate no maintenance is needed for now, while red will indicate maintenance is needed within that timeframe.</p>",
        "DocumentBackup\u02c9DEg3Lh5pLS4-lG84EjGXXXdzxhd1450vkLgiu8he2l8\u02c92024-11-20T19:56:00Z": "<h2><strong>Heat Exchanger Prediction</strong></h2><figure class=\"table\"><table class=\"ck-table-resized\" style=\"border-color:hsl(0, 0%, 100%);border-style:solid;\"><colgroup><col style=\"width:25.55%;\" /><col style=\"width:74.45%;\" /></colgroup><tbody><tr><td style=\"background-color:hsl(0, 0%, 100%);border-color:hsl(0, 0%, 100%);border-style:solid;\"><figure class=\"image\"><img src=\"/api/annotations/0EFA7755-B0BD-E8D0-85BB-65D5B7CF6398/images/image_v1.png\"></figure></td><td style=\"background-color:hsl(0, 0%, 100%);border-color:hsl(0, 0%, 100%);border-style:solid;\"><h4><i>Current Oil and Gas customers who applied a similar prediction model managed to<strong> reduce production loss with savings ~$10,000/year/heat exchanger.</strong></i></h4></td></tr></tbody></table></figure><h4>Prediction Model with Required Maintenance Date</h4><h3><strong>Solution:\u00a0</strong></h3><p><a href=\"/links?type&#61;workstep&amp;workbook&#61;0EFA7755-93DF-66A0-8994-49AAF9C51861&amp;worksheet&#61;0EFA7755-9878-62C0-8447-42A586A25422&amp;workstep&#61;0EFA776D-4E74-7300-A6F3-39ED76953694\" rel=\"nofollow noopener noreferrer\">Pull all the raw data required</a>. In this use case, we have arranged all related signals in an asset group (Heat Exchanger). This way you can easily and quickly access your most frequently monitored signals.</p><p><a href=\"/links?type&#61;workstep&amp;workbook&#61;0EFA7755-93DF-66A0-8994-49AAF9C51861&amp;worksheet&#61;0EFA7755-9878-62C0-8447-42A586A25422&amp;workstep&#61;0EFA776F-13A3-FD00-B3D5-ADC1F7829955\" rel=\"nofollow noopener noreferrer\">Identify the downtime period</a> when the cold liquid flow is less than 400 000 lb/h.</p><p><a href=\"/links?type&#61;workstep&amp;workbook&#61;0EFA7755-93DF-66A0-8994-49AAF9C51861&amp;worksheet&#61;0EFA7755-9878-62C0-8447-42A586A25422&amp;workstep&#61;0EFA777D-C11B-66F0-ABBE-042F9C393048\" rel=\"nofollow noopener noreferrer\">Calculate the U value and cleanse the final value by removing samples during the downtime period</a>.</p><figure class=\"image\"><img src=\"/api/annotations/0EFA7755-B0BD-E8D0-85BB-65D5B7CF6398/images/image_v2.png\" alt=\"\"></figure><p><a href=\"/links?type&#61;workstep&amp;workbook&#61;0EFA7755-93DF-66A0-8994-49AAF9C51861&amp;worksheet&#61;0EFA7755-9878-62C0-8447-42A586A25422&amp;workstep&#61;0EFA7794-8F56-FD60-BD93-86C37835C848\" rel=\"nofollow noopener noreferrer\">Generate regression models</a> assuming the Cold Liquid Outlet Temperature is kept at 295F and manipulate the Cold Liquid Flow (High Flow &#61; \u00a0735000 lb/h and Low Flow &#61; 603000 lb/h).</p><p>Create conditions to identify when the prediction value hit the minimum limit indicating the date <a href=\"/links?type&#61;workstep&amp;workbook&#61;0EFA7755-93DF-66A0-8994-49AAF9C51861&amp;worksheet&#61;0EFA7755-9878-62C0-8447-42A586A25422&amp;workstep&#61;0EFA7798-D0A7-F950-B777-66A50AFFB5B6\" rel=\"nofollow noopener noreferrer\">when maintenance is needed</a>.</p><p>You can swap this to other Heat Exchanger available in your asset group in the Data tab.</p><p>View for HX 1</p><p>View for HX 2</p><p>You can also monitor the status of all your heat exchangers using the treemap view. View the status of heat exchangers 3 months from now. Green will indicate no maintenance is needed for now, while red will indicate maintenance is needed within that timeframe.</p>",
        "DocumentBackup\u02c9DEg3Lh5pLS4-lG84EjGXXXdzxhd1450vkLgiu8he2l8\u02c92024-11-20T19:57:00Z": "<h2><strong>Heat Exchanger Prediction</strong></h2><figure class=\"table\"><table class=\"ck-table-resized\" style=\"border-color:hsl(0, 0%, 100%);border-style:solid;\"><colgroup><col style=\"width:25.55%;\" /><col style=\"width:74.45%;\" /></colgroup><tbody><tr><td style=\"background-color:hsl(0, 0%, 100%);border-color:hsl(0, 0%, 100%);border-style:solid;\"><figure class=\"image\"><img src=\"/api/annotations/0EFA7755-B0BD-E8D0-85BB-65D5B7CF6398/images/image_v1.png\"></figure></td><td style=\"background-color:hsl(0, 0%, 100%);border-color:hsl(0, 0%, 100%);border-style:solid;\"><h4><i>Current Oil and Gas customers who applied a similar prediction model managed to<strong> reduce production loss with savings ~$10,000/year/heat exchanger.</strong></i></h4></td></tr></tbody></table></figure><h4>Prediction Model with Required Maintenance Date</h4><h3><strong>Solution:\u00a0</strong></h3><p><a href=\"/links?type&#61;workstep&amp;workbook&#61;0EFA7755-93DF-66A0-8994-49AAF9C51861&amp;worksheet&#61;0EFA7755-9878-62C0-8447-42A586A25422&amp;workstep&#61;0EFA776D-4E74-7300-A6F3-39ED76953694\" rel=\"nofollow noopener noreferrer\">Pull all the raw data required</a>. In this use case, we have arranged all related signals in an asset group (Heat Exchanger). This way you can easily and quickly access your most frequently monitored signals.</p><p><a href=\"/links?type&#61;workstep&amp;workbook&#61;0EFA7755-93DF-66A0-8994-49AAF9C51861&amp;worksheet&#61;0EFA7755-9878-62C0-8447-42A586A25422&amp;workstep&#61;0EFA776F-13A3-FD00-B3D5-ADC1F7829955\" rel=\"nofollow noopener noreferrer\">Identify the downtime period</a> when the cold liquid flow is less than 400 000 lb/h.</p><p><a href=\"/links?type&#61;workstep&amp;workbook&#61;0EFA7755-93DF-66A0-8994-49AAF9C51861&amp;worksheet&#61;0EFA7755-9878-62C0-8447-42A586A25422&amp;workstep&#61;0EFA777D-C11B-66F0-ABBE-042F9C393048\" rel=\"nofollow noopener noreferrer\">Calculate the U value and cleanse the final value by removing samples during the downtime period</a>.</p><figure class=\"image\"><img src=\"/api/annotations/0EFA7755-B0BD-E8D0-85BB-65D5B7CF6398/images/image_v2.png\" alt=\"\"></figure><p><a href=\"/links?type&#61;workstep&amp;workbook&#61;0EFA7755-93DF-66A0-8994-49AAF9C51861&amp;worksheet&#61;0EFA7755-9878-62C0-8447-42A586A25422&amp;workstep&#61;0EFA7794-8F56-FD60-BD93-86C37835C848\" rel=\"nofollow noopener noreferrer\">Generate regression models</a> assuming the Cold Liquid Outlet Temperature is kept at 295F and manipulate the Cold Liquid Flow (High Flow &#61; \u00a0735000 lb/h and Low Flow &#61; 603000 lb/h).</p><p>Create conditions to identify when the prediction value hit the minimum limit indicating the date <a href=\"/links?type&#61;workstep&amp;workbook&#61;0EFA7755-93DF-66A0-8994-49AAF9C51861&amp;worksheet&#61;0EFA7755-9878-62C0-8447-42A586A25422&amp;workstep&#61;0EFA7798-D0A7-F950-B777-66A50AFFB5B6\" rel=\"nofollow noopener noreferrer\">when maintenance is needed</a>.</p><p>You can swap this to other Heat Exchanger available in your asset group in the Data tab.</p><p>View for HX 1</p><p>View for <a href=\"/links?type&#61;workstep&amp;workbook&#61;0EFA7755-93DF-66A0-8994-49AAF9C51861&amp;worksheet&#61;0EFA7755-9878-62C0-8447-42A586A25422&amp;workstep&#61;0EFA7798-D0A7-F950-B777-66A50AFFB5B6\" rel=\"nofollow noopener noreferrer\">HX 2</a></p><p>You can also monitor the status of all your heat exchangers using the treemap view. View the status of heat exchangers 3 months from now. Green will indicate no maintenance is needed for now, while red will indicate maintenance is needed within that timeframe.</p>",
        "DocumentBackup\u02c9DEg3Lh5pLS4-lG84EjGXXXdzxhd1450vkLgiu8he2l8\u02c92024-11-20T19:59:00Z": "<h2><strong>Heat Exchanger Prediction</strong></h2><figure class=\"table\"><table class=\"ck-table-resized\" style=\"border-color:hsl(0, 0%, 100%);border-style:solid;\"><colgroup><col style=\"width:25.55%;\" /><col style=\"width:74.45%;\" /></colgroup><tbody><tr><td style=\"background-color:hsl(0, 0%, 100%);border-color:hsl(0, 0%, 100%);border-style:solid;\"><figure class=\"image\"><img src=\"/api/annotations/0EFA7755-B0BD-E8D0-85BB-65D5B7CF6398/images/image_v1.png\"></figure></td><td style=\"background-color:hsl(0, 0%, 100%);border-color:hsl(0, 0%, 100%);border-style:solid;\"><h4><i>Current Oil and Gas customers who applied a similar prediction model managed to<strong> reduce production loss with savings ~$10,000/year/heat exchanger.</strong></i></h4></td></tr></tbody></table></figure><h4>Prediction Model with Required Maintenance Date</h4><h3><strong>Solution:\u00a0</strong></h3><p><a href=\"/links?type&#61;workstep&amp;workbook&#61;0EFA7755-93DF-66A0-8994-49AAF9C51861&amp;worksheet&#61;0EFA7755-9878-62C0-8447-42A586A25422&amp;workstep&#61;0EFA776D-4E74-7300-A6F3-39ED76953694\" rel=\"nofollow noopener noreferrer\">Pull all the raw data required</a>. In this use case, we have arranged all related signals in an asset group (Heat Exchanger). This way you can easily and quickly access your most frequently monitored signals.</p><p><a href=\"/links?type&#61;workstep&amp;workbook&#61;0EFA7755-93DF-66A0-8994-49AAF9C51861&amp;worksheet&#61;0EFA7755-9878-62C0-8447-42A586A25422&amp;workstep&#61;0EFA776F-13A3-FD00-B3D5-ADC1F7829955\" rel=\"nofollow noopener noreferrer\">Identify the downtime period</a> when the cold liquid flow is less than 400 000 lb/h.</p><p><a href=\"/links?type&#61;workstep&amp;workbook&#61;0EFA7755-93DF-66A0-8994-49AAF9C51861&amp;worksheet&#61;0EFA7755-9878-62C0-8447-42A586A25422&amp;workstep&#61;0EFA777D-C11B-66F0-ABBE-042F9C393048\" rel=\"nofollow noopener noreferrer\">Calculate the U value and cleanse the final value by removing samples during the downtime period</a>.</p><figure class=\"image\"><img src=\"/api/annotations/0EFA7755-B0BD-E8D0-85BB-65D5B7CF6398/images/image_v2.png\" alt=\"\"></figure><p><a href=\"/links?type&#61;workstep&amp;workbook&#61;0EFA7755-93DF-66A0-8994-49AAF9C51861&amp;worksheet&#61;0EFA7755-9878-62C0-8447-42A586A25422&amp;workstep&#61;0EFA7794-8F56-FD60-BD93-86C37835C848\" rel=\"nofollow noopener noreferrer\">Generate regression models</a> assuming the Cold Liquid Outlet Temperature is kept at 295F and manipulate the Cold Liquid Flow (High Flow &#61; \u00a0735000 lb/h and Low Flow &#61; 603000 lb/h).</p><p>Create conditions to identify when the prediction value hit the minimum limit indicating the date <a href=\"/links?type&#61;workstep&amp;workbook&#61;0EFA7755-93DF-66A0-8994-49AAF9C51861&amp;worksheet&#61;0EFA7755-9878-62C0-8447-42A586A25422&amp;workstep&#61;0EFA7798-D0A7-F950-B777-66A50AFFB5B6\" rel=\"nofollow noopener noreferrer\">when maintenance is needed</a>.</p><p>You can swap this to other Heat Exchanger available in your asset group in the Data tab.</p><p>View for <a href=\"/links?type&#61;workstep&amp;workbook&#61;0EFA7755-93DF-66A0-8994-49AAF9C51861&amp;worksheet&#61;0EFA7755-9878-62C0-8447-42A586A25422&amp;workstep&#61;0EFA779D-EEB0-73C0-9FDA-9CB02BA5EBED\" rel=\"nofollow noopener noreferrer\">HX 1</a></p><p>View for <a href=\"/links?type&#61;workstep&amp;workbook&#61;0EFA7755-93DF-66A0-8994-49AAF9C51861&amp;worksheet&#61;0EFA7755-9878-62C0-8447-42A586A25422&amp;workstep&#61;0EFA7798-D0A7-F950-B777-66A50AFFB5B6\" rel=\"nofollow noopener noreferrer\">HX 2</a></p><p>You can also monitor the status of all your heat exchangers using the treemap view. View the status of heat exchangers 3 months from now. Green will indicate no maintenance is needed for now, while red will indicate maintenance is needed within that timeframe.</p>",
        "DocumentBackup\u02c9DEg3Lh5pLS4-lG84EjGXXXdzxhd1450vkLgiu8he2l8\u02c92024-11-20T20:00:00Z": "<h2><strong>Heat Exchanger Prediction</strong></h2><figure class=\"table\"><table class=\"ck-table-resized\" style=\"border-color:hsl(0, 0%, 100%);border-style:solid;\"><colgroup><col style=\"width:25.55%;\" /><col style=\"width:74.45%;\" /></colgroup><tbody><tr><td style=\"background-color:hsl(0, 0%, 100%);border-color:hsl(0, 0%, 100%);border-style:solid;\"><figure class=\"image\"><img src=\"/api/annotations/0EFA7755-B0BD-E8D0-85BB-65D5B7CF6398/images/image_v1.png\"></figure></td><td style=\"background-color:hsl(0, 0%, 100%);border-color:hsl(0, 0%, 100%);border-style:solid;\"><h4><i>Current Oil and Gas customers who applied a similar prediction model managed to<strong> reduce production loss with savings ~$10,000/year/heat exchanger.</strong></i></h4></td></tr></tbody></table></figure><h4>Prediction Model with Required Maintenance Date</h4><h3><strong>Solution:\u00a0</strong></h3><p><a href=\"/links?type&#61;workstep&amp;workbook&#61;0EFA7755-93DF-66A0-8994-49AAF9C51861&amp;worksheet&#61;0EFA7755-9878-62C0-8447-42A586A25422&amp;workstep&#61;0EFA776D-4E74-7300-A6F3-39ED76953694\" rel=\"nofollow noopener noreferrer\">Pull all the raw data required</a>. In this use case, we have arranged all related signals in an asset group (Heat Exchanger). This way you can easily and quickly access your most frequently monitored signals.</p><p><a href=\"/links?type&#61;workstep&amp;workbook&#61;0EFA7755-93DF-66A0-8994-49AAF9C51861&amp;worksheet&#61;0EFA7755-9878-62C0-8447-42A586A25422&amp;workstep&#61;0EFA776F-13A3-FD00-B3D5-ADC1F7829955\" rel=\"nofollow noopener noreferrer\">Identify the downtime period</a> when the cold liquid flow is less than 400 000 lb/h.</p><p><a href=\"/links?type&#61;workstep&amp;workbook&#61;0EFA7755-93DF-66A0-8994-49AAF9C51861&amp;worksheet&#61;0EFA7755-9878-62C0-8447-42A586A25422&amp;workstep&#61;0EFA777D-C11B-66F0-ABBE-042F9C393048\" rel=\"nofollow noopener noreferrer\">Calculate the U value and cleanse the final value by removing samples during the downtime period</a>.</p><figure class=\"image\"><img src=\"/api/annotations/0EFA7755-B0BD-E8D0-85BB-65D5B7CF6398/images/image_v2.png\" alt=\"\"></figure><p><a href=\"/links?type&#61;workstep&amp;workbook&#61;0EFA7755-93DF-66A0-8994-49AAF9C51861&amp;worksheet&#61;0EFA7755-9878-62C0-8447-42A586A25422&amp;workstep&#61;0EFA7794-8F56-FD60-BD93-86C37835C848\" rel=\"nofollow noopener noreferrer\">Generate regression models</a> assuming the Cold Liquid Outlet Temperature is kept at 295F and manipulate the Cold Liquid Flow (High Flow &#61; \u00a0735000 lb/h and Low Flow &#61; 603000 lb/h).</p><p>Create conditions to identify when the prediction value hit the minimum limit indicating the date <a href=\"/links?type&#61;workstep&amp;workbook&#61;0EFA7755-93DF-66A0-8994-49AAF9C51861&amp;worksheet&#61;0EFA7755-9878-62C0-8447-42A586A25422&amp;workstep&#61;0EFA7798-D0A7-F950-B777-66A50AFFB5B6\" rel=\"nofollow noopener noreferrer\">when maintenance is needed</a>.</p><p>You can swap this to other Heat Exchanger available in your asset group in the Data tab.</p><p>View for <a href=\"/links?type&#61;workstep&amp;workbook&#61;0EFA7755-93DF-66A0-8994-49AAF9C51861&amp;worksheet&#61;0EFA7755-9878-62C0-8447-42A586A25422&amp;workstep&#61;0EFA779D-EEB0-73C0-9FDA-9CB02BA5EBED\" rel=\"nofollow noopener noreferrer\">HX 1</a></p><p>View for <a href=\"/links?type&#61;workstep&amp;workbook&#61;0EFA7755-93DF-66A0-8994-49AAF9C51861&amp;worksheet&#61;0EFA7755-9878-62C0-8447-42A586A25422&amp;workstep&#61;0EFA7798-D0A7-F950-B777-66A50AFFB5B6\" rel=\"nofollow noopener noreferrer\">HX 2</a></p><p>You can also monitor the status of all your heat exchangers using the treemap view. <a href=\"/links?type&#61;workstep&amp;workbook&#61;0EFA7755-93DF-66A0-8994-49AAF9C51861&amp;worksheet&#61;0EFA7755-9878-62C0-8447-42A586A25422&amp;workstep&#61;0EFA77A0-E4D4-FB50-85CD-1867EA7570D9\" rel=\"nofollow noopener noreferrer\">View the status of heat exchangers 3 months from now</a>. Green will indicate no maintenance is needed for now, while red will indicate maintenance is needed within that timeframe.</p>",
        "Enabled": true,
        "ID": "0EFA7755-B0BD-E8D0-85BB-65D5B7CF6398",
        "Is CK Enabled": true,
        "Locked": false,
        "Name": "Heat Exchanger Prediction",
        "Plain Text Document": "Heat Exchanger PredictionCurrent Oil and Gas customers who applied a similar prediction model managed to reduce production loss with savings ~$10,000/year/heat exchanger.Prediction Model with Required Maintenance DateSolution:\u00a0Pull all the raw data required. In this use case, we have arranged all related signals in an asset group (Heat Exchanger). This way you can easily and quickly access your most frequently monitored signals.Identify the downtime period when the cold liquid flow is less than 400 000 lb/h.Calculate the U value and cleanse the final value by removing samples during the downtime period.Generate regression models assuming the Cold Liquid Outlet Temperature is kept at 295F and manipulate the Cold Liquid Flow (High Flow &#61; \u00a0735000 lb/h and Low Flow &#61; 603000 lb/h).Create conditions to identify when the prediction value hit the minimum limit indicating the date when maintenance is needed.You can swap this to other Heat Exchanger available in your asset group in the Data tab.View for HX 1View for HX 2You can also monitor the status of all your heat exchangers using the treemap view. View the status of heat exchangers 3 months from now. Green will indicate no maintenance is needed for now, while red will indicate maintenance is needed within that timeframe.",
        "Type": "Journal",
        "Unsearchable": false,
        "Updated At": "1732132842737687040"
    }
}