{
    "Archived": false,
    "Cache Enabled": false,
    "Created At": "1732132853076324729",
    "Enabled": true,
    "ID": "0EFA77A2-59E6-7140-B95C-43C740DAE757",
    "Locked": false,
    "Unsearchable": false,
    "Updated At": "1732133070901858197",
    "Name": "Heat Exchanger Extended Demo",
    "Type": "Worksheet",
    "Annotation ID": "0EFA77A2-5A20-EAC0-AE64-0038E901C5DF",
    "Current Workstep ID": "0EFA77AA-7736-7120-9C01-F0451D3A3428",
    "URL": "https://demo.seeq.dev/0EFA6A0B-4C9B-71B0-ADCE-2000B1F79638/workbook/0EFA7755-93DF-66A0-8994-49AAF9C51861/worksheet/0EFA77A2-59E6-7140-B95C-43C740DAE757"
}