{
    "Archived": false,
    "Cache Enabled": false,
    "Created At": "1732130792684380697",
    "Enabled": true,
    "ID": "0EFA7755-9878-62C0-8447-42A586A25422",
    "Locked": false,
    "Unsearchable": false,
    "Updated At": "1732132839449632305",
    "Name": "Heat Exchanger Demo",
    "Type": "Worksheet",
    "Annotation ID": "0EFA7755-B0BD-E8D0-85BB-65D5B7CF6398",
    "Current Workstep ID": "0EFA77A1-D7EE-F980-919E-A14AA8DDC985",
    "URL": "https://demo.seeq.dev/0EFA6A0B-4C9B-71B0-ADCE-2000B1F79638/workbook/0EFA7755-93DF-66A0-8994-49AAF9C51861/worksheet/0EFA7755-9878-62C0-8447-42A586A25422"
}