{
  "12C7046E-1127-4AAB-B2CD-13AEAE86AABA": {
    "Definition": {
      "Datasource ID": "trainingData",
      "Source Value Unit Of Measure": "string",
      "Sync Token": "2023-02-16T00:00:00.365541947Z",
      "Enabled": true,
      "Key Unit Of Measure": "ns",
      "Archived": false,
      "Cache ID": "ADD5A9FB-6AC1-4454-9535-EF4D80BEF756",
      "Datasource Class": "Time Series CSV Files",
      "Cache Enabled": false,
      "Data ID": "[Tag] BatchDemo_Reactor 3_Operation.sim.ts.csv",
      "Value Unit Of Measure": "string",
      "Interpolation Method": "Step",
      "Stored Series Cache Version": 1,
      "Unsearchable": false,
      "Source Maximum Interpolation": "2min",
      "Locked": false,
      "Maximum Interpolation": "2min",
      "ID": "12C7046E-1127-4AAB-B2CD-13AEAE86AABA",
      "Name": "BatchDemo_Reactor 3_Operation",
      "Type": "StoredSignal"
    },
    "Periods": [
      {
        "Start": "2023-02-09T08:42:00+00:00",
        "End": "2023-02-21T08:42:00+00:00"
      },
      {
        "Start": "2023-01-09T22:42:00+00:00",
        "End": "2023-03-23T18:42:00+00:00",
        "Added by User": true
      }
    ]
  },
  "A1D69288-C404-492E-9A41-CEBE8B3F4D68": {
    "Definition": {
      "Datasource ID": "trainingData",
      "Source Value Unit Of Measure": "g/L",
      "Sync Token": "2023-02-16T00:00:00.365541947Z",
      "Enabled": true,
      "Key Unit Of Measure": "ns",
      "Archived": false,
      "Cache ID": "5A5DCB16-2B84-4155-AF0E-FCADC9701447",
      "Datasource Class": "Time Series CSV Files",
      "Cache Enabled": false,
      "Data ID": "[Tag] BatchDemo_Reactor 3_Solution Concentration.sim.ts.csv",
      "Value Unit Of Measure": "g/L",
      "Interpolation Method": "Linear",
      "Stored Series Cache Version": 1,
      "Unsearchable": false,
      "Source Maximum Interpolation": "2min",
      "Locked": false,
      "Maximum Interpolation": "2min",
      "ID": "A1D69288-C404-492E-9A41-CEBE8B3F4D68",
      "Name": "BatchDemo_Reactor 3_Solution Concentration",
      "Type": "StoredSignal"
    },
    "Periods": [
      {
        "Start": "2023-02-09T08:42:00+00:00",
        "End": "2023-02-21T08:42:00+00:00"
      },
      {
        "Start": "2023-01-09T22:42:00+00:00",
        "End": "2023-03-23T18:42:00+00:00",
        "Added by User": true
      }
    ]
  },
  "50F40B8B-F746-4691-BF98-EB561011EAAE": {
    "Definition": {
      "Datasource ID": "trainingData",
      "Source Value Unit Of Measure": "%",
      "Sync Token": "2023-02-16T00:00:00.365541947Z",
      "Enabled": true,
      "Key Unit Of Measure": "ns",
      "Archived": false,
      "Cache ID": "A54169EE-B22F-4C0F-A8B1-88882B1B0356",
      "Datasource Class": "Time Series CSV Files",
      "Cache Enabled": false,
      "Data ID": "[Tag] BatchDemo_Reactor 3_Drug Substance Potency.sim.ts.csv",
      "Value Unit Of Measure": "%",
      "Interpolation Method": "Linear",
      "Stored Series Cache Version": 1,
      "Unsearchable": false,
      "Source Maximum Interpolation": "2min",
      "Locked": false,
      "Maximum Interpolation": "2min",
      "ID": "50F40B8B-F746-4691-BF98-EB561011EAAE",
      "Name": "BatchDemo_Reactor 3_Drug Substance Potency",
      "Type": "StoredSignal"
    },
    "Periods": [
      {
        "Start": "2023-02-09T08:42:00+00:00",
        "End": "2023-02-21T08:42:00+00:00"
      },
      {
        "Start": "2023-01-09T22:42:00+00:00",
        "End": "2023-03-23T18:42:00+00:00",
        "Added by User": true
      }
    ]
  },
  "0AE41C22-39D2-4710-BB30-B877BA5D6B1C": {
    "Definition": {
      "Datasource ID": "trainingData",
      "Source Value Unit Of Measure": "string",
      "Sync Token": "2023-02-16T00:00:00.365541947Z",
      "Enabled": true,
      "Key Unit Of Measure": "ns",
      "Archived": false,
      "Cache ID": "35F88811-78BD-4160-A5EA-8CAE54265302",
      "Datasource Class": "Time Series CSV Files",
      "Cache Enabled": false,
      "Data ID": "[Tag] BatchDemo_Reactor 3_Product.sim.ts.csv",
      "Value Unit Of Measure": "string",
      "Interpolation Method": "Step",
      "Stored Series Cache Version": 1,
      "Unsearchable": false,
      "Source Maximum Interpolation": "2min",
      "Locked": false,
      "Maximum Interpolation": "2min",
      "ID": "0AE41C22-39D2-4710-BB30-B877BA5D6B1C",
      "Name": "BatchDemo_Reactor 3_Product",
      "Type": "StoredSignal"
    },
    "Periods": [
      {
        "Start": "2023-02-09T08:42:00+00:00",
        "End": "2023-02-21T08:42:00+00:00"
      },
      {
        "Start": "2023-01-09T22:42:00+00:00",
        "End": "2023-03-23T18:42:00+00:00",
        "Added by User": true
      }
    ]
  },
  "0625915A-0EDC-46E8-B63D-91481AA77B31": {
    "Definition": {
      "Datasource ID": "trainingData",
      "Source Value Unit Of Measure": "string",
      "Sync Token": "2023-02-16T00:00:00.365541947Z",
      "Enabled": true,
      "Key Unit Of Measure": "ns",
      "Archived": false,
      "Cache ID": "C4336EA8-1B5B-4D52-AD5B-09C33AE6AA1A",
      "Datasource Class": "Time Series CSV Files",
      "Cache Enabled": false,
      "Data ID": "[Tag] BatchDemo_Reactor 3_Batch ID.sim.ts.csv",
      "Value Unit Of Measure": "string",
      "Interpolation Method": "Step",
      "Stored Series Cache Version": 1,
      "Unsearchable": false,
      "Source Maximum Interpolation": "2min",
      "Locked": false,
      "Maximum Interpolation": "2min",
      "ID": "0625915A-0EDC-46E8-B63D-91481AA77B31",
      "Name": "BatchDemo_Reactor 3_Batch ID",
      "Type": "StoredSignal"
    },
    "Periods": [
      {
        "Start": "2023-02-09T08:42:00+00:00",
        "End": "2023-02-21T08:42:00+00:00"
      },
      {
        "Start": "2023-01-09T22:42:00+00:00",
        "End": "2023-03-23T18:42:00+00:00",
        "Added by User": true
      }
    ]
  },
  "EB1DD8E7-F6AA-448A-818E-071282AFDC26": {
    "Definition": {
      "Datasource ID": "trainingData",
      "Source Value Unit Of Measure": "string",
      "Sync Token": "2023-02-16T00:00:00.365541947Z",
      "Enabled": true,
      "Key Unit Of Measure": "ns",
      "Archived": false,
      "Cache ID": "816F388A-6FE3-4157-A27E-065B5A9F3E77",
      "Datasource Class": "Time Series CSV Files",
      "Cache Enabled": false,
      "Data ID": "[Tag] BatchDemo_Reactor 1_Product.sim.ts.csv",
      "Value Unit Of Measure": "string",
      "Interpolation Method": "Step",
      "Stored Series Cache Version": 1,
      "Unsearchable": false,
      "Source Maximum Interpolation": "2min",
      "Locked": false,
      "Maximum Interpolation": "2min",
      "ID": "EB1DD8E7-F6AA-448A-818E-071282AFDC26",
      "Name": "BatchDemo_Reactor 1_Product",
      "Type": "StoredSignal"
    },
    "Periods": [
      {
        "Start": "2023-02-09T08:42:00+00:00",
        "End": "2023-02-21T08:42:00+00:00"
      },
      {
        "Start": "2023-01-09T22:42:00+00:00",
        "End": "2023-03-23T18:42:00+00:00",
        "Added by User": true
      }
    ]
  },
  "769AA51C-7D64-44A1-8BAB-D2B871A7BECB": {
    "Definition": {
      "Datasource ID": "trainingData",
      "Source Value Unit Of Measure": "%",
      "Sync Token": "2023-02-16T00:00:00.365541947Z",
      "Enabled": true,
      "Key Unit Of Measure": "ns",
      "Archived": false,
      "Cache ID": "58EEDAB4-CF89-46A1-9B78-07B290FE52F9",
      "Datasource Class": "Time Series CSV Files",
      "Cache Enabled": false,
      "Data ID": "[Tag] BatchDemo_Reactor 1_Drug Substance Potency.sim.ts.csv",
      "Value Unit Of Measure": "%",
      "Interpolation Method": "Linear",
      "Stored Series Cache Version": 1,
      "Unsearchable": false,
      "Source Maximum Interpolation": "2min",
      "Locked": false,
      "Maximum Interpolation": "2min",
      "ID": "769AA51C-7D64-44A1-8BAB-D2B871A7BECB",
      "Name": "BatchDemo_Reactor 1_Drug Substance Potency",
      "Type": "StoredSignal"
    },
    "Periods": [
      {
        "Start": "2023-02-09T08:42:00+00:00",
        "End": "2023-02-21T08:42:00+00:00"
      },
      {
        "Start": "2023-01-09T22:42:00+00:00",
        "End": "2023-03-23T18:42:00+00:00",
        "Added by User": true
      }
    ]
  },
  "3FE609ED-F356-4E02-9A0C-5883E31CD875": {
    "Definition": {
      "Datasource ID": "trainingData",
      "Source Value Unit Of Measure": "g/L",
      "Sync Token": "2023-02-16T00:00:00.365541947Z",
      "Enabled": true,
      "Key Unit Of Measure": "ns",
      "Archived": false,
      "Cache ID": "3F6FFF22-1C28-4DCC-97F5-CC4D1C5CD9FC",
      "Datasource Class": "Time Series CSV Files",
      "Cache Enabled": false,
      "Data ID": "[Tag] BatchDemo_Reactor 1_Solution Concentration.sim.ts.csv",
      "Value Unit Of Measure": "g/L",
      "Interpolation Method": "Linear",
      "Stored Series Cache Version": 1,
      "Unsearchable": false,
      "Source Maximum Interpolation": "2min",
      "Locked": false,
      "Maximum Interpolation": "2min",
      "ID": "3FE609ED-F356-4E02-9A0C-5883E31CD875",
      "Name": "BatchDemo_Reactor 1_Solution Concentration",
      "Type": "StoredSignal"
    },
    "Periods": [
      {
        "Start": "2023-02-09T08:42:00+00:00",
        "End": "2023-02-21T08:42:00+00:00"
      },
      {
        "Start": "2023-01-09T22:42:00+00:00",
        "End": "2023-03-23T18:42:00+00:00",
        "Added by User": true
      }
    ]
  },
  "2C6881D7-2F02-418C-A3AF-CD1162052308": {
    "Definition": {
      "Datasource ID": "trainingData",
      "Source Value Unit Of Measure": "string",
      "Sync Token": "2023-02-16T00:00:00.365541947Z",
      "Enabled": true,
      "Override Maximum Interpolation": "40h",
      "Key Unit Of Measure": "ns",
      "Archived": false,
      "Cache ID": "0EE53BBC-1566-FB00-B40E-8B217CC97091",
      "Datasource Class": "Time Series CSV Files",
      "Cache Enabled": false,
      "Data ID": "[Tag] BatchDemo_Reactor 1_Batch ID.sim.ts.csv",
      "Value Unit Of Measure": "string",
      "Interpolation Method": "Step",
      "Stored Series Cache Version": 1,
      "Unsearchable": false,
      "Source Maximum Interpolation": "2min",
      "Locked": false,
      "Maximum Interpolation": "40h",
      "ID": "2C6881D7-2F02-418C-A3AF-CD1162052308",
      "Name": "BatchDemo_Reactor 1_Batch ID",
      "Type": "StoredSignal"
    },
    "Periods": [
      {
        "Start": "2023-02-09T08:42:00+00:00",
        "End": "2023-02-21T08:42:00+00:00"
      },
      {
        "Start": "2023-01-09T22:42:00+00:00",
        "End": "2023-03-23T18:42:00+00:00",
        "Added by User": true
      }
    ]
  },
  "B39D9FD9-5922-4BEB-B182-990DB164A4B2": {
    "Definition": {
      "Datasource ID": "trainingData",
      "Source Value Unit Of Measure": "string",
      "Sync Token": "2023-02-16T00:00:00.365541947Z",
      "Enabled": true,
      "Key Unit Of Measure": "ns",
      "Archived": false,
      "Cache ID": "D845BDDD-6EE3-48F7-9566-ABA3294EA132",
      "Datasource Class": "Time Series CSV Files",
      "Cache Enabled": false,
      "Data ID": "[Tag] BatchDemo_Reactor 1_Operation.sim.ts.csv",
      "Value Unit Of Measure": "string",
      "Interpolation Method": "Step",
      "Stored Series Cache Version": 1,
      "Unsearchable": false,
      "Source Maximum Interpolation": "2min",
      "Locked": false,
      "Maximum Interpolation": "2min",
      "ID": "B39D9FD9-5922-4BEB-B182-990DB164A4B2",
      "Name": "BatchDemo_Reactor 1_Operation",
      "Type": "StoredSignal"
    },
    "Periods": [
      {
        "Start": "2023-02-09T08:42:00+00:00",
        "End": "2023-02-21T08:42:00+00:00"
      },
      {
        "Start": "2023-01-09T22:42:00+00:00",
        "End": "2023-03-23T18:42:00+00:00",
        "Added by User": true
      }
    ]
  }
}