{
  "8CCE14C0-FD5F-46D9-A943-10D7625D3BFC": {
    "Definition": {
      "Datasource ID": "trainingData",
      "Source Value Unit Of Measure": "bbl/day",
      "Sync Token": "2023-02-16T00:00:00.365541947Z",
      "Enabled": true,
      "Key Unit Of Measure": "ns",
      "Archived": false,
      "Cache ID": "36C40028-08C6-4E6A-A324-A08D1D598174",
      "Datasource Class": "Time Series CSV Files",
      "Cache Enabled": false,
      "Data ID": "[Tag] Production Rate.sim.ts.csv",
      "Value Unit Of Measure": "bbl/d",
      "Interpolation Method": "Linear",
      "Stored Series Cache Version": 1,
      "Unsearchable": false,
      "Source Maximum Interpolation": "86377s",
      "Locked": false,
      "Maximum Interpolation": "86377s",
      "ID": "8CCE14C0-FD5F-46D9-A943-10D7625D3BFC",
      "Name": "Production Rate",
      "Type": "StoredSignal"
    },
    "Periods": [
      {
        "Start": "2013-07-19T04:30:00+00:00",
        "End": "2020-05-05T04:30:00+00:00"
      },
      {
        "Start": "2021-01-15T14:06:00+00:00",
        "End": "2028-02-20T02:06:00+00:00"
      },
      {
        "Start": "2012-07-19T03:23:20+00:00",
        "End": "2021-05-05T05:36:40+00:00",
        "Added by User": true
      },
      {
        "Start": "2020-01-16T12:59:20+00:00",
        "End": "2029-02-19T03:12:40+00:00",
        "Added by User": true
      }
    ]
  }
}