{
  "E1EA3B2A-BACD-4709-A2DF-36A2EE71F8B7": {
    "Definition": {
      "Datasource ID": "trainingData",
      "Source Value Unit Of Measure": "N/m",
      "Sync Token": "2023-02-16T00:00:00.365541947Z",
      "Enabled": true,
      "Key Unit Of Measure": "ns",
      "Archived": false,
      "Cache ID": "986BDC1C-8667-498A-A7A6-795BD58417E8",
      "Datasource Class": "Time Series CSV Files",
      "Cache Enabled": false,
      "Data ID": "[Tag] CVB505_Tension.sim.ts.csv",
      "Value Unit Of Measure": "N/m",
      "Interpolation Method": "Linear",
      "Stored Series Cache Version": 1,
      "Unsearchable": false,
      "Source Maximum Interpolation": "60000000000ns",
      "Locked": false,
      "Maximum Interpolation": "60.0s",
      "ID": "E1EA3B2A-BACD-4709-A2DF-36A2EE71F8B7",
      "Name": "CVB505_Tension",
      "Type": "StoredSignal"
    },
    "Periods": [
      {
        "Start": "2023-09-14T18:14:00+00:00",
        "End": "2023-11-02T10:14:00+00:00"
      },
      {
        "Start": "2023-08-15T08:14:00+00:00",
        "End": "2023-12-02T20:14:00+00:00",
        "Added by User": true
      }
    ]
  },
  "F2A74CC0-32BA-4B0A-AB65-690C77501B15": {
    "Definition": {
      "Datasource ID": "trainingData",
      "Source Value Unit Of Measure": "N/m",
      "Sync Token": "2023-02-16T00:00:00.365541947Z",
      "Enabled": true,
      "Key Unit Of Measure": "ns",
      "Archived": false,
      "Cache ID": "14B3919B-BD2B-4DD2-B20D-BC0E01725EBD",
      "Datasource Class": "Time Series CSV Files",
      "Cache Enabled": false,
      "Data ID": "[Tag] CVB502_Tension.sim.ts.csv",
      "Value Unit Of Measure": "N/m",
      "Interpolation Method": "Linear",
      "Stored Series Cache Version": 1,
      "Unsearchable": false,
      "Source Maximum Interpolation": "60000000000ns",
      "Locked": false,
      "Maximum Interpolation": "60.0s",
      "ID": "F2A74CC0-32BA-4B0A-AB65-690C77501B15",
      "Name": "CVB502_Tension",
      "Type": "StoredSignal"
    },
    "Periods": [
      {
        "Start": "2023-10-02T08:13:00+00:00",
        "End": "2023-11-01T18:13:00+00:00"
      },
      {
        "Start": "2023-09-01T22:13:00+00:00",
        "End": "2023-12-02T04:13:00+00:00",
        "Added by User": true
      }
    ]
  },
  "444C459A-A56D-4856-8853-6221E74B3915": {
    "Definition": {
      "Datasource ID": "trainingData",
      "Source Value Unit Of Measure": "N/m",
      "Sync Token": "2023-02-16T00:00:00.365541947Z",
      "Enabled": true,
      "Key Unit Of Measure": "ns",
      "Archived": false,
      "Cache ID": "AF16C15C-28EE-4E6E-B606-CEA36B06AB0B",
      "Datasource Class": "Time Series CSV Files",
      "Cache Enabled": false,
      "Data ID": "[Tag] CVB503_Tension.sim.ts.csv",
      "Value Unit Of Measure": "N/m",
      "Interpolation Method": "Linear",
      "Stored Series Cache Version": 1,
      "Unsearchable": false,
      "Source Maximum Interpolation": "60000000000ns",
      "Locked": false,
      "Maximum Interpolation": "60.0s",
      "ID": "444C459A-A56D-4856-8853-6221E74B3915",
      "Name": "CVB503_Tension",
      "Type": "StoredSignal"
    },
    "Periods": [
      {
        "Start": "2023-10-02T08:13:00+00:00",
        "End": "2023-11-01T18:13:00+00:00"
      },
      {
        "Start": "2023-09-01T22:13:00+00:00",
        "End": "2023-12-02T04:13:00+00:00",
        "Added by User": true
      }
    ]
  },
  "B6986F87-72BF-4EBD-807F-B8B3E242CCA0": {
    "Definition": {
      "Datasource ID": "trainingData",
      "Source Value Unit Of Measure": "N/m",
      "Sync Token": "2023-02-16T00:00:00.365541947Z",
      "Enabled": true,
      "Key Unit Of Measure": "ns",
      "Archived": false,
      "Cache ID": "99DD67EB-3CB6-4AFF-9FE7-B18EEBD3F421",
      "Datasource Class": "Time Series CSV Files",
      "Cache Enabled": false,
      "Data ID": "[Tag] CVB507_Tension.sim.ts.csv",
      "Value Unit Of Measure": "N/m",
      "Interpolation Method": "Linear",
      "Stored Series Cache Version": 1,
      "Unsearchable": false,
      "Source Maximum Interpolation": "60000000000ns",
      "Locked": false,
      "Maximum Interpolation": "60.0s",
      "ID": "B6986F87-72BF-4EBD-807F-B8B3E242CCA0",
      "Name": "CVB507_Tension",
      "Type": "StoredSignal"
    },
    "Periods": [
      {
        "Start": "2023-10-02T08:13:00+00:00",
        "End": "2023-11-01T18:13:00+00:00"
      },
      {
        "Start": "2023-09-01T22:13:00+00:00",
        "End": "2023-12-02T04:13:00+00:00",
        "Added by User": true
      }
    ]
  },
  "1244A3F0-18B7-40B3-A220-DDE0DEFAD36A": {
    "Definition": {
      "Datasource ID": "trainingData",
      "Source Value Unit Of Measure": "N/m",
      "Sync Token": "2023-02-16T00:00:00.365541947Z",
      "Enabled": true,
      "Key Unit Of Measure": "ns",
      "Archived": false,
      "Cache ID": "3D301E1B-5118-4BCC-B0C6-9C2FEAEF6AAC",
      "Datasource Class": "Time Series CSV Files",
      "Cache Enabled": false,
      "Data ID": "[Tag] CVB506_Tension.sim.ts.csv",
      "Value Unit Of Measure": "N/m",
      "Interpolation Method": "Linear",
      "Stored Series Cache Version": 1,
      "Unsearchable": false,
      "Source Maximum Interpolation": "60000000000ns",
      "Locked": false,
      "Maximum Interpolation": "60.0s",
      "ID": "1244A3F0-18B7-40B3-A220-DDE0DEFAD36A",
      "Name": "CVB506_Tension",
      "Type": "StoredSignal"
    },
    "Periods": [
      {
        "Start": "2023-10-02T08:13:00+00:00",
        "End": "2023-11-01T18:13:00+00:00"
      },
      {
        "Start": "2023-09-01T22:13:00+00:00",
        "End": "2023-12-02T04:13:00+00:00",
        "Added by User": true
      }
    ]
  },
  "513D7D97-F53B-4B6C-BFD5-A8F975BE52D4": {
    "Definition": {
      "Datasource ID": "trainingData",
      "Source Value Unit Of Measure": "N/m",
      "Sync Token": "2023-02-16T00:00:00.365541947Z",
      "Enabled": true,
      "Key Unit Of Measure": "ns",
      "Archived": false,
      "Cache ID": "81BB680A-CEF8-4FFE-9AC4-A8A7BA698FED",
      "Datasource Class": "Time Series CSV Files",
      "Cache Enabled": false,
      "Data ID": "[Tag] CVB501_Tension.sim.ts.csv",
      "Value Unit Of Measure": "N/m",
      "Interpolation Method": "Step",
      "Stored Series Cache Version": 1,
      "Unsearchable": false,
      "Source Maximum Interpolation": "1h",
      "Locked": false,
      "Maximum Interpolation": "1h",
      "ID": "513D7D97-F53B-4B6C-BFD5-A8F975BE52D4",
      "Name": "CVB501_Tension",
      "Type": "StoredSignal"
    },
    "Periods": [
      {
        "Start": "2023-10-02T08:13:00+00:00",
        "End": "2023-11-01T18:13:00+00:00"
      },
      {
        "Start": "2023-09-01T22:13:00+00:00",
        "End": "2023-12-02T04:13:00+00:00",
        "Added by User": true
      }
    ]
  },
  "0600B137-A071-4323-954D-7FAB4A9D6385": {
    "Definition": {
      "Datasource ID": "trainingData",
      "Source Value Unit Of Measure": "N/m",
      "Sync Token": "2023-02-16T00:00:00.365541947Z",
      "Enabled": true,
      "Key Unit Of Measure": "ns",
      "Archived": false,
      "Cache ID": "1CF210B5-99E9-4FB6-A8D9-097117D36835",
      "Datasource Class": "Time Series CSV Files",
      "Cache Enabled": false,
      "Data ID": "[Tag] CVB504_Tension.sim.ts.csv",
      "Value Unit Of Measure": "N/m",
      "Interpolation Method": "Linear",
      "Stored Series Cache Version": 1,
      "Unsearchable": false,
      "Source Maximum Interpolation": "60000000000ns",
      "Locked": false,
      "Maximum Interpolation": "60.0s",
      "ID": "0600B137-A071-4323-954D-7FAB4A9D6385",
      "Name": "CVB504_Tension",
      "Type": "StoredSignal"
    },
    "Periods": [
      {
        "Start": "2023-10-02T08:13:00+00:00",
        "End": "2023-11-01T18:13:00+00:00"
      },
      {
        "Start": "2023-09-01T22:13:00+00:00",
        "End": "2023-12-02T04:13:00+00:00",
        "Added by User": true
      }
    ]
  }
}